[
  {
    "context": "UNSPECIFIED",
    "doc": {
      "id": "de_mr33888_struct",
      "tl": [
        {
          "si": 0,
          "sti": 0,
          "dti": 0,
          "sco": 0,
          "dco": 0,
          "txt": "Uruguay"
        },
        {
          "si": 0,
          "sti": 1,
          "dti": 1,
          "sco": 8,
          "dco": 8,
          "txt": "dank"
        },
        {
          "si": 0,
          "sti": 2,
          "dti": 2,
          "sco": 13,
          "dco": 13,
          "txt": "Hattrick"
        },
        {
          "si": 0,
          "sti": 3,
          "dti": 3,
          "sco": 22,
          "dco": 22,
          "txt": "von"
        },
        {
          "si": 0,
          "sti": 4,
          "dti": 4,
          "sco": 26,
          "dco": 26,
          "txt": "Zalayeta"
        },
        {
          "si": 0,
          "sti": 5,
          "dti": 5,
          "sco": 35,
          "dco": 35,
          "txt": "mit"
        },
        {
          "si": 0,
          "sti": 6,
          "dti": 6,
          "sco": 39,
          "dco": 39,
          "txt": "3"
        },
        {
          "si": 0,
          "sti": 7,
          "dti": 7,
          "sco": 40,
          "dco": 40,
          "txt": ":"
        },
        {
          "si": 0,
          "sti": 8,
          "dti": 8,
          "sco": 41,
          "dco": 41,
          "txt": "2"
        },
        {
          "si": 0,
          "sti": 9,
          "dti": 9,
          "sco": 42,
          "dco": 42,
          "txt": "-"
        },
        {
          "si": 0,
          "sti": 10,
          "dti": 10,
          "sco": 43,
          "dco": 43,
          "txt": "Sieg"
        },
        {
          "si": 0,
          "sti": 11,
          "dti": 11,
          "sco": 48,
          "dco": 48,
          "txt": "gegen"
        },
        {
          "si": 0,
          "sti": 12,
          "dti": 12,
          "sco": 54,
          "dco": 54,
          "txt": "Kolumbien"
        },
        {
          "si": 0,
          "sti": 13,
          "dti": 13,
          "sco": 63,
          "dco": 63,
          "txt": "."
        },
        {
          "si": 1,
          "sti": 0,
          "dti": 14,
          "sco": 0,
          "dco": 65,
          "txt": "Uruguay"
        },
        {
          "si": 1,
          "sti": 1,
          "dti": 15,
          "sco": 8,
          "dco": 73,
          "txt": "besiegte"
        },
        {
          "si": 1,
          "sti": 2,
          "dti": 16,
          "sco": 17,
          "dco": 82,
          "txt": "Kolumbien"
        },
        {
          "si": 1,
          "sti": 3,
          "dti": 17,
          "sco": 27,
          "dco": 92,
          "txt": "am"
        },
        {
          "si": 1,
          "sti": 4,
          "dti": 18,
          "sco": 30,
          "dco": 95,
          "txt": "Sonntagabend"
        },
        {
          "si": 1,
          "sti": 5,
          "dti": 19,
          "sco": 43,
          "dco": 108,
          "txt": "im"
        },
        {
          "si": 1,
          "sti": 6,
          "dti": 20,
          "sco": 46,
          "dco": 111,
          "txt": "Estadio"
        },
        {
          "si": 1,
          "sti": 7,
          "dti": 21,
          "sco": 54,
          "dco": 119,
          "txt": "Centenario"
        },
        {
          "si": 1,
          "sti": 8,
          "dti": 22,
          "sco": 65,
          "dco": 130,
          "txt": "von"
        },
        {
          "si": 1,
          "sti": 9,
          "dti": 23,
          "sco": 69,
          "dco": 134,
          "txt": "Montevideo"
        },
        {
          "si": 1,
          "sti": 10,
          "dti": 24,
          "sco": 80,
          "dco": 145,
          "txt": "durch"
        },
        {
          "si": 1,
          "sti": 11,
          "dti": 25,
          "sco": 86,
          "dco": 151,
          "txt": "drei"
        },
        {
          "si": 1,
          "sti": 12,
          "dti": 26,
          "sco": 91,
          "dco": 156,
          "txt": "Treffer"
        },
        {
          "si": 1,
          "sti": 13,
          "dti": 27,
          "sco": 99,
          "dco": 164,
          "txt": "von"
        },
        {
          "si": 1,
          "sti": 14,
          "dti": 28,
          "sco": 103,
          "dco": 168,
          "txt": "Zalayeta"
        },
        {
          "si": 1,
          "sti": 15,
          "dti": 29,
          "sco": 112,
          "dco": 177,
          "txt": "mit"
        },
        {
          "si": 1,
          "sti": 16,
          "dti": 30,
          "sco": 116,
          "dco": 181,
          "txt": "3"
        },
        {
          "si": 1,
          "sti": 17,
          "dti": 31,
          "sco": 117,
          "dco": 182,
          "txt": ":"
        },
        {
          "si": 1,
          "sti": 18,
          "dti": 32,
          "sco": 118,
          "dco": 183,
          "txt": "2"
        },
        {
          "si": 1,
          "sti": 19,
          "dti": 33,
          "sco": 119,
          "dco": 184,
          "txt": "."
        },
        {
          "si": 2,
          "sti": 0,
          "dti": 34,
          "sco": 0,
          "dco": 186,
          "txt": "Alle"
        },
        {
          "si": 2,
          "sti": 1,
          "dti": 35,
          "sco": 5,
          "dco": 191,
          "txt": "drei"
        },
        {
          "si": 2,
          "sti": 2,
          "dti": 36,
          "sco": 10,
          "dco": 196,
          "txt": "Treffer"
        },
        {
          "si": 2,
          "sti": 3,
          "dti": 37,
          "sco": 18,
          "dco": 204,
          "txt": "der"
        },
        {
          "si": 2,
          "sti": 4,
          "dti": 38,
          "sco": 22,
          "dco": 208,
          "txt": "Urus"
        },
        {
          "si": 2,
          "sti": 5,
          "dti": 39,
          "sco": 27,
          "dco": 213,
          "txt": "erzielte"
        },
        {
          "si": 2,
          "sti": 6,
          "dti": 40,
          "sco": 36,
          "dco": 222,
          "txt": "Juventus"
        },
        {
          "si": 2,
          "sti": 7,
          "dti": 41,
          "sco": 44,
          "dco": 230,
          "txt": "-"
        },
        {
          "si": 2,
          "sti": 8,
          "dti": 42,
          "sco": 45,
          "dco": 231,
          "txt": "Stuermer"
        },
        {
          "si": 2,
          "sti": 9,
          "dti": 43,
          "sco": 54,
          "dco": 240,
          "txt": "Marcelo"
        },
        {
          "si": 2,
          "sti": 10,
          "dti": 44,
          "sco": 62,
          "dco": 248,
          "txt": "Zalayeta"
        },
        {
          "si": 2,
          "sti": 11,
          "dti": 45,
          "sco": 71,
          "dco": 257,
          "txt": "("
        },
        {
          "si": 2,
          "sti": 12,
          "dti": 46,
          "sco": 72,
          "dco": 258,
          "txt": "42"
        },
        {
          "si": 2,
          "sti": 13,
          "dti": 47,
          "sco": 74,
          "dco": 260,
          "txt": "."
        },
        {
          "si": 2,
          "sti": 14,
          "dti": 48,
          "sco": 75,
          "dco": 261,
          "txt": ","
        },
        {
          "si": 2,
          "sti": 15,
          "dti": 49,
          "sco": 77,
          "dco": 263,
          "txt": "51"
        },
        {
          "si": 2,
          "sti": 16,
          "dti": 50,
          "sco": 79,
          "dco": 265,
          "txt": "."
        },
        {
          "si": 2,
          "sti": 17,
          "dti": 51,
          "sco": 81,
          "dco": 267,
          "txt": "und"
        },
        {
          "si": 2,
          "sti": 18,
          "dti": 52,
          "sco": 85,
          "dco": 271,
          "txt": "86"
        },
        {
          "si": 2,
          "sti": 19,
          "dti": 53,
          "sco": 87,
          "dco": 273,
          "txt": "."
        },
        {
          "si": 3,
          "sti": 0,
          "dti": 54,
          "sco": 0,
          "dco": 275,
          "txt": "Minute"
        },
        {
          "si": 3,
          "sti": 1,
          "dti": 55,
          "sco": 6,
          "dco": 281,
          "txt": ")"
        },
        {
          "si": 3,
          "sti": 2,
          "dti": 56,
          "sco": 7,
          "dco": 282,
          "txt": "."
        },
        {
          "si": 4,
          "sti": 0,
          "dti": 57,
          "sco": 0,
          "dco": 284,
          "txt": "Fuer"
        },
        {
          "si": 4,
          "sti": 1,
          "dti": 58,
          "sco": 5,
          "dco": 289,
          "txt": "Kolumbien"
        },
        {
          "si": 4,
          "sti": 2,
          "dti": 59,
          "sco": 15,
          "dco": 299,
          "txt": "waren"
        },
        {
          "si": 4,
          "sti": 3,
          "dti": 60,
          "sco": 21,
          "dco": 305,
          "txt": "Elkin"
        },
        {
          "si": 4,
          "sti": 4,
          "dti": 61,
          "sco": 27,
          "dco": 311,
          "txt": "Soto"
        },
        {
          "si": 4,
          "sti": 5,
          "dti": 62,
          "sco": 32,
          "dco": 316,
          "txt": "("
        },
        {
          "si": 4,
          "sti": 6,
          "dti": 63,
          "sco": 33,
          "dco": 317,
          "txt": "80"
        },
        {
          "si": 4,
          "sti": 7,
          "dti": 64,
          "sco": 35,
          "dco": 319,
          "txt": "."
        },
        {
          "si": 4,
          "sti": 8,
          "dti": 65,
          "sco": 36,
          "dco": 320,
          "txt": ")"
        },
        {
          "si": 4,
          "sti": 9,
          "dti": 66,
          "sco": 38,
          "dco": 322,
          "txt": "und"
        },
        {
          "si": 4,
          "sti": 10,
          "dti": 67,
          "sco": 42,
          "dco": 326,
          "txt": "Juan"
        },
        {
          "si": 4,
          "sti": 11,
          "dti": 68,
          "sco": 47,
          "dco": 331,
          "txt": "Pablo"
        },
        {
          "si": 4,
          "sti": 12,
          "dti": 69,
          "sco": 53,
          "dco": 337,
          "txt": "Angel"
        },
        {
          "si": 4,
          "sti": 13,
          "dti": 70,
          "sco": 59,
          "dco": 343,
          "txt": "("
        },
        {
          "si": 4,
          "sti": 14,
          "dti": 71,
          "sco": 60,
          "dco": 344,
          "txt": "81"
        },
        {
          "si": 4,
          "sti": 15,
          "dti": 72,
          "sco": 62,
          "dco": 346,
          "txt": "."
        },
        {
          "si": 4,
          "sti": 16,
          "dti": 73,
          "sco": 63,
          "dco": 347,
          "txt": ")"
        },
        {
          "si": 4,
          "sti": 17,
          "dti": 74,
          "sco": 65,
          "dco": 349,
          "txt": "erfolgreich"
        },
        {
          "si": 4,
          "sti": 18,
          "dti": 75,
          "sco": 76,
          "dco": 360,
          "txt": "."
        },
        {
          "si": 5,
          "sti": 0,
          "dti": 76,
          "sco": 0,
          "dco": 362,
          "txt": "Es"
        },
        {
          "si": 5,
          "sti": 1,
          "dti": 77,
          "sco": 3,
          "dco": 365,
          "txt": "war"
        },
        {
          "si": 5,
          "sti": 2,
          "dti": 78,
          "sco": 7,
          "dco": 369,
          "txt": "von"
        },
        {
          "si": 5,
          "sti": 3,
          "dti": 79,
          "sco": 11,
          "dco": 373,
          "txt": "Beginn"
        },
        {
          "si": 5,
          "sti": 4,
          "dti": 80,
          "sco": 18,
          "dco": 380,
          "txt": "an"
        },
        {
          "si": 5,
          "sti": 5,
          "dti": 81,
          "sco": 21,
          "dco": 383,
          "txt": "eine"
        },
        {
          "si": 5,
          "sti": 6,
          "dti": 82,
          "sco": 26,
          "dco": 388,
          "txt": "intensive"
        },
        {
          "si": 5,
          "sti": 7,
          "dti": 83,
          "sco": 35,
          "dco": 397,
          "txt": ","
        },
        {
          "si": 5,
          "sti": 8,
          "dti": 84,
          "sco": 37,
          "dco": 399,
          "txt": "gute"
        },
        {
          "si": 5,
          "sti": 9,
          "dti": 85,
          "sco": 42,
          "dco": 404,
          "txt": "Partie"
        },
        {
          "si": 5,
          "sti": 10,
          "dti": 86,
          "sco": 48,
          "dco": 410,
          "txt": ","
        },
        {
          "si": 5,
          "sti": 11,
          "dti": 87,
          "sco": 50,
          "dco": 412,
          "txt": "in"
        },
        {
          "si": 5,
          "sti": 12,
          "dti": 88,
          "sco": 53,
          "dco": 415,
          "txt": "der"
        },
        {
          "si": 5,
          "sti": 13,
          "dti": 89,
          "sco": 57,
          "dco": 419,
          "txt": "Uruguay"
        },
        {
          "si": 5,
          "sti": 14,
          "dti": 90,
          "sco": 65,
          "dco": 427,
          "txt": "den"
        },
        {
          "si": 5,
          "sti": 15,
          "dti": 91,
          "sco": 69,
          "dco": 431,
          "txt": "Sieg"
        },
        {
          "si": 5,
          "sti": 16,
          "dti": 92,
          "sco": 74,
          "dco": 436,
          "txt": "aufgrund"
        },
        {
          "si": 5,
          "sti": 17,
          "dti": 93,
          "sco": 83,
          "dco": 445,
          "txt": "einer"
        },
        {
          "si": 5,
          "sti": 18,
          "dti": 94,
          "sco": 89,
          "dco": 451,
          "txt": "Leistungssteigerung"
        },
        {
          "si": 5,
          "sti": 19,
          "dti": 95,
          "sco": 109,
          "dco": 471,
          "txt": "nach"
        },
        {
          "si": 5,
          "sti": 20,
          "dti": 96,
          "sco": 114,
          "dco": 476,
          "txt": "der"
        },
        {
          "si": 5,
          "sti": 21,
          "dti": 97,
          "sco": 118,
          "dco": 480,
          "txt": "Pause"
        },
        {
          "si": 5,
          "sti": 22,
          "dti": 98,
          "sco": 124,
          "dco": 486,
          "txt": "verdient"
        },
        {
          "si": 5,
          "sti": 23,
          "dti": 99,
          "sco": 133,
          "dco": 495,
          "txt": "hatte"
        },
        {
          "si": 5,
          "sti": 24,
          "dti": 100,
          "sco": 138,
          "dco": 500,
          "txt": "."
        },
        {
          "si": 6,
          "sti": 0,
          "dti": 101,
          "sco": 0,
          "dco": 502,
          "txt": "Nach"
        },
        {
          "si": 6,
          "sti": 1,
          "dti": 102,
          "sco": 5,
          "dco": 507,
          "txt": "dem"
        },
        {
          "si": 6,
          "sti": 2,
          "dti": 103,
          "sco": 9,
          "dco": 511,
          "txt": "zweiten"
        },
        {
          "si": 6,
          "sti": 3,
          "dti": 104,
          "sco": 17,
          "dco": 519,
          "txt": "Tor"
        },
        {
          "si": 6,
          "sti": 4,
          "dti": 105,
          "sco": 21,
          "dco": 523,
          "txt": "schien"
        },
        {
          "si": 6,
          "sti": 5,
          "dti": 106,
          "sco": 28,
          "dco": 530,
          "txt": "alles"
        },
        {
          "si": 6,
          "sti": 6,
          "dti": 107,
          "sco": 34,
          "dco": 536,
          "txt": "entschieden"
        },
        {
          "si": 6,
          "sti": 7,
          "dti": 108,
          "sco": 45,
          "dco": 547,
          "txt": ","
        },
        {
          "si": 6,
          "sti": 8,
          "dti": 109,
          "sco": 47,
          "dco": 549,
          "txt": "bevor"
        },
        {
          "si": 6,
          "sti": 9,
          "dti": 110,
          "sco": 53,
          "dco": 555,
          "txt": "die"
        },
        {
          "si": 6,
          "sti": 10,
          "dti": 111,
          "sco": 57,
          "dco": 559,
          "txt": "Kolumbianer"
        },
        {
          "si": 6,
          "sti": 11,
          "dti": 112,
          "sco": 69,
          "dco": 571,
          "txt": "mit"
        },
        {
          "si": 6,
          "sti": 12,
          "dti": 113,
          "sco": 73,
          "dco": 575,
          "txt": "ihren"
        },
        {
          "si": 6,
          "sti": 13,
          "dti": 114,
          "sco": 79,
          "dco": 581,
          "txt": "beiden"
        },
        {
          "si": 6,
          "sti": 14,
          "dti": 115,
          "sco": 86,
          "dco": 588,
          "txt": "zwei"
        },
        {
          "si": 6,
          "sti": 15,
          "dti": 116,
          "sco": 91,
          "dco": 593,
          "txt": "Treffern"
        },
        {
          "si": 6,
          "sti": 16,
          "dti": 117,
          "sco": 100,
          "dco": 602,
          "txt": "innerhalb"
        },
        {
          "si": 6,
          "sti": 17,
          "dti": 118,
          "sco": 110,
          "dco": 612,
          "txt": "einer"
        },
        {
          "si": 6,
          "sti": 18,
          "dti": 119,
          "sco": 116,
          "dco": 618,
          "txt": "Minute"
        },
        {
          "si": 6,
          "sti": 19,
          "dti": 120,
          "sco": 123,
          "dco": 625,
          "txt": "fuer"
        },
        {
          "si": 6,
          "sti": 20,
          "dti": 121,
          "sco": 128,
          "dco": 630,
          "txt": "grosse"
        },
        {
          "si": 6,
          "sti": 21,
          "dti": 122,
          "sco": 135,
          "dco": 637,
          "txt": "Dramatik"
        },
        {
          "si": 6,
          "sti": 22,
          "dti": 123,
          "sco": 144,
          "dco": 646,
          "txt": "sorgten"
        },
        {
          "si": 6,
          "sti": 23,
          "dti": 124,
          "sco": 151,
          "dco": 653,
          "txt": "."
        },
        {
          "si": 7,
          "sti": 0,
          "dti": 125,
          "sco": 0,
          "dco": 655,
          "txt": "Beim"
        },
        {
          "si": 7,
          "sti": 1,
          "dti": 126,
          "sco": 5,
          "dco": 660,
          "txt": "ersten"
        },
        {
          "si": 7,
          "sti": 2,
          "dti": 127,
          "sco": 12,
          "dco": 667,
          "txt": "Tor"
        },
        {
          "si": 7,
          "sti": 3,
          "dti": 128,
          "sco": 16,
          "dco": 671,
          "txt": "Uruguays"
        },
        {
          "si": 7,
          "sti": 4,
          "dti": 129,
          "sco": 25,
          "dco": 680,
          "txt": "hatte"
        },
        {
          "si": 7,
          "sti": 5,
          "dti": 130,
          "sco": 31,
          "dco": 686,
          "txt": "Richard"
        },
        {
          "si": 7,
          "sti": 6,
          "dti": 131,
          "sco": 39,
          "dco": 694,
          "txt": "Mordales"
        },
        {
          "si": 7,
          "sti": 7,
          "dti": 132,
          "sco": 48,
          "dco": 703,
          "txt": "im"
        },
        {
          "si": 7,
          "sti": 8,
          "dti": 133,
          "sco": 51,
          "dco": 706,
          "txt": "Strafraum"
        },
        {
          "si": 7,
          "sti": 9,
          "dti": 134,
          "sco": 61,
          "dco": 716,
          "txt": "Ivn"
        },
        {
          "si": 7,
          "sti": 10,
          "dti": 135,
          "sco": 65,
          "dco": 720,
          "txt": "Crdoba"
        },
        {
          "si": 7,
          "sti": 11,
          "dti": 136,
          "sco": 72,
          "dco": 727,
          "txt": "den"
        },
        {
          "si": 7,
          "sti": 12,
          "dti": 137,
          "sco": 76,
          "dco": 731,
          "txt": "Ball"
        },
        {
          "si": 7,
          "sti": 13,
          "dti": 138,
          "sco": 81,
          "dco": 736,
          "txt": "abgenommen"
        },
        {
          "si": 7,
          "sti": 14,
          "dti": 139,
          "sco": 92,
          "dco": 747,
          "txt": "und"
        },
        {
          "si": 7,
          "sti": 15,
          "dti": 140,
          "sco": 96,
          "dco": 751,
          "txt": "auf"
        },
        {
          "si": 7,
          "sti": 16,
          "dti": 141,
          "sco": 100,
          "dco": 755,
          "txt": "Alvaro"
        },
        {
          "si": 7,
          "sti": 17,
          "dti": 142,
          "sco": 107,
          "dco": 762,
          "txt": "Recoba"
        },
        {
          "si": 7,
          "sti": 18,
          "dti": 143,
          "sco": 114,
          "dco": 769,
          "txt": "gespielt"
        },
        {
          "si": 7,
          "sti": 19,
          "dti": 144,
          "sco": 122,
          "dco": 777,
          "txt": "."
        },
        {
          "si": 8,
          "sti": 0,
          "dti": 145,
          "sco": 0,
          "dco": 779,
          "txt": "Dieser"
        },
        {
          "si": 8,
          "sti": 1,
          "dti": 146,
          "sco": 7,
          "dco": 786,
          "txt": "flankte"
        },
        {
          "si": 8,
          "sti": 2,
          "dti": 147,
          "sco": 15,
          "dco": 794,
          "txt": "hoch"
        },
        {
          "si": 8,
          "sti": 3,
          "dti": 148,
          "sco": 20,
          "dco": 799,
          "txt": "auf"
        },
        {
          "si": 8,
          "sti": 4,
          "dti": 149,
          "sco": 24,
          "dco": 803,
          "txt": "den"
        },
        {
          "si": 8,
          "sti": 5,
          "dti": 150,
          "sco": 28,
          "dco": 807,
          "txt": "langen"
        },
        {
          "si": 8,
          "sti": 6,
          "dti": 151,
          "sco": 35,
          "dco": 814,
          "txt": "Pfosten"
        },
        {
          "si": 8,
          "sti": 7,
          "dti": 152,
          "sco": 42,
          "dco": 821,
          "txt": ","
        },
        {
          "si": 8,
          "sti": 8,
          "dti": 153,
          "sco": 44,
          "dco": 823,
          "txt": "wo"
        },
        {
          "si": 8,
          "sti": 9,
          "dti": 154,
          "sco": 47,
          "dco": 826,
          "txt": "der"
        },
        {
          "si": 8,
          "sti": 10,
          "dti": 155,
          "sco": 51,
          "dco": 830,
          "txt": "ungedeckte"
        },
        {
          "si": 8,
          "sti": 11,
          "dti": 156,
          "sco": 62,
          "dco": 841,
          "txt": "Zalayeta"
        },
        {
          "si": 8,
          "sti": 12,
          "dti": 157,
          "sco": 71,
          "dco": 850,
          "txt": "stand"
        },
        {
          "si": 8,
          "sti": 13,
          "dti": 158,
          "sco": 76,
          "dco": 855,
          "txt": ","
        },
        {
          "si": 8,
          "sti": 14,
          "dti": 159,
          "sco": 78,
          "dco": 857,
          "txt": "der"
        },
        {
          "si": 8,
          "sti": 15,
          "dti": 160,
          "sco": 82,
          "dco": 861,
          "txt": "keine"
        },
        {
          "si": 8,
          "sti": 16,
          "dti": 161,
          "sco": 88,
          "dco": 867,
          "txt": "Muehe"
        },
        {
          "si": 8,
          "sti": 17,
          "dti": 162,
          "sco": 94,
          "dco": 873,
          "txt": "hatte"
        },
        {
          "si": 8,
          "sti": 18,
          "dti": 163,
          "sco": 99,
          "dco": 878,
          "txt": ","
        },
        {
          "si": 8,
          "sti": 19,
          "dti": 164,
          "sco": 101,
          "dco": 880,
          "txt": "mit"
        },
        {
          "si": 8,
          "sti": 20,
          "dti": 165,
          "sco": 105,
          "dco": 884,
          "txt": "einem"
        },
        {
          "si": 8,
          "sti": 21,
          "dti": 166,
          "sco": 111,
          "dco": 890,
          "txt": "gezielten"
        },
        {
          "si": 8,
          "sti": 22,
          "dti": 167,
          "sco": 121,
          "dco": 900,
          "txt": "Kopfball"
        },
        {
          "si": 8,
          "sti": 23,
          "dti": 168,
          "sco": 130,
          "dco": 909,
          "txt": "den"
        },
        {
          "si": 8,
          "sti": 24,
          "dti": 169,
          "sco": 134,
          "dco": 913,
          "txt": "Keeper"
        },
        {
          "si": 8,
          "sti": 25,
          "dti": 170,
          "sco": 141,
          "dco": 920,
          "txt": "der"
        },
        {
          "si": 8,
          "sti": 26,
          "dti": 171,
          "sco": 145,
          "dco": 924,
          "txt": "Kolumbianer"
        },
        {
          "si": 8,
          "sti": 27,
          "dti": 172,
          "sco": 157,
          "dco": 936,
          "txt": "Miguel"
        },
        {
          "si": 8,
          "sti": 28,
          "dti": 173,
          "sco": 164,
          "dco": 943,
          "txt": "Calero"
        },
        {
          "si": 8,
          "sti": 29,
          "dti": 174,
          "sco": 171,
          "dco": 950,
          "txt": "zu"
        },
        {
          "si": 8,
          "sti": 30,
          "dti": 175,
          "sco": 174,
          "dco": 953,
          "txt": "ueberwinden"
        },
        {
          "si": 8,
          "sti": 31,
          "dti": 176,
          "sco": 185,
          "dco": 964,
          "txt": "."
        },
        {
          "si": 9,
          "sti": 0,
          "dti": 177,
          "sco": 0,
          "dco": 966,
          "txt": "In"
        },
        {
          "si": 9,
          "sti": 1,
          "dti": 178,
          "sco": 3,
          "dco": 969,
          "txt": "der"
        },
        {
          "si": 9,
          "sti": 2,
          "dti": 179,
          "sco": 7,
          "dco": 973,
          "txt": "ersten"
        },
        {
          "si": 9,
          "sti": 3,
          "dti": 180,
          "sco": 14,
          "dco": 980,
          "txt": "Halbzeit"
        },
        {
          "si": 9,
          "sti": 4,
          "dti": 181,
          "sco": 23,
          "dco": 989,
          "txt": "war"
        },
        {
          "si": 9,
          "sti": 5,
          "dti": 182,
          "sco": 27,
          "dco": 993,
          "txt": "Kolumbien"
        },
        {
          "si": 9,
          "sti": 6,
          "dti": 183,
          "sco": 37,
          "dco": 1003,
          "txt": "den"
        },
        {
          "si": 9,
          "sti": 7,
          "dti": 184,
          "sco": 41,
          "dco": 1007,
          "txt": "Hausherren"
        },
        {
          "si": 9,
          "sti": 8,
          "dti": 185,
          "sco": 52,
          "dco": 1018,
          "txt": "ueberlegen"
        },
        {
          "si": 9,
          "sti": 9,
          "dti": 186,
          "sco": 62,
          "dco": 1028,
          "txt": "."
        },
        {
          "si": 10,
          "sti": 0,
          "dti": 187,
          "sco": 0,
          "dco": 1030,
          "txt": "So"
        },
        {
          "si": 10,
          "sti": 1,
          "dti": 188,
          "sco": 3,
          "dco": 1033,
          "txt": "hatte"
        },
        {
          "si": 10,
          "sti": 2,
          "dti": 189,
          "sco": 9,
          "dco": 1039,
          "txt": "man"
        },
        {
          "si": 10,
          "sti": 3,
          "dti": 190,
          "sco": 13,
          "dco": 1043,
          "txt": "zwischen"
        },
        {
          "si": 10,
          "sti": 4,
          "dti": 191,
          "sco": 22,
          "dco": 1052,
          "txt": "der"
        },
        {
          "si": 10,
          "sti": 5,
          "dti": 192,
          "sco": 26,
          "dco": 1056,
          "txt": "35"
        },
        {
          "si": 10,
          "sti": 6,
          "dti": 193,
          "sco": 28,
          "dco": 1058,
          "txt": "."
        },
        {
          "si": 11,
          "sti": 0,
          "dti": 194,
          "sco": 0,
          "dco": 1060,
          "txt": "Minute"
        },
        {
          "si": 11,
          "sti": 1,
          "dti": 195,
          "sco": 7,
          "dco": 1067,
          "txt": "und"
        },
        {
          "si": 11,
          "sti": 2,
          "dti": 196,
          "sco": 11,
          "dco": 1071,
          "txt": "dem"
        },
        {
          "si": 11,
          "sti": 3,
          "dti": 197,
          "sco": 15,
          "dco": 1075,
          "txt": "Fuehrungstreffer"
        },
        {
          "si": 11,
          "sti": 4,
          "dti": 198,
          "sco": 32,
          "dco": 1092,
          "txt": "der"
        },
        {
          "si": 11,
          "sti": 5,
          "dti": 199,
          "sco": 36,
          "dco": 1096,
          "txt": "Uruguayer"
        },
        {
          "si": 11,
          "sti": 6,
          "dti": 200,
          "sco": 46,
          "dco": 1106,
          "txt": "einige"
        },
        {
          "si": 11,
          "sti": 7,
          "dti": 201,
          "sco": 53,
          "dco": 1113,
          "txt": "grosse"
        },
        {
          "si": 11,
          "sti": 8,
          "dti": 202,
          "sco": 60,
          "dco": 1120,
          "txt": "Torchancen"
        },
        {
          "si": 11,
          "sti": 9,
          "dti": 203,
          "sco": 70,
          "dco": 1130,
          "txt": "."
        },
        {
          "si": 12,
          "sti": 0,
          "dti": 204,
          "sco": 0,
          "dco": 1132,
          "txt": "Zunaechst"
        },
        {
          "si": 12,
          "sti": 1,
          "dti": 205,
          "sco": 10,
          "dco": 1142,
          "txt": "konnte"
        },
        {
          "si": 12,
          "sti": 2,
          "dti": 206,
          "sco": 17,
          "dco": 1149,
          "txt": "Fabin"
        },
        {
          "si": 12,
          "sti": 3,
          "dti": 207,
          "sco": 23,
          "dco": 1155,
          "txt": "Carini"
        },
        {
          "si": 12,
          "sti": 4,
          "dti": 208,
          "sco": 30,
          "dco": 1162,
          "txt": "einen"
        },
        {
          "si": 12,
          "sti": 5,
          "dti": 209,
          "sco": 36,
          "dco": 1168,
          "txt": "Schuss"
        },
        {
          "si": 12,
          "sti": 6,
          "dti": 210,
          "sco": 43,
          "dco": 1175,
          "txt": "von"
        },
        {
          "si": 12,
          "sti": 7,
          "dti": 211,
          "sco": 47,
          "dco": 1179,
          "txt": "Luis"
        },
        {
          "si": 12,
          "sti": 8,
          "dti": 212,
          "sco": 52,
          "dco": 1184,
          "txt": "Rey"
        },
        {
          "si": 12,
          "sti": 9,
          "dti": 213,
          "sco": 56,
          "dco": 1188,
          "txt": "zur"
        },
        {
          "si": 12,
          "sti": 10,
          "dti": 214,
          "sco": 60,
          "dco": 1192,
          "txt": "Ecke"
        },
        {
          "si": 12,
          "sti": 11,
          "dti": 215,
          "sco": 65,
          "dco": 1197,
          "txt": "abwehren"
        },
        {
          "si": 12,
          "sti": 12,
          "dti": 216,
          "sco": 73,
          "dco": 1205,
          "txt": ","
        },
        {
          "si": 12,
          "sti": 13,
          "dti": 217,
          "sco": 75,
          "dco": 1207,
          "txt": "bevor"
        },
        {
          "si": 12,
          "sti": 14,
          "dti": 218,
          "sco": 81,
          "dco": 1213,
          "txt": "Elkin"
        },
        {
          "si": 12,
          "sti": 15,
          "dti": 219,
          "sco": 87,
          "dco": 1219,
          "txt": "Soto"
        },
        {
          "si": 12,
          "sti": 16,
          "dti": 220,
          "sco": 92,
          "dco": 1224,
          "txt": "eine"
        },
        {
          "si": 12,
          "sti": 17,
          "dti": 221,
          "sco": 97,
          "dco": 1229,
          "txt": "weitere"
        },
        {
          "si": 12,
          "sti": 18,
          "dti": 222,
          "sco": 105,
          "dco": 1237,
          "txt": "Grosschance"
        },
        {
          "si": 12,
          "sti": 19,
          "dti": 223,
          "sco": 117,
          "dco": 1249,
          "txt": "vergab"
        },
        {
          "si": 12,
          "sti": 20,
          "dti": 224,
          "sco": 123,
          "dco": 1255,
          "txt": "."
        },
        {
          "si": 13,
          "sti": 0,
          "dti": 225,
          "sco": 0,
          "dco": 1257,
          "txt": "In"
        },
        {
          "si": 13,
          "sti": 1,
          "dti": 226,
          "sco": 3,
          "dco": 1260,
          "txt": "der"
        },
        {
          "si": 13,
          "sti": 2,
          "dti": 227,
          "sco": 7,
          "dco": 1264,
          "txt": "zweiten"
        },
        {
          "si": 13,
          "sti": 3,
          "dti": 228,
          "sco": 15,
          "dco": 1272,
          "txt": "Halbzeit"
        },
        {
          "si": 13,
          "sti": 4,
          "dti": 229,
          "sco": 24,
          "dco": 1281,
          "txt": "war"
        },
        {
          "si": 13,
          "sti": 5,
          "dti": 230,
          "sco": 28,
          "dco": 1285,
          "txt": "Reinaldo"
        },
        {
          "si": 13,
          "sti": 6,
          "dti": 231,
          "sco": 37,
          "dco": 1294,
          "txt": "Ruedas"
        },
        {
          "si": 13,
          "sti": 7,
          "dti": 232,
          "sco": 44,
          "dco": 1301,
          "txt": "Elf"
        },
        {
          "si": 13,
          "sti": 8,
          "dti": 233,
          "sco": 48,
          "dco": 1305,
          "txt": "erneut"
        },
        {
          "si": 13,
          "sti": 9,
          "dti": 234,
          "sco": 55,
          "dco": 1312,
          "txt": "am"
        },
        {
          "si": 13,
          "sti": 10,
          "dti": 235,
          "sco": 58,
          "dco": 1315,
          "txt": "Druecker"
        },
        {
          "si": 13,
          "sti": 11,
          "dti": 236,
          "sco": 66,
          "dco": 1323,
          "txt": ","
        },
        {
          "si": 13,
          "sti": 12,
          "dti": 237,
          "sco": 68,
          "dco": 1325,
          "txt": "als"
        },
        {
          "si": 13,
          "sti": 13,
          "dti": 238,
          "sco": 72,
          "dco": 1329,
          "txt": "die"
        },
        {
          "si": 13,
          "sti": 14,
          "dti": 239,
          "sco": 76,
          "dco": 1333,
          "txt": "Uruguayer"
        },
        {
          "si": 13,
          "sti": 15,
          "dti": 240,
          "sco": 86,
          "dco": 1343,
          "txt": "einen"
        },
        {
          "si": 13,
          "sti": 16,
          "dti": 241,
          "sco": 92,
          "dco": 1349,
          "txt": "schnellen"
        },
        {
          "si": 13,
          "sti": 17,
          "dti": 242,
          "sco": 102,
          "dco": 1359,
          "txt": "Konter"
        },
        {
          "si": 13,
          "sti": 18,
          "dti": 243,
          "sco": 109,
          "dco": 1366,
          "txt": "ueber"
        },
        {
          "si": 13,
          "sti": 19,
          "dti": 244,
          "sco": 115,
          "dco": 1372,
          "txt": "Forln"
        },
        {
          "si": 13,
          "sti": 20,
          "dti": 245,
          "sco": 121,
          "dco": 1378,
          "txt": "spielten"
        },
        {
          "si": 13,
          "sti": 21,
          "dti": 246,
          "sco": 129,
          "dco": 1386,
          "txt": "."
        },
        {
          "si": 14,
          "sti": 0,
          "dti": 247,
          "sco": 0,
          "dco": 1388,
          "txt": "Dieser"
        },
        {
          "si": 14,
          "sti": 1,
          "dti": 248,
          "sco": 7,
          "dco": 1395,
          "txt": "passte"
        },
        {
          "si": 14,
          "sti": 2,
          "dti": 249,
          "sco": 14,
          "dco": 1402,
          "txt": "auf"
        },
        {
          "si": 14,
          "sti": 3,
          "dti": 250,
          "sco": 18,
          "dco": 1406,
          "txt": "Zalayeta"
        },
        {
          "si": 14,
          "sti": 4,
          "dti": 251,
          "sco": 26,
          "dco": 1414,
          "txt": ","
        },
        {
          "si": 14,
          "sti": 5,
          "dti": 252,
          "sco": 28,
          "dco": 1416,
          "txt": "der"
        },
        {
          "si": 14,
          "sti": 6,
          "dti": 253,
          "sco": 32,
          "dco": 1420,
          "txt": "auf"
        },
        {
          "si": 14,
          "sti": 7,
          "dti": 254,
          "sco": 36,
          "dco": 1424,
          "txt": "und"
        },
        {
          "si": 14,
          "sti": 8,
          "dti": 255,
          "sco": 40,
          "dco": 1428,
          "txt": "davon"
        },
        {
          "si": 14,
          "sti": 9,
          "dti": 256,
          "sco": 46,
          "dco": 1434,
          "txt": "ging"
        },
        {
          "si": 14,
          "sti": 10,
          "dti": 257,
          "sco": 51,
          "dco": 1439,
          "txt": "und"
        },
        {
          "si": 14,
          "sti": 11,
          "dti": 258,
          "sco": 55,
          "dco": 1443,
          "txt": "im"
        },
        {
          "si": 14,
          "sti": 12,
          "dti": 259,
          "sco": 58,
          "dco": 1446,
          "txt": "Strafraum"
        },
        {
          "si": 14,
          "sti": 13,
          "dti": 260,
          "sco": 68,
          "dco": 1456,
          "txt": "mit"
        },
        {
          "si": 14,
          "sti": 14,
          "dti": 261,
          "sco": 72,
          "dco": 1460,
          "txt": "einem"
        },
        {
          "si": 14,
          "sti": 15,
          "dti": 262,
          "sco": 78,
          "dco": 1466,
          "txt": "satten"
        },
        {
          "si": 14,
          "sti": 16,
          "dti": 263,
          "sco": 85,
          "dco": 1473,
          "txt": "Rechtsschuss"
        },
        {
          "si": 14,
          "sti": 17,
          "dti": 264,
          "sco": 98,
          "dco": 1486,
          "txt": "den"
        },
        {
          "si": 14,
          "sti": 18,
          "dti": 265,
          "sco": 102,
          "dco": 1490,
          "txt": "zweiten"
        },
        {
          "si": 14,
          "sti": 19,
          "dti": 266,
          "sco": 110,
          "dco": 1498,
          "txt": "Treffer"
        },
        {
          "si": 14,
          "sti": 20,
          "dti": 267,
          "sco": 118,
          "dco": 1506,
          "txt": "fuer"
        },
        {
          "si": 14,
          "sti": 21,
          "dti": 268,
          "sco": 123,
          "dco": 1511,
          "txt": "die"
        },
        {
          "si": 14,
          "sti": 22,
          "dti": 269,
          "sco": 127,
          "dco": 1515,
          "txt": "Gastgeber"
        },
        {
          "si": 14,
          "sti": 23,
          "dti": 270,
          "sco": 137,
          "dco": 1525,
          "txt": "erzielte"
        },
        {
          "si": 14,
          "sti": 24,
          "dti": 271,
          "sco": 145,
          "dco": 1533,
          "txt": "."
        },
        {
          "si": 15,
          "sti": 0,
          "dti": 272,
          "sco": 0,
          "dco": 1535,
          "txt": "Nach"
        },
        {
          "si": 15,
          "sti": 1,
          "dti": 273,
          "sco": 5,
          "dco": 1540,
          "txt": "60"
        },
        {
          "si": 15,
          "sti": 2,
          "dti": 274,
          "sco": 8,
          "dco": 1543,
          "txt": "Minuten"
        },
        {
          "si": 15,
          "sti": 3,
          "dti": 275,
          "sco": 16,
          "dco": 1551,
          "txt": "wurde"
        },
        {
          "si": 15,
          "sti": 4,
          "dti": 276,
          "sco": 22,
          "dco": 1557,
          "txt": "bei"
        },
        {
          "si": 15,
          "sti": 5,
          "dti": 277,
          "sco": 26,
          "dco": 1561,
          "txt": "den"
        },
        {
          "si": 15,
          "sti": 6,
          "dti": 278,
          "sco": 30,
          "dco": 1565,
          "txt": "Kolumbianern"
        },
        {
          "si": 15,
          "sti": 7,
          "dti": 279,
          "sco": 43,
          "dco": 1578,
          "txt": "Fabin"
        },
        {
          "si": 15,
          "sti": 8,
          "dti": 280,
          "sco": 49,
          "dco": 1584,
          "txt": "Vargas"
        },
        {
          "si": 15,
          "sti": 9,
          "dti": 281,
          "sco": 56,
          "dco": 1591,
          "txt": "von"
        },
        {
          "si": 15,
          "sti": 10,
          "dti": 282,
          "sco": 60,
          "dco": 1595,
          "txt": "den"
        },
        {
          "si": 15,
          "sti": 11,
          "dti": 283,
          "sco": 64,
          "dco": 1599,
          "txt": "Boca"
        },
        {
          "si": 15,
          "sti": 12,
          "dti": 284,
          "sco": 69,
          "dco": 1604,
          "txt": "Juniors"
        },
        {
          "si": 15,
          "sti": 13,
          "dti": 285,
          "sco": 77,
          "dco": 1612,
          "txt": "fuer"
        },
        {
          "si": 15,
          "sti": 14,
          "dti": 286,
          "sco": 82,
          "dco": 1617,
          "txt": "John"
        },
        {
          "si": 15,
          "sti": 15,
          "dti": 287,
          "sco": 87,
          "dco": 1622,
          "txt": "Vifara"
        },
        {
          "si": 15,
          "sti": 16,
          "dti": 288,
          "sco": 94,
          "dco": 1629,
          "txt": "eingewechselt"
        },
        {
          "si": 15,
          "sti": 17,
          "dti": 289,
          "sco": 107,
          "dco": 1642,
          "txt": ","
        },
        {
          "si": 15,
          "sti": 18,
          "dti": 290,
          "sco": 109,
          "dco": 1644,
          "txt": "waehrend"
        },
        {
          "si": 15,
          "sti": 19,
          "dti": 291,
          "sco": 118,
          "dco": 1653,
          "txt": "Uruguays"
        },
        {
          "si": 15,
          "sti": 20,
          "dti": 292,
          "sco": 127,
          "dco": 1662,
          "txt": "Trainer"
        },
        {
          "si": 15,
          "sti": 21,
          "dti": 293,
          "sco": 135,
          "dco": 1670,
          "txt": "Jorge"
        },
        {
          "si": 15,
          "sti": 22,
          "dti": 294,
          "sco": 141,
          "dco": 1676,
          "txt": "Fossati"
        },
        {
          "si": 15,
          "sti": 23,
          "dti": 295,
          "sco": 149,
          "dco": 1684,
          "txt": "Marcelo"
        },
        {
          "si": 15,
          "sti": 24,
          "dti": 296,
          "sco": 157,
          "dco": 1692,
          "txt": "Sosa"
        },
        {
          "si": 15,
          "sti": 25,
          "dti": 297,
          "sco": 162,
          "dco": 1697,
          "txt": "fuer"
        },
        {
          "si": 15,
          "sti": 26,
          "dti": 298,
          "sco": 167,
          "dco": 1702,
          "txt": "Morales"
        },
        {
          "si": 15,
          "sti": 27,
          "dti": 299,
          "sco": 175,
          "dco": 1710,
          "txt": "brachte"
        },
        {
          "si": 15,
          "sti": 28,
          "dti": 300,
          "sco": 182,
          "dco": 1717,
          "txt": ","
        },
        {
          "si": 15,
          "sti": 29,
          "dti": 301,
          "sco": 184,
          "dco": 1719,
          "txt": "das"
        },
        {
          "si": 15,
          "sti": 30,
          "dti": 302,
          "sco": 188,
          "dco": 1723,
          "txt": "System"
        },
        {
          "si": 15,
          "sti": 31,
          "dti": 303,
          "sco": 195,
          "dco": 1730,
          "txt": "auf"
        },
        {
          "si": 15,
          "sti": 32,
          "dti": 304,
          "sco": 199,
          "dco": 1734,
          "txt": "4"
        },
        {
          "si": 15,
          "sti": 33,
          "dti": 305,
          "sco": 200,
          "dco": 1735,
          "txt": "-"
        },
        {
          "si": 15,
          "sti": 34,
          "dti": 306,
          "sco": 201,
          "dco": 1736,
          "txt": "3"
        },
        {
          "si": 15,
          "sti": 35,
          "dti": 307,
          "sco": 202,
          "dco": 1737,
          "txt": "-"
        },
        {
          "si": 15,
          "sti": 36,
          "dti": 308,
          "sco": 203,
          "dco": 1738,
          "txt": "3"
        },
        {
          "si": 15,
          "sti": 37,
          "dti": 309,
          "sco": 205,
          "dco": 1740,
          "txt": "umstellte"
        },
        {
          "si": 15,
          "sti": 38,
          "dti": 310,
          "sco": 215,
          "dco": 1750,
          "txt": "und"
        },
        {
          "si": 15,
          "sti": 39,
          "dti": 311,
          "sco": 219,
          "dco": 1754,
          "txt": "damit"
        },
        {
          "si": 15,
          "sti": 40,
          "dti": 312,
          "sco": 225,
          "dco": 1760,
          "txt": "einen"
        },
        {
          "si": 15,
          "sti": 41,
          "dti": 313,
          "sco": 231,
          "dco": 1766,
          "txt": "Stuermer"
        },
        {
          "si": 15,
          "sti": 42,
          "dti": 314,
          "sco": 240,
          "dco": 1775,
          "txt": "weniger"
        },
        {
          "si": 15,
          "sti": 43,
          "dti": 315,
          "sco": 248,
          "dco": 1783,
          "txt": "auf"
        },
        {
          "si": 15,
          "sti": 44,
          "dti": 316,
          "sco": 252,
          "dco": 1787,
          "txt": "dem"
        },
        {
          "si": 15,
          "sti": 45,
          "dti": 317,
          "sco": 256,
          "dco": 1791,
          "txt": "Platz"
        },
        {
          "si": 15,
          "sti": 46,
          "dti": 318,
          "sco": 262,
          "dco": 1797,
          "txt": "hatte"
        },
        {
          "si": 15,
          "sti": 47,
          "dti": 319,
          "sco": 267,
          "dco": 1802,
          "txt": "."
        },
        {
          "si": 16,
          "sti": 0,
          "dti": 320,
          "sco": 0,
          "dco": 1804,
          "txt": "Dann"
        },
        {
          "si": 16,
          "sti": 1,
          "dti": 321,
          "sco": 5,
          "dco": 1809,
          "txt": "gelang"
        },
        {
          "si": 16,
          "sti": 2,
          "dti": 322,
          "sco": 12,
          "dco": 1816,
          "txt": "den"
        },
        {
          "si": 16,
          "sti": 3,
          "dti": 323,
          "sco": 16,
          "dco": 1820,
          "txt": "Kolumbianern"
        },
        {
          "si": 16,
          "sti": 4,
          "dti": 324,
          "sco": 29,
          "dco": 1833,
          "txt": "wie"
        },
        {
          "si": 16,
          "sti": 5,
          "dti": 325,
          "sco": 33,
          "dco": 1837,
          "txt": "aus"
        },
        {
          "si": 16,
          "sti": 6,
          "dti": 326,
          "sco": 37,
          "dco": 1841,
          "txt": "dem"
        },
        {
          "si": 16,
          "sti": 7,
          "dti": 327,
          "sco": 41,
          "dco": 1845,
          "txt": "Nichts"
        },
        {
          "si": 16,
          "sti": 8,
          "dti": 328,
          "sco": 48,
          "dco": 1852,
          "txt": "ein"
        },
        {
          "si": 16,
          "sti": 9,
          "dti": 329,
          "sco": 52,
          "dco": 1856,
          "txt": "Doppelschlag"
        },
        {
          "si": 16,
          "sti": 10,
          "dti": 330,
          "sco": 65,
          "dco": 1869,
          "txt": "zum"
        },
        {
          "si": 16,
          "sti": 11,
          "dti": 331,
          "sco": 69,
          "dco": 1873,
          "txt": "Ausgleich"
        },
        {
          "si": 16,
          "sti": 12,
          "dti": 332,
          "sco": 78,
          "dco": 1882,
          "txt": "."
        },
        {
          "si": 17,
          "sti": 0,
          "dti": 333,
          "sco": 0,
          "dco": 1884,
          "txt": "Erst"
        },
        {
          "si": 17,
          "sti": 1,
          "dti": 334,
          "sco": 5,
          "dco": 1889,
          "txt": "erzielte"
        },
        {
          "si": 17,
          "sti": 2,
          "dti": 335,
          "sco": 14,
          "dco": 1898,
          "txt": "Soto"
        },
        {
          "si": 17,
          "sti": 3,
          "dti": 336,
          "sco": 19,
          "dco": 1903,
          "txt": "mit"
        },
        {
          "si": 17,
          "sti": 4,
          "dti": 337,
          "sco": 23,
          "dco": 1907,
          "txt": "einem"
        },
        {
          "si": 17,
          "sti": 5,
          "dti": 338,
          "sco": 29,
          "dco": 1913,
          "txt": "Linksschuss"
        },
        {
          "si": 17,
          "sti": 6,
          "dti": 339,
          "sco": 41,
          "dco": 1925,
          "txt": "den"
        },
        {
          "si": 17,
          "sti": 7,
          "dti": 340,
          "sco": 45,
          "dco": 1929,
          "txt": "Anschlusstreffer"
        },
        {
          "si": 17,
          "sti": 8,
          "dti": 341,
          "sco": 62,
          "dco": 1946,
          "txt": "("
        },
        {
          "si": 17,
          "sti": 9,
          "dti": 342,
          "sco": 63,
          "dco": 1947,
          "txt": "80"
        },
        {
          "si": 17,
          "sti": 10,
          "dti": 343,
          "sco": 65,
          "dco": 1949,
          "txt": "."
        },
        {
          "si": 17,
          "sti": 11,
          "dti": 344,
          "sco": 66,
          "dco": 1950,
          "txt": ")"
        },
        {
          "si": 17,
          "sti": 12,
          "dti": 345,
          "sco": 67,
          "dco": 1951,
          "txt": ","
        },
        {
          "si": 17,
          "sti": 13,
          "dti": 346,
          "sco": 69,
          "dco": 1953,
          "txt": "bevor"
        },
        {
          "si": 17,
          "sti": 14,
          "dti": 347,
          "sco": 75,
          "dco": 1959,
          "txt": "eine"
        },
        {
          "si": 17,
          "sti": 15,
          "dti": 348,
          "sco": 80,
          "dco": 1964,
          "txt": "Minute"
        },
        {
          "si": 17,
          "sti": 16,
          "dti": 349,
          "sco": 87,
          "dco": 1971,
          "txt": "spaeter"
        },
        {
          "si": 17,
          "sti": 17,
          "dti": 350,
          "sco": 95,
          "dco": 1979,
          "txt": "ngel"
        },
        {
          "si": 17,
          "sti": 18,
          "dti": 351,
          "sco": 100,
          "dco": 1984,
          "txt": "mit"
        },
        {
          "si": 17,
          "sti": 19,
          "dti": 352,
          "sco": 104,
          "dco": 1988,
          "txt": "einem"
        },
        {
          "si": 17,
          "sti": 20,
          "dti": 353,
          "sco": 110,
          "dco": 1994,
          "txt": "Kopfball"
        },
        {
          "si": 17,
          "sti": 21,
          "dti": 354,
          "sco": 119,
          "dco": 2003,
          "txt": "fuer"
        },
        {
          "si": 17,
          "sti": 22,
          "dti": 355,
          "sco": 124,
          "dco": 2008,
          "txt": "den"
        },
        {
          "si": 17,
          "sti": 23,
          "dti": 356,
          "sco": 128,
          "dco": 2012,
          "txt": "Gleichstand"
        },
        {
          "si": 17,
          "sti": 24,
          "dti": 357,
          "sco": 140,
          "dco": 2024,
          "txt": "sorgte"
        },
        {
          "si": 17,
          "sti": 25,
          "dti": 358,
          "sco": 147,
          "dco": 2031,
          "txt": "("
        },
        {
          "si": 17,
          "sti": 26,
          "dti": 359,
          "sco": 148,
          "dco": 2032,
          "txt": "81"
        },
        {
          "si": 17,
          "sti": 27,
          "dti": 360,
          "sco": 150,
          "dco": 2034,
          "txt": "."
        },
        {
          "si": 17,
          "sti": 28,
          "dti": 361,
          "sco": 151,
          "dco": 2035,
          "txt": ")"
        },
        {
          "si": 17,
          "sti": 29,
          "dti": 362,
          "sco": 152,
          "dco": 2036,
          "txt": "."
        },
        {
          "si": 18,
          "sti": 0,
          "dti": 363,
          "sco": 0,
          "dco": 2038,
          "txt": "Der"
        },
        {
          "si": 18,
          "sti": 1,
          "dti": 364,
          "sco": 4,
          "dco": 2042,
          "txt": "Ausgleich"
        },
        {
          "si": 18,
          "sti": 2,
          "dti": 365,
          "sco": 14,
          "dco": 2052,
          "txt": "schien"
        },
        {
          "si": 18,
          "sti": 3,
          "dti": 366,
          "sco": 21,
          "dco": 2059,
          "txt": "die"
        },
        {
          "si": 18,
          "sti": 4,
          "dti": 367,
          "sco": 25,
          "dco": 2063,
          "txt": "Urus"
        },
        {
          "si": 18,
          "sti": 5,
          "dti": 368,
          "sco": 30,
          "dco": 2068,
          "txt": "zu"
        },
        {
          "si": 18,
          "sti": 6,
          "dti": 369,
          "sco": 33,
          "dco": 2071,
          "txt": "verunsichern"
        },
        {
          "si": 18,
          "sti": 7,
          "dti": 370,
          "sco": 45,
          "dco": 2083,
          "txt": ","
        },
        {
          "si": 18,
          "sti": 8,
          "dti": 371,
          "sco": 47,
          "dco": 2085,
          "txt": "doch"
        },
        {
          "si": 18,
          "sti": 9,
          "dti": 372,
          "sco": 52,
          "dco": 2090,
          "txt": "die"
        },
        {
          "si": 18,
          "sti": 10,
          "dti": 373,
          "sco": 56,
          "dco": 2094,
          "txt": "Einwechslungen"
        },
        {
          "si": 18,
          "sti": 11,
          "dti": 374,
          "sco": 71,
          "dco": 2109,
          "txt": "der"
        },
        {
          "si": 18,
          "sti": 12,
          "dti": 375,
          "sco": 75,
          "dco": 2113,
          "txt": "Offensivspieler"
        },
        {
          "si": 18,
          "sti": 13,
          "dti": 376,
          "sco": 91,
          "dco": 2129,
          "txt": "Fabin"
        },
        {
          "si": 18,
          "sti": 14,
          "dti": 377,
          "sco": 97,
          "dco": 2135,
          "txt": "Estoyanoff"
        },
        {
          "si": 18,
          "sti": 15,
          "dti": 378,
          "sco": 108,
          "dco": 2146,
          "txt": "und"
        },
        {
          "si": 18,
          "sti": 16,
          "dti": 379,
          "sco": 112,
          "dco": 2150,
          "txt": "Vicente"
        },
        {
          "si": 18,
          "sti": 17,
          "dti": 380,
          "sco": 120,
          "dco": 2158,
          "txt": "Snchez"
        },
        {
          "si": 18,
          "sti": 18,
          "dti": 381,
          "sco": 127,
          "dco": 2165,
          "txt": "brachte"
        },
        {
          "si": 18,
          "sti": 19,
          "dti": 382,
          "sco": 135,
          "dco": 2173,
          "txt": "erneut"
        },
        {
          "si": 18,
          "sti": 20,
          "dti": 383,
          "sco": 142,
          "dco": 2180,
          "txt": "einen"
        },
        {
          "si": 18,
          "sti": 21,
          "dti": 384,
          "sco": 148,
          "dco": 2186,
          "txt": "Umschwung"
        },
        {
          "si": 18,
          "sti": 22,
          "dti": 385,
          "sco": 157,
          "dco": 2195,
          "txt": ","
        },
        {
          "si": 18,
          "sti": 23,
          "dti": 386,
          "sco": 159,
          "dco": 2197,
          "txt": "und"
        },
        {
          "si": 18,
          "sti": 24,
          "dti": 387,
          "sco": 163,
          "dco": 2201,
          "txt": "dann"
        },
        {
          "si": 18,
          "sti": 25,
          "dti": 388,
          "sco": 168,
          "dco": 2206,
          "txt": "sorgte"
        },
        {
          "si": 18,
          "sti": 26,
          "dti": 389,
          "sco": 175,
          "dco": 2213,
          "txt": "der"
        },
        {
          "si": 18,
          "sti": 27,
          "dti": 390,
          "sco": 179,
          "dco": 2217,
          "txt": "dritte"
        },
        {
          "si": 18,
          "sti": 28,
          "dti": 391,
          "sco": 186,
          "dco": 2224,
          "txt": "Treffer"
        },
        {
          "si": 18,
          "sti": 29,
          "dti": 392,
          "sco": 194,
          "dco": 2232,
          "txt": "durch"
        },
        {
          "si": 18,
          "sti": 30,
          "dti": 393,
          "sco": 200,
          "dco": 2238,
          "txt": "Zalayeta"
        },
        {
          "si": 18,
          "sti": 31,
          "dti": 394,
          "sco": 209,
          "dco": 2247,
          "txt": "fuer"
        },
        {
          "si": 18,
          "sti": 32,
          "dti": 395,
          "sco": 214,
          "dco": 2252,
          "txt": "Riesenjubel"
        },
        {
          "si": 18,
          "sti": 33,
          "dti": 396,
          "sco": 226,
          "dco": 2264,
          "txt": "unter"
        },
        {
          "si": 18,
          "sti": 34,
          "dti": 397,
          "sco": 232,
          "dco": 2270,
          "txt": "den"
        },
        {
          "si": 18,
          "sti": 35,
          "dti": 398,
          "sco": 236,
          "dco": 2274,
          "txt": "heimischen"
        },
        {
          "si": 18,
          "sti": 36,
          "dti": 399,
          "sco": 247,
          "dco": 2285,
          "txt": "Fans"
        },
        {
          "si": 18,
          "sti": 37,
          "dti": 400,
          "sco": 251,
          "dco": 2289,
          "txt": "."
        },
        {
          "si": 19,
          "sti": 0,
          "dti": 401,
          "sco": 0,
          "dco": 2291,
          "txt": "In"
        },
        {
          "si": 19,
          "sti": 1,
          "dti": 402,
          "sco": 3,
          "dco": 2294,
          "txt": "den"
        },
        {
          "si": 19,
          "sti": 2,
          "dti": 403,
          "sco": 7,
          "dco": 2298,
          "txt": "letzten"
        },
        {
          "si": 19,
          "sti": 3,
          "dti": 404,
          "sco": 15,
          "dco": 2306,
          "txt": "Minuten"
        },
        {
          "si": 19,
          "sti": 4,
          "dti": 405,
          "sco": 23,
          "dco": 2314,
          "txt": "wurde"
        },
        {
          "si": 19,
          "sti": 5,
          "dti": 406,
          "sco": 29,
          "dco": 2320,
          "txt": "es"
        },
        {
          "si": 19,
          "sti": 6,
          "dti": 407,
          "sco": 32,
          "dco": 2323,
          "txt": "noch"
        },
        {
          "si": 19,
          "sti": 7,
          "dti": 408,
          "sco": 37,
          "dco": 2328,
          "txt": "einmal"
        },
        {
          "si": 19,
          "sti": 8,
          "dti": 409,
          "sco": 44,
          "dco": 2335,
          "txt": "eine"
        },
        {
          "si": 19,
          "sti": 9,
          "dti": 410,
          "sco": 49,
          "dco": 2340,
          "txt": "sehr"
        },
        {
          "si": 19,
          "sti": 10,
          "dti": 411,
          "sco": 54,
          "dco": 2345,
          "txt": "hektische"
        },
        {
          "si": 19,
          "sti": 11,
          "dti": 412,
          "sco": 64,
          "dco": 2355,
          "txt": "Partie"
        },
        {
          "si": 19,
          "sti": 12,
          "dti": 413,
          "sco": 70,
          "dco": 2361,
          "txt": ","
        },
        {
          "si": 19,
          "sti": 13,
          "dti": 414,
          "sco": 72,
          "dco": 2363,
          "txt": "als"
        },
        {
          "si": 19,
          "sti": 14,
          "dti": 415,
          "sco": 76,
          "dco": 2367,
          "txt": "der"
        },
        {
          "si": 19,
          "sti": 15,
          "dti": 416,
          "sco": 80,
          "dco": 2371,
          "txt": "argentinische"
        },
        {
          "si": 19,
          "sti": 16,
          "dti": 417,
          "sco": 94,
          "dco": 2385,
          "txt": "Schiedsrichter"
        },
        {
          "si": 19,
          "sti": 17,
          "dti": 418,
          "sco": 109,
          "dco": 2400,
          "txt": "Horacio"
        },
        {
          "si": 19,
          "sti": 18,
          "dti": 419,
          "sco": 117,
          "dco": 2408,
          "txt": "Elizondo"
        },
        {
          "si": 19,
          "sti": 19,
          "dti": 420,
          "sco": 126,
          "dco": 2417,
          "txt": "den"
        },
        {
          "si": 19,
          "sti": 20,
          "dti": 421,
          "sco": 130,
          "dco": 2421,
          "txt": "Uruguayer"
        },
        {
          "si": 19,
          "sti": 21,
          "dti": 422,
          "sco": 140,
          "dco": 2431,
          "txt": "Marcelo"
        },
        {
          "si": 19,
          "sti": 22,
          "dti": 423,
          "sco": 148,
          "dco": 2439,
          "txt": "Sosa"
        },
        {
          "si": 19,
          "sti": 23,
          "dti": 424,
          "sco": 153,
          "dco": 2444,
          "txt": "wegen"
        },
        {
          "si": 19,
          "sti": 24,
          "dti": 425,
          "sco": 159,
          "dco": 2450,
          "txt": "einem"
        },
        {
          "si": 19,
          "sti": 25,
          "dti": 426,
          "sco": 165,
          "dco": 2456,
          "txt": "vorsaetzlichen"
        },
        {
          "si": 19,
          "sti": 26,
          "dti": 427,
          "sco": 180,
          "dco": 2471,
          "txt": "Foul"
        },
        {
          "si": 19,
          "sti": 27,
          "dti": 428,
          "sco": 185,
          "dco": 2476,
          "txt": "gegen"
        },
        {
          "si": 19,
          "sti": 28,
          "dti": 429,
          "sco": 191,
          "dco": 2482,
          "txt": "Tressor"
        },
        {
          "si": 19,
          "sti": 29,
          "dti": 430,
          "sco": 199,
          "dco": 2490,
          "txt": "Moreno"
        },
        {
          "si": 19,
          "sti": 30,
          "dti": 431,
          "sco": 206,
          "dco": 2497,
          "txt": "vom"
        },
        {
          "si": 19,
          "sti": 31,
          "dti": 432,
          "sco": 210,
          "dco": 2501,
          "txt": "Platz"
        },
        {
          "si": 19,
          "sti": 32,
          "dti": 433,
          "sco": 216,
          "dco": 2507,
          "txt": "stellte"
        },
        {
          "si": 19,
          "sti": 33,
          "dti": 434,
          "sco": 224,
          "dco": 2515,
          "txt": "("
        },
        {
          "si": 19,
          "sti": 34,
          "dti": 435,
          "sco": 225,
          "dco": 2516,
          "txt": "88"
        },
        {
          "si": 19,
          "sti": 35,
          "dti": 436,
          "sco": 227,
          "dco": 2518,
          "txt": "."
        },
        {
          "si": 19,
          "sti": 36,
          "dti": 437,
          "sco": 228,
          "dco": 2519,
          "txt": ")"
        },
        {
          "si": 19,
          "sti": 37,
          "dti": 438,
          "sco": 229,
          "dco": 2520,
          "txt": "."
        },
        {
          "si": 20,
          "sti": 0,
          "dti": 439,
          "sco": 0,
          "dco": 2522,
          "txt": "Gegen"
        },
        {
          "si": 20,
          "sti": 1,
          "dti": 440,
          "sco": 6,
          "dco": 2528,
          "txt": "Ende"
        },
        {
          "si": 20,
          "sti": 2,
          "dti": 441,
          "sco": 11,
          "dco": 2533,
          "txt": "setzte"
        },
        {
          "si": 20,
          "sti": 3,
          "dti": 442,
          "sco": 18,
          "dco": 2540,
          "txt": "der"
        },
        {
          "si": 20,
          "sti": 4,
          "dti": 443,
          "sco": 22,
          "dco": 2544,
          "txt": "Trainer"
        },
        {
          "si": 20,
          "sti": 5,
          "dti": 444,
          "sco": 30,
          "dco": 2552,
          "txt": "der"
        },
        {
          "si": 20,
          "sti": 6,
          "dti": 445,
          "sco": 34,
          "dco": 2556,
          "txt": "Gaeste"
        },
        {
          "si": 20,
          "sti": 7,
          "dti": 446,
          "sco": 41,
          "dco": 2563,
          "txt": "noch"
        },
        {
          "si": 20,
          "sti": 8,
          "dti": 447,
          "sco": 46,
          "dco": 2568,
          "txt": "einmal"
        },
        {
          "si": 20,
          "sti": 9,
          "dti": 448,
          "sco": 53,
          "dco": 2575,
          "txt": "alles"
        },
        {
          "si": 20,
          "sti": 10,
          "dti": 449,
          "sco": 59,
          "dco": 2581,
          "txt": "auf"
        },
        {
          "si": 20,
          "sti": 11,
          "dti": 450,
          "sco": 63,
          "dco": 2585,
          "txt": "eine"
        },
        {
          "si": 20,
          "sti": 12,
          "dti": 451,
          "sco": 68,
          "dco": 2590,
          "txt": "Karte"
        },
        {
          "si": 20,
          "sti": 13,
          "dti": 452,
          "sco": 73,
          "dco": 2595,
          "txt": ","
        },
        {
          "si": 20,
          "sti": 14,
          "dti": 453,
          "sco": 75,
          "dco": 2597,
          "txt": "als"
        },
        {
          "si": 20,
          "sti": 15,
          "dti": 454,
          "sco": 79,
          "dco": 2601,
          "txt": "er"
        },
        {
          "si": 20,
          "sti": 16,
          "dti": 455,
          "sco": 82,
          "dco": 2604,
          "txt": "Martn"
        },
        {
          "si": 20,
          "sti": 17,
          "dti": 456,
          "sco": 88,
          "dco": 2610,
          "txt": "Arzuaga"
        },
        {
          "si": 20,
          "sti": 18,
          "dti": 457,
          "sco": 96,
          "dco": 2618,
          "txt": "("
        },
        {
          "si": 20,
          "sti": 19,
          "dti": 458,
          "sco": 97,
          "dco": 2619,
          "txt": "83"
        },
        {
          "si": 20,
          "sti": 20,
          "dti": 459,
          "sco": 99,
          "dco": 2621,
          "txt": "."
        },
        {
          "si": 20,
          "sti": 21,
          "dti": 460,
          "sco": 100,
          "dco": 2622,
          "txt": ")"
        },
        {
          "si": 20,
          "sti": 22,
          "dti": 461,
          "sco": 102,
          "dco": 2624,
          "txt": "und"
        },
        {
          "si": 20,
          "sti": 23,
          "dti": 462,
          "sco": 106,
          "dco": 2628,
          "txt": "Frankie"
        },
        {
          "si": 20,
          "sti": 24,
          "dti": 463,
          "sco": 114,
          "dco": 2636,
          "txt": "Oviedo"
        },
        {
          "si": 20,
          "sti": 25,
          "dti": 464,
          "sco": 121,
          "dco": 2643,
          "txt": "("
        },
        {
          "si": 20,
          "sti": 26,
          "dti": 465,
          "sco": 122,
          "dco": 2644,
          "txt": "90"
        },
        {
          "si": 20,
          "sti": 27,
          "dti": 466,
          "sco": 124,
          "dco": 2646,
          "txt": "."
        },
        {
          "si": 20,
          "sti": 28,
          "dti": 467,
          "sco": 125,
          "dco": 2647,
          "txt": ")"
        },
        {
          "si": 20,
          "sti": 29,
          "dti": 468,
          "sco": 127,
          "dco": 2649,
          "txt": "einwechselte"
        },
        {
          "si": 20,
          "sti": 30,
          "dti": 469,
          "sco": 139,
          "dco": 2661,
          "txt": "."
        },
        {
          "si": 21,
          "sti": 0,
          "dti": 470,
          "sco": 0,
          "dco": 2663,
          "txt": "Der"
        },
        {
          "si": 21,
          "sti": 1,
          "dti": 471,
          "sco": 4,
          "dco": 2667,
          "txt": "erneute"
        },
        {
          "si": 21,
          "sti": 2,
          "dti": 472,
          "sco": 12,
          "dco": 2675,
          "txt": "Ausgleich"
        },
        {
          "si": 21,
          "sti": 3,
          "dti": 473,
          "sco": 22,
          "dco": 2685,
          "txt": "sollte"
        },
        {
          "si": 21,
          "sti": 4,
          "dti": 474,
          "sco": 29,
          "dco": 2692,
          "txt": "jedoch"
        },
        {
          "si": 21,
          "sti": 5,
          "dti": 475,
          "sco": 36,
          "dco": 2699,
          "txt": "nicht"
        },
        {
          "si": 21,
          "sti": 6,
          "dti": 476,
          "sco": 42,
          "dco": 2705,
          "txt": "mehr"
        },
        {
          "si": 21,
          "sti": 7,
          "dti": 477,
          "sco": 47,
          "dco": 2710,
          "txt": "gelingen"
        },
        {
          "si": 21,
          "sti": 8,
          "dti": 478,
          "sco": 55,
          "dco": 2718,
          "txt": "."
        },
        {
          "si": 22,
          "sti": 0,
          "dti": 479,
          "sco": 0,
          "dco": 2720,
          "txt": "Die"
        },
        {
          "si": 22,
          "sti": 1,
          "dti": 480,
          "sco": 4,
          "dco": 2724,
          "txt": "Spieler"
        },
        {
          "si": 22,
          "sti": 2,
          "dti": 481,
          "sco": 12,
          "dco": 2732,
          "txt": "von"
        },
        {
          "si": 22,
          "sti": 3,
          "dti": 482,
          "sco": 16,
          "dco": 2736,
          "txt": "Fossati"
        },
        {
          "si": 22,
          "sti": 4,
          "dti": 483,
          "sco": 24,
          "dco": 2744,
          "txt": "sicherten"
        },
        {
          "si": 22,
          "sti": 5,
          "dti": 484,
          "sco": 34,
          "dco": 2754,
          "txt": "den"
        },
        {
          "si": 22,
          "sti": 6,
          "dti": 485,
          "sco": 38,
          "dco": 2758,
          "txt": "Vorsprung"
        },
        {
          "si": 22,
          "sti": 7,
          "dti": 486,
          "sco": 48,
          "dco": 2768,
          "txt": "und"
        },
        {
          "si": 22,
          "sti": 8,
          "dti": 487,
          "sco": 52,
          "dco": 2772,
          "txt": "hatten"
        },
        {
          "si": 22,
          "sti": 9,
          "dti": 488,
          "sco": 59,
          "dco": 2779,
          "txt": "ihrerseits"
        },
        {
          "si": 22,
          "sti": 10,
          "dti": 489,
          "sco": 70,
          "dco": 2790,
          "txt": "noch"
        },
        {
          "si": 22,
          "sti": 11,
          "dti": 490,
          "sco": 75,
          "dco": 2795,
          "txt": "eine"
        },
        {
          "si": 22,
          "sti": 12,
          "dti": 491,
          "sco": 80,
          "dco": 2800,
          "txt": "Torchance"
        },
        {
          "si": 22,
          "sti": 13,
          "dti": 492,
          "sco": 89,
          "dco": 2809,
          "txt": ","
        },
        {
          "si": 22,
          "sti": 14,
          "dti": 493,
          "sco": 91,
          "dco": 2811,
          "txt": "die"
        },
        {
          "si": 22,
          "sti": 15,
          "dti": 494,
          "sco": 95,
          "dco": 2815,
          "txt": "jedoch"
        },
        {
          "si": 22,
          "sti": 16,
          "dti": 495,
          "sco": 102,
          "dco": 2822,
          "txt": "von"
        },
        {
          "si": 22,
          "sti": 17,
          "dti": 496,
          "sco": 106,
          "dco": 2826,
          "txt": "Diego"
        },
        {
          "si": 22,
          "sti": 18,
          "dti": 497,
          "sco": 112,
          "dco": 2832,
          "txt": "Forln"
        },
        {
          "si": 22,
          "sti": 19,
          "dti": 498,
          "sco": 118,
          "dco": 2838,
          "txt": "vergeben"
        },
        {
          "si": 22,
          "sti": 20,
          "dti": 499,
          "sco": 127,
          "dco": 2847,
          "txt": "wurde"
        },
        {
          "si": 22,
          "sti": 21,
          "dti": 500,
          "sco": 132,
          "dco": 2852,
          "txt": "."
        },
        {
          "si": 23,
          "sti": 0,
          "dti": 501,
          "sco": 0,
          "dco": 2854,
          "txt": "Fuer"
        },
        {
          "si": 23,
          "sti": 1,
          "dti": 502,
          "sco": 5,
          "dco": 2859,
          "txt": "Uruguay"
        },
        {
          "si": 23,
          "sti": 2,
          "dti": 503,
          "sco": 13,
          "dco": 2867,
          "txt": "war"
        },
        {
          "si": 23,
          "sti": 3,
          "dti": 504,
          "sco": 17,
          "dco": 2871,
          "txt": "es"
        },
        {
          "si": 23,
          "sti": 4,
          "dti": 505,
          "sco": 20,
          "dco": 2874,
          "txt": "ein"
        },
        {
          "si": 23,
          "sti": 5,
          "dti": 506,
          "sco": 24,
          "dco": 2878,
          "txt": "ganz"
        },
        {
          "si": 23,
          "sti": 6,
          "dti": 507,
          "sco": 29,
          "dco": 2883,
          "txt": "wichtiger"
        },
        {
          "si": 23,
          "sti": 7,
          "dti": 508,
          "sco": 39,
          "dco": 2893,
          "txt": "Sieg"
        },
        {
          "si": 23,
          "sti": 8,
          "dti": 509,
          "sco": 43,
          "dco": 2897,
          "txt": ","
        },
        {
          "si": 23,
          "sti": 9,
          "dti": 510,
          "sco": 45,
          "dco": 2899,
          "txt": "mit"
        },
        {
          "si": 23,
          "sti": 10,
          "dti": 511,
          "sco": 49,
          "dco": 2903,
          "txt": "dem"
        },
        {
          "si": 23,
          "sti": 11,
          "dti": 512,
          "sco": 53,
          "dco": 2907,
          "txt": "man"
        },
        {
          "si": 23,
          "sti": 12,
          "dti": 513,
          "sco": 57,
          "dco": 2911,
          "txt": "nun"
        },
        {
          "si": 23,
          "sti": 13,
          "dti": 514,
          "sco": 61,
          "dco": 2915,
          "txt": "den"
        },
        {
          "si": 23,
          "sti": 14,
          "dti": 515,
          "sco": 65,
          "dco": 2919,
          "txt": "fuenften"
        },
        {
          "si": 23,
          "sti": 15,
          "dti": 516,
          "sco": 74,
          "dco": 2928,
          "txt": "Platz"
        },
        {
          "si": 23,
          "sti": 16,
          "dti": 517,
          "sco": 80,
          "dco": 2934,
          "txt": "wieder"
        },
        {
          "si": 23,
          "sti": 17,
          "dti": 518,
          "sco": 87,
          "dco": 2941,
          "txt": "von"
        },
        {
          "si": 23,
          "sti": 18,
          "dti": 519,
          "sco": 91,
          "dco": 2945,
          "txt": "Kolumbien"
        },
        {
          "si": 23,
          "sti": 19,
          "dti": 520,
          "sco": 101,
          "dco": 2955,
          "txt": "zurueckerobert"
        },
        {
          "si": 23,
          "sti": 20,
          "dti": 521,
          "sco": 116,
          "dco": 2970,
          "txt": "hat"
        },
        {
          "si": 23,
          "sti": 21,
          "dti": 522,
          "sco": 119,
          "dco": 2973,
          "txt": "."
        },
        {
          "si": 24,
          "sti": 0,
          "dti": 523,
          "sco": 0,
          "dco": 2975,
          "txt": "Auf"
        },
        {
          "si": 24,
          "sti": 1,
          "dti": 524,
          "sco": 4,
          "dco": 2979,
          "txt": "dem"
        },
        {
          "si": 24,
          "sti": 2,
          "dti": 525,
          "sco": 8,
          "dco": 2983,
          "txt": "schwierigen"
        },
        {
          "si": 24,
          "sti": 3,
          "dti": 526,
          "sco": 20,
          "dco": 2995,
          "txt": "Weg"
        },
        {
          "si": 24,
          "sti": 4,
          "dti": 527,
          "sco": 24,
          "dco": 2999,
          "txt": "zur"
        },
        {
          "si": 24,
          "sti": 5,
          "dti": 528,
          "sco": 28,
          "dco": 3003,
          "txt": "Weltmeisterschaft"
        },
        {
          "si": 24,
          "sti": 6,
          "dti": 529,
          "sco": 46,
          "dco": 3021,
          "txt": "in"
        },
        {
          "si": 24,
          "sti": 7,
          "dti": 530,
          "sco": 49,
          "dco": 3024,
          "txt": "Deutschland"
        },
        {
          "si": 24,
          "sti": 8,
          "dti": 531,
          "sco": 61,
          "dco": 3036,
          "txt": "muessen"
        },
        {
          "si": 24,
          "sti": 9,
          "dti": 532,
          "sco": 69,
          "dco": 3044,
          "txt": "die"
        },
        {
          "si": 24,
          "sti": 10,
          "dti": 533,
          "sco": 73,
          "dco": 3048,
          "txt": "Urus"
        },
        {
          "si": 24,
          "sti": 11,
          "dti": 534,
          "sco": 78,
          "dco": 3053,
          "txt": "noch"
        },
        {
          "si": 24,
          "sti": 12,
          "dti": 535,
          "sco": 83,
          "dco": 3058,
          "txt": "in"
        },
        {
          "si": 24,
          "sti": 13,
          "dti": 536,
          "sco": 86,
          "dco": 3061,
          "txt": "Quito"
        },
        {
          "si": 24,
          "sti": 14,
          "dti": 537,
          "sco": 92,
          "dco": 3067,
          "txt": "gegen"
        },
        {
          "si": 24,
          "sti": 15,
          "dti": 538,
          "sco": 98,
          "dco": 3073,
          "txt": "Ecuador"
        },
        {
          "si": 24,
          "sti": 16,
          "dti": 539,
          "sco": 106,
          "dco": 3081,
          "txt": "und"
        },
        {
          "si": 24,
          "sti": 17,
          "dti": 540,
          "sco": 110,
          "dco": 3085,
          "txt": "anschiessend"
        },
        {
          "si": 24,
          "sti": 18,
          "dti": 541,
          "sco": 123,
          "dco": 3098,
          "txt": "zu"
        },
        {
          "si": 24,
          "sti": 19,
          "dti": 542,
          "sco": 126,
          "dco": 3101,
          "txt": "Hause"
        },
        {
          "si": 24,
          "sti": 20,
          "dti": 543,
          "sco": 132,
          "dco": 3107,
          "txt": "gegen"
        },
        {
          "si": 24,
          "sti": 21,
          "dti": 544,
          "sco": 138,
          "dco": 3113,
          "txt": "Argentinien"
        },
        {
          "si": 24,
          "sti": 22,
          "dti": 545,
          "sco": 150,
          "dco": 3125,
          "txt": "antreten"
        },
        {
          "si": 24,
          "sti": 23,
          "dti": 546,
          "sco": 158,
          "dco": 3133,
          "txt": ","
        },
        {
          "si": 24,
          "sti": 24,
          "dti": 547,
          "sco": 160,
          "dco": 3135,
          "txt": "waehrend"
        },
        {
          "si": 24,
          "sti": 25,
          "dti": 548,
          "sco": 169,
          "dco": 3144,
          "txt": "Kolumbien"
        },
        {
          "si": 24,
          "sti": 26,
          "dti": 549,
          "sco": 179,
          "dco": 3154,
          "txt": "auf"
        },
        {
          "si": 24,
          "sti": 27,
          "dti": 550,
          "sco": 183,
          "dco": 3158,
          "txt": "Chile"
        },
        {
          "si": 24,
          "sti": 28,
          "dti": 551,
          "sco": 189,
          "dco": 3164,
          "txt": "trifft"
        },
        {
          "si": 24,
          "sti": 29,
          "dti": 552,
          "sco": 196,
          "dco": 3171,
          "txt": "und"
        },
        {
          "si": 24,
          "sti": 30,
          "dti": 553,
          "sco": 200,
          "dco": 3175,
          "txt": "dann"
        },
        {
          "si": 24,
          "sti": 31,
          "dti": 554,
          "sco": 205,
          "dco": 3180,
          "txt": "am"
        },
        {
          "si": 24,
          "sti": 32,
          "dti": 555,
          "sco": 208,
          "dco": 3183,
          "txt": "letzten"
        },
        {
          "si": 24,
          "sti": 33,
          "dti": 556,
          "sco": 216,
          "dco": 3191,
          "txt": "Spieltag"
        },
        {
          "si": 24,
          "sti": 34,
          "dti": 557,
          "sco": 225,
          "dco": 3200,
          "txt": "nach"
        },
        {
          "si": 24,
          "sti": 35,
          "dti": 558,
          "sco": 230,
          "dco": 3205,
          "txt": "Paraguay"
        },
        {
          "si": 24,
          "sti": 36,
          "dti": 559,
          "sco": 239,
          "dco": 3214,
          "txt": "reist"
        },
        {
          "si": 24,
          "sti": 37,
          "dti": 560,
          "sco": 244,
          "dco": 3219,
          "txt": "."
        }
      ]
    },
    "ganns": {
      "dla": [],
      "la": [],
      "ea": [],
      "eta": [
        {
          "ra": {
            "ea": {
              "etn": "Goal"
            }
          },
          "sfs": [
            [
              {
                "stn": "scoreTeamB"
              },
              {
                "ea": {
                  "etn": "0"
                }
              }
            ],
            [
              {
                "stn": "forTeam"
              },
              {
                "ea": {
                  "etn": "Uruguay"
                }
              }
            ],
            [
              {
                "stn": "scoreTeamA"
              },
              {
                "ea": {
                  "etn": "1"
                }
              }
            ],
            [
              {
                "stn": "minute"
              },
              {
                "ea": {
                  "etn": "42"
                }
              }
            ],
            [
              {
                "stn": "scorer"
              },
              {
                "ea": {
                  "etn": "Zalayeta Marcelo"
                }
              }
            ]
          ],
          "mfs": {}
        },
        {
          "ra": {
            "ea": {
              "etn": "Goal"
            }
          },
          "sfs": [
            [
              {
                "stn": "scoreTeamB"
              },
              {
                "ea": {
                  "etn": "0"
                }
              }
            ],
            [
              {
                "stn": "forTeam"
              },
              {
                "ea": {
                  "etn": "Uruguay"
                }
              }
            ],
            [
              {
                "stn": "scoreTeamA"
              },
              {
                "ea": {
                  "etn": "2"
                }
              }
            ],
            [
              {
                "stn": "minute"
              },
              {
                "ea": {
                  "etn": "51"
                }
              }
            ],
            [
              {
                "stn": "scorer"
              },
              {
                "ea": {
                  "etn": "Zalayeta Marcelo"
                }
              }
            ]
          ],
          "mfs": {}
        },
        {
          "ra": {
            "ea": {
              "etn": "Goal"
            }
          },
          "sfs": [
            [
              {
                "stn": "scoreTeamB"
              },
              {
                "ea": {
                  "etn": "1"
                }
              }
            ],
            [
              {
                "stn": "forTeam"
              },
              {
                "ea": {
                  "etn": "Kolumbien"
                }
              }
            ],
            [
              {
                "stn": "scoreTeamA"
              },
              {
                "ea": {
                  "etn": "2"
                }
              }
            ],
            [
              {
                "stn": "minute"
              },
              {
                "ea": {
                  "etn": "79"
                }
              }
            ],
            [
              {
                "stn": "scorer"
              },
              {
                "ea": {
                  "etn": "Soto Elkin"
                }
              }
            ]
          ],
          "mfs": {}
        },
        {
          "ra": {
            "ea": {
              "etn": "Goal"
            }
          },
          "sfs": [
            [
              {
                "stn": "scoreTeamB"
              },
              {
                "ea": {
                  "etn": "2"
                }
              }
            ],
            [
              {
                "stn": "forTeam"
              },
              {
                "ea": {
                  "etn": "Kolumbien"
                }
              }
            ],
            [
              {
                "stn": "scoreTeamA"
              },
              {
                "ea": {
                  "etn": "2"
                }
              }
            ],
            [
              {
                "stn": "minute"
              },
              {
                "ea": {
                  "etn": "82"
                }
              }
            ],
            [
              {
                "stn": "scorer"
              },
              {
                "ea": {
                  "etn": "Angel Juan Pablo"
                }
              }
            ]
          ],
          "mfs": {}
        },
        {
          "ra": {
            "ea": {
              "etn": "Goal"
            }
          },
          "sfs": [
            [
              {
                "stn": "scoreTeamB"
              },
              {
                "ea": {
                  "etn": "2"
                }
              }
            ],
            [
              {
                "stn": "forTeam"
              },
              {
                "ea": {
                  "etn": "Uruguay"
                }
              }
            ],
            [
              {
                "stn": "scoreTeamA"
              },
              {
                "ea": {
                  "etn": "3"
                }
              }
            ],
            [
              {
                "stn": "minute"
              },
              {
                "ea": {
                  "etn": "86"
                }
              }
            ],
            [
              {
                "stn": "scorer"
              },
              {
                "ea": {
                  "etn": "Zalayeta Marcelo"
                }
              }
            ]
          ],
          "mfs": {}
        }
      ]
    }
  }
]
