[
  {
    "context": "UNSPECIFIED",
    "doc": {
      "id": "de_mr35949_struct",
      "tl": [
        {
          "si": 0,
          "sti": 0,
          "dti": 0,
          "sco": 0,
          "dco": 0,
          "txt": "Kanada"
        },
        {
          "si": 0,
          "sti": 1,
          "dti": 1,
          "sco": 6,
          "dco": 6,
          "txt": ":"
        },
        {
          "si": 0,
          "sti": 2,
          "dti": 2,
          "sco": 8,
          "dco": 8,
          "txt": "Heisse"
        },
        {
          "si": 0,
          "sti": 3,
          "dti": 3,
          "sco": 15,
          "dco": 15,
          "txt": "Stuermer"
        },
        {
          "si": 0,
          "sti": 4,
          "dti": 4,
          "sco": 24,
          "dco": 24,
          "txt": "aus"
        },
        {
          "si": 0,
          "sti": 5,
          "dti": 5,
          "sco": 28,
          "dco": 28,
          "txt": "dem"
        },
        {
          "si": 0,
          "sti": 6,
          "dti": 6,
          "sco": 32,
          "dco": 32,
          "txt": "kalten"
        },
        {
          "si": 0,
          "sti": 7,
          "dti": 7,
          "sco": 39,
          "dco": 39,
          "txt": "Norden"
        },
        {
          "si": 0,
          "sti": 8,
          "dti": 8,
          "sco": 45,
          "dco": 45,
          "txt": "."
        },
        {
          "si": 1,
          "sti": 0,
          "dti": 9,
          "sco": 0,
          "dco": 47,
          "txt": "Auch"
        },
        {
          "si": 1,
          "sti": 1,
          "dti": 10,
          "sco": 5,
          "dco": 52,
          "txt": "wenn"
        },
        {
          "si": 1,
          "sti": 2,
          "dti": 11,
          "sco": 10,
          "dco": 57,
          "txt": "Kanada"
        },
        {
          "si": 1,
          "sti": 3,
          "dti": 12,
          "sco": 17,
          "dco": 64,
          "txt": "eher"
        },
        {
          "si": 1,
          "sti": 4,
          "dti": 13,
          "sco": 22,
          "dco": 69,
          "txt": "fuer"
        },
        {
          "si": 1,
          "sti": 5,
          "dti": 14,
          "sco": 27,
          "dco": 74,
          "txt": "Eishockey"
        },
        {
          "si": 1,
          "sti": 6,
          "dti": 15,
          "sco": 37,
          "dco": 84,
          "txt": "und"
        },
        {
          "si": 1,
          "sti": 7,
          "dti": 16,
          "sco": 41,
          "dco": 88,
          "txt": "Kaeltegrade"
        },
        {
          "si": 1,
          "sti": 8,
          "dti": 17,
          "sco": 53,
          "dco": 100,
          "txt": "bekannt"
        },
        {
          "si": 1,
          "sti": 9,
          "dti": 18,
          "sco": 61,
          "dco": 108,
          "txt": "ist"
        },
        {
          "si": 1,
          "sti": 10,
          "dti": 19,
          "sco": 64,
          "dco": 111,
          "txt": ","
        },
        {
          "si": 1,
          "sti": 11,
          "dti": 20,
          "sco": 66,
          "dco": 113,
          "txt": "scheint"
        },
        {
          "si": 1,
          "sti": 12,
          "dti": 21,
          "sco": 74,
          "dco": 121,
          "txt": "sich"
        },
        {
          "si": 1,
          "sti": 13,
          "dti": 22,
          "sco": 79,
          "dco": 126,
          "txt": "die"
        },
        {
          "si": 1,
          "sti": 14,
          "dti": 23,
          "sco": 83,
          "dco": 130,
          "txt": "kanadische"
        },
        {
          "si": 1,
          "sti": 15,
          "dti": 24,
          "sco": 94,
          "dco": 141,
          "txt": "Fussballnationalmannschaft"
        },
        {
          "si": 1,
          "sti": 16,
          "dti": 25,
          "sco": 121,
          "dco": 168,
          "txt": "dank"
        },
        {
          "si": 1,
          "sti": 17,
          "dti": 26,
          "sco": 126,
          "dco": 173,
          "txt": "ihrer"
        },
        {
          "si": 1,
          "sti": 18,
          "dti": 27,
          "sco": 132,
          "dco": 179,
          "txt": "torhungrigen"
        },
        {
          "si": 1,
          "sti": 19,
          "dti": 28,
          "sco": 145,
          "dco": 192,
          "txt": "Angreifer"
        },
        {
          "si": 1,
          "sti": 20,
          "dti": 29,
          "sco": 155,
          "dco": 202,
          "txt": "zu"
        },
        {
          "si": 1,
          "sti": 21,
          "dti": 30,
          "sco": 158,
          "dco": 205,
          "txt": "einem"
        },
        {
          "si": 1,
          "sti": 22,
          "dti": 31,
          "sco": 164,
          "dco": 211,
          "txt": "heissen"
        },
        {
          "si": 1,
          "sti": 23,
          "dti": 32,
          "sco": 172,
          "dco": 219,
          "txt": "Geheimtipp"
        },
        {
          "si": 1,
          "sti": 24,
          "dti": 33,
          "sco": 183,
          "dco": 230,
          "txt": "zu"
        },
        {
          "si": 1,
          "sti": 25,
          "dti": 34,
          "sco": 186,
          "dco": 233,
          "txt": "entwickeln"
        },
        {
          "si": 1,
          "sti": 26,
          "dti": 35,
          "sco": 196,
          "dco": 243,
          "txt": "."
        },
        {
          "si": 2,
          "sti": 0,
          "dti": 36,
          "sco": 0,
          "dco": 245,
          "txt": "Die"
        },
        {
          "si": 2,
          "sti": 1,
          "dti": 37,
          "sco": 4,
          "dco": 249,
          "txt": "Leistungen"
        },
        {
          "si": 2,
          "sti": 2,
          "dti": 38,
          "sco": 15,
          "dco": 260,
          "txt": "von"
        },
        {
          "si": 2,
          "sti": 3,
          "dti": 39,
          "sco": 19,
          "dco": 264,
          "txt": "Paul"
        },
        {
          "si": 2,
          "sti": 4,
          "dti": 40,
          "sco": 24,
          "dco": 269,
          "txt": "Peschisolido"
        },
        {
          "si": 2,
          "sti": 5,
          "dti": 41,
          "sco": 36,
          "dco": 281,
          "txt": ","
        },
        {
          "si": 2,
          "sti": 6,
          "dti": 42,
          "sco": 38,
          "dco": 283,
          "txt": "Iain"
        },
        {
          "si": 2,
          "sti": 7,
          "dti": 43,
          "sco": 43,
          "dco": 288,
          "txt": "Hume"
        },
        {
          "si": 2,
          "sti": 8,
          "dti": 44,
          "sco": 47,
          "dco": 292,
          "txt": ","
        },
        {
          "si": 2,
          "sti": 9,
          "dti": 45,
          "sco": 49,
          "dco": 294,
          "txt": "Tomasz"
        },
        {
          "si": 2,
          "sti": 10,
          "dti": 46,
          "sco": 56,
          "dco": 301,
          "txt": "Radzinski"
        },
        {
          "si": 2,
          "sti": 11,
          "dti": 47,
          "sco": 65,
          "dco": 310,
          "txt": ","
        },
        {
          "si": 2,
          "sti": 12,
          "dti": 48,
          "sco": 67,
          "dco": 312,
          "txt": "Dwayne"
        },
        {
          "si": 2,
          "sti": 13,
          "dti": 49,
          "sco": 74,
          "dco": 319,
          "txt": "de"
        },
        {
          "si": 2,
          "sti": 14,
          "dti": 50,
          "sco": 77,
          "dco": 322,
          "txt": "Rosario"
        },
        {
          "si": 2,
          "sti": 15,
          "dti": 51,
          "sco": 85,
          "dco": 330,
          "txt": "und"
        },
        {
          "si": 2,
          "sti": 16,
          "dti": 52,
          "sco": 89,
          "dco": 334,
          "txt": "ihren"
        },
        {
          "si": 2,
          "sti": 17,
          "dti": 53,
          "sco": 95,
          "dco": 340,
          "txt": "Mitstreitern"
        },
        {
          "si": 2,
          "sti": 18,
          "dti": 54,
          "sco": 108,
          "dco": 353,
          "txt": "machen"
        },
        {
          "si": 2,
          "sti": 19,
          "dti": 55,
          "sco": 115,
          "dco": 360,
          "txt": "das"
        },
        {
          "si": 2,
          "sti": 20,
          "dti": 56,
          "sco": 119,
          "dco": 364,
          "txt": "Team"
        },
        {
          "si": 2,
          "sti": 21,
          "dti": 57,
          "sco": 124,
          "dco": 369,
          "txt": "von"
        },
        {
          "si": 2,
          "sti": 22,
          "dti": 58,
          "sco": 128,
          "dco": 373,
          "txt": "Trainer"
        },
        {
          "si": 2,
          "sti": 23,
          "dti": 59,
          "sco": 136,
          "dco": 381,
          "txt": "Frank"
        },
        {
          "si": 2,
          "sti": 24,
          "dti": 60,
          "sco": 142,
          "dco": 387,
          "txt": "Yallop"
        },
        {
          "si": 2,
          "sti": 25,
          "dti": 61,
          "sco": 149,
          "dco": 394,
          "txt": "zu"
        },
        {
          "si": 2,
          "sti": 26,
          "dti": 62,
          "sco": 152,
          "dco": 397,
          "txt": "einem"
        },
        {
          "si": 2,
          "sti": 27,
          "dti": 63,
          "sco": 158,
          "dco": 403,
          "txt": "der"
        },
        {
          "si": 2,
          "sti": 28,
          "dti": 64,
          "sco": 162,
          "dco": 407,
          "txt": "offensivsten"
        },
        {
          "si": 2,
          "sti": 29,
          "dti": 65,
          "sco": 175,
          "dco": 420,
          "txt": "und"
        },
        {
          "si": 2,
          "sti": 30,
          "dti": 66,
          "sco": 179,
          "dco": 424,
          "txt": "aufregendsten"
        },
        {
          "si": 2,
          "sti": 31,
          "dti": 67,
          "sco": 193,
          "dco": 438,
          "txt": "im"
        },
        {
          "si": 2,
          "sti": 32,
          "dti": 68,
          "sco": 196,
          "dco": 441,
          "txt": "nord"
        },
        {
          "si": 2,
          "sti": 33,
          "dti": 69,
          "sco": 200,
          "dco": 445,
          "txt": "-"
        },
        {
          "si": 2,
          "sti": 34,
          "dti": 70,
          "sco": 202,
          "dco": 447,
          "txt": "und"
        },
        {
          "si": 2,
          "sti": 35,
          "dti": 71,
          "sco": 206,
          "dco": 451,
          "txt": "mittelamerikanischen"
        },
        {
          "si": 2,
          "sti": 36,
          "dti": 72,
          "sco": 227,
          "dco": 472,
          "txt": "Verband"
        },
        {
          "si": 2,
          "sti": 37,
          "dti": 73,
          "sco": 235,
          "dco": 480,
          "txt": "CONCACAF"
        },
        {
          "si": 2,
          "sti": 38,
          "dti": 74,
          "sco": 243,
          "dco": 488,
          "txt": "."
        },
        {
          "si": 3,
          "sti": 0,
          "dti": 75,
          "sco": 0,
          "dco": 490,
          "txt": "Bei"
        },
        {
          "si": 3,
          "sti": 1,
          "dti": 76,
          "sco": 4,
          "dco": 494,
          "txt": "den"
        },
        {
          "si": 3,
          "sti": 2,
          "dti": 77,
          "sco": 8,
          "dco": 498,
          "txt": "beiden"
        },
        {
          "si": 3,
          "sti": 3,
          "dti": 78,
          "sco": 15,
          "dco": 505,
          "txt": "4"
        },
        {
          "si": 3,
          "sti": 4,
          "dti": 79,
          "sco": 16,
          "dco": 506,
          "txt": ":"
        },
        {
          "si": 3,
          "sti": 5,
          "dti": 80,
          "sco": 17,
          "dco": 507,
          "txt": "0"
        },
        {
          "si": 3,
          "sti": 6,
          "dti": 81,
          "sco": 18,
          "dco": 508,
          "txt": "-"
        },
        {
          "si": 3,
          "sti": 7,
          "dti": 82,
          "sco": 19,
          "dco": 509,
          "txt": "Siegen"
        },
        {
          "si": 3,
          "sti": 8,
          "dti": 83,
          "sco": 26,
          "dco": 516,
          "txt": "ueber"
        },
        {
          "si": 3,
          "sti": 9,
          "dti": 84,
          "sco": 33,
          "dco": 523,
          "txt": "zugegeben"
        },
        {
          "si": 3,
          "sti": 10,
          "dti": 85,
          "sco": 44,
          "dco": 534,
          "txt": "schwache"
        },
        {
          "si": 3,
          "sti": 11,
          "dti": 86,
          "sco": 53,
          "dco": 543,
          "txt": "Gegner"
        },
        {
          "si": 3,
          "sti": 12,
          "dti": 87,
          "sco": 60,
          "dco": 550,
          "txt": "aus"
        },
        {
          "si": 3,
          "sti": 13,
          "dti": 88,
          "sco": 64,
          "dco": 554,
          "txt": "Belize"
        },
        {
          "si": 3,
          "sti": 14,
          "dti": 89,
          "sco": 71,
          "dco": 561,
          "txt": "konnte"
        },
        {
          "si": 3,
          "sti": 15,
          "dti": 90,
          "sco": 78,
          "dco": 568,
          "txt": "die"
        },
        {
          "si": 3,
          "sti": 16,
          "dti": 91,
          "sco": 82,
          "dco": 572,
          "txt": "kanadische"
        },
        {
          "si": 3,
          "sti": 17,
          "dti": 92,
          "sco": 93,
          "dco": 583,
          "txt": "Angriffsreihe"
        },
        {
          "si": 3,
          "sti": 18,
          "dti": 93,
          "sco": 107,
          "dco": 597,
          "txt": "ihr"
        },
        {
          "si": 3,
          "sti": 19,
          "dti": 94,
          "sco": 111,
          "dco": 601,
          "txt": "Koennen"
        },
        {
          "si": 3,
          "sti": 20,
          "dti": 95,
          "sco": 119,
          "dco": 609,
          "txt": "unter"
        },
        {
          "si": 3,
          "sti": 21,
          "dti": 96,
          "sco": 125,
          "dco": 615,
          "txt": "Beweis"
        },
        {
          "si": 3,
          "sti": 22,
          "dti": 97,
          "sco": 132,
          "dco": 622,
          "txt": "stellen"
        },
        {
          "si": 3,
          "sti": 23,
          "dti": 98,
          "sco": 139,
          "dco": 629,
          "txt": "."
        },
        {
          "si": 4,
          "sti": 0,
          "dti": 99,
          "sco": 0,
          "dco": 631,
          "txt": "Sowohl"
        },
        {
          "si": 4,
          "sti": 1,
          "dti": 100,
          "sco": 7,
          "dco": 638,
          "txt": "Tomasz"
        },
        {
          "si": 4,
          "sti": 2,
          "dti": 101,
          "sco": 14,
          "dco": 645,
          "txt": "Radzinski"
        },
        {
          "si": 4,
          "sti": 3,
          "dti": 102,
          "sco": 23,
          "dco": 654,
          "txt": ","
        },
        {
          "si": 4,
          "sti": 4,
          "dti": 103,
          "sco": 25,
          "dco": 656,
          "txt": "der"
        },
        {
          "si": 4,
          "sti": 5,
          "dti": 104,
          "sco": 29,
          "dco": 660,
          "txt": "den"
        },
        {
          "si": 4,
          "sti": 6,
          "dti": 105,
          "sco": 33,
          "dco": 664,
          "txt": "FC"
        },
        {
          "si": 4,
          "sti": 7,
          "dti": 106,
          "sco": 36,
          "dco": 667,
          "txt": "Everton"
        },
        {
          "si": 4,
          "sti": 8,
          "dti": 107,
          "sco": 44,
          "dco": 675,
          "txt": "demnaechst"
        },
        {
          "si": 4,
          "sti": 9,
          "dti": 108,
          "sco": 55,
          "dco": 686,
          "txt": "verlassen"
        },
        {
          "si": 4,
          "sti": 10,
          "dti": 109,
          "sco": 65,
          "dco": 696,
          "txt": "wird"
        },
        {
          "si": 4,
          "sti": 11,
          "dti": 110,
          "sco": 69,
          "dco": 700,
          "txt": ","
        },
        {
          "si": 4,
          "sti": 12,
          "dti": 111,
          "sco": 71,
          "dco": 702,
          "txt": "als"
        },
        {
          "si": 4,
          "sti": 13,
          "dti": 112,
          "sco": 75,
          "dco": 706,
          "txt": "auch"
        },
        {
          "si": 4,
          "sti": 14,
          "dti": 113,
          "sco": 80,
          "dco": 711,
          "txt": "Peschisolido"
        },
        {
          "si": 4,
          "sti": 15,
          "dti": 114,
          "sco": 92,
          "dco": 723,
          "txt": ","
        },
        {
          "si": 4,
          "sti": 16,
          "dti": 115,
          "sco": 94,
          "dco": 725,
          "txt": "de"
        },
        {
          "si": 4,
          "sti": 17,
          "dti": 116,
          "sco": 97,
          "dco": 728,
          "txt": "Rosario"
        },
        {
          "si": 4,
          "sti": 18,
          "dti": 117,
          "sco": 105,
          "dco": 736,
          "txt": "und"
        },
        {
          "si": 4,
          "sti": 19,
          "dti": 118,
          "sco": 109,
          "dco": 740,
          "txt": "Hume"
        },
        {
          "si": 4,
          "sti": 20,
          "dti": 119,
          "sco": 114,
          "dco": 745,
          "txt": "zeigten"
        },
        {
          "si": 4,
          "sti": 21,
          "dti": 120,
          "sco": 122,
          "dco": 753,
          "txt": "ihre"
        },
        {
          "si": 4,
          "sti": 22,
          "dti": 121,
          "sco": 127,
          "dco": 758,
          "txt": "Qualitaeten"
        },
        {
          "si": 4,
          "sti": 23,
          "dti": 122,
          "sco": 138,
          "dco": 769,
          "txt": "."
        },
        {
          "si": 5,
          "sti": 0,
          "dti": 123,
          "sco": 0,
          "dco": 771,
          "txt": "Kanada"
        },
        {
          "si": 5,
          "sti": 1,
          "dti": 124,
          "sco": 7,
          "dco": 778,
          "txt": "machte"
        },
        {
          "si": 5,
          "sti": 2,
          "dti": 125,
          "sco": 14,
          "dco": 785,
          "txt": "einen"
        },
        {
          "si": 5,
          "sti": 3,
          "dti": 126,
          "sco": 20,
          "dco": 791,
          "txt": "weiteren"
        },
        {
          "si": 5,
          "sti": 4,
          "dti": 127,
          "sco": 29,
          "dco": 800,
          "txt": "wichtigen"
        },
        {
          "si": 5,
          "sti": 5,
          "dti": 128,
          "sco": 39,
          "dco": 810,
          "txt": "Schritt"
        },
        {
          "si": 5,
          "sti": 6,
          "dti": 129,
          "sco": 47,
          "dco": 818,
          "txt": "auf"
        },
        {
          "si": 5,
          "sti": 7,
          "dti": 130,
          "sco": 51,
          "dco": 822,
          "txt": "dem"
        },
        {
          "si": 5,
          "sti": 8,
          "dti": 131,
          "sco": 55,
          "dco": 826,
          "txt": "Weg"
        },
        {
          "si": 5,
          "sti": 9,
          "dti": 132,
          "sco": 59,
          "dco": 830,
          "txt": "zum"
        },
        {
          "si": 5,
          "sti": 10,
          "dti": 133,
          "sco": 63,
          "dco": 834,
          "txt": "FIFA"
        },
        {
          "si": 5,
          "sti": 11,
          "dti": 134,
          "sco": 67,
          "dco": 838,
          "txt": "-"
        },
        {
          "si": 5,
          "sti": 12,
          "dti": 135,
          "sco": 68,
          "dco": 839,
          "txt": "Weltpokal"
        },
        {
          "si": 5,
          "sti": 13,
          "dti": 136,
          "sco": 78,
          "dco": 849,
          "txt": "Deutschland"
        },
        {
          "si": 5,
          "sti": 14,
          "dti": 137,
          "sco": 90,
          "dco": 861,
          "txt": "2006"
        },
        {
          "si": 5,
          "sti": 15,
          "dti": 138,
          "sco": 94,
          "dco": 865,
          "txt": "."
        },
        {
          "si": 6,
          "sti": 0,
          "dti": 139,
          "sco": 0,
          "dco": 867,
          "txt": "Der"
        },
        {
          "si": 6,
          "sti": 1,
          "dti": 140,
          "sco": 4,
          "dco": 871,
          "txt": "technisch"
        },
        {
          "si": 6,
          "sti": 2,
          "dti": 141,
          "sco": 14,
          "dco": 881,
          "txt": "versierte"
        },
        {
          "si": 6,
          "sti": 3,
          "dti": 142,
          "sco": 24,
          "dco": 891,
          "txt": "Peschisolido"
        },
        {
          "si": 6,
          "sti": 4,
          "dti": 143,
          "sco": 36,
          "dco": 903,
          "txt": ","
        },
        {
          "si": 6,
          "sti": 5,
          "dti": 144,
          "sco": 38,
          "dco": 905,
          "txt": "der"
        },
        {
          "si": 6,
          "sti": 6,
          "dti": 145,
          "sco": 42,
          "dco": 909,
          "txt": "bei"
        },
        {
          "si": 6,
          "sti": 7,
          "dti": 146,
          "sco": 46,
          "dco": 913,
          "txt": "Derby"
        },
        {
          "si": 6,
          "sti": 8,
          "dti": 147,
          "sco": 52,
          "dco": 919,
          "txt": "County"
        },
        {
          "si": 6,
          "sti": 9,
          "dti": 148,
          "sco": 59,
          "dco": 926,
          "txt": "in"
        },
        {
          "si": 6,
          "sti": 10,
          "dti": 149,
          "sco": 62,
          "dco": 929,
          "txt": "der"
        },
        {
          "si": 6,
          "sti": 11,
          "dti": 150,
          "sco": 66,
          "dco": 933,
          "txt": "zweiten"
        },
        {
          "si": 6,
          "sti": 12,
          "dti": 151,
          "sco": 74,
          "dco": 941,
          "txt": "englischen"
        },
        {
          "si": 6,
          "sti": 13,
          "dti": 152,
          "sco": 85,
          "dco": 952,
          "txt": "Liga"
        },
        {
          "si": 6,
          "sti": 14,
          "dti": 153,
          "sco": 90,
          "dco": 957,
          "txt": "spielt"
        },
        {
          "si": 6,
          "sti": 15,
          "dti": 154,
          "sco": 96,
          "dco": 963,
          "txt": ","
        },
        {
          "si": 6,
          "sti": 16,
          "dti": 155,
          "sco": 98,
          "dco": 965,
          "txt": "brachte"
        },
        {
          "si": 6,
          "sti": 17,
          "dti": 156,
          "sco": 106,
          "dco": 973,
          "txt": "die"
        },
        {
          "si": 6,
          "sti": 18,
          "dti": 157,
          "sco": 110,
          "dco": 977,
          "txt": "Kanadier"
        },
        {
          "si": 6,
          "sti": 19,
          "dti": 158,
          "sco": 119,
          "dco": 986,
          "txt": "im"
        },
        {
          "si": 6,
          "sti": 20,
          "dti": 159,
          "sco": 122,
          "dco": 989,
          "txt": "Hinspiel"
        },
        {
          "si": 6,
          "sti": 21,
          "dti": 160,
          "sco": 131,
          "dco": 998,
          "txt": "am"
        },
        {
          "si": 6,
          "sti": 22,
          "dti": 161,
          "sco": 134,
          "dco": 1001,
          "txt": "13"
        },
        {
          "si": 6,
          "sti": 23,
          "dti": 162,
          "sco": 136,
          "dco": 1003,
          "txt": "."
        },
        {
          "si": 7,
          "sti": 0,
          "dti": 163,
          "sco": 0,
          "dco": 1005,
          "txt": "Juni"
        },
        {
          "si": 7,
          "sti": 1,
          "dti": 164,
          "sco": 5,
          "dco": 1010,
          "txt": "in"
        },
        {
          "si": 7,
          "sti": 2,
          "dti": 165,
          "sco": 8,
          "dco": 1013,
          "txt": "Fuehrung"
        },
        {
          "si": 7,
          "sti": 3,
          "dti": 166,
          "sco": 16,
          "dco": 1021,
          "txt": "."
        },
        {
          "si": 8,
          "sti": 0,
          "dti": 167,
          "sco": 0,
          "dco": 1023,
          "txt": "Nachdem"
        },
        {
          "si": 8,
          "sti": 1,
          "dti": 168,
          "sco": 8,
          "dco": 1031,
          "txt": "er"
        },
        {
          "si": 8,
          "sti": 2,
          "dti": 169,
          "sco": 11,
          "dco": 1034,
          "txt": "zunaechst"
        },
        {
          "si": 8,
          "sti": 3,
          "dti": 170,
          "sco": 21,
          "dco": 1044,
          "txt": "einen"
        },
        {
          "si": 8,
          "sti": 4,
          "dti": 171,
          "sco": 27,
          "dco": 1050,
          "txt": "Kracher"
        },
        {
          "si": 8,
          "sti": 5,
          "dti": 172,
          "sco": 35,
          "dco": 1058,
          "txt": "an"
        },
        {
          "si": 8,
          "sti": 6,
          "dti": 173,
          "sco": 38,
          "dco": 1061,
          "txt": "die"
        },
        {
          "si": 8,
          "sti": 7,
          "dti": 174,
          "sco": 42,
          "dco": 1065,
          "txt": "Latte"
        },
        {
          "si": 8,
          "sti": 8,
          "dti": 175,
          "sco": 48,
          "dco": 1071,
          "txt": "gesetzt"
        },
        {
          "si": 8,
          "sti": 9,
          "dti": 176,
          "sco": 56,
          "dco": 1079,
          "txt": "hatte"
        },
        {
          "si": 8,
          "sti": 10,
          "dti": 177,
          "sco": 61,
          "dco": 1084,
          "txt": ","
        },
        {
          "si": 8,
          "sti": 11,
          "dti": 178,
          "sco": 63,
          "dco": 1086,
          "txt": "jagte"
        },
        {
          "si": 8,
          "sti": 12,
          "dti": 179,
          "sco": 69,
          "dco": 1092,
          "txt": "der"
        },
        {
          "si": 8,
          "sti": 13,
          "dti": 180,
          "sco": 73,
          "dco": 1096,
          "txt": "Mittelstuermer"
        },
        {
          "si": 8,
          "sti": 14,
          "dti": 181,
          "sco": 88,
          "dco": 1111,
          "txt": "schliesslich"
        },
        {
          "si": 8,
          "sti": 15,
          "dti": 182,
          "sco": 101,
          "dco": 1124,
          "txt": "den"
        },
        {
          "si": 8,
          "sti": 16,
          "dti": 183,
          "sco": 105,
          "dco": 1128,
          "txt": "Abpraller"
        },
        {
          "si": 8,
          "sti": 17,
          "dti": 184,
          "sco": 115,
          "dco": 1138,
          "txt": "ins"
        },
        {
          "si": 8,
          "sti": 18,
          "dti": 185,
          "sco": 119,
          "dco": 1142,
          "txt": "Netz"
        },
        {
          "si": 8,
          "sti": 19,
          "dti": 186,
          "sco": 123,
          "dco": 1146,
          "txt": "."
        },
        {
          "si": 9,
          "sti": 0,
          "dti": 187,
          "sco": 0,
          "dco": 1148,
          "txt": "Der"
        },
        {
          "si": 9,
          "sti": 1,
          "dti": 188,
          "sco": 4,
          "dco": 1152,
          "txt": "wegen"
        },
        {
          "si": 9,
          "sti": 2,
          "dti": 189,
          "sco": 10,
          "dco": 1158,
          "txt": "seiner"
        },
        {
          "si": 9,
          "sti": 3,
          "dti": 190,
          "sco": 17,
          "dco": 1165,
          "txt": "Schnelligkeit"
        },
        {
          "si": 9,
          "sti": 4,
          "dti": 191,
          "sco": 31,
          "dco": 1179,
          "txt": "und"
        },
        {
          "si": 9,
          "sti": 5,
          "dti": 192,
          "sco": 35,
          "dco": 1183,
          "txt": "athletischen"
        },
        {
          "si": 9,
          "sti": 6,
          "dti": 193,
          "sco": 48,
          "dco": 1196,
          "txt": "Spielweise"
        },
        {
          "si": 9,
          "sti": 7,
          "dti": 194,
          "sco": 59,
          "dco": 1207,
          "txt": "immer"
        },
        {
          "si": 9,
          "sti": 8,
          "dti": 195,
          "sco": 65,
          "dco": 1213,
          "txt": "gefaehrliche"
        },
        {
          "si": 9,
          "sti": 9,
          "dti": 196,
          "sco": 78,
          "dco": 1226,
          "txt": "Radzinski"
        },
        {
          "si": 9,
          "sti": 10,
          "dti": 197,
          "sco": 88,
          "dco": 1236,
          "txt": "erhoehte"
        },
        {
          "si": 9,
          "sti": 11,
          "dti": 198,
          "sco": 97,
          "dco": 1245,
          "txt": "zehn"
        },
        {
          "si": 9,
          "sti": 12,
          "dti": 199,
          "sco": 102,
          "dco": 1250,
          "txt": "Minuten"
        },
        {
          "si": 9,
          "sti": 13,
          "dti": 200,
          "sco": 110,
          "dco": 1258,
          "txt": "nach"
        },
        {
          "si": 9,
          "sti": 14,
          "dti": 201,
          "sco": 115,
          "dco": 1263,
          "txt": "der"
        },
        {
          "si": 9,
          "sti": 15,
          "dti": 202,
          "sco": 119,
          "dco": 1267,
          "txt": "Pause"
        },
        {
          "si": 9,
          "sti": 16,
          "dti": 203,
          "sco": 125,
          "dco": 1273,
          "txt": "auf"
        },
        {
          "si": 9,
          "sti": 17,
          "dti": 204,
          "sco": 129,
          "dco": 1277,
          "txt": "2"
        },
        {
          "si": 9,
          "sti": 18,
          "dti": 205,
          "sco": 130,
          "dco": 1278,
          "txt": ":"
        },
        {
          "si": 9,
          "sti": 19,
          "dti": 206,
          "sco": 131,
          "dco": 1279,
          "txt": "0"
        },
        {
          "si": 9,
          "sti": 20,
          "dti": 207,
          "sco": 133,
          "dco": 1281,
          "txt": "und"
        },
        {
          "si": 9,
          "sti": 21,
          "dti": 208,
          "sco": 137,
          "dco": 1285,
          "txt": "erzielte"
        },
        {
          "si": 9,
          "sti": 22,
          "dti": 209,
          "sco": 146,
          "dco": 1294,
          "txt": "damit"
        },
        {
          "si": 9,
          "sti": 23,
          "dti": 210,
          "sco": 152,
          "dco": 1300,
          "txt": "sein"
        },
        {
          "si": 9,
          "sti": 24,
          "dti": 211,
          "sco": 157,
          "dco": 1305,
          "txt": "sechstes"
        },
        {
          "si": 9,
          "sti": 25,
          "dti": 212,
          "sco": 166,
          "dco": 1314,
          "txt": "Tor"
        },
        {
          "si": 9,
          "sti": 26,
          "dti": 213,
          "sco": 170,
          "dco": 1318,
          "txt": "fuer"
        },
        {
          "si": 9,
          "sti": 27,
          "dti": 214,
          "sco": 175,
          "dco": 1323,
          "txt": "Kanada"
        },
        {
          "si": 9,
          "sti": 28,
          "dti": 215,
          "sco": 181,
          "dco": 1329,
          "txt": "."
        },
        {
          "si": 10,
          "sti": 0,
          "dti": 216,
          "sco": 0,
          "dco": 1331,
          "txt": "Die"
        },
        {
          "si": 10,
          "sti": 1,
          "dti": 217,
          "sco": 4,
          "dco": 1335,
          "txt": "beiden"
        },
        {
          "si": 10,
          "sti": 2,
          "dti": 218,
          "sco": 11,
          "dco": 1342,
          "txt": "Stuermer"
        },
        {
          "si": 10,
          "sti": 3,
          "dti": 219,
          "sco": 20,
          "dco": 1351,
          "txt": "bilden"
        },
        {
          "si": 10,
          "sti": 4,
          "dti": 220,
          "sco": 27,
          "dco": 1358,
          "txt": "ein"
        },
        {
          "si": 10,
          "sti": 5,
          "dti": 221,
          "sco": 31,
          "dco": 1362,
          "txt": "tolles"
        },
        {
          "si": 10,
          "sti": 6,
          "dti": 222,
          "sco": 38,
          "dco": 1369,
          "txt": "Duo"
        },
        {
          "si": 10,
          "sti": 7,
          "dti": 223,
          "sco": 41,
          "dco": 1372,
          "txt": ","
        },
        {
          "si": 10,
          "sti": 8,
          "dti": 224,
          "sco": 43,
          "dco": 1374,
          "txt": "aber"
        },
        {
          "si": 10,
          "sti": 9,
          "dti": 225,
          "sco": 48,
          "dco": 1379,
          "txt": "Trainer"
        },
        {
          "si": 10,
          "sti": 10,
          "dti": 226,
          "sco": 56,
          "dco": 1387,
          "txt": "Yallop"
        },
        {
          "si": 10,
          "sti": 11,
          "dti": 227,
          "sco": 63,
          "dco": 1394,
          "txt": "hat"
        },
        {
          "si": 10,
          "sti": 12,
          "dti": 228,
          "sco": 67,
          "dco": 1398,
          "txt": "noch"
        },
        {
          "si": 10,
          "sti": 13,
          "dti": 229,
          "sco": 72,
          "dco": 1403,
          "txt": "mehr"
        },
        {
          "si": 10,
          "sti": 14,
          "dti": 230,
          "sco": 77,
          "dco": 1408,
          "txt": "Moeglichkeiten"
        },
        {
          "si": 10,
          "sti": 15,
          "dti": 231,
          "sco": 91,
          "dco": 1422,
          "txt": "."
        },
        {
          "si": 10,
          "sti": 16,
          "dti": 232,
          "sco": 92,
          "dco": 1423,
          "txt": "."
        },
        {
          "si": 10,
          "sti": 17,
          "dti": 233,
          "sco": 93,
          "dco": 1424,
          "txt": "."
        },
        {
          "si": 11,
          "sti": 0,
          "dti": 234,
          "sco": 0,
          "dco": 1426,
          "txt": "Der"
        },
        {
          "si": 11,
          "sti": 1,
          "dti": 235,
          "sco": 4,
          "dco": 1430,
          "txt": "junge"
        },
        {
          "si": 11,
          "sti": 2,
          "dti": 236,
          "sco": 10,
          "dco": 1436,
          "txt": "Iain"
        },
        {
          "si": 11,
          "sti": 3,
          "dti": 237,
          "sco": 15,
          "dco": 1441,
          "txt": "Hume"
        },
        {
          "si": 11,
          "sti": 4,
          "dti": 238,
          "sco": 20,
          "dco": 1446,
          "txt": "vom"
        },
        {
          "si": 11,
          "sti": 5,
          "dti": 239,
          "sco": 24,
          "dco": 1450,
          "txt": "englischen"
        },
        {
          "si": 11,
          "sti": 6,
          "dti": 240,
          "sco": 35,
          "dco": 1461,
          "txt": "Drittligisten"
        },
        {
          "si": 11,
          "sti": 7,
          "dti": 241,
          "sco": 49,
          "dco": 1475,
          "txt": "Tranmere"
        },
        {
          "si": 11,
          "sti": 8,
          "dti": 242,
          "sco": 58,
          "dco": 1484,
          "txt": "Rovers"
        },
        {
          "si": 11,
          "sti": 9,
          "dti": 243,
          "sco": 65,
          "dco": 1491,
          "txt": "ist"
        },
        {
          "si": 11,
          "sti": 10,
          "dti": 244,
          "sco": 69,
          "dco": 1495,
          "txt": "dort"
        },
        {
          "si": 11,
          "sti": 11,
          "dti": 245,
          "sco": 74,
          "dco": 1500,
          "txt": "wegen"
        },
        {
          "si": 11,
          "sti": 12,
          "dti": 246,
          "sco": 80,
          "dco": 1506,
          "txt": "seines"
        },
        {
          "si": 11,
          "sti": 13,
          "dti": 247,
          "sco": 87,
          "dco": 1513,
          "txt": "unermuedlichen"
        },
        {
          "si": 11,
          "sti": 14,
          "dti": 248,
          "sco": 102,
          "dco": 1528,
          "txt": "Einsatzes"
        },
        {
          "si": 11,
          "sti": 15,
          "dti": 249,
          "sco": 112,
          "dco": 1538,
          "txt": "schon"
        },
        {
          "si": 11,
          "sti": 16,
          "dti": 250,
          "sco": 118,
          "dco": 1544,
          "txt": "zum"
        },
        {
          "si": 11,
          "sti": 17,
          "dti": 251,
          "sco": 122,
          "dco": 1548,
          "txt": "Publikumsliebling"
        },
        {
          "si": 11,
          "sti": 18,
          "dti": 252,
          "sco": 140,
          "dco": 1566,
          "txt": "geworden"
        },
        {
          "si": 11,
          "sti": 19,
          "dti": 253,
          "sco": 148,
          "dco": 1574,
          "txt": "."
        },
        {
          "si": 12,
          "sti": 0,
          "dti": 254,
          "sco": 0,
          "dco": 1576,
          "txt": "Auch"
        },
        {
          "si": 12,
          "sti": 1,
          "dti": 255,
          "sco": 5,
          "dco": 1581,
          "txt": "wegen"
        },
        {
          "si": 12,
          "sti": 2,
          "dti": 256,
          "sco": 11,
          "dco": 1587,
          "txt": "Humes"
        },
        {
          "si": 12,
          "sti": 3,
          "dti": 257,
          "sco": 17,
          "dco": 1593,
          "txt": "Torriecher"
        },
        {
          "si": 12,
          "sti": 4,
          "dti": 258,
          "sco": 28,
          "dco": 1604,
          "txt": "schaffte"
        },
        {
          "si": 12,
          "sti": 5,
          "dti": 259,
          "sco": 37,
          "dco": 1613,
          "txt": "der"
        },
        {
          "si": 12,
          "sti": 6,
          "dti": 260,
          "sco": 41,
          "dco": 1617,
          "txt": "krasse"
        },
        {
          "si": 12,
          "sti": 7,
          "dti": 261,
          "sco": 48,
          "dco": 1624,
          "txt": "Aussenseiter"
        },
        {
          "si": 12,
          "sti": 8,
          "dti": 262,
          "sco": 61,
          "dco": 1637,
          "txt": "im"
        },
        {
          "si": 12,
          "sti": 9,
          "dti": 263,
          "sco": 64,
          "dco": 1640,
          "txt": "Jahr"
        },
        {
          "si": 12,
          "sti": 10,
          "dti": 264,
          "sco": 69,
          "dco": 1645,
          "txt": "2003"
        },
        {
          "si": 12,
          "sti": 11,
          "dti": 265,
          "sco": 74,
          "dco": 1650,
          "txt": "den"
        },
        {
          "si": 12,
          "sti": 12,
          "dti": 266,
          "sco": 78,
          "dco": 1654,
          "txt": "Sprung"
        },
        {
          "si": 12,
          "sti": 13,
          "dti": 267,
          "sco": 85,
          "dco": 1661,
          "txt": "bis"
        },
        {
          "si": 12,
          "sti": 14,
          "dti": 268,
          "sco": 89,
          "dco": 1665,
          "txt": "ins"
        },
        {
          "si": 12,
          "sti": 15,
          "dti": 269,
          "sco": 93,
          "dco": 1669,
          "txt": "Viertelfinale"
        },
        {
          "si": 12,
          "sti": 16,
          "dti": 270,
          "sco": 107,
          "dco": 1683,
          "txt": "des"
        },
        {
          "si": 12,
          "sti": 17,
          "dti": 271,
          "sco": 111,
          "dco": 1687,
          "txt": "FA"
        },
        {
          "si": 12,
          "sti": 18,
          "dti": 272,
          "sco": 113,
          "dco": 1689,
          "txt": "-"
        },
        {
          "si": 12,
          "sti": 19,
          "dti": 273,
          "sco": 114,
          "dco": 1690,
          "txt": "Cup"
        },
        {
          "si": 12,
          "sti": 20,
          "dti": 274,
          "sco": 117,
          "dco": 1693,
          "txt": "."
        },
        {
          "si": 13,
          "sti": 0,
          "dti": 275,
          "sco": 0,
          "dco": 1695,
          "txt": "Ausserdem"
        },
        {
          "si": 13,
          "sti": 1,
          "dti": 276,
          "sco": 10,
          "dco": 1705,
          "txt": "fuehrte"
        },
        {
          "si": 13,
          "sti": 2,
          "dti": 277,
          "sco": 18,
          "dco": 1713,
          "txt": "er"
        },
        {
          "si": 13,
          "sti": 3,
          "dti": 278,
          "sco": 21,
          "dco": 1716,
          "txt": "das"
        },
        {
          "si": 13,
          "sti": 4,
          "dti": 279,
          "sco": 25,
          "dco": 1720,
          "txt": "kanadische"
        },
        {
          "si": 13,
          "sti": 5,
          "dti": 280,
          "sco": 36,
          "dco": 1731,
          "txt": "Juniorenteam"
        },
        {
          "si": 13,
          "sti": 6,
          "dti": 281,
          "sco": 49,
          "dco": 1744,
          "txt": "im"
        },
        {
          "si": 13,
          "sti": 7,
          "dti": 282,
          "sco": 52,
          "dco": 1747,
          "txt": "letzten"
        },
        {
          "si": 13,
          "sti": 8,
          "dti": 283,
          "sco": 60,
          "dco": 1755,
          "txt": "Jahr"
        },
        {
          "si": 13,
          "sti": 9,
          "dti": 284,
          "sco": 65,
          "dco": 1760,
          "txt": "in"
        },
        {
          "si": 13,
          "sti": 10,
          "dti": 285,
          "sco": 68,
          "dco": 1763,
          "txt": "den"
        },
        {
          "si": 13,
          "sti": 11,
          "dti": 286,
          "sco": 72,
          "dco": 1767,
          "txt": "Vereinigten"
        },
        {
          "si": 13,
          "sti": 12,
          "dti": 287,
          "sco": 84,
          "dco": 1779,
          "txt": "Arabischen"
        },
        {
          "si": 13,
          "sti": 13,
          "dti": 288,
          "sco": 95,
          "dco": 1790,
          "txt": "Emiraten"
        },
        {
          "si": 13,
          "sti": 14,
          "dti": 289,
          "sco": 104,
          "dco": 1799,
          "txt": "zum"
        },
        {
          "si": 13,
          "sti": 15,
          "dti": 290,
          "sco": 108,
          "dco": 1803,
          "txt": "ersten"
        },
        {
          "si": 13,
          "sti": 16,
          "dti": 291,
          "sco": 115,
          "dco": 1810,
          "txt": "Mal"
        },
        {
          "si": 13,
          "sti": 17,
          "dti": 292,
          "sco": 119,
          "dco": 1814,
          "txt": "ins"
        },
        {
          "si": 13,
          "sti": 18,
          "dti": 293,
          "sco": 123,
          "dco": 1818,
          "txt": "Viertelfinale"
        },
        {
          "si": 13,
          "sti": 19,
          "dti": 294,
          "sco": 137,
          "dco": 1832,
          "txt": "einer"
        },
        {
          "si": 13,
          "sti": 20,
          "dti": 295,
          "sco": 143,
          "dco": 1838,
          "txt": "FIFA"
        },
        {
          "si": 13,
          "sti": 21,
          "dti": 296,
          "sco": 147,
          "dco": 1842,
          "txt": "-"
        },
        {
          "si": 13,
          "sti": 22,
          "dti": 297,
          "sco": 148,
          "dco": 1843,
          "txt": "Junioren"
        },
        {
          "si": 13,
          "sti": 23,
          "dti": 298,
          "sco": 156,
          "dco": 1851,
          "txt": "-"
        },
        {
          "si": 13,
          "sti": 24,
          "dti": 299,
          "sco": 157,
          "dco": 1852,
          "txt": "Weltmeisterschaft"
        },
        {
          "si": 13,
          "sti": 25,
          "dti": 300,
          "sco": 174,
          "dco": 1869,
          "txt": "."
        },
        {
          "si": 14,
          "sti": 0,
          "dti": 301,
          "sco": 0,
          "dco": 1871,
          "txt": "Auch"
        },
        {
          "si": 14,
          "sti": 1,
          "dti": 302,
          "sco": 5,
          "dco": 1876,
          "txt": "wenn"
        },
        {
          "si": 14,
          "sti": 2,
          "dti": 303,
          "sco": 10,
          "dco": 1881,
          "txt": "er"
        },
        {
          "si": 14,
          "sti": 3,
          "dti": 304,
          "sco": 13,
          "dco": 1884,
          "txt": "im"
        },
        {
          "si": 14,
          "sti": 4,
          "dti": 305,
          "sco": 16,
          "dco": 1887,
          "txt": "Rueckspiel"
        },
        {
          "si": 14,
          "sti": 5,
          "dti": 306,
          "sco": 27,
          "dco": 1898,
          "txt": "gegen"
        },
        {
          "si": 14,
          "sti": 6,
          "dti": 307,
          "sco": 33,
          "dco": 1904,
          "txt": "Belize"
        },
        {
          "si": 14,
          "sti": 7,
          "dti": 308,
          "sco": 40,
          "dco": 1911,
          "txt": "nicht"
        },
        {
          "si": 14,
          "sti": 8,
          "dti": 309,
          "sco": 46,
          "dco": 1917,
          "txt": "traf"
        },
        {
          "si": 14,
          "sti": 9,
          "dti": 310,
          "sco": 51,
          "dco": 1922,
          "txt": "und"
        },
        {
          "si": 14,
          "sti": 10,
          "dti": 311,
          "sco": 55,
          "dco": 1926,
          "txt": "sogar"
        },
        {
          "si": 14,
          "sti": 11,
          "dti": 312,
          "sco": 61,
          "dco": 1932,
          "txt": "spaeter"
        },
        {
          "si": 14,
          "sti": 12,
          "dti": 313,
          "sco": 69,
          "dco": 1940,
          "txt": "des"
        },
        {
          "si": 14,
          "sti": 13,
          "dti": 314,
          "sco": 73,
          "dco": 1944,
          "txt": "Feldes"
        },
        {
          "si": 14,
          "sti": 14,
          "dti": 315,
          "sco": 80,
          "dco": 1951,
          "txt": "verwiesen"
        },
        {
          "si": 14,
          "sti": 15,
          "dti": 316,
          "sco": 90,
          "dco": 1961,
          "txt": "wurde"
        },
        {
          "si": 14,
          "sti": 16,
          "dti": 317,
          "sco": 95,
          "dco": 1966,
          "txt": ","
        },
        {
          "si": 14,
          "sti": 17,
          "dti": 318,
          "sco": 97,
          "dco": 1968,
          "txt": "haelt"
        },
        {
          "si": 14,
          "sti": 18,
          "dti": 319,
          "sco": 103,
          "dco": 1974,
          "txt": "sein"
        },
        {
          "si": 14,
          "sti": 19,
          "dti": 320,
          "sco": 108,
          "dco": 1979,
          "txt": "Nationaltrainer"
        },
        {
          "si": 14,
          "sti": 20,
          "dti": 321,
          "sco": 124,
          "dco": 1995,
          "txt": "grosse"
        },
        {
          "si": 14,
          "sti": 21,
          "dti": 322,
          "sco": 131,
          "dco": 2002,
          "txt": "Stuecke"
        },
        {
          "si": 14,
          "sti": 22,
          "dti": 323,
          "sco": 139,
          "dco": 2010,
          "txt": "auf"
        },
        {
          "si": 14,
          "sti": 23,
          "dti": 324,
          "sco": 143,
          "dco": 2014,
          "txt": "ihn"
        },
        {
          "si": 14,
          "sti": 24,
          "dti": 325,
          "sco": 146,
          "dco": 2017,
          "txt": "."
        },
        {
          "si": 15,
          "sti": 0,
          "dti": 326,
          "sco": 0,
          "dco": 2019,
          "txt": "Auch"
        },
        {
          "si": 15,
          "sti": 1,
          "dti": 327,
          "sco": 5,
          "dco": 2024,
          "txt": "im"
        },
        {
          "si": 15,
          "sti": 2,
          "dti": 328,
          "sco": 8,
          "dco": 2027,
          "txt": "Spiel"
        },
        {
          "si": 15,
          "sti": 3,
          "dti": 329,
          "sco": 14,
          "dco": 2033,
          "txt": "ohne"
        },
        {
          "si": 15,
          "sti": 4,
          "dti": 330,
          "sco": 19,
          "dco": 2038,
          "txt": "Ball"
        },
        {
          "si": 15,
          "sti": 5,
          "dti": 331,
          "sco": 24,
          "dco": 2043,
          "txt": "ist"
        },
        {
          "si": 15,
          "sti": 6,
          "dti": 332,
          "sco": 28,
          "dco": 2047,
          "txt": "er"
        },
        {
          "si": 15,
          "sti": 7,
          "dti": 333,
          "sco": 31,
          "dco": 2050,
          "txt": "brandgefaehrlich"
        },
        {
          "si": 15,
          "sti": 8,
          "dti": 334,
          "sco": 47,
          "dco": 2066,
          "txt": ","
        },
        {
          "si": 15,
          "sti": 9,
          "dti": 335,
          "sco": 49,
          "dco": 2068,
          "txt": "sagte"
        },
        {
          "si": 15,
          "sti": 10,
          "dti": 336,
          "sco": 55,
          "dco": 2074,
          "txt": "Yallop"
        },
        {
          "si": 15,
          "sti": 11,
          "dti": 337,
          "sco": 61,
          "dco": 2080,
          "txt": "."
        },
        {
          "si": 16,
          "sti": 0,
          "dti": 338,
          "sco": 0,
          "dco": 2082,
          "txt": "Er"
        },
        {
          "si": 16,
          "sti": 1,
          "dti": 339,
          "sco": 3,
          "dco": 2085,
          "txt": "ist"
        },
        {
          "si": 16,
          "sti": 2,
          "dti": 340,
          "sco": 7,
          "dco": 2089,
          "txt": "ein"
        },
        {
          "si": 16,
          "sti": 3,
          "dti": 341,
          "sco": 11,
          "dco": 2093,
          "txt": "Alptraum"
        },
        {
          "si": 16,
          "sti": 4,
          "dti": 342,
          "sco": 20,
          "dco": 2102,
          "txt": "fuer"
        },
        {
          "si": 16,
          "sti": 5,
          "dti": 343,
          "sco": 25,
          "dco": 2107,
          "txt": "jeden"
        },
        {
          "si": 16,
          "sti": 6,
          "dti": 344,
          "sco": 31,
          "dco": 2113,
          "txt": "Verteidiger"
        },
        {
          "si": 16,
          "sti": 7,
          "dti": 345,
          "sco": 43,
          "dco": 2125,
          "txt": "und"
        },
        {
          "si": 16,
          "sti": 8,
          "dti": 346,
          "sco": 47,
          "dco": 2129,
          "txt": "wird"
        },
        {
          "si": 16,
          "sti": 9,
          "dti": 347,
          "sco": 52,
          "dco": 2134,
          "txt": "bei"
        },
        {
          "si": 16,
          "sti": 10,
          "dti": 348,
          "sco": 56,
          "dco": 2138,
          "txt": "der"
        },
        {
          "si": 16,
          "sti": 11,
          "dti": 349,
          "sco": 60,
          "dco": 2142,
          "txt": "Qualifikation"
        },
        {
          "si": 16,
          "sti": 12,
          "dti": 350,
          "sco": 74,
          "dco": 2156,
          "txt": "zur"
        },
        {
          "si": 16,
          "sti": 13,
          "dti": 351,
          "sco": 78,
          "dco": 2160,
          "txt": "Weltmeisterschaft"
        },
        {
          "si": 16,
          "sti": 14,
          "dti": 352,
          "sco": 96,
          "dco": 2178,
          "txt": "eine"
        },
        {
          "si": 16,
          "sti": 15,
          "dti": 353,
          "sco": 101,
          "dco": 2183,
          "txt": "grosse"
        },
        {
          "si": 16,
          "sti": 16,
          "dti": 354,
          "sco": 108,
          "dco": 2190,
          "txt": "Rolle"
        },
        {
          "si": 16,
          "sti": 17,
          "dti": 355,
          "sco": 114,
          "dco": 2196,
          "txt": "spielen"
        },
        {
          "si": 16,
          "sti": 18,
          "dti": 356,
          "sco": 121,
          "dco": 2203,
          "txt": "."
        },
        {
          "si": 17,
          "sti": 0,
          "dti": 357,
          "sco": 0,
          "dco": 2205,
          "txt": "Dwayne"
        },
        {
          "si": 17,
          "sti": 1,
          "dti": 358,
          "sco": 7,
          "dco": 2212,
          "txt": "de"
        },
        {
          "si": 17,
          "sti": 2,
          "dti": 359,
          "sco": 10,
          "dco": 2215,
          "txt": "Rosario"
        },
        {
          "si": 17,
          "sti": 3,
          "dti": 360,
          "sco": 18,
          "dco": 2223,
          "txt": "von"
        },
        {
          "si": 17,
          "sti": 4,
          "dti": 361,
          "sco": 22,
          "dco": 2227,
          "txt": "den"
        },
        {
          "si": 17,
          "sti": 5,
          "dti": 362,
          "sco": 26,
          "dco": 2231,
          "txt": "San"
        },
        {
          "si": 17,
          "sti": 6,
          "dti": 363,
          "sco": 30,
          "dco": 2235,
          "txt": "Jose"
        },
        {
          "si": 17,
          "sti": 7,
          "dti": 364,
          "sco": 35,
          "dco": 2240,
          "txt": "Earthquakes"
        },
        {
          "si": 17,
          "sti": 8,
          "dti": 365,
          "sco": 47,
          "dco": 2252,
          "txt": "aus"
        },
        {
          "si": 17,
          "sti": 9,
          "dti": 366,
          "sco": 51,
          "dco": 2256,
          "txt": "der"
        },
        {
          "si": 17,
          "sti": 10,
          "dti": 367,
          "sco": 55,
          "dco": 2260,
          "txt": "U"
        },
        {
          "si": 17,
          "sti": 11,
          "dti": 368,
          "sco": 56,
          "dco": 2261,
          "txt": "."
        },
        {
          "si": 17,
          "sti": 12,
          "dti": 369,
          "sco": 57,
          "dco": 2262,
          "txt": "S"
        },
        {
          "si": 17,
          "sti": 13,
          "dti": 370,
          "sco": 58,
          "dco": 2263,
          "txt": "."
        },
        {
          "si": 18,
          "sti": 0,
          "dti": 371,
          "sco": 0,
          "dco": 2264,
          "txt": "-"
        },
        {
          "si": 18,
          "sti": 1,
          "dti": 372,
          "sco": 1,
          "dco": 2265,
          "txt": "amerikanischen"
        },
        {
          "si": 18,
          "sti": 2,
          "dti": 373,
          "sco": 16,
          "dco": 2280,
          "txt": "Major"
        },
        {
          "si": 18,
          "sti": 3,
          "dti": 374,
          "sco": 22,
          "dco": 2286,
          "txt": "League"
        },
        {
          "si": 18,
          "sti": 4,
          "dti": 375,
          "sco": 29,
          "dco": 2293,
          "txt": "Soccer"
        },
        {
          "si": 18,
          "sti": 5,
          "dti": 376,
          "sco": 36,
          "dco": 2300,
          "txt": "hat"
        },
        {
          "si": 18,
          "sti": 6,
          "dti": 377,
          "sco": 40,
          "dco": 2304,
          "txt": "ebenfalls"
        },
        {
          "si": 18,
          "sti": 7,
          "dti": 378,
          "sco": 50,
          "dco": 2314,
          "txt": "starke"
        },
        {
          "si": 18,
          "sti": 8,
          "dti": 379,
          "sco": 57,
          "dco": 2321,
          "txt": "Leistungen"
        },
        {
          "si": 18,
          "sti": 9,
          "dti": 380,
          "sco": 68,
          "dco": 2332,
          "txt": "fuer"
        },
        {
          "si": 18,
          "sti": 10,
          "dti": 381,
          "sco": 73,
          "dco": 2337,
          "txt": "die"
        },
        {
          "si": 18,
          "sti": 11,
          "dti": 382,
          "sco": 77,
          "dco": 2341,
          "txt": "kanadische"
        },
        {
          "si": 18,
          "sti": 12,
          "dti": 383,
          "sco": 88,
          "dco": 2352,
          "txt": "Mannschaft"
        },
        {
          "si": 18,
          "sti": 13,
          "dti": 384,
          "sco": 99,
          "dco": 2363,
          "txt": "gezeigt"
        },
        {
          "si": 18,
          "sti": 14,
          "dti": 385,
          "sco": 106,
          "dco": 2370,
          "txt": ","
        },
        {
          "si": 18,
          "sti": 15,
          "dti": 386,
          "sco": 108,
          "dco": 2372,
          "txt": "die"
        },
        {
          "si": 18,
          "sti": 16,
          "dti": 387,
          "sco": 112,
          "dco": 2376,
          "txt": "zum"
        },
        {
          "si": 18,
          "sti": 17,
          "dti": 388,
          "sco": 116,
          "dco": 2380,
          "txt": "zweiten"
        },
        {
          "si": 18,
          "sti": 18,
          "dti": 389,
          "sco": 124,
          "dco": 2388,
          "txt": "Mal"
        },
        {
          "si": 18,
          "sti": 19,
          "dti": 390,
          "sco": 128,
          "dco": 2392,
          "txt": "in"
        },
        {
          "si": 18,
          "sti": 20,
          "dti": 391,
          "sco": 131,
          "dco": 2395,
          "txt": "der"
        },
        {
          "si": 18,
          "sti": 21,
          "dti": 392,
          "sco": 135,
          "dco": 2399,
          "txt": "Geschichte"
        },
        {
          "si": 18,
          "sti": 22,
          "dti": 393,
          "sco": 146,
          "dco": 2410,
          "txt": "zu"
        },
        {
          "si": 18,
          "sti": 23,
          "dti": 394,
          "sco": 149,
          "dco": 2413,
          "txt": "einer"
        },
        {
          "si": 18,
          "sti": 24,
          "dti": 395,
          "sco": 155,
          "dco": 2419,
          "txt": "Weltmeisterschaft"
        },
        {
          "si": 18,
          "sti": 25,
          "dti": 396,
          "sco": 173,
          "dco": 2437,
          "txt": "fahren"
        },
        {
          "si": 18,
          "sti": 26,
          "dti": 397,
          "sco": 180,
          "dco": 2444,
          "txt": "will"
        },
        {
          "si": 18,
          "sti": 27,
          "dti": 398,
          "sco": 184,
          "dco": 2448,
          "txt": "."
        },
        {
          "si": 19,
          "sti": 0,
          "dti": 399,
          "sco": 0,
          "dco": 2450,
          "txt": "Sein"
        },
        {
          "si": 19,
          "sti": 1,
          "dti": 400,
          "sco": 5,
          "dco": 2455,
          "txt": "Doppelpack"
        },
        {
          "si": 19,
          "sti": 2,
          "dti": 401,
          "sco": 16,
          "dco": 2466,
          "txt": "im"
        },
        {
          "si": 19,
          "sti": 3,
          "dti": 402,
          "sco": 19,
          "dco": 2469,
          "txt": "Rueckspiel"
        },
        {
          "si": 19,
          "sti": 4,
          "dti": 403,
          "sco": 30,
          "dco": 2480,
          "txt": "gegen"
        },
        {
          "si": 19,
          "sti": 5,
          "dti": 404,
          "sco": 36,
          "dco": 2486,
          "txt": "Belize"
        },
        {
          "si": 19,
          "sti": 6,
          "dti": 405,
          "sco": 43,
          "dco": 2493,
          "txt": "stellte"
        },
        {
          "si": 19,
          "sti": 7,
          "dti": 406,
          "sco": 51,
          "dco": 2501,
          "txt": "unter"
        },
        {
          "si": 19,
          "sti": 8,
          "dti": 407,
          "sco": 57,
          "dco": 2507,
          "txt": "Beweis"
        },
        {
          "si": 19,
          "sti": 9,
          "dti": 408,
          "sco": 63,
          "dco": 2513,
          "txt": ","
        },
        {
          "si": 19,
          "sti": 10,
          "dti": 409,
          "sco": 65,
          "dco": 2515,
          "txt": "dass"
        },
        {
          "si": 19,
          "sti": 11,
          "dti": 410,
          "sco": 70,
          "dco": 2520,
          "txt": "auch"
        },
        {
          "si": 19,
          "sti": 12,
          "dti": 411,
          "sco": 75,
          "dco": 2525,
          "txt": "er"
        },
        {
          "si": 19,
          "sti": 13,
          "dti": 412,
          "sco": 78,
          "dco": 2528,
          "txt": "zu"
        },
        {
          "si": 19,
          "sti": 14,
          "dti": 413,
          "sco": 81,
          "dco": 2531,
          "txt": "den"
        },
        {
          "si": 19,
          "sti": 15,
          "dti": 414,
          "sco": 85,
          "dco": 2535,
          "txt": "gefaehrlichen"
        },
        {
          "si": 19,
          "sti": 16,
          "dti": 415,
          "sco": 99,
          "dco": 2549,
          "txt": "Angreifern"
        },
        {
          "si": 19,
          "sti": 17,
          "dti": 416,
          "sco": 110,
          "dco": 2560,
          "txt": "der"
        },
        {
          "si": 19,
          "sti": 18,
          "dti": 417,
          "sco": 114,
          "dco": 2564,
          "txt": "Nordlichter"
        },
        {
          "si": 19,
          "sti": 19,
          "dti": 418,
          "sco": 126,
          "dco": 2576,
          "txt": "gehoert"
        },
        {
          "si": 19,
          "sti": 20,
          "dti": 419,
          "sco": 133,
          "dco": 2583,
          "txt": "."
        },
        {
          "si": 20,
          "sti": 0,
          "dti": 420,
          "sco": 0,
          "dco": 2585,
          "txt": "Und"
        },
        {
          "si": 20,
          "sti": 1,
          "dti": 421,
          "sco": 4,
          "dco": 2589,
          "txt": "er"
        },
        {
          "si": 20,
          "sti": 2,
          "dti": 422,
          "sco": 7,
          "dco": 2592,
          "txt": "ist"
        },
        {
          "si": 20,
          "sti": 3,
          "dti": 423,
          "sco": 11,
          "dco": 2596,
          "txt": "wild"
        },
        {
          "si": 20,
          "sti": 4,
          "dti": 424,
          "sco": 16,
          "dco": 2601,
          "txt": "entschlossen"
        },
        {
          "si": 20,
          "sti": 5,
          "dti": 425,
          "sco": 28,
          "dco": 2613,
          "txt": ","
        },
        {
          "si": 20,
          "sti": 6,
          "dti": 426,
          "sco": 30,
          "dco": 2615,
          "txt": "es"
        },
        {
          "si": 20,
          "sti": 7,
          "dti": 427,
          "sco": 33,
          "dco": 2618,
          "txt": "mit"
        },
        {
          "si": 20,
          "sti": 8,
          "dti": 428,
          "sco": 37,
          "dco": 2622,
          "txt": "seiner"
        },
        {
          "si": 20,
          "sti": 9,
          "dti": 429,
          "sco": 44,
          "dco": 2629,
          "txt": "Mannschaft"
        },
        {
          "si": 20,
          "sti": 10,
          "dti": 430,
          "sco": 55,
          "dco": 2640,
          "txt": "an"
        },
        {
          "si": 20,
          "sti": 11,
          "dti": 431,
          "sco": 58,
          "dco": 2643,
          "txt": "die"
        },
        {
          "si": 20,
          "sti": 12,
          "dti": 432,
          "sco": 62,
          "dco": 2647,
          "txt": "Spitze"
        },
        {
          "si": 20,
          "sti": 13,
          "dti": 433,
          "sco": 69,
          "dco": 2654,
          "txt": "der"
        },
        {
          "si": 20,
          "sti": 14,
          "dti": 434,
          "sco": 73,
          "dco": 2658,
          "txt": "regionalen"
        },
        {
          "si": 20,
          "sti": 15,
          "dti": 435,
          "sco": 84,
          "dco": 2669,
          "txt": "Qualifikation"
        },
        {
          "si": 20,
          "sti": 16,
          "dti": 436,
          "sco": 98,
          "dco": 2683,
          "txt": "zu"
        },
        {
          "si": 20,
          "sti": 17,
          "dti": 437,
          "sco": 101,
          "dco": 2686,
          "txt": "schaffen"
        },
        {
          "si": 20,
          "sti": 18,
          "dti": 438,
          "sco": 109,
          "dco": 2694,
          "txt": "."
        },
        {
          "si": 21,
          "sti": 0,
          "dti": 439,
          "sco": 0,
          "dco": 2696,
          "txt": "Kanada"
        },
        {
          "si": 21,
          "sti": 1,
          "dti": 440,
          "sco": 7,
          "dco": 2703,
          "txt": "zur"
        },
        {
          "si": 21,
          "sti": 2,
          "dti": 441,
          "sco": 11,
          "dco": 2707,
          "txt": "Qualifikation"
        },
        {
          "si": 21,
          "sti": 3,
          "dti": 442,
          "sco": 25,
          "dco": 2721,
          "txt": "zu"
        },
        {
          "si": 21,
          "sti": 4,
          "dti": 443,
          "sco": 28,
          "dco": 2724,
          "txt": "verhelfen"
        },
        {
          "si": 21,
          "sti": 5,
          "dti": 444,
          "sco": 37,
          "dco": 2733,
          "txt": ","
        },
        {
          "si": 21,
          "sti": 6,
          "dti": 445,
          "sco": 39,
          "dco": 2735,
          "txt": "ist"
        },
        {
          "si": 21,
          "sti": 7,
          "dti": 446,
          "sco": 43,
          "dco": 2739,
          "txt": "mein"
        },
        {
          "si": 21,
          "sti": 8,
          "dti": 447,
          "sco": 48,
          "dco": 2744,
          "txt": "groesstes"
        },
        {
          "si": 21,
          "sti": 9,
          "dti": 448,
          "sco": 58,
          "dco": 2754,
          "txt": "Ziel"
        },
        {
          "si": 21,
          "sti": 10,
          "dti": 449,
          "sco": 62,
          "dco": 2758,
          "txt": ","
        },
        {
          "si": 21,
          "sti": 11,
          "dti": 450,
          "sco": 64,
          "dco": 2760,
          "txt": "sagte"
        },
        {
          "si": 21,
          "sti": 12,
          "dti": 451,
          "sco": 70,
          "dco": 2766,
          "txt": "er"
        },
        {
          "si": 21,
          "sti": 13,
          "dti": 452,
          "sco": 72,
          "dco": 2768,
          "txt": "."
        },
        {
          "si": 22,
          "sti": 0,
          "dti": 453,
          "sco": 0,
          "dco": 2770,
          "txt": "Es"
        },
        {
          "si": 22,
          "sti": 1,
          "dti": 454,
          "sco": 3,
          "dco": 2773,
          "txt": "ist"
        },
        {
          "si": 22,
          "sti": 2,
          "dti": 455,
          "sco": 7,
          "dco": 2777,
          "txt": "nicht"
        },
        {
          "si": 22,
          "sti": 3,
          "dti": 456,
          "sco": 13,
          "dco": 2783,
          "txt": "bloss"
        },
        {
          "si": 22,
          "sti": 4,
          "dti": 457,
          "sco": 19,
          "dco": 2789,
          "txt": "ein"
        },
        {
          "si": 22,
          "sti": 5,
          "dti": 458,
          "sco": 23,
          "dco": 2793,
          "txt": "Ziel"
        },
        {
          "si": 22,
          "sti": 6,
          "dti": 459,
          "sco": 27,
          "dco": 2797,
          "txt": ","
        },
        {
          "si": 22,
          "sti": 7,
          "dti": 460,
          "sco": 29,
          "dco": 2799,
          "txt": "sondern"
        },
        {
          "si": 22,
          "sti": 8,
          "dti": 461,
          "sco": 37,
          "dco": 2807,
          "txt": "ein"
        },
        {
          "si": 22,
          "sti": 9,
          "dti": 462,
          "sco": 41,
          "dco": 2811,
          "txt": "Traum"
        },
        {
          "si": 22,
          "sti": 10,
          "dti": 463,
          "sco": 46,
          "dco": 2816,
          "txt": ","
        },
        {
          "si": 22,
          "sti": 11,
          "dti": 464,
          "sco": 48,
          "dco": 2818,
          "txt": "der"
        },
        {
          "si": 22,
          "sti": 12,
          "dti": 465,
          "sco": 52,
          "dco": 2822,
          "txt": "wahr"
        },
        {
          "si": 22,
          "sti": 13,
          "dti": 466,
          "sco": 57,
          "dco": 2827,
          "txt": "werden"
        },
        {
          "si": 22,
          "sti": 14,
          "dti": 467,
          "sco": 64,
          "dco": 2834,
          "txt": "koennte"
        },
        {
          "si": 22,
          "sti": 15,
          "dti": 468,
          "sco": 71,
          "dco": 2841,
          "txt": ","
        },
        {
          "si": 22,
          "sti": 16,
          "dti": 469,
          "sco": 73,
          "dco": 2843,
          "txt": "und"
        },
        {
          "si": 22,
          "sti": 17,
          "dti": 470,
          "sco": 77,
          "dco": 2847,
          "txt": "ich"
        },
        {
          "si": 22,
          "sti": 18,
          "dti": 471,
          "sco": 81,
          "dco": 2851,
          "txt": "werde"
        },
        {
          "si": 22,
          "sti": 19,
          "dti": 472,
          "sco": 87,
          "dco": 2857,
          "txt": "alles"
        },
        {
          "si": 22,
          "sti": 20,
          "dti": 473,
          "sco": 93,
          "dco": 2863,
          "txt": "tun"
        },
        {
          "si": 22,
          "sti": 21,
          "dti": 474,
          "sco": 96,
          "dco": 2866,
          "txt": ","
        },
        {
          "si": 22,
          "sti": 22,
          "dti": 475,
          "sco": 98,
          "dco": 2868,
          "txt": "um"
        },
        {
          "si": 22,
          "sti": 23,
          "dti": 476,
          "sco": 101,
          "dco": 2871,
          "txt": "der"
        },
        {
          "si": 22,
          "sti": 24,
          "dti": 477,
          "sco": 105,
          "dco": 2875,
          "txt": "Mannschaft"
        },
        {
          "si": 22,
          "sti": 25,
          "dti": 478,
          "sco": 116,
          "dco": 2886,
          "txt": "dabei"
        },
        {
          "si": 22,
          "sti": 26,
          "dti": 479,
          "sco": 122,
          "dco": 2892,
          "txt": "weiterzuhelfen"
        },
        {
          "si": 22,
          "sti": 27,
          "dti": 480,
          "sco": 136,
          "dco": 2906,
          "txt": "."
        },
        {
          "si": 23,
          "sti": 0,
          "dti": 481,
          "sco": 0,
          "dco": 2908,
          "txt": "Weitere"
        },
        {
          "si": 23,
          "sti": 1,
          "dti": 482,
          "sco": 8,
          "dco": 2916,
          "txt": "Treffer"
        },
        {
          "si": 23,
          "sti": 2,
          "dti": 483,
          "sco": 16,
          "dco": 2924,
          "txt": "erzielten"
        },
        {
          "si": 23,
          "sti": 3,
          "dti": 484,
          "sco": 26,
          "dco": 2934,
          "txt": "Mittelfeldspieler"
        },
        {
          "si": 23,
          "sti": 4,
          "dti": 485,
          "sco": 44,
          "dco": 2952,
          "txt": "Jim"
        },
        {
          "si": 23,
          "sti": 5,
          "dti": 486,
          "sco": 48,
          "dco": 2956,
          "txt": "Brennan"
        },
        {
          "si": 23,
          "sti": 6,
          "dti": 487,
          "sco": 56,
          "dco": 2964,
          "txt": "und"
        },
        {
          "si": 23,
          "sti": 7,
          "dti": 488,
          "sco": 60,
          "dco": 2968,
          "txt": "Verteidiger"
        },
        {
          "si": 23,
          "sti": 8,
          "dti": 489,
          "sco": 72,
          "dco": 2980,
          "txt": "Jim"
        },
        {
          "si": 23,
          "sti": 9,
          "dti": 490,
          "sco": 76,
          "dco": 2984,
          "txt": "McKenna"
        },
        {
          "si": 23,
          "sti": 10,
          "dti": 491,
          "sco": 85,
          "dco": 2993,
          "txt": "das"
        },
        {
          "si": 23,
          "sti": 11,
          "dti": 492,
          "sco": 89,
          "dco": 2997,
          "txt": "Toreschiessen"
        },
        {
          "si": 23,
          "sti": 12,
          "dti": 493,
          "sco": 103,
          "dco": 3011,
          "txt": "scheint"
        },
        {
          "si": 23,
          "sti": 13,
          "dti": 494,
          "sco": 111,
          "dco": 3019,
          "txt": "den"
        },
        {
          "si": 23,
          "sti": 14,
          "dti": 495,
          "sco": 115,
          "dco": 3023,
          "txt": "Kanadiern"
        },
        {
          "si": 23,
          "sti": 15,
          "dti": 496,
          "sco": 125,
          "dco": 3033,
          "txt": "leicht"
        },
        {
          "si": 23,
          "sti": 16,
          "dti": 497,
          "sco": 132,
          "dco": 3040,
          "txt": "zu"
        },
        {
          "si": 23,
          "sti": 17,
          "dti": 498,
          "sco": 135,
          "dco": 3043,
          "txt": "fallen"
        },
        {
          "si": 23,
          "sti": 18,
          "dti": 499,
          "sco": 141,
          "dco": 3049,
          "txt": "."
        },
        {
          "si": 24,
          "sti": 0,
          "dti": 500,
          "sco": 0,
          "dco": 3051,
          "txt": "Doch"
        },
        {
          "si": 24,
          "sti": 1,
          "dti": 501,
          "sco": 5,
          "dco": 3056,
          "txt": "jetzt"
        },
        {
          "si": 24,
          "sti": 2,
          "dti": 502,
          "sco": 11,
          "dco": 3062,
          "txt": "steht"
        },
        {
          "si": 24,
          "sti": 3,
          "dti": 503,
          "sco": 17,
          "dco": 3068,
          "txt": "den"
        },
        {
          "si": 24,
          "sti": 4,
          "dti": 504,
          "sco": 21,
          "dco": 3072,
          "txt": "angriffslustigen"
        },
        {
          "si": 24,
          "sti": 5,
          "dti": 505,
          "sco": 38,
          "dco": 3089,
          "txt": "Ahornblaettern"
        },
        {
          "si": 24,
          "sti": 6,
          "dti": 506,
          "sco": 53,
          "dco": 3104,
          "txt": "in"
        },
        {
          "si": 24,
          "sti": 7,
          "dti": 507,
          "sco": 56,
          "dco": 3107,
          "txt": "der"
        },
        {
          "si": 24,
          "sti": 8,
          "dti": 508,
          "sco": 60,
          "dco": 3111,
          "txt": "CONCACAF"
        },
        {
          "si": 24,
          "sti": 9,
          "dti": 509,
          "sco": 68,
          "dco": 3119,
          "txt": "-"
        },
        {
          "si": 24,
          "sti": 10,
          "dti": 510,
          "sco": 69,
          "dco": 3120,
          "txt": "Qualifikation"
        },
        {
          "si": 24,
          "sti": 11,
          "dti": 511,
          "sco": 83,
          "dco": 3134,
          "txt": "eine"
        },
        {
          "si": 24,
          "sti": 12,
          "dti": 512,
          "sco": 88,
          "dco": 3139,
          "txt": "schwere"
        },
        {
          "si": 24,
          "sti": 13,
          "dti": 513,
          "sco": 96,
          "dco": 3147,
          "txt": "Halbfinalgruppe"
        },
        {
          "si": 24,
          "sti": 14,
          "dti": 514,
          "sco": 112,
          "dco": 3163,
          "txt": "bevor"
        },
        {
          "si": 24,
          "sti": 15,
          "dti": 515,
          "sco": 117,
          "dco": 3168,
          "txt": "."
        },
        {
          "si": 25,
          "sti": 0,
          "dti": 516,
          "sco": 0,
          "dco": 3170,
          "txt": "Gegen"
        },
        {
          "si": 25,
          "sti": 1,
          "dti": 517,
          "sco": 6,
          "dco": 3176,
          "txt": "Honduras"
        },
        {
          "si": 25,
          "sti": 2,
          "dti": 518,
          "sco": 14,
          "dco": 3184,
          "txt": ","
        },
        {
          "si": 25,
          "sti": 3,
          "dti": 519,
          "sco": 16,
          "dco": 3186,
          "txt": "Costa"
        },
        {
          "si": 25,
          "sti": 4,
          "dti": 520,
          "sco": 22,
          "dco": 3192,
          "txt": "Rica"
        },
        {
          "si": 25,
          "sti": 5,
          "dti": 521,
          "sco": 27,
          "dco": 3197,
          "txt": "und"
        },
        {
          "si": 25,
          "sti": 6,
          "dti": 522,
          "sco": 31,
          "dco": 3201,
          "txt": "Guatemala"
        },
        {
          "si": 25,
          "sti": 7,
          "dti": 523,
          "sco": 41,
          "dco": 3211,
          "txt": "werden"
        },
        {
          "si": 25,
          "sti": 8,
          "dti": 524,
          "sco": 48,
          "dco": 3218,
          "txt": "sie"
        },
        {
          "si": 25,
          "sti": 9,
          "dti": 525,
          "sco": 52,
          "dco": 3222,
          "txt": "in"
        },
        {
          "si": 25,
          "sti": 10,
          "dti": 526,
          "sco": 55,
          "dco": 3225,
          "txt": "Gruppe"
        },
        {
          "si": 25,
          "sti": 11,
          "dti": 527,
          "sco": 62,
          "dco": 3232,
          "txt": "B"
        },
        {
          "si": 25,
          "sti": 12,
          "dti": 528,
          "sco": 64,
          "dco": 3234,
          "txt": "alles"
        },
        {
          "si": 25,
          "sti": 13,
          "dti": 529,
          "sco": 70,
          "dco": 3240,
          "txt": "geben"
        },
        {
          "si": 25,
          "sti": 14,
          "dti": 530,
          "sco": 76,
          "dco": 3246,
          "txt": "muessen"
        },
        {
          "si": 25,
          "sti": 15,
          "dti": 531,
          "sco": 83,
          "dco": 3253,
          "txt": "."
        },
        {
          "si": 26,
          "sti": 0,
          "dti": 532,
          "sco": 0,
          "dco": 3255,
          "txt": "Aber"
        },
        {
          "si": 26,
          "sti": 1,
          "dti": 533,
          "sco": 5,
          "dco": 3260,
          "txt": "wie"
        },
        {
          "si": 26,
          "sti": 2,
          "dti": 534,
          "sco": 9,
          "dco": 3264,
          "txt": "heisst"
        },
        {
          "si": 26,
          "sti": 3,
          "dti": 535,
          "sco": 16,
          "dco": 3271,
          "txt": "es"
        },
        {
          "si": 26,
          "sti": 4,
          "dti": 536,
          "sco": 19,
          "dco": 3274,
          "txt": "so"
        },
        {
          "si": 26,
          "sti": 5,
          "dti": 537,
          "sco": 22,
          "dco": 3277,
          "txt": "schoen"
        },
        {
          "si": 26,
          "sti": 6,
          "dti": 538,
          "sco": 28,
          "dco": 3283,
          "txt": ":"
        },
        {
          "si": 26,
          "sti": 7,
          "dti": 539,
          "sco": 30,
          "dco": 3285,
          "txt": "Angriff"
        },
        {
          "si": 26,
          "sti": 8,
          "dti": 540,
          "sco": 38,
          "dco": 3293,
          "txt": "ist"
        },
        {
          "si": 26,
          "sti": 9,
          "dti": 541,
          "sco": 42,
          "dco": 3297,
          "txt": "die"
        },
        {
          "si": 26,
          "sti": 10,
          "dti": 542,
          "sco": 46,
          "dco": 3301,
          "txt": "beste"
        },
        {
          "si": 26,
          "sti": 11,
          "dti": 543,
          "sco": 52,
          "dco": 3307,
          "txt": "Verteidigung"
        },
        {
          "si": 26,
          "sti": 12,
          "dti": 544,
          "sco": 66,
          "dco": 3321,
          "txt": "und"
        },
        {
          "si": 26,
          "sti": 13,
          "dti": 545,
          "sco": 70,
          "dco": 3325,
          "txt": "das"
        },
        {
          "si": 26,
          "sti": 14,
          "dti": 546,
          "sco": 74,
          "dco": 3329,
          "txt": "scheinen"
        },
        {
          "si": 26,
          "sti": 15,
          "dti": 547,
          "sco": 83,
          "dco": 3338,
          "txt": "Yallops"
        },
        {
          "si": 26,
          "sti": 16,
          "dti": 548,
          "sco": 91,
          "dco": 3346,
          "txt": "Maenner"
        },
        {
          "si": 26,
          "sti": 17,
          "dti": 549,
          "sco": 99,
          "dco": 3354,
          "txt": "zu"
        },
        {
          "si": 26,
          "sti": 18,
          "dti": 550,
          "sco": 102,
          "dco": 3357,
          "txt": "beherzigen"
        },
        {
          "si": 26,
          "sti": 19,
          "dti": 551,
          "sco": 112,
          "dco": 3367,
          "txt": "."
        },
        {
          "si": 27,
          "sti": 0,
          "dti": 552,
          "sco": 0,
          "dco": 3369,
          "txt": "Ich"
        },
        {
          "si": 27,
          "sti": 1,
          "dti": 553,
          "sco": 4,
          "dco": 3373,
          "txt": "moechte"
        },
        {
          "si": 27,
          "sti": 2,
          "dti": 554,
          "sco": 12,
          "dco": 3381,
          "txt": "eine"
        },
        {
          "si": 27,
          "sti": 3,
          "dti": 555,
          "sco": 17,
          "dco": 3386,
          "txt": "neue"
        },
        {
          "si": 27,
          "sti": 4,
          "dti": 556,
          "sco": 22,
          "dco": 3391,
          "txt": "Einstellung"
        },
        {
          "si": 27,
          "sti": 5,
          "dti": 557,
          "sco": 34,
          "dco": 3403,
          "txt": "vermitteln"
        },
        {
          "si": 27,
          "sti": 6,
          "dti": 558,
          "sco": 45,
          "dco": 3414,
          "txt": "sagte"
        },
        {
          "si": 27,
          "sti": 7,
          "dti": 559,
          "sco": 51,
          "dco": 3420,
          "txt": "der"
        },
        {
          "si": 27,
          "sti": 8,
          "dti": 560,
          "sco": 55,
          "dco": 3424,
          "txt": "Trainer"
        },
        {
          "si": 27,
          "sti": 9,
          "dti": 561,
          "sco": 63,
          "dco": 3432,
          "txt": "vor"
        },
        {
          "si": 27,
          "sti": 10,
          "dti": 562,
          "sco": 67,
          "dco": 3436,
          "txt": "kurzem"
        },
        {
          "si": 27,
          "sti": 11,
          "dti": 563,
          "sco": 74,
          "dco": 3443,
          "txt": "im"
        },
        {
          "si": 27,
          "sti": 12,
          "dti": 564,
          "sco": 77,
          "dco": 3446,
          "txt": "Interview"
        },
        {
          "si": 27,
          "sti": 13,
          "dti": 565,
          "sco": 87,
          "dco": 3456,
          "txt": "mit"
        },
        {
          "si": 27,
          "sti": 14,
          "dti": 566,
          "sco": 92,
          "dco": 3461,
          "txt": "FIFAworldcup"
        },
        {
          "si": 27,
          "sti": 15,
          "dti": 567,
          "sco": 104,
          "dco": 3473,
          "txt": "."
        },
        {
          "si": 27,
          "sti": 16,
          "dti": 568,
          "sco": 105,
          "dco": 3474,
          "txt": "com"
        },
        {
          "si": 27,
          "sti": 17,
          "dti": 569,
          "sco": 109,
          "dco": 3478,
          "txt": "."
        },
        {
          "si": 28,
          "sti": 0,
          "dti": 570,
          "sco": 0,
          "dco": 3480,
          "txt": "Ich"
        },
        {
          "si": 28,
          "sti": 1,
          "dti": 571,
          "sco": 4,
          "dco": 3484,
          "txt": "moechte"
        },
        {
          "si": 28,
          "sti": 2,
          "dti": 572,
          "sco": 11,
          "dco": 3491,
          "txt": ","
        },
        {
          "si": 28,
          "sti": 3,
          "dti": 573,
          "sco": 13,
          "dco": 3493,
          "txt": "dass"
        },
        {
          "si": 28,
          "sti": 4,
          "dti": 574,
          "sco": 18,
          "dco": 3498,
          "txt": "die"
        },
        {
          "si": 28,
          "sti": 5,
          "dti": 575,
          "sco": 22,
          "dco": 3502,
          "txt": "Spieler"
        },
        {
          "si": 28,
          "sti": 6,
          "dti": 576,
          "sco": 30,
          "dco": 3510,
          "txt": "darauf"
        },
        {
          "si": 28,
          "sti": 7,
          "dti": 577,
          "sco": 37,
          "dco": 3517,
          "txt": "brennen"
        },
        {
          "si": 28,
          "sti": 8,
          "dti": 578,
          "sco": 44,
          "dco": 3524,
          "txt": ","
        },
        {
          "si": 28,
          "sti": 9,
          "dti": 579,
          "sco": 46,
          "dco": 3526,
          "txt": "fuer"
        },
        {
          "si": 28,
          "sti": 10,
          "dti": 580,
          "sco": 51,
          "dco": 3531,
          "txt": "Kanada"
        },
        {
          "si": 28,
          "sti": 11,
          "dti": 581,
          "sco": 58,
          "dco": 3538,
          "txt": "zu"
        },
        {
          "si": 28,
          "sti": 12,
          "dti": 582,
          "sco": 61,
          "dco": 3541,
          "txt": "spielen"
        },
        {
          "si": 28,
          "sti": 13,
          "dti": 583,
          "sco": 68,
          "dco": 3548,
          "txt": ","
        },
        {
          "si": 28,
          "sti": 14,
          "dti": 584,
          "sco": 70,
          "dco": 3550,
          "txt": "und"
        },
        {
          "si": 28,
          "sti": 15,
          "dti": 585,
          "sco": 74,
          "dco": 3554,
          "txt": "vor"
        },
        {
          "si": 28,
          "sti": 16,
          "dti": 586,
          "sco": 78,
          "dco": 3558,
          "txt": "allem"
        },
        {
          "si": 28,
          "sti": 17,
          "dti": 587,
          "sco": 84,
          "dco": 3564,
          "txt": "will"
        },
        {
          "si": 28,
          "sti": 18,
          "dti": 588,
          "sco": 89,
          "dco": 3569,
          "txt": "ich"
        },
        {
          "si": 28,
          "sti": 19,
          "dti": 589,
          "sco": 93,
          "dco": 3573,
          "txt": "2006"
        },
        {
          "si": 28,
          "sti": 20,
          "dti": 590,
          "sco": 98,
          "dco": 3578,
          "txt": "in"
        },
        {
          "si": 28,
          "sti": 21,
          "dti": 591,
          "sco": 101,
          "dco": 3581,
          "txt": "Deutschland"
        },
        {
          "si": 28,
          "sti": 22,
          "dti": 592,
          "sco": 113,
          "dco": 3593,
          "txt": "dabei"
        },
        {
          "si": 28,
          "sti": 23,
          "dti": 593,
          "sco": 119,
          "dco": 3599,
          "txt": "sein"
        },
        {
          "si": 28,
          "sti": 24,
          "dti": 594,
          "sco": 123,
          "dco": 3603,
          "txt": "."
        },
        {
          "si": 29,
          "sti": 0,
          "dti": 595,
          "sco": 0,
          "dco": 3605,
          "txt": "Mit"
        },
        {
          "si": 29,
          "sti": 1,
          "dti": 596,
          "sco": 4,
          "dco": 3609,
          "txt": "einem"
        },
        {
          "si": 29,
          "sti": 2,
          "dti": 597,
          "sco": 10,
          "dco": 3615,
          "txt": "ganzen"
        },
        {
          "si": 29,
          "sti": 3,
          "dti": 598,
          "sco": 17,
          "dco": 3622,
          "txt": "Stall"
        },
        {
          "si": 29,
          "sti": 4,
          "dti": 599,
          "sco": 23,
          "dco": 3628,
          "txt": "voller"
        },
        {
          "si": 29,
          "sti": 5,
          "dti": 600,
          "sco": 30,
          "dco": 3635,
          "txt": "talentierter"
        },
        {
          "si": 29,
          "sti": 6,
          "dti": 601,
          "sco": 43,
          "dco": 3648,
          "txt": "Stuermer"
        },
        {
          "si": 29,
          "sti": 7,
          "dti": 602,
          "sco": 52,
          "dco": 3657,
          "txt": "wachsen"
        },
        {
          "si": 29,
          "sti": 8,
          "dti": 603,
          "sco": 60,
          "dco": 3665,
          "txt": "die"
        },
        {
          "si": 29,
          "sti": 9,
          "dti": 604,
          "sco": 64,
          "dco": 3669,
          "txt": "fussballerischen"
        },
        {
          "si": 29,
          "sti": 10,
          "dti": 605,
          "sco": 81,
          "dco": 3686,
          "txt": "Hoffnungen"
        },
        {
          "si": 29,
          "sti": 11,
          "dti": 606,
          "sco": 92,
          "dco": 3697,
          "txt": "ueber"
        },
        {
          "si": 29,
          "sti": 12,
          "dti": 607,
          "sco": 98,
          "dco": 3703,
          "txt": "der"
        },
        {
          "si": 29,
          "sti": 13,
          "dti": 608,
          "sco": 102,
          "dco": 3707,
          "txt": "weiten"
        },
        {
          "si": 29,
          "sti": 14,
          "dti": 609,
          "sco": 109,
          "dco": 3714,
          "txt": "kanadischen"
        },
        {
          "si": 29,
          "sti": 15,
          "dti": 610,
          "sco": 121,
          "dco": 3726,
          "txt": "Praerie"
        },
        {
          "si": 29,
          "sti": 16,
          "dti": 611,
          "sco": 129,
          "dco": 3734,
          "txt": "inzwischen"
        },
        {
          "si": 29,
          "sti": 17,
          "dti": 612,
          "sco": 140,
          "dco": 3745,
          "txt": "in"
        },
        {
          "si": 29,
          "sti": 18,
          "dti": 613,
          "sco": 143,
          "dco": 3748,
          "txt": "den"
        },
        {
          "si": 29,
          "sti": 19,
          "dti": 614,
          "sco": 147,
          "dco": 3752,
          "txt": "Himmel"
        },
        {
          "si": 29,
          "sti": 20,
          "dti": 615,
          "sco": 153,
          "dco": 3758,
          "txt": "."
        }
      ]
    },
    "ganns": {
      "dla": [],
      "la": [],
      "ea": [],
      "eta": [
        {
          "ra": {
            "ea": {
              "etn": "Goal"
            }
          },
          "sfs": [
            [
              {
                "stn": "scoreTeamB"
              },
              {
                "ea": {
                  "etn": "1"
                }
              }
            ],
            [
              {
                "stn": "forTeam"
              },
              {
                "ea": {
                  "etn": "Kanada"
                }
              }
            ],
            [
              {
                "stn": "scoreTeamA"
              },
              {
                "ea": {
                  "etn": "0"
                }
              }
            ],
            [
              {
                "stn": "minute"
              },
              {
                "ea": {
                  "etn": "45"
                }
              }
            ],
            [
              {
                "stn": "scorer"
              },
              {
                "ea": {
                  "etn": "Radzinski Tomasz"
                }
              }
            ]
          ],
          "mfs": {}
        },
        {
          "ra": {
            "ea": {
              "etn": "Goal"
            }
          },
          "sfs": [
            [
              {
                "stn": "scoreTeamB"
              },
              {
                "ea": {
                  "etn": "2"
                }
              }
            ],
            [
              {
                "stn": "forTeam"
              },
              {
                "ea": {
                  "etn": "Kanada"
                }
              }
            ],
            [
              {
                "stn": "scoreTeamA"
              },
              {
                "ea": {
                  "etn": "0"
                }
              }
            ],
            [
              {
                "stn": "minute"
              },
              {
                "ea": {
                  "etn": "63"
                }
              }
            ],
            [
              {
                "stn": "scorer"
              },
              {
                "ea": {
                  "etn": "De Rosario Dwayne"
                }
              }
            ]
          ],
          "mfs": {}
        },
        {
          "ra": {
            "ea": {
              "etn": "Goal"
            }
          },
          "sfs": [
            [
              {
                "stn": "scoreTeamB"
              },
              {
                "ea": {
                  "etn": "3"
                }
              }
            ],
            [
              {
                "stn": "forTeam"
              },
              {
                "ea": {
                  "etn": "Kanada"
                }
              }
            ],
            [
              {
                "stn": "scoreTeamA"
              },
              {
                "ea": {
                  "etn": "0"
                }
              }
            ],
            [
              {
                "stn": "minute"
              },
              {
                "ea": {
                  "etn": "73"
                }
              }
            ],
            [
              {
                "stn": "scorer"
              },
              {
                "ea": {
                  "etn": "De Rosario Dwayne"
                }
              }
            ]
          ],
          "mfs": {}
        },
        {
          "ra": {
            "ea": {
              "etn": "Goal"
            }
          },
          "sfs": [
            [
              {
                "stn": "scoreTeamB"
              },
              {
                "ea": {
                  "etn": "4"
                }
              }
            ],
            [
              {
                "stn": "forTeam"
              },
              {
                "ea": {
                  "etn": "Kanada"
                }
              }
            ],
            [
              {
                "stn": "scoreTeamA"
              },
              {
                "ea": {
                  "etn": "0"
                }
              }
            ],
            [
              {
                "stn": "minute"
              },
              {
                "ea": {
                  "etn": "85"
                }
              }
            ],
            [
              {
                "stn": "scorer"
              },
              {
                "ea": {
                  "etn": "Brennan Jim"
                }
              }
            ]
          ],
          "mfs": {}
        }
      ]
    }
  }
]
