[
  {
    "context": "UNSPECIFIED",
    "doc": {
      "id": "de_mr35985_struct",
      "tl": [
        {
          "si": 0,
          "sti": 0,
          "dti": 0,
          "sco": 0,
          "dco": 0,
          "txt": "Costa"
        },
        {
          "si": 0,
          "sti": 1,
          "dti": 1,
          "sco": 6,
          "dco": 6,
          "txt": "Rica"
        },
        {
          "si": 0,
          "sti": 2,
          "dti": 2,
          "sco": 11,
          "dco": 11,
          "txt": "mit"
        },
        {
          "si": 0,
          "sti": 3,
          "dti": 3,
          "sco": 15,
          "dco": 15,
          "txt": "Muehe"
        },
        {
          "si": 0,
          "sti": 4,
          "dti": 4,
          "sco": 21,
          "dco": 21,
          "txt": "gegen"
        },
        {
          "si": 0,
          "sti": 5,
          "dti": 5,
          "sco": 27,
          "dco": 27,
          "txt": "Kuba"
        },
        {
          "si": 0,
          "sti": 6,
          "dti": 6,
          "sco": 31,
          "dco": 31,
          "txt": "."
        },
        {
          "si": 1,
          "sti": 0,
          "dti": 7,
          "sco": 0,
          "dco": 33,
          "txt": "Costa"
        },
        {
          "si": 1,
          "sti": 1,
          "dti": 8,
          "sco": 6,
          "dco": 39,
          "txt": "Rica"
        },
        {
          "si": 1,
          "sti": 2,
          "dti": 9,
          "sco": 11,
          "dco": 44,
          "txt": "erreichte"
        },
        {
          "si": 1,
          "sti": 3,
          "dti": 10,
          "sco": 21,
          "dco": 54,
          "txt": "an"
        },
        {
          "si": 1,
          "sti": 4,
          "dti": 11,
          "sco": 24,
          "dco": 57,
          "txt": "diesem"
        },
        {
          "si": 1,
          "sti": 5,
          "dti": 12,
          "sco": 31,
          "dco": 64,
          "txt": "Sonntag"
        },
        {
          "si": 1,
          "sti": 6,
          "dti": 13,
          "sco": 39,
          "dco": 72,
          "txt": "die"
        },
        {
          "si": 1,
          "sti": 7,
          "dti": 14,
          "sco": 43,
          "dco": 76,
          "txt": "dritte"
        },
        {
          "si": 1,
          "sti": 8,
          "dti": 15,
          "sco": 50,
          "dco": 83,
          "txt": "Runde"
        },
        {
          "si": 1,
          "sti": 9,
          "dti": 16,
          "sco": 56,
          "dco": 89,
          "txt": "der"
        },
        {
          "si": 1,
          "sti": 10,
          "dti": 17,
          "sco": 60,
          "dco": 93,
          "txt": "Qualifikation"
        },
        {
          "si": 1,
          "sti": 11,
          "dti": 18,
          "sco": 74,
          "dco": 107,
          "txt": "der"
        },
        {
          "si": 1,
          "sti": 12,
          "dti": 19,
          "sco": 78,
          "dco": 111,
          "txt": "CONCACAF"
        },
        {
          "si": 1,
          "sti": 13,
          "dti": 20,
          "sco": 87,
          "dco": 120,
          "txt": "zur"
        },
        {
          "si": 1,
          "sti": 14,
          "dti": 21,
          "sco": 91,
          "dco": 124,
          "txt": "FIFA"
        },
        {
          "si": 1,
          "sti": 15,
          "dti": 22,
          "sco": 96,
          "dco": 129,
          "txt": "Fussball"
        },
        {
          "si": 1,
          "sti": 16,
          "dti": 23,
          "sco": 104,
          "dco": 137,
          "txt": "-"
        },
        {
          "si": 1,
          "sti": 17,
          "dti": 24,
          "sco": 105,
          "dco": 138,
          "txt": "Weltmeisterschaft"
        },
        {
          "si": 1,
          "sti": 18,
          "dti": 25,
          "sco": 123,
          "dco": 156,
          "txt": "Deutschland"
        },
        {
          "si": 1,
          "sti": 19,
          "dti": 26,
          "sco": 135,
          "dco": 168,
          "txt": "2006"
        },
        {
          "si": 1,
          "sti": 20,
          "dti": 27,
          "sco": 140,
          "dco": 173,
          "txt": "durch"
        },
        {
          "si": 1,
          "sti": 21,
          "dti": 28,
          "sco": 146,
          "dco": 179,
          "txt": "ein"
        },
        {
          "si": 1,
          "sti": 22,
          "dti": 29,
          "sco": 150,
          "dco": 183,
          "txt": "1"
        },
        {
          "si": 1,
          "sti": 23,
          "dti": 30,
          "sco": 151,
          "dco": 184,
          "txt": ":"
        },
        {
          "si": 1,
          "sti": 24,
          "dti": 31,
          "sco": 152,
          "dco": 185,
          "txt": "1"
        },
        {
          "si": 1,
          "sti": 25,
          "dti": 32,
          "sco": 153,
          "dco": 186,
          "txt": "-"
        },
        {
          "si": 1,
          "sti": 26,
          "dti": 33,
          "sco": 154,
          "dco": 187,
          "txt": "Unentschieden"
        },
        {
          "si": 1,
          "sti": 27,
          "dti": 34,
          "sco": 168,
          "dco": 201,
          "txt": "gegen"
        },
        {
          "si": 1,
          "sti": 28,
          "dti": 35,
          "sco": 174,
          "dco": 207,
          "txt": "Kuba"
        },
        {
          "si": 1,
          "sti": 29,
          "dti": 36,
          "sco": 179,
          "dco": 212,
          "txt": "im"
        },
        {
          "si": 1,
          "sti": 30,
          "dti": 37,
          "sco": 182,
          "dco": 215,
          "txt": "Stadion"
        },
        {
          "si": 1,
          "sti": 31,
          "dti": 38,
          "sco": 190,
          "dco": 223,
          "txt": "Alejandro"
        },
        {
          "si": 1,
          "sti": 32,
          "dti": 39,
          "sco": 200,
          "dco": 233,
          "txt": "Morera"
        },
        {
          "si": 1,
          "sti": 33,
          "dti": 40,
          "sco": 207,
          "dco": 240,
          "txt": "in"
        },
        {
          "si": 1,
          "sti": 34,
          "dti": 41,
          "sco": 210,
          "dco": 243,
          "txt": "Alajuela"
        },
        {
          "si": 1,
          "sti": 35,
          "dti": 42,
          "sco": 218,
          "dco": 251,
          "txt": ","
        },
        {
          "si": 1,
          "sti": 36,
          "dti": 43,
          "sco": 220,
          "dco": 253,
          "txt": "20"
        },
        {
          "si": 1,
          "sti": 37,
          "dti": 44,
          "sco": 223,
          "dco": 256,
          "txt": "km"
        },
        {
          "si": 1,
          "sti": 38,
          "dti": 45,
          "sco": 226,
          "dco": 259,
          "txt": "noerdlich"
        },
        {
          "si": 1,
          "sti": 39,
          "dti": 46,
          "sco": 236,
          "dco": 269,
          "txt": "der"
        },
        {
          "si": 1,
          "sti": 40,
          "dti": 47,
          "sco": 240,
          "dco": 273,
          "txt": "Hauptstadt"
        },
        {
          "si": 1,
          "sti": 41,
          "dti": 48,
          "sco": 250,
          "dco": 283,
          "txt": "."
        },
        {
          "si": 2,
          "sti": 0,
          "dti": 49,
          "sco": 0,
          "dco": 285,
          "txt": "In"
        },
        {
          "si": 2,
          "sti": 1,
          "dti": 50,
          "sco": 3,
          "dco": 288,
          "txt": "der"
        },
        {
          "si": 2,
          "sti": 2,
          "dti": 51,
          "sco": 7,
          "dco": 292,
          "txt": "30"
        },
        {
          "si": 2,
          "sti": 3,
          "dti": 52,
          "sco": 9,
          "dco": 294,
          "txt": "."
        },
        {
          "si": 3,
          "sti": 0,
          "dti": 53,
          "sco": 0,
          "dco": 296,
          "txt": "Minute"
        },
        {
          "si": 3,
          "sti": 1,
          "dti": 54,
          "sco": 7,
          "dco": 303,
          "txt": "brachte"
        },
        {
          "si": 3,
          "sti": 2,
          "dti": 55,
          "sco": 15,
          "dco": 311,
          "txt": "Stuermer"
        },
        {
          "si": 3,
          "sti": 3,
          "dti": 56,
          "sco": 24,
          "dco": 320,
          "txt": "Ronald"
        },
        {
          "si": 3,
          "sti": 4,
          "dti": 57,
          "sco": 31,
          "dco": 327,
          "txt": "Gmez"
        },
        {
          "si": 3,
          "sti": 5,
          "dti": 58,
          "sco": 36,
          "dco": 332,
          "txt": "Costa"
        },
        {
          "si": 3,
          "sti": 6,
          "dti": 59,
          "sco": 42,
          "dco": 338,
          "txt": "Rica"
        },
        {
          "si": 3,
          "sti": 7,
          "dti": 60,
          "sco": 47,
          "dco": 343,
          "txt": "mit"
        },
        {
          "si": 3,
          "sti": 8,
          "dti": 61,
          "sco": 51,
          "dco": 347,
          "txt": "1"
        },
        {
          "si": 3,
          "sti": 9,
          "dti": 62,
          "sco": 52,
          "dco": 348,
          "txt": ":"
        },
        {
          "si": 3,
          "sti": 10,
          "dti": 63,
          "sco": 53,
          "dco": 349,
          "txt": "0"
        },
        {
          "si": 3,
          "sti": 11,
          "dti": 64,
          "sco": 55,
          "dco": 351,
          "txt": "in"
        },
        {
          "si": 3,
          "sti": 12,
          "dti": 65,
          "sco": 58,
          "dco": 354,
          "txt": "Fuehrung"
        },
        {
          "si": 3,
          "sti": 13,
          "dti": 66,
          "sco": 66,
          "dco": 362,
          "txt": ","
        },
        {
          "si": 3,
          "sti": 14,
          "dti": 67,
          "sco": 68,
          "dco": 364,
          "txt": "bevor"
        },
        {
          "si": 3,
          "sti": 15,
          "dti": 68,
          "sco": 74,
          "dco": 370,
          "txt": "Alain"
        },
        {
          "si": 3,
          "sti": 16,
          "dti": 69,
          "sco": 80,
          "dco": 376,
          "txt": "Cervantes"
        },
        {
          "si": 3,
          "sti": 17,
          "dti": 70,
          "sco": 90,
          "dco": 386,
          "txt": "in"
        },
        {
          "si": 3,
          "sti": 18,
          "dti": 71,
          "sco": 93,
          "dco": 389,
          "txt": "der"
        },
        {
          "si": 3,
          "sti": 19,
          "dti": 72,
          "sco": 97,
          "dco": 393,
          "txt": "45"
        },
        {
          "si": 3,
          "sti": 20,
          "dti": 73,
          "sco": 99,
          "dco": 395,
          "txt": "."
        },
        {
          "si": 4,
          "sti": 0,
          "dti": 74,
          "sco": 0,
          "dco": 397,
          "txt": "Minute"
        },
        {
          "si": 4,
          "sti": 1,
          "dti": 75,
          "sco": 7,
          "dco": 404,
          "txt": "den"
        },
        {
          "si": 4,
          "sti": 2,
          "dti": 76,
          "sco": 11,
          "dco": 408,
          "txt": "Ausgleich"
        },
        {
          "si": 4,
          "sti": 3,
          "dti": 77,
          "sco": 21,
          "dco": 418,
          "txt": "fuer"
        },
        {
          "si": 4,
          "sti": 4,
          "dti": 78,
          "sco": 26,
          "dco": 423,
          "txt": "Kuba"
        },
        {
          "si": 4,
          "sti": 5,
          "dti": 79,
          "sco": 31,
          "dco": 428,
          "txt": "besorgte"
        },
        {
          "si": 4,
          "sti": 6,
          "dti": 80,
          "sco": 39,
          "dco": 436,
          "txt": "."
        },
        {
          "si": 5,
          "sti": 0,
          "dti": 81,
          "sco": 0,
          "dco": 438,
          "txt": "Kuba"
        },
        {
          "si": 5,
          "sti": 1,
          "dti": 82,
          "sco": 5,
          "dco": 443,
          "txt": "und"
        },
        {
          "si": 5,
          "sti": 2,
          "dti": 83,
          "sco": 9,
          "dco": 447,
          "txt": "Costa"
        },
        {
          "si": 5,
          "sti": 3,
          "dti": 84,
          "sco": 15,
          "dco": 453,
          "txt": "Rica"
        },
        {
          "si": 5,
          "sti": 4,
          "dti": 85,
          "sco": 20,
          "dco": 458,
          "txt": "hatten"
        },
        {
          "si": 5,
          "sti": 5,
          "dti": 86,
          "sco": 27,
          "dco": 465,
          "txt": "sich"
        },
        {
          "si": 5,
          "sti": 6,
          "dti": 87,
          "sco": 32,
          "dco": 470,
          "txt": "am"
        },
        {
          "si": 5,
          "sti": 7,
          "dti": 88,
          "sco": 35,
          "dco": 473,
          "txt": "vergangenen"
        },
        {
          "si": 5,
          "sti": 8,
          "dti": 89,
          "sco": 47,
          "dco": 485,
          "txt": "Sonntag"
        },
        {
          "si": 5,
          "sti": 9,
          "dti": 90,
          "sco": 55,
          "dco": 493,
          "txt": "in"
        },
        {
          "si": 5,
          "sti": 10,
          "dti": 91,
          "sco": 58,
          "dco": 496,
          "txt": "Havanna"
        },
        {
          "si": 5,
          "sti": 11,
          "dti": 92,
          "sco": 66,
          "dco": 504,
          "txt": "mit"
        },
        {
          "si": 5,
          "sti": 12,
          "dti": 93,
          "sco": 70,
          "dco": 508,
          "txt": "2"
        },
        {
          "si": 5,
          "sti": 13,
          "dti": 94,
          "sco": 71,
          "dco": 509,
          "txt": ":"
        },
        {
          "si": 5,
          "sti": 14,
          "dti": 95,
          "sco": 72,
          "dco": 510,
          "txt": "2"
        },
        {
          "si": 5,
          "sti": 15,
          "dti": 96,
          "sco": 74,
          "dco": 512,
          "txt": "getrennt"
        },
        {
          "si": 5,
          "sti": 16,
          "dti": 97,
          "sco": 82,
          "dco": 520,
          "txt": "."
        },
        {
          "si": 6,
          "sti": 0,
          "dti": 98,
          "sco": 0,
          "dco": 522,
          "txt": "Costa"
        },
        {
          "si": 6,
          "sti": 1,
          "dti": 99,
          "sco": 6,
          "dco": 528,
          "txt": "Rica"
        },
        {
          "si": 6,
          "sti": 2,
          "dti": 100,
          "sco": 11,
          "dco": 533,
          "txt": "erreicht"
        },
        {
          "si": 6,
          "sti": 3,
          "dti": 101,
          "sco": 20,
          "dco": 542,
          "txt": "damit"
        },
        {
          "si": 6,
          "sti": 4,
          "dti": 102,
          "sco": 26,
          "dco": 548,
          "txt": "aufgrund"
        },
        {
          "si": 6,
          "sti": 5,
          "dti": 103,
          "sco": 35,
          "dco": 557,
          "txt": "der"
        },
        {
          "si": 6,
          "sti": 6,
          "dti": 104,
          "sco": 39,
          "dco": 561,
          "txt": "mehr"
        },
        {
          "si": 6,
          "sti": 7,
          "dti": 105,
          "sco": 44,
          "dco": 566,
          "txt": "erzielten"
        },
        {
          "si": 6,
          "sti": 8,
          "dti": 106,
          "sco": 54,
          "dco": 576,
          "txt": "Auswaertstore"
        },
        {
          "si": 6,
          "sti": 9,
          "dti": 107,
          "sco": 68,
          "dco": 590,
          "txt": "die"
        },
        {
          "si": 6,
          "sti": 10,
          "dti": 108,
          "sco": 72,
          "dco": 594,
          "txt": "naechste"
        },
        {
          "si": 6,
          "sti": 11,
          "dti": 109,
          "sco": 81,
          "dco": 603,
          "txt": "Runde"
        },
        {
          "si": 6,
          "sti": 12,
          "dti": 110,
          "sco": 86,
          "dco": 608,
          "txt": "."
        },
        {
          "si": 7,
          "sti": 0,
          "dti": 111,
          "sco": 0,
          "dco": 610,
          "txt": "Costa"
        },
        {
          "si": 7,
          "sti": 1,
          "dti": 112,
          "sco": 6,
          "dco": 616,
          "txt": "Ricas"
        },
        {
          "si": 7,
          "sti": 2,
          "dti": 113,
          "sco": 12,
          "dco": 622,
          "txt": "Trainer"
        },
        {
          "si": 7,
          "sti": 3,
          "dti": 114,
          "sco": 20,
          "dco": 630,
          "txt": "Steve"
        },
        {
          "si": 7,
          "sti": 4,
          "dti": 115,
          "sco": 26,
          "dco": 636,
          "txt": "Sampson"
        },
        {
          "si": 7,
          "sti": 5,
          "dti": 116,
          "sco": 34,
          "dco": 644,
          "txt": "wurde"
        },
        {
          "si": 7,
          "sti": 6,
          "dti": 117,
          "sco": 40,
          "dco": 650,
          "txt": "nach"
        },
        {
          "si": 7,
          "sti": 7,
          "dti": 118,
          "sco": 45,
          "dco": 655,
          "txt": "dem"
        },
        {
          "si": 7,
          "sti": 8,
          "dti": 119,
          "sco": 49,
          "dco": 659,
          "txt": "schwachen"
        },
        {
          "si": 7,
          "sti": 9,
          "dti": 120,
          "sco": 59,
          "dco": 669,
          "txt": "Spiel"
        },
        {
          "si": 7,
          "sti": 10,
          "dti": 121,
          "sco": 65,
          "dco": 675,
          "txt": "seiner"
        },
        {
          "si": 7,
          "sti": 11,
          "dti": 122,
          "sco": 72,
          "dco": 682,
          "txt": "Mannschaft"
        },
        {
          "si": 7,
          "sti": 12,
          "dti": 123,
          "sco": 83,
          "dco": 693,
          "txt": "ausgebuht"
        },
        {
          "si": 7,
          "sti": 13,
          "dti": 124,
          "sco": 92,
          "dco": 702,
          "txt": ","
        },
        {
          "si": 7,
          "sti": 14,
          "dti": 125,
          "sco": 94,
          "dco": 704,
          "txt": "die"
        },
        {
          "si": 7,
          "sti": 15,
          "dti": 126,
          "sco": 98,
          "dco": 708,
          "txt": "mit"
        },
        {
          "si": 7,
          "sti": 16,
          "dti": 127,
          "sco": 102,
          "dco": 712,
          "txt": "Muehe"
        },
        {
          "si": 7,
          "sti": 17,
          "dti": 128,
          "sco": 108,
          "dco": 718,
          "txt": "und"
        },
        {
          "si": 7,
          "sti": 18,
          "dti": 129,
          "sco": 112,
          "dco": 722,
          "txt": "Not"
        },
        {
          "si": 7,
          "sti": 19,
          "dti": 130,
          "sco": 116,
          "dco": 726,
          "txt": "das"
        },
        {
          "si": 7,
          "sti": 20,
          "dti": 131,
          "sco": 120,
          "dco": 730,
          "txt": "Unentschieden"
        },
        {
          "si": 7,
          "sti": 21,
          "dti": 132,
          "sco": 134,
          "dco": 744,
          "txt": "gegen"
        },
        {
          "si": 7,
          "sti": 22,
          "dti": 133,
          "sco": 140,
          "dco": 750,
          "txt": "Kuba"
        },
        {
          "si": 7,
          "sti": 23,
          "dti": 134,
          "sco": 145,
          "dco": 755,
          "txt": "halten"
        },
        {
          "si": 7,
          "sti": 24,
          "dti": 135,
          "sco": 152,
          "dco": 762,
          "txt": "konnte"
        },
        {
          "si": 7,
          "sti": 25,
          "dti": 136,
          "sco": 158,
          "dco": 768,
          "txt": ","
        },
        {
          "si": 7,
          "sti": 26,
          "dti": 137,
          "sco": 160,
          "dco": 770,
          "txt": "das"
        },
        {
          "si": 7,
          "sti": 27,
          "dti": 138,
          "sco": 164,
          "dco": 774,
          "txt": "gegen"
        },
        {
          "si": 7,
          "sti": 28,
          "dti": 139,
          "sco": 170,
          "dco": 780,
          "txt": "den"
        },
        {
          "si": 7,
          "sti": 29,
          "dti": 140,
          "sco": 174,
          "dco": 784,
          "txt": "vermeintlichen"
        },
        {
          "si": 7,
          "sti": 30,
          "dti": 141,
          "sco": 189,
          "dco": 799,
          "txt": "uebermaechtigen"
        },
        {
          "si": 7,
          "sti": 31,
          "dti": 142,
          "sco": 205,
          "dco": 815,
          "txt": "Gegner"
        },
        {
          "si": 7,
          "sti": 32,
          "dti": 143,
          "sco": 212,
          "dco": 822,
          "txt": "keinen"
        },
        {
          "si": 7,
          "sti": 33,
          "dti": 144,
          "sco": 219,
          "dco": 829,
          "txt": "Klassenunterschied"
        },
        {
          "si": 7,
          "sti": 34,
          "dti": 145,
          "sco": 238,
          "dco": 848,
          "txt": "erkennen"
        },
        {
          "si": 7,
          "sti": 35,
          "dti": 146,
          "sco": 247,
          "dco": 857,
          "txt": "liess"
        },
        {
          "si": 7,
          "sti": 36,
          "dti": 147,
          "sco": 252,
          "dco": 862,
          "txt": "."
        },
        {
          "si": 8,
          "sti": 0,
          "dti": 148,
          "sco": 0,
          "dco": 864,
          "txt": "Costa"
        },
        {
          "si": 8,
          "sti": 1,
          "dti": 149,
          "sco": 6,
          "dco": 870,
          "txt": "Rica"
        },
        {
          "si": 8,
          "sti": 2,
          "dti": 150,
          "sco": 11,
          "dco": 875,
          "txt": "begann"
        },
        {
          "si": 8,
          "sti": 3,
          "dti": 151,
          "sco": 18,
          "dco": 882,
          "txt": "zunaechst"
        },
        {
          "si": 8,
          "sti": 4,
          "dti": 152,
          "sco": 28,
          "dco": 892,
          "txt": "sehr"
        },
        {
          "si": 8,
          "sti": 5,
          "dti": 153,
          "sco": 33,
          "dco": 897,
          "txt": "stark"
        },
        {
          "si": 8,
          "sti": 6,
          "dti": 154,
          "sco": 39,
          "dco": 903,
          "txt": "und"
        },
        {
          "si": 8,
          "sti": 7,
          "dti": 155,
          "sco": 43,
          "dco": 907,
          "txt": "erspielte"
        },
        {
          "si": 8,
          "sti": 8,
          "dti": 156,
          "sco": 53,
          "dco": 917,
          "txt": "sich"
        },
        {
          "si": 8,
          "sti": 9,
          "dti": 157,
          "sco": 58,
          "dco": 922,
          "txt": "mehrere"
        },
        {
          "si": 8,
          "sti": 10,
          "dti": 158,
          "sco": 66,
          "dco": 930,
          "txt": "Torchancen"
        },
        {
          "si": 8,
          "sti": 11,
          "dti": 159,
          "sco": 77,
          "dco": 941,
          "txt": "vor"
        },
        {
          "si": 8,
          "sti": 12,
          "dti": 160,
          "sco": 81,
          "dco": 945,
          "txt": "dem"
        },
        {
          "si": 8,
          "sti": 13,
          "dti": 161,
          "sco": 85,
          "dco": 949,
          "txt": "Gehaeuse"
        },
        {
          "si": 8,
          "sti": 14,
          "dti": 162,
          "sco": 94,
          "dco": 958,
          "txt": "des"
        },
        {
          "si": 8,
          "sti": 15,
          "dti": 163,
          "sco": 98,
          "dco": 962,
          "txt": "kubanischen"
        },
        {
          "si": 8,
          "sti": 16,
          "dti": 164,
          "sco": 110,
          "dco": 974,
          "txt": "Torhueters"
        },
        {
          "si": 8,
          "sti": 17,
          "dti": 165,
          "sco": 121,
          "dco": 985,
          "txt": "Odeln"
        },
        {
          "si": 8,
          "sti": 18,
          "dti": 166,
          "sco": 127,
          "dco": 991,
          "txt": "Molina"
        },
        {
          "si": 8,
          "sti": 19,
          "dti": 167,
          "sco": 133,
          "dco": 997,
          "txt": "."
        },
        {
          "si": 9,
          "sti": 0,
          "dti": 168,
          "sco": 0,
          "dco": 999,
          "txt": "Gegen"
        },
        {
          "si": 9,
          "sti": 1,
          "dti": 169,
          "sco": 6,
          "dco": 1005,
          "txt": "Ende"
        },
        {
          "si": 9,
          "sti": 2,
          "dti": 170,
          "sco": 11,
          "dco": 1010,
          "txt": "der"
        },
        {
          "si": 9,
          "sti": 3,
          "dti": 171,
          "sco": 15,
          "dco": 1014,
          "txt": "ersten"
        },
        {
          "si": 9,
          "sti": 4,
          "dti": 172,
          "sco": 22,
          "dco": 1021,
          "txt": "Halbzeit"
        },
        {
          "si": 9,
          "sti": 5,
          "dti": 173,
          "sco": 31,
          "dco": 1030,
          "txt": "nahmen"
        },
        {
          "si": 9,
          "sti": 6,
          "dti": 174,
          "sco": 38,
          "dco": 1037,
          "txt": "jedoch"
        },
        {
          "si": 9,
          "sti": 7,
          "dti": 175,
          "sco": 45,
          "dco": 1044,
          "txt": "die"
        },
        {
          "si": 9,
          "sti": 8,
          "dti": 176,
          "sco": 49,
          "dco": 1048,
          "txt": "Kubaner"
        },
        {
          "si": 9,
          "sti": 9,
          "dti": 177,
          "sco": 57,
          "dco": 1056,
          "txt": "das"
        },
        {
          "si": 9,
          "sti": 10,
          "dti": 178,
          "sco": 61,
          "dco": 1060,
          "txt": "Heft"
        },
        {
          "si": 9,
          "sti": 11,
          "dti": 179,
          "sco": 66,
          "dco": 1065,
          "txt": "in"
        },
        {
          "si": 9,
          "sti": 12,
          "dti": 180,
          "sco": 69,
          "dco": 1068,
          "txt": "die"
        },
        {
          "si": 9,
          "sti": 13,
          "dti": 181,
          "sco": 73,
          "dco": 1072,
          "txt": "Hand"
        },
        {
          "si": 9,
          "sti": 14,
          "dti": 182,
          "sco": 78,
          "dco": 1077,
          "txt": "und"
        },
        {
          "si": 9,
          "sti": 15,
          "dti": 183,
          "sco": 82,
          "dco": 1081,
          "txt": "setzten"
        },
        {
          "si": 9,
          "sti": 16,
          "dti": 184,
          "sco": 90,
          "dco": 1089,
          "txt": "die"
        },
        {
          "si": 9,
          "sti": 17,
          "dti": 185,
          "sco": 94,
          "dco": 1093,
          "txt": "Abwehr"
        },
        {
          "si": 9,
          "sti": 18,
          "dti": 186,
          "sco": 101,
          "dco": 1100,
          "txt": "Costa"
        },
        {
          "si": 9,
          "sti": 19,
          "dti": 187,
          "sco": 107,
          "dco": 1106,
          "txt": "Ricas"
        },
        {
          "si": 9,
          "sti": 20,
          "dti": 188,
          "sco": 113,
          "dco": 1112,
          "txt": "unter"
        },
        {
          "si": 9,
          "sti": 21,
          "dti": 189,
          "sco": 119,
          "dco": 1118,
          "txt": "Druck"
        },
        {
          "si": 9,
          "sti": 22,
          "dti": 190,
          "sco": 125,
          "dco": 1124,
          "txt": "und"
        },
        {
          "si": 9,
          "sti": 23,
          "dti": 191,
          "sco": 129,
          "dco": 1128,
          "txt": "kamen"
        },
        {
          "si": 9,
          "sti": 24,
          "dti": 192,
          "sco": 135,
          "dco": 1134,
          "txt": "schliesslich"
        },
        {
          "si": 9,
          "sti": 25,
          "dti": 193,
          "sco": 148,
          "dco": 1147,
          "txt": "durch"
        },
        {
          "si": 9,
          "sti": 26,
          "dti": 194,
          "sco": 154,
          "dco": 1153,
          "txt": "Cervantes"
        },
        {
          "si": 9,
          "sti": 27,
          "dti": 195,
          "sco": 164,
          "dco": 1163,
          "txt": "zu"
        },
        {
          "si": 9,
          "sti": 28,
          "dti": 196,
          "sco": 167,
          "dco": 1166,
          "txt": "Ausgleich"
        },
        {
          "si": 9,
          "sti": 29,
          "dti": 197,
          "sco": 176,
          "dco": 1175,
          "txt": ","
        },
        {
          "si": 9,
          "sti": 30,
          "dti": 198,
          "sco": 178,
          "dco": 1177,
          "txt": "der"
        },
        {
          "si": 9,
          "sti": 31,
          "dti": 199,
          "sco": 182,
          "dco": 1181,
          "txt": "der"
        },
        {
          "si": 9,
          "sti": 32,
          "dti": 200,
          "sco": 186,
          "dco": 1185,
          "txt": "heimischen"
        },
        {
          "si": 9,
          "sti": 33,
          "dti": 201,
          "sco": 197,
          "dco": 1196,
          "txt": "Mannschaft"
        },
        {
          "si": 9,
          "sti": 34,
          "dti": 202,
          "sco": 208,
          "dco": 1207,
          "txt": "maechtig"
        },
        {
          "si": 9,
          "sti": 35,
          "dti": 203,
          "sco": 217,
          "dco": 1216,
          "txt": "Kopfschmerzen"
        },
        {
          "si": 9,
          "sti": 36,
          "dti": 204,
          "sco": 231,
          "dco": 1230,
          "txt": "bereitete"
        },
        {
          "si": 9,
          "sti": 37,
          "dti": 205,
          "sco": 240,
          "dco": 1239,
          "txt": "."
        },
        {
          "si": 10,
          "sti": 0,
          "dti": 206,
          "sco": 0,
          "dco": 1241,
          "txt": "Costa"
        },
        {
          "si": 10,
          "sti": 1,
          "dti": 207,
          "sco": 6,
          "dco": 1247,
          "txt": "Rica"
        },
        {
          "si": 10,
          "sti": 2,
          "dti": 208,
          "sco": 11,
          "dco": 1252,
          "txt": "empfaengt"
        },
        {
          "si": 10,
          "sti": 3,
          "dti": 209,
          "sco": 21,
          "dco": 1262,
          "txt": "am"
        },
        {
          "si": 10,
          "sti": 4,
          "dti": 210,
          "sco": 24,
          "dco": 1265,
          "txt": "18"
        },
        {
          "si": 10,
          "sti": 5,
          "dti": 211,
          "sco": 26,
          "dco": 1267,
          "txt": "."
        },
        {
          "si": 11,
          "sti": 0,
          "dti": 212,
          "sco": 0,
          "dco": 1269,
          "txt": "August"
        },
        {
          "si": 11,
          "sti": 1,
          "dti": 213,
          "sco": 7,
          "dco": 1276,
          "txt": "Honduras"
        },
        {
          "si": 11,
          "sti": 2,
          "dti": 214,
          "sco": 16,
          "dco": 1285,
          "txt": "in"
        },
        {
          "si": 11,
          "sti": 3,
          "dti": 215,
          "sco": 19,
          "dco": 1288,
          "txt": "Gruppe"
        },
        {
          "si": 11,
          "sti": 4,
          "dti": 216,
          "sco": 26,
          "dco": 1295,
          "txt": "B"
        },
        {
          "si": 11,
          "sti": 5,
          "dti": 217,
          "sco": 28,
          "dco": 1297,
          "txt": "der"
        },
        {
          "si": 11,
          "sti": 6,
          "dti": 218,
          "sco": 32,
          "dco": 1301,
          "txt": "dritten"
        },
        {
          "si": 11,
          "sti": 7,
          "dti": 219,
          "sco": 40,
          "dco": 1309,
          "txt": "Runde"
        },
        {
          "si": 11,
          "sti": 8,
          "dti": 220,
          "sco": 45,
          "dco": 1314,
          "txt": ","
        },
        {
          "si": 11,
          "sti": 9,
          "dti": 221,
          "sco": 47,
          "dco": 1316,
          "txt": "in"
        },
        {
          "si": 11,
          "sti": 10,
          "dti": 222,
          "sco": 50,
          "dco": 1319,
          "txt": "der"
        },
        {
          "si": 11,
          "sti": 11,
          "dti": 223,
          "sco": 54,
          "dco": 1323,
          "txt": "ausserdem"
        },
        {
          "si": 11,
          "sti": 12,
          "dti": 224,
          "sco": 64,
          "dco": 1333,
          "txt": "Guatemala"
        },
        {
          "si": 11,
          "sti": 13,
          "dti": 225,
          "sco": 74,
          "dco": 1343,
          "txt": "und"
        },
        {
          "si": 11,
          "sti": 14,
          "dti": 226,
          "sco": 78,
          "dco": 1347,
          "txt": "Kanada"
        },
        {
          "si": 11,
          "sti": 15,
          "dti": 227,
          "sco": 85,
          "dco": 1354,
          "txt": "spielen"
        },
        {
          "si": 11,
          "sti": 16,
          "dti": 228,
          "sco": 92,
          "dco": 1361,
          "txt": "."
        },
        {
          "si": 12,
          "sti": 0,
          "dti": 229,
          "sco": 0,
          "dco": 1363,
          "txt": "In"
        },
        {
          "si": 12,
          "sti": 1,
          "dti": 230,
          "sco": 3,
          "dco": 1366,
          "txt": "der"
        },
        {
          "si": 12,
          "sti": 2,
          "dti": 231,
          "sco": 7,
          "dco": 1370,
          "txt": "dritten"
        },
        {
          "si": 12,
          "sti": 3,
          "dti": 232,
          "sco": 15,
          "dco": 1378,
          "txt": "Runde"
        },
        {
          "si": 12,
          "sti": 4,
          "dti": 233,
          "sco": 21,
          "dco": 1384,
          "txt": "treffen"
        },
        {
          "si": 12,
          "sti": 5,
          "dti": 234,
          "sco": 29,
          "dco": 1392,
          "txt": "zwoelf"
        },
        {
          "si": 12,
          "sti": 6,
          "dti": 235,
          "sco": 36,
          "dco": 1399,
          "txt": "Mannschaften"
        },
        {
          "si": 12,
          "sti": 7,
          "dti": 236,
          "sco": 49,
          "dco": 1412,
          "txt": "aufeinander"
        },
        {
          "si": 12,
          "sti": 8,
          "dti": 237,
          "sco": 60,
          "dco": 1423,
          "txt": ","
        },
        {
          "si": 12,
          "sti": 9,
          "dti": 238,
          "sco": 62,
          "dco": 1425,
          "txt": "die"
        },
        {
          "si": 12,
          "sti": 10,
          "dti": 239,
          "sco": 66,
          "dco": 1429,
          "txt": "in"
        },
        {
          "si": 12,
          "sti": 11,
          "dti": 240,
          "sco": 69,
          "dco": 1432,
          "txt": "drei"
        },
        {
          "si": 12,
          "sti": 12,
          "dti": 241,
          "sco": 74,
          "dco": 1437,
          "txt": "Gruppen"
        },
        {
          "si": 12,
          "sti": 13,
          "dti": 242,
          "sco": 82,
          "dco": 1445,
          "txt": "aufgeteilt"
        },
        {
          "si": 12,
          "sti": 14,
          "dti": 243,
          "sco": 93,
          "dco": 1456,
          "txt": "sind"
        },
        {
          "si": 12,
          "sti": 15,
          "dti": 244,
          "sco": 97,
          "dco": 1460,
          "txt": "."
        },
        {
          "si": 13,
          "sti": 0,
          "dti": 245,
          "sco": 0,
          "dco": 1462,
          "txt": "Es"
        },
        {
          "si": 13,
          "sti": 1,
          "dti": 246,
          "sco": 3,
          "dco": 1465,
          "txt": "qualifizieren"
        },
        {
          "si": 13,
          "sti": 2,
          "dti": 247,
          "sco": 17,
          "dco": 1479,
          "txt": "sich"
        },
        {
          "si": 13,
          "sti": 3,
          "dti": 248,
          "sco": 22,
          "dco": 1484,
          "txt": "jeweils"
        },
        {
          "si": 13,
          "sti": 4,
          "dti": 249,
          "sco": 30,
          "dco": 1492,
          "txt": "die"
        },
        {
          "si": 13,
          "sti": 5,
          "dti": 250,
          "sco": 34,
          "dco": 1496,
          "txt": "ersten"
        },
        {
          "si": 13,
          "sti": 6,
          "dti": 251,
          "sco": 41,
          "dco": 1503,
          "txt": "beiden"
        },
        {
          "si": 13,
          "sti": 7,
          "dti": 252,
          "sco": 48,
          "dco": 1510,
          "txt": "Mannschaften"
        },
        {
          "si": 13,
          "sti": 8,
          "dti": 253,
          "sco": 61,
          "dco": 1523,
          "txt": "der"
        },
        {
          "si": 13,
          "sti": 9,
          "dti": 254,
          "sco": 65,
          "dco": 1527,
          "txt": "Gruppen"
        },
        {
          "si": 13,
          "sti": 10,
          "dti": 255,
          "sco": 72,
          "dco": 1534,
          "txt": "."
        },
        {
          "si": 14,
          "sti": 0,
          "dti": 256,
          "sco": 0,
          "dco": 1536,
          "txt": "Die"
        },
        {
          "si": 14,
          "sti": 1,
          "dti": 257,
          "sco": 4,
          "dco": 1540,
          "txt": "verbleibenden"
        },
        {
          "si": 14,
          "sti": 2,
          "dti": 258,
          "sco": 18,
          "dco": 1554,
          "txt": "sechs"
        },
        {
          "si": 14,
          "sti": 3,
          "dti": 259,
          "sco": 24,
          "dco": 1560,
          "txt": "Mannschaften"
        },
        {
          "si": 14,
          "sti": 4,
          "dti": 260,
          "sco": 37,
          "dco": 1573,
          "txt": "treffen"
        },
        {
          "si": 14,
          "sti": 5,
          "dti": 261,
          "sco": 45,
          "dco": 1581,
          "txt": "anschliessend"
        },
        {
          "si": 14,
          "sti": 6,
          "dti": 262,
          "sco": 59,
          "dco": 1595,
          "txt": "in"
        },
        {
          "si": 14,
          "sti": 7,
          "dti": 263,
          "sco": 62,
          "dco": 1598,
          "txt": "der"
        },
        {
          "si": 14,
          "sti": 8,
          "dti": 264,
          "sco": 66,
          "dco": 1602,
          "txt": "Finalrunde"
        },
        {
          "si": 14,
          "sti": 9,
          "dti": 265,
          "sco": 77,
          "dco": 1613,
          "txt": "aufeinander"
        },
        {
          "si": 14,
          "sti": 10,
          "dti": 266,
          "sco": 88,
          "dco": 1624,
          "txt": "."
        },
        {
          "si": 15,
          "sti": 0,
          "dti": 267,
          "sco": 0,
          "dco": 1626,
          "txt": "Aus"
        },
        {
          "si": 15,
          "sti": 1,
          "dti": 268,
          "sco": 4,
          "dco": 1630,
          "txt": "dieser"
        },
        {
          "si": 15,
          "sti": 2,
          "dti": 269,
          "sco": 11,
          "dco": 1637,
          "txt": "Sechsergruppe"
        },
        {
          "si": 15,
          "sti": 3,
          "dti": 270,
          "sco": 25,
          "dco": 1651,
          "txt": "qualifizieren"
        },
        {
          "si": 15,
          "sti": 4,
          "dti": 271,
          "sco": 39,
          "dco": 1665,
          "txt": "sich"
        },
        {
          "si": 15,
          "sti": 5,
          "dti": 272,
          "sco": 44,
          "dco": 1670,
          "txt": "drei"
        },
        {
          "si": 15,
          "sti": 6,
          "dti": 273,
          "sco": 49,
          "dco": 1675,
          "txt": "Mannschaften"
        },
        {
          "si": 15,
          "sti": 7,
          "dti": 274,
          "sco": 62,
          "dco": 1688,
          "txt": "direkt"
        },
        {
          "si": 15,
          "sti": 8,
          "dti": 275,
          "sco": 69,
          "dco": 1695,
          "txt": "fuer"
        },
        {
          "si": 15,
          "sti": 9,
          "dti": 276,
          "sco": 74,
          "dco": 1700,
          "txt": "die"
        },
        {
          "si": 15,
          "sti": 10,
          "dti": 277,
          "sco": 78,
          "dco": 1704,
          "txt": "FIFA"
        },
        {
          "si": 15,
          "sti": 11,
          "dti": 278,
          "sco": 83,
          "dco": 1709,
          "txt": "Fussball"
        },
        {
          "si": 15,
          "sti": 12,
          "dti": 279,
          "sco": 91,
          "dco": 1717,
          "txt": "-"
        },
        {
          "si": 15,
          "sti": 13,
          "dti": 280,
          "sco": 92,
          "dco": 1718,
          "txt": "Weltmeisterschaft"
        },
        {
          "si": 15,
          "sti": 14,
          "dti": 281,
          "sco": 110,
          "dco": 1736,
          "txt": "Deutschland"
        },
        {
          "si": 15,
          "sti": 15,
          "dti": 282,
          "sco": 122,
          "dco": 1748,
          "txt": "2006"
        },
        {
          "si": 15,
          "sti": 16,
          "dti": 283,
          "sco": 127,
          "dco": 1753,
          "txt": "und"
        },
        {
          "si": 15,
          "sti": 17,
          "dti": 284,
          "sco": 131,
          "dco": 1757,
          "txt": "eine"
        },
        {
          "si": 15,
          "sti": 18,
          "dti": 285,
          "sco": 136,
          "dco": 1762,
          "txt": "vierte"
        },
        {
          "si": 15,
          "sti": 19,
          "dti": 286,
          "sco": 143,
          "dco": 1769,
          "txt": "Mannschaft"
        },
        {
          "si": 15,
          "sti": 20,
          "dti": 287,
          "sco": 154,
          "dco": 1780,
          "txt": "trifft"
        },
        {
          "si": 15,
          "sti": 21,
          "dti": 288,
          "sco": 161,
          "dco": 1787,
          "txt": "in"
        },
        {
          "si": 15,
          "sti": 22,
          "dti": 289,
          "sco": 164,
          "dco": 1790,
          "txt": "einem"
        },
        {
          "si": 15,
          "sti": 23,
          "dti": 290,
          "sco": 170,
          "dco": 1796,
          "txt": "Entscheidungsspiel"
        },
        {
          "si": 15,
          "sti": 24,
          "dti": 291,
          "sco": 189,
          "dco": 1815,
          "txt": "auf"
        },
        {
          "si": 15,
          "sti": 25,
          "dti": 292,
          "sco": 193,
          "dco": 1819,
          "txt": "eine"
        },
        {
          "si": 15,
          "sti": 26,
          "dti": 293,
          "sco": 198,
          "dco": 1824,
          "txt": "Mannschaft"
        },
        {
          "si": 15,
          "sti": 27,
          "dti": 294,
          "sco": 209,
          "dco": 1835,
          "txt": "der"
        },
        {
          "si": 15,
          "sti": 28,
          "dti": 295,
          "sco": 213,
          "dco": 1839,
          "txt": "Fussballkonfoederation"
        },
        {
          "si": 15,
          "sti": 29,
          "dti": 296,
          "sco": 236,
          "dco": 1862,
          "txt": "Asiens"
        },
        {
          "si": 15,
          "sti": 30,
          "dti": 297,
          "sco": 243,
          "dco": 1869,
          "txt": "("
        },
        {
          "si": 15,
          "sti": 31,
          "dti": 298,
          "sco": 244,
          "dco": 1870,
          "txt": "AFC"
        },
        {
          "si": 15,
          "sti": 32,
          "dti": 299,
          "sco": 247,
          "dco": 1873,
          "txt": ")"
        },
        {
          "si": 15,
          "sti": 33,
          "dti": 300,
          "sco": 248,
          "dco": 1874,
          "txt": "."
        }
      ]
    },
    "ganns": {
      "dla": [],
      "la": [],
      "ea": [],
      "eta": [
        {
          "ra": {
            "ea": {
              "etn": "Goal"
            }
          },
          "sfs": [
            [
              {
                "stn": "scoreTeamB"
              },
              {
                "ea": {
                  "etn": "0"
                }
              }
            ],
            [
              {
                "stn": "forTeam"
              },
              {
                "ea": {
                  "etn": "Costa Rica"
                }
              }
            ],
            [
              {
                "stn": "scoreTeamA"
              },
              {
                "ea": {
                  "etn": "1"
                }
              }
            ],
            [
              {
                "stn": "minute"
              },
              {
                "ea": {
                  "etn": "31"
                }
              }
            ],
            [
              {
                "stn": "scorer"
              },
              {
                "ea": {
                  "etn": "Gomez Ronald"
                }
              }
            ]
          ],
          "mfs": {}
        },
        {
          "ra": {
            "ea": {
              "etn": "Goal"
            }
          },
          "sfs": [
            [
              {
                "stn": "scoreTeamB"
              },
              {
                "ea": {
                  "etn": "1"
                }
              }
            ],
            [
              {
                "stn": "forTeam"
              },
              {
                "ea": {
                  "etn": "Kuba"
                }
              }
            ],
            [
              {
                "stn": "scoreTeamA"
              },
              {
                "ea": {
                  "etn": "1"
                }
              }
            ],
            [
              {
                "stn": "minute"
              },
              {
                "ea": {
                  "etn": "46"
                }
              }
            ],
            [
              {
                "stn": "scorer"
              },
              {
                "ea": {
                  "etn": "Cervantes Alain"
                }
              }
            ]
          ],
          "mfs": {}
        }
      ]
    }
  }
]
