[
  {
    "context": "UNSPECIFIED",
    "doc": {
      "id": "de_mr38947_struct",
      "tl": [
        {
          "si": 0,
          "sti": 0,
          "dti": 0,
          "sco": 0,
          "dco": 0,
          "txt": "Kenia"
        },
        {
          "si": 0,
          "sti": 1,
          "dti": 1,
          "sco": 6,
          "dco": 6,
          "txt": "kaempft"
        },
        {
          "si": 0,
          "sti": 2,
          "dti": 2,
          "sco": 14,
          "dco": 14,
          "txt": "sich"
        },
        {
          "si": 0,
          "sti": 3,
          "dti": 3,
          "sco": 19,
          "dco": 19,
          "txt": "zurueck"
        },
        {
          "si": 0,
          "sti": 4,
          "dti": 4,
          "sco": 27,
          "dco": 27,
          "txt": "in"
        },
        {
          "si": 0,
          "sti": 5,
          "dti": 5,
          "sco": 30,
          "dco": 30,
          "txt": "den"
        },
        {
          "si": 0,
          "sti": 6,
          "dti": 6,
          "sco": 34,
          "dco": 34,
          "txt": "Wettbewerb"
        },
        {
          "si": 0,
          "sti": 7,
          "dti": 7,
          "sco": 44,
          "dco": 44,
          "txt": "."
        },
        {
          "si": 1,
          "sti": 0,
          "dti": 8,
          "sco": 0,
          "dco": 46,
          "txt": "Vor"
        },
        {
          "si": 1,
          "sti": 1,
          "dti": 9,
          "sco": 4,
          "dco": 50,
          "txt": "dem"
        },
        {
          "si": 1,
          "sti": 2,
          "dti": 10,
          "sco": 8,
          "dco": 54,
          "txt": "heutigen"
        },
        {
          "si": 1,
          "sti": 3,
          "dti": 11,
          "sco": 17,
          "dco": 63,
          "txt": "Nachmittag"
        },
        {
          "si": 1,
          "sti": 4,
          "dti": 12,
          "sco": 28,
          "dco": 74,
          "txt": "lag"
        },
        {
          "si": 1,
          "sti": 5,
          "dti": 13,
          "sco": 32,
          "dco": 78,
          "txt": "Kenia"
        },
        {
          "si": 1,
          "sti": 6,
          "dti": 14,
          "sco": 38,
          "dco": 84,
          "txt": "mit"
        },
        {
          "si": 1,
          "sti": 7,
          "dti": 15,
          "sco": 42,
          "dco": 88,
          "txt": "fuenf"
        },
        {
          "si": 1,
          "sti": 8,
          "dti": 16,
          "sco": 48,
          "dco": 94,
          "txt": "Punkten"
        },
        {
          "si": 1,
          "sti": 9,
          "dti": 17,
          "sco": 56,
          "dco": 102,
          "txt": "Rueckstand"
        },
        {
          "si": 1,
          "sti": 10,
          "dti": 18,
          "sco": 67,
          "dco": 113,
          "txt": "auf"
        },
        {
          "si": 1,
          "sti": 11,
          "dti": 19,
          "sco": 71,
          "dco": 117,
          "txt": "Tabellenfuehrer"
        },
        {
          "si": 1,
          "sti": 12,
          "dti": 20,
          "sco": 87,
          "dco": 133,
          "txt": "Guinea"
        },
        {
          "si": 1,
          "sti": 13,
          "dti": 21,
          "sco": 94,
          "dco": 140,
          "txt": "schon"
        },
        {
          "si": 1,
          "sti": 14,
          "dti": 22,
          "sco": 100,
          "dco": 146,
          "txt": "deutlich"
        },
        {
          "si": 1,
          "sti": 15,
          "dti": 23,
          "sco": 109,
          "dco": 155,
          "txt": "zurueck"
        },
        {
          "si": 1,
          "sti": 16,
          "dti": 24,
          "sco": 116,
          "dco": 162,
          "txt": "."
        },
        {
          "si": 2,
          "sti": 0,
          "dti": 25,
          "sco": 0,
          "dco": 164,
          "txt": "Doch"
        },
        {
          "si": 2,
          "sti": 1,
          "dti": 26,
          "sco": 5,
          "dco": 169,
          "txt": "durch"
        },
        {
          "si": 2,
          "sti": 2,
          "dti": 27,
          "sco": 11,
          "dco": 175,
          "txt": "ihren"
        },
        {
          "si": 2,
          "sti": 3,
          "dti": 28,
          "sco": 17,
          "dco": 181,
          "txt": "2"
        },
        {
          "si": 2,
          "sti": 4,
          "dti": 29,
          "sco": 18,
          "dco": 182,
          "txt": ":"
        },
        {
          "si": 2,
          "sti": 5,
          "dti": 30,
          "sco": 19,
          "dco": 183,
          "txt": "1"
        },
        {
          "si": 2,
          "sti": 6,
          "dti": 31,
          "sco": 20,
          "dco": 184,
          "txt": "-"
        },
        {
          "si": 2,
          "sti": 7,
          "dti": 32,
          "sco": 21,
          "dco": 185,
          "txt": "Sieg"
        },
        {
          "si": 2,
          "sti": 8,
          "dti": 33,
          "sco": 26,
          "dco": 190,
          "txt": "ueber"
        },
        {
          "si": 2,
          "sti": 9,
          "dti": 34,
          "sco": 32,
          "dco": 196,
          "txt": "die"
        },
        {
          "si": 2,
          "sti": 10,
          "dti": 35,
          "sco": 36,
          "dco": 200,
          "txt": "westafrikanische"
        },
        {
          "si": 2,
          "sti": 11,
          "dti": 36,
          "sco": 53,
          "dco": 217,
          "txt": "Mannschaft"
        },
        {
          "si": 2,
          "sti": 12,
          "dti": 37,
          "sco": 64,
          "dco": 228,
          "txt": "am"
        },
        {
          "si": 2,
          "sti": 13,
          "dti": 38,
          "sco": 67,
          "dco": 231,
          "txt": "Mittwoch"
        },
        {
          "si": 2,
          "sti": 14,
          "dti": 39,
          "sco": 76,
          "dco": 240,
          "txt": "in"
        },
        {
          "si": 2,
          "sti": 15,
          "dti": 40,
          "sco": 79,
          "dco": 243,
          "txt": "Nairobi"
        },
        {
          "si": 2,
          "sti": 16,
          "dti": 41,
          "sco": 87,
          "dco": 251,
          "txt": "kaempften"
        },
        {
          "si": 2,
          "sti": 17,
          "dti": 42,
          "sco": 97,
          "dco": 261,
          "txt": "sich"
        },
        {
          "si": 2,
          "sti": 18,
          "dti": 43,
          "sco": 102,
          "dco": 266,
          "txt": "die"
        },
        {
          "si": 2,
          "sti": 19,
          "dti": 44,
          "sco": 106,
          "dco": 270,
          "txt": "Kenianer"
        },
        {
          "si": 2,
          "sti": 20,
          "dti": 45,
          "sco": 115,
          "dco": 279,
          "txt": "zurueck"
        },
        {
          "si": 2,
          "sti": 21,
          "dti": 46,
          "sco": 123,
          "dco": 287,
          "txt": "in"
        },
        {
          "si": 2,
          "sti": 22,
          "dti": 47,
          "sco": 126,
          "dco": 290,
          "txt": "den"
        },
        {
          "si": 2,
          "sti": 23,
          "dti": 48,
          "sco": 130,
          "dco": 294,
          "txt": "Wettbewerb"
        },
        {
          "si": 2,
          "sti": 24,
          "dti": 49,
          "sco": 141,
          "dco": 305,
          "txt": "um"
        },
        {
          "si": 2,
          "sti": 25,
          "dti": 50,
          "sco": 144,
          "dco": 308,
          "txt": "einen"
        },
        {
          "si": 2,
          "sti": 26,
          "dti": 51,
          "sco": 150,
          "dco": 314,
          "txt": "Platz"
        },
        {
          "si": 2,
          "sti": 27,
          "dti": 52,
          "sco": 156,
          "dco": 320,
          "txt": "bei"
        },
        {
          "si": 2,
          "sti": 28,
          "dti": 53,
          "sco": 160,
          "dco": 324,
          "txt": "der"
        },
        {
          "si": 2,
          "sti": 29,
          "dti": 54,
          "sco": 164,
          "dco": 328,
          "txt": "FIFA"
        },
        {
          "si": 2,
          "sti": 30,
          "dti": 55,
          "sco": 169,
          "dco": 333,
          "txt": "Fussball"
        },
        {
          "si": 2,
          "sti": 31,
          "dti": 56,
          "sco": 177,
          "dco": 341,
          "txt": "-"
        },
        {
          "si": 2,
          "sti": 32,
          "dti": 57,
          "sco": 178,
          "dco": 342,
          "txt": "Weltmeisterschaft"
        },
        {
          "si": 2,
          "sti": 33,
          "dti": 58,
          "sco": 196,
          "dco": 360,
          "txt": "Deutschland"
        },
        {
          "si": 2,
          "sti": 34,
          "dti": 59,
          "sco": 208,
          "dco": 372,
          "txt": "2006"
        },
        {
          "si": 2,
          "sti": 35,
          "dti": 60,
          "sco": 212,
          "dco": 376,
          "txt": "."
        },
        {
          "si": 3,
          "sti": 0,
          "dti": 61,
          "sco": 0,
          "dco": 378,
          "txt": "Der"
        },
        {
          "si": 3,
          "sti": 1,
          "dti": 62,
          "sco": 4,
          "dco": 382,
          "txt": "Sieg"
        },
        {
          "si": 3,
          "sti": 2,
          "dti": 63,
          "sco": 9,
          "dco": 387,
          "txt": "kam"
        },
        {
          "si": 3,
          "sti": 3,
          "dti": 64,
          "sco": 13,
          "dco": 391,
          "txt": "genau"
        },
        {
          "si": 3,
          "sti": 4,
          "dti": 65,
          "sco": 19,
          "dco": 397,
          "txt": "zur"
        },
        {
          "si": 3,
          "sti": 5,
          "dti": 66,
          "sco": 23,
          "dco": 401,
          "txt": "richtigen"
        },
        {
          "si": 3,
          "sti": 6,
          "dti": 67,
          "sco": 33,
          "dco": 411,
          "txt": "Zeit"
        },
        {
          "si": 3,
          "sti": 7,
          "dti": 68,
          "sco": 37,
          "dco": 415,
          "txt": ","
        },
        {
          "si": 3,
          "sti": 8,
          "dti": 69,
          "sco": 39,
          "dco": 417,
          "txt": "da"
        },
        {
          "si": 3,
          "sti": 9,
          "dti": 70,
          "sco": 42,
          "dco": 420,
          "txt": "der"
        },
        {
          "si": 3,
          "sti": 10,
          "dti": 71,
          "sco": 46,
          "dco": 424,
          "txt": "kenianische"
        },
        {
          "si": 3,
          "sti": 11,
          "dti": 72,
          "sco": 58,
          "dco": 436,
          "txt": "Fussballverband"
        },
        {
          "si": 3,
          "sti": 12,
          "dti": 73,
          "sco": 74,
          "dco": 452,
          "txt": "versucht"
        },
        {
          "si": 3,
          "sti": 13,
          "dti": 74,
          "sco": 82,
          "dco": 460,
          "txt": ","
        },
        {
          "si": 3,
          "sti": 14,
          "dti": 75,
          "sco": 84,
          "dco": 462,
          "txt": "sich"
        },
        {
          "si": 3,
          "sti": 15,
          "dti": 76,
          "sco": 89,
          "dco": 467,
          "txt": "neu"
        },
        {
          "si": 3,
          "sti": 16,
          "dti": 77,
          "sco": 93,
          "dco": 471,
          "txt": "zu"
        },
        {
          "si": 3,
          "sti": 17,
          "dti": 78,
          "sco": 96,
          "dco": 474,
          "txt": "strukturieren"
        },
        {
          "si": 3,
          "sti": 18,
          "dti": 79,
          "sco": 109,
          "dco": 487,
          "txt": "."
        },
        {
          "si": 4,
          "sti": 0,
          "dti": 80,
          "sco": 0,
          "dco": 489,
          "txt": "Zuvor"
        },
        {
          "si": 4,
          "sti": 1,
          "dti": 81,
          "sco": 6,
          "dco": 495,
          "txt": "hatte"
        },
        {
          "si": 4,
          "sti": 2,
          "dti": 82,
          "sco": 12,
          "dco": 501,
          "txt": "der"
        },
        {
          "si": 4,
          "sti": 3,
          "dti": 83,
          "sco": 16,
          "dco": 505,
          "txt": "Weltfussballverband"
        },
        {
          "si": 4,
          "sti": 4,
          "dti": 84,
          "sco": 36,
          "dco": 525,
          "txt": "FIFA"
        },
        {
          "si": 4,
          "sti": 5,
          "dti": 85,
          "sco": 41,
          "dco": 530,
          "txt": "ueber"
        },
        {
          "si": 4,
          "sti": 6,
          "dti": 86,
          "sco": 47,
          "dco": 536,
          "txt": "das"
        },
        {
          "si": 4,
          "sti": 7,
          "dti": 87,
          "sco": 51,
          "dco": 540,
          "txt": "Land"
        },
        {
          "si": 4,
          "sti": 8,
          "dti": 88,
          "sco": 56,
          "dco": 545,
          "txt": "wegen"
        },
        {
          "si": 4,
          "sti": 9,
          "dti": 89,
          "sco": 62,
          "dco": 551,
          "txt": "interner"
        },
        {
          "si": 4,
          "sti": 10,
          "dti": 90,
          "sco": 71,
          "dco": 560,
          "txt": "Unstimmigkeiten"
        },
        {
          "si": 4,
          "sti": 11,
          "dti": 91,
          "sco": 87,
          "dco": 576,
          "txt": "eine"
        },
        {
          "si": 4,
          "sti": 12,
          "dti": 92,
          "sco": 92,
          "dco": 581,
          "txt": "Sperre"
        },
        {
          "si": 4,
          "sti": 13,
          "dti": 93,
          "sco": 99,
          "dco": 588,
          "txt": "verhaengt"
        },
        {
          "si": 4,
          "sti": 14,
          "dti": 94,
          "sco": 108,
          "dco": 597,
          "txt": "."
        },
        {
          "si": 5,
          "sti": 0,
          "dti": 95,
          "sco": 0,
          "dco": 599,
          "txt": "Gut"
        },
        {
          "si": 5,
          "sti": 1,
          "dti": 96,
          "sco": 4,
          "dco": 603,
          "txt": "20"
        },
        {
          "si": 5,
          "sti": 2,
          "dti": 97,
          "sco": 6,
          "dco": 605,
          "txt": "."
        },
        {
          "si": 5,
          "sti": 3,
          "dti": 98,
          "sco": 7,
          "dco": 606,
          "txt": "000"
        },
        {
          "si": 5,
          "sti": 4,
          "dti": 99,
          "sco": 11,
          "dco": 610,
          "txt": "Zuschauer"
        },
        {
          "si": 5,
          "sti": 5,
          "dti": 100,
          "sco": 20,
          "dco": 619,
          "txt": ","
        },
        {
          "si": 5,
          "sti": 6,
          "dti": 101,
          "sco": 22,
          "dco": 621,
          "txt": "darunter"
        },
        {
          "si": 5,
          "sti": 7,
          "dti": 102,
          "sco": 31,
          "dco": 630,
          "txt": "auch"
        },
        {
          "si": 5,
          "sti": 8,
          "dti": 103,
          "sco": 36,
          "dco": 635,
          "txt": "Mitglieder"
        },
        {
          "si": 5,
          "sti": 9,
          "dti": 104,
          "sco": 47,
          "dco": 646,
          "txt": "des"
        },
        {
          "si": 5,
          "sti": 10,
          "dti": 105,
          "sco": 51,
          "dco": 650,
          "txt": "kenianischen"
        },
        {
          "si": 5,
          "sti": 11,
          "dti": 106,
          "sco": 64,
          "dco": 663,
          "txt": "Parlaments"
        },
        {
          "si": 5,
          "sti": 12,
          "dti": 107,
          "sco": 74,
          "dco": 673,
          "txt": ","
        },
        {
          "si": 5,
          "sti": 13,
          "dti": 108,
          "sco": 76,
          "dco": 675,
          "txt": "die"
        },
        {
          "si": 5,
          "sti": 14,
          "dti": 109,
          "sco": 80,
          "dco": 679,
          "txt": "sich"
        },
        {
          "si": 5,
          "sti": 15,
          "dti": 110,
          "sco": 85,
          "dco": 684,
          "txt": "den"
        },
        {
          "si": 5,
          "sti": 16,
          "dti": 111,
          "sco": 89,
          "dco": 688,
          "txt": "Nachmittag"
        },
        {
          "si": 5,
          "sti": 17,
          "dti": 112,
          "sco": 100,
          "dco": 699,
          "txt": "frei"
        },
        {
          "si": 5,
          "sti": 18,
          "dti": 113,
          "sco": 105,
          "dco": 704,
          "txt": "nahmen"
        },
        {
          "si": 5,
          "sti": 19,
          "dti": 114,
          "sco": 111,
          "dco": 710,
          "txt": ","
        },
        {
          "si": 5,
          "sti": 20,
          "dti": 115,
          "sco": 113,
          "dco": 712,
          "txt": "versammelten"
        },
        {
          "si": 5,
          "sti": 21,
          "dti": 116,
          "sco": 126,
          "dco": 725,
          "txt": "sich"
        },
        {
          "si": 5,
          "sti": 22,
          "dti": 117,
          "sco": 131,
          "dco": 730,
          "txt": "im"
        },
        {
          "si": 5,
          "sti": 23,
          "dti": 118,
          "sco": 134,
          "dco": 733,
          "txt": "Nyayo"
        },
        {
          "si": 5,
          "sti": 24,
          "dti": 119,
          "sco": 139,
          "dco": 738,
          "txt": "-"
        },
        {
          "si": 5,
          "sti": 25,
          "dti": 120,
          "sco": 140,
          "dco": 739,
          "txt": "Nationalstadion"
        },
        {
          "si": 5,
          "sti": 26,
          "dti": 121,
          "sco": 155,
          "dco": 754,
          "txt": ","
        },
        {
          "si": 5,
          "sti": 27,
          "dti": 122,
          "sco": 157,
          "dco": 756,
          "txt": "wo"
        },
        {
          "si": 5,
          "sti": 28,
          "dti": 123,
          "sco": 160,
          "dco": 759,
          "txt": "zum"
        },
        {
          "si": 5,
          "sti": 29,
          "dti": 124,
          "sco": 164,
          "dco": 763,
          "txt": "ersten"
        },
        {
          "si": 5,
          "sti": 30,
          "dti": 125,
          "sco": 171,
          "dco": 770,
          "txt": "Mal"
        },
        {
          "si": 5,
          "sti": 31,
          "dti": 126,
          "sco": 175,
          "dco": 774,
          "txt": "wieder"
        },
        {
          "si": 5,
          "sti": 32,
          "dti": 127,
          "sco": 182,
          "dco": 781,
          "txt": "ein"
        },
        {
          "si": 5,
          "sti": 33,
          "dti": 128,
          "sco": 186,
          "dco": 785,
          "txt": "Laenderspiel"
        },
        {
          "si": 5,
          "sti": 34,
          "dti": 129,
          "sco": 199,
          "dco": 798,
          "txt": "stattfand"
        },
        {
          "si": 5,
          "sti": 35,
          "dti": 130,
          "sco": 208,
          "dco": 807,
          "txt": ","
        },
        {
          "si": 5,
          "sti": 36,
          "dti": 131,
          "sco": 210,
          "dco": 809,
          "txt": "nachdem"
        },
        {
          "si": 5,
          "sti": 37,
          "dti": 132,
          "sco": 218,
          "dco": 817,
          "txt": "es"
        },
        {
          "si": 5,
          "sti": 38,
          "dti": 133,
          "sco": 221,
          "dco": 820,
          "txt": "von"
        },
        {
          "si": 5,
          "sti": 39,
          "dti": 134,
          "sco": 225,
          "dco": 824,
          "txt": "der"
        },
        {
          "si": 5,
          "sti": 40,
          "dti": 135,
          "sco": 229,
          "dco": 828,
          "txt": "CAF"
        },
        {
          "si": 5,
          "sti": 41,
          "dti": 136,
          "sco": 233,
          "dco": 832,
          "txt": "("
        },
        {
          "si": 5,
          "sti": 42,
          "dti": 137,
          "sco": 234,
          "dco": 833,
          "txt": "Konfoederation"
        },
        {
          "si": 5,
          "sti": 43,
          "dti": 138,
          "sco": 249,
          "dco": 848,
          "txt": "des"
        },
        {
          "si": 5,
          "sti": 44,
          "dti": 139,
          "sco": 253,
          "dco": 852,
          "txt": "afrikanischen"
        },
        {
          "si": 5,
          "sti": 45,
          "dti": 140,
          "sco": 267,
          "dco": 866,
          "txt": "Fussballs"
        },
        {
          "si": 5,
          "sti": 46,
          "dti": 141,
          "sco": 276,
          "dco": 875,
          "txt": ")"
        },
        {
          "si": 5,
          "sti": 47,
          "dti": 142,
          "sco": 278,
          "dco": 877,
          "txt": "vor"
        },
        {
          "si": 5,
          "sti": 48,
          "dti": 143,
          "sco": 282,
          "dco": 881,
          "txt": "zwei"
        },
        {
          "si": 5,
          "sti": 49,
          "dti": 144,
          "sco": 287,
          "dco": 886,
          "txt": "Jahren"
        },
        {
          "si": 5,
          "sti": 50,
          "dti": 145,
          "sco": 294,
          "dco": 893,
          "txt": "gesperrt"
        },
        {
          "si": 5,
          "sti": 51,
          "dti": 146,
          "sco": 303,
          "dco": 902,
          "txt": "worden"
        },
        {
          "si": 5,
          "sti": 52,
          "dti": 147,
          "sco": 310,
          "dco": 909,
          "txt": "war"
        },
        {
          "si": 5,
          "sti": 53,
          "dti": 148,
          "sco": 313,
          "dco": 912,
          "txt": "."
        },
        {
          "si": 6,
          "sti": 0,
          "dti": 149,
          "sco": 0,
          "dco": 914,
          "txt": "Der"
        },
        {
          "si": 6,
          "sti": 1,
          "dti": 150,
          "sco": 4,
          "dco": 918,
          "txt": "ideenreiche"
        },
        {
          "si": 6,
          "sti": 2,
          "dti": 151,
          "sco": 16,
          "dco": 930,
          "txt": "Stuermer"
        },
        {
          "si": 6,
          "sti": 3,
          "dti": 152,
          "sco": 25,
          "dco": 939,
          "txt": "Dennis"
        },
        {
          "si": 6,
          "sti": 4,
          "dti": 153,
          "sco": 32,
          "dco": 946,
          "txt": "Oliech"
        },
        {
          "si": 6,
          "sti": 5,
          "dti": 154,
          "sco": 39,
          "dco": 953,
          "txt": "brachte"
        },
        {
          "si": 6,
          "sti": 6,
          "dti": 155,
          "sco": 47,
          "dco": 961,
          "txt": "Kenia"
        },
        {
          "si": 6,
          "sti": 7,
          "dti": 156,
          "sco": 53,
          "dco": 967,
          "txt": "in"
        },
        {
          "si": 6,
          "sti": 8,
          "dti": 157,
          "sco": 56,
          "dco": 970,
          "txt": "der"
        },
        {
          "si": 6,
          "sti": 9,
          "dti": 158,
          "sco": 60,
          "dco": 974,
          "txt": "10"
        },
        {
          "si": 6,
          "sti": 10,
          "dti": 159,
          "sco": 62,
          "dco": 976,
          "txt": "."
        },
        {
          "si": 7,
          "sti": 0,
          "dti": 160,
          "sco": 0,
          "dco": 978,
          "txt": "Minute"
        },
        {
          "si": 7,
          "sti": 1,
          "dti": 161,
          "sco": 7,
          "dco": 985,
          "txt": "mit"
        },
        {
          "si": 7,
          "sti": 2,
          "dti": 162,
          "sco": 11,
          "dco": 989,
          "txt": "einem"
        },
        {
          "si": 7,
          "sti": 3,
          "dti": 163,
          "sco": 17,
          "dco": 995,
          "txt": "genialen"
        },
        {
          "si": 7,
          "sti": 4,
          "dti": 164,
          "sco": 26,
          "dco": 1004,
          "txt": "Streich"
        },
        {
          "si": 7,
          "sti": 5,
          "dti": 165,
          "sco": 34,
          "dco": 1012,
          "txt": "in"
        },
        {
          "si": 7,
          "sti": 6,
          "dti": 166,
          "sco": 37,
          "dco": 1015,
          "txt": "Fuehrung"
        },
        {
          "si": 7,
          "sti": 7,
          "dti": 167,
          "sco": 45,
          "dco": 1023,
          "txt": ","
        },
        {
          "si": 7,
          "sti": 8,
          "dti": 168,
          "sco": 47,
          "dco": 1025,
          "txt": "als"
        },
        {
          "si": 7,
          "sti": 9,
          "dti": 169,
          "sco": 51,
          "dco": 1029,
          "txt": "er"
        },
        {
          "si": 7,
          "sti": 10,
          "dti": 170,
          "sco": 54,
          "dco": 1032,
          "txt": "den"
        },
        {
          "si": 7,
          "sti": 11,
          "dti": 171,
          "sco": 58,
          "dco": 1036,
          "txt": "Ball"
        },
        {
          "si": 7,
          "sti": 12,
          "dti": 172,
          "sco": 63,
          "dco": 1041,
          "txt": "ueber"
        },
        {
          "si": 7,
          "sti": 13,
          "dti": 173,
          "sco": 69,
          "dco": 1047,
          "txt": "Guineas"
        },
        {
          "si": 7,
          "sti": 14,
          "dti": 174,
          "sco": 77,
          "dco": 1055,
          "txt": "Torhueter"
        },
        {
          "si": 7,
          "sti": 15,
          "dti": 175,
          "sco": 87,
          "dco": 1065,
          "txt": "Kemoko"
        },
        {
          "si": 7,
          "sti": 16,
          "dti": 176,
          "sco": 94,
          "dco": 1072,
          "txt": "Camara"
        },
        {
          "si": 7,
          "sti": 17,
          "dti": 177,
          "sco": 101,
          "dco": 1079,
          "txt": "lupfte"
        },
        {
          "si": 7,
          "sti": 18,
          "dti": 178,
          "sco": 107,
          "dco": 1085,
          "txt": "."
        },
        {
          "si": 8,
          "sti": 0,
          "dti": 179,
          "sco": 0,
          "dco": 1087,
          "txt": "Ein"
        },
        {
          "si": 8,
          "sti": 1,
          "dti": 180,
          "sco": 4,
          "dco": 1091,
          "txt": "furchtbarer"
        },
        {
          "si": 8,
          "sti": 2,
          "dti": 181,
          "sco": 16,
          "dco": 1103,
          "txt": "Abwehrfehler"
        },
        {
          "si": 8,
          "sti": 3,
          "dti": 182,
          "sco": 29,
          "dco": 1116,
          "txt": "von"
        },
        {
          "si": 8,
          "sti": 4,
          "dti": 183,
          "sco": 33,
          "dco": 1120,
          "txt": "Oliechs"
        },
        {
          "si": 8,
          "sti": 5,
          "dti": 184,
          "sco": 41,
          "dco": 1128,
          "txt": "aelterem"
        },
        {
          "si": 8,
          "sti": 6,
          "dti": 185,
          "sco": 50,
          "dco": 1137,
          "txt": "Bruder"
        },
        {
          "si": 8,
          "sti": 7,
          "dti": 186,
          "sco": 57,
          "dco": 1144,
          "txt": "Andrew"
        },
        {
          "si": 8,
          "sti": 8,
          "dti": 187,
          "sco": 64,
          "dco": 1151,
          "txt": "Oyombe"
        },
        {
          "si": 8,
          "sti": 9,
          "dti": 188,
          "sco": 71,
          "dco": 1158,
          "txt": "brachte"
        },
        {
          "si": 8,
          "sti": 10,
          "dti": 189,
          "sco": 79,
          "dco": 1166,
          "txt": "Guinea"
        },
        {
          "si": 8,
          "sti": 11,
          "dti": 190,
          "sco": 86,
          "dco": 1173,
          "txt": "jedoch"
        },
        {
          "si": 8,
          "sti": 12,
          "dti": 191,
          "sco": 93,
          "dco": 1180,
          "txt": "zehn"
        },
        {
          "si": 8,
          "sti": 13,
          "dti": 192,
          "sco": 98,
          "dco": 1185,
          "txt": "Minuten"
        },
        {
          "si": 8,
          "sti": 14,
          "dti": 193,
          "sco": 106,
          "dco": 1193,
          "txt": "spaeter"
        },
        {
          "si": 8,
          "sti": 15,
          "dti": 194,
          "sco": 114,
          "dco": 1201,
          "txt": "einen"
        },
        {
          "si": 8,
          "sti": 16,
          "dti": 195,
          "sco": 120,
          "dco": 1207,
          "txt": "Elfmeter"
        },
        {
          "si": 8,
          "sti": 17,
          "dti": 196,
          "sco": 129,
          "dco": 1216,
          "txt": "ein"
        },
        {
          "si": 8,
          "sti": 18,
          "dti": 197,
          "sco": 132,
          "dco": 1219,
          "txt": ","
        },
        {
          "si": 8,
          "sti": 19,
          "dti": 198,
          "sco": 134,
          "dco": 1221,
          "txt": "den"
        },
        {
          "si": 8,
          "sti": 20,
          "dti": 199,
          "sco": 138,
          "dco": 1225,
          "txt": "Kapitaen"
        },
        {
          "si": 8,
          "sti": 21,
          "dti": 200,
          "sco": 147,
          "dco": 1234,
          "txt": "Pascal"
        },
        {
          "si": 8,
          "sti": 22,
          "dti": 201,
          "sco": 154,
          "dco": 1241,
          "txt": "Feindouno"
        },
        {
          "si": 8,
          "sti": 23,
          "dti": 202,
          "sco": 164,
          "dco": 1251,
          "txt": "zum"
        },
        {
          "si": 8,
          "sti": 24,
          "dti": 203,
          "sco": 168,
          "dco": 1255,
          "txt": "Ausgleich"
        },
        {
          "si": 8,
          "sti": 25,
          "dti": 204,
          "sco": 178,
          "dco": 1265,
          "txt": "verwandelte"
        },
        {
          "si": 8,
          "sti": 26,
          "dti": 205,
          "sco": 189,
          "dco": 1276,
          "txt": "."
        },
        {
          "si": 9,
          "sti": 0,
          "dti": 206,
          "sco": 0,
          "dco": 1278,
          "txt": "Das"
        },
        {
          "si": 9,
          "sti": 1,
          "dti": 207,
          "sco": 4,
          "dco": 1282,
          "txt": "zweite"
        },
        {
          "si": 9,
          "sti": 2,
          "dti": 208,
          "sco": 11,
          "dco": 1289,
          "txt": "Tor"
        },
        {
          "si": 9,
          "sti": 3,
          "dti": 209,
          "sco": 15,
          "dco": 1293,
          "txt": "der"
        },
        {
          "si": 9,
          "sti": 4,
          "dti": 210,
          "sco": 19,
          "dco": 1297,
          "txt": "Heimmannschaft"
        },
        {
          "si": 9,
          "sti": 5,
          "dti": 211,
          "sco": 34,
          "dco": 1312,
          "txt": "in"
        },
        {
          "si": 9,
          "sti": 6,
          "dti": 212,
          "sco": 37,
          "dco": 1315,
          "txt": "der"
        },
        {
          "si": 9,
          "sti": 7,
          "dti": 213,
          "sco": 41,
          "dco": 1319,
          "txt": "59"
        },
        {
          "si": 9,
          "sti": 8,
          "dti": 214,
          "sco": 43,
          "dco": 1321,
          "txt": "."
        },
        {
          "si": 10,
          "sti": 0,
          "dti": 215,
          "sco": 0,
          "dco": 1323,
          "txt": "Minute"
        },
        {
          "si": 10,
          "sti": 1,
          "dti": 216,
          "sco": 7,
          "dco": 1330,
          "txt": "wirkte"
        },
        {
          "si": 10,
          "sti": 2,
          "dti": 217,
          "sco": 14,
          "dco": 1337,
          "txt": "geradezu"
        },
        {
          "si": 10,
          "sti": 3,
          "dti": 218,
          "sco": 23,
          "dco": 1346,
          "txt": "bizarr"
        },
        {
          "si": 10,
          "sti": 4,
          "dti": 219,
          "sco": 29,
          "dco": 1352,
          "txt": ","
        },
        {
          "si": 10,
          "sti": 5,
          "dti": 220,
          "sco": 31,
          "dco": 1354,
          "txt": "denn"
        },
        {
          "si": 10,
          "sti": 6,
          "dti": 221,
          "sco": 36,
          "dco": 1359,
          "txt": "ein"
        },
        {
          "si": 10,
          "sti": 7,
          "dti": 222,
          "sco": 40,
          "dco": 1363,
          "txt": "Schuss"
        },
        {
          "si": 10,
          "sti": 8,
          "dti": 223,
          "sco": 47,
          "dco": 1370,
          "txt": "von"
        },
        {
          "si": 10,
          "sti": 9,
          "dti": 224,
          "sco": 51,
          "dco": 1374,
          "txt": "Edwin"
        },
        {
          "si": 10,
          "sti": 10,
          "dti": 225,
          "sco": 57,
          "dco": 1380,
          "txt": "Mkenya"
        },
        {
          "si": 10,
          "sti": 11,
          "dti": 226,
          "sco": 64,
          "dco": 1387,
          "txt": "aus"
        },
        {
          "si": 10,
          "sti": 12,
          "dti": 227,
          "sco": 68,
          "dco": 1391,
          "txt": "grosser"
        },
        {
          "si": 10,
          "sti": 13,
          "dti": 228,
          "sco": 76,
          "dco": 1399,
          "txt": "Entfernung"
        },
        {
          "si": 10,
          "sti": 14,
          "dti": 229,
          "sco": 87,
          "dco": 1410,
          "txt": "rollte"
        },
        {
          "si": 10,
          "sti": 15,
          "dti": 230,
          "sco": 94,
          "dco": 1417,
          "txt": "am"
        },
        {
          "si": 10,
          "sti": 16,
          "dti": 231,
          "sco": 97,
          "dco": 1420,
          "txt": "chancenlosen"
        },
        {
          "si": 10,
          "sti": 17,
          "dti": 232,
          "sco": 110,
          "dco": 1433,
          "txt": "Camara"
        },
        {
          "si": 10,
          "sti": 18,
          "dti": 233,
          "sco": 117,
          "dco": 1440,
          "txt": "vorbei"
        },
        {
          "si": 10,
          "sti": 19,
          "dti": 234,
          "sco": 124,
          "dco": 1447,
          "txt": "langsam"
        },
        {
          "si": 10,
          "sti": 20,
          "dti": 235,
          "sco": 132,
          "dco": 1455,
          "txt": "ins"
        },
        {
          "si": 10,
          "sti": 21,
          "dti": 236,
          "sco": 136,
          "dco": 1459,
          "txt": "Tor"
        },
        {
          "si": 10,
          "sti": 22,
          "dti": 237,
          "sco": 139,
          "dco": 1462,
          "txt": "."
        },
        {
          "si": 11,
          "sti": 0,
          "dti": 238,
          "sco": 0,
          "dco": 1464,
          "txt": "Mkenya"
        },
        {
          "si": 11,
          "sti": 1,
          "dti": 239,
          "sco": 7,
          "dco": 1471,
          "txt": "war"
        },
        {
          "si": 11,
          "sti": 2,
          "dti": 240,
          "sco": 11,
          "dco": 1475,
          "txt": "einer"
        },
        {
          "si": 11,
          "sti": 3,
          "dti": 241,
          "sco": 17,
          "dco": 1481,
          "txt": "von"
        },
        {
          "si": 11,
          "sti": 4,
          "dti": 242,
          "sco": 21,
          "dco": 1485,
          "txt": "vier"
        },
        {
          "si": 11,
          "sti": 5,
          "dti": 243,
          "sco": 26,
          "dco": 1490,
          "txt": "neuen"
        },
        {
          "si": 11,
          "sti": 6,
          "dti": 244,
          "sco": 32,
          "dco": 1496,
          "txt": "Spielern"
        },
        {
          "si": 11,
          "sti": 7,
          "dti": 245,
          "sco": 40,
          "dco": 1504,
          "txt": ","
        },
        {
          "si": 11,
          "sti": 8,
          "dti": 246,
          "sco": 42,
          "dco": 1506,
          "txt": "die"
        },
        {
          "si": 11,
          "sti": 9,
          "dti": 247,
          "sco": 46,
          "dco": 1510,
          "txt": "der"
        },
        {
          "si": 11,
          "sti": 10,
          "dti": 248,
          "sco": 50,
          "dco": 1514,
          "txt": "Trainer"
        },
        {
          "si": 11,
          "sti": 11,
          "dti": 249,
          "sco": 58,
          "dco": 1522,
          "txt": "Twahir"
        },
        {
          "si": 11,
          "sti": 12,
          "dti": 250,
          "sco": 65,
          "dco": 1529,
          "txt": "Muhiddin"
        },
        {
          "si": 11,
          "sti": 13,
          "dti": 251,
          "sco": 74,
          "dco": 1538,
          "txt": "ausgewaehlt"
        },
        {
          "si": 11,
          "sti": 14,
          "dti": 252,
          "sco": 86,
          "dco": 1550,
          "txt": "hatte"
        },
        {
          "si": 11,
          "sti": 15,
          "dti": 253,
          "sco": 91,
          "dco": 1555,
          "txt": "."
        },
        {
          "si": 12,
          "sti": 0,
          "dti": 254,
          "sco": 0,
          "dco": 1557,
          "txt": "Im"
        },
        {
          "si": 12,
          "sti": 1,
          "dti": 255,
          "sco": 3,
          "dco": 1560,
          "txt": "ersten"
        },
        {
          "si": 12,
          "sti": 2,
          "dti": 256,
          "sco": 10,
          "dco": 1567,
          "txt": "Spiel"
        },
        {
          "si": 12,
          "sti": 3,
          "dti": 257,
          "sco": 16,
          "dco": 1573,
          "txt": "unter"
        },
        {
          "si": 12,
          "sti": 4,
          "dti": 258,
          "sco": 22,
          "dco": 1579,
          "txt": "seiner"
        },
        {
          "si": 12,
          "sti": 5,
          "dti": 259,
          "sco": 29,
          "dco": 1586,
          "txt": "Leitung"
        },
        {
          "si": 12,
          "sti": 6,
          "dti": 260,
          "sco": 37,
          "dco": 1594,
          "txt": "vertraute"
        },
        {
          "si": 12,
          "sti": 7,
          "dti": 261,
          "sco": 47,
          "dco": 1604,
          "txt": "er"
        },
        {
          "si": 12,
          "sti": 8,
          "dti": 262,
          "sco": 50,
          "dco": 1607,
          "txt": "damit"
        },
        {
          "si": 12,
          "sti": 9,
          "dti": 263,
          "sco": 56,
          "dco": 1613,
          "txt": "groesstenteils"
        },
        {
          "si": 12,
          "sti": 10,
          "dti": 264,
          "sco": 71,
          "dco": 1628,
          "txt": "auf"
        },
        {
          "si": 12,
          "sti": 11,
          "dti": 265,
          "sco": 75,
          "dco": 1632,
          "txt": "Spieler"
        },
        {
          "si": 12,
          "sti": 12,
          "dti": 266,
          "sco": 82,
          "dco": 1639,
          "txt": ","
        },
        {
          "si": 12,
          "sti": 13,
          "dti": 267,
          "sco": 84,
          "dco": 1641,
          "txt": "die"
        },
        {
          "si": 12,
          "sti": 14,
          "dti": 268,
          "sco": 88,
          "dco": 1645,
          "txt": "im"
        },
        {
          "si": 12,
          "sti": 15,
          "dti": 269,
          "sco": 91,
          "dco": 1648,
          "txt": "eigenen"
        },
        {
          "si": 12,
          "sti": 16,
          "dti": 270,
          "sco": 99,
          "dco": 1656,
          "txt": "Land"
        },
        {
          "si": 12,
          "sti": 17,
          "dti": 271,
          "sco": 104,
          "dco": 1661,
          "txt": "taetig"
        },
        {
          "si": 12,
          "sti": 18,
          "dti": 272,
          "sco": 111,
          "dco": 1668,
          "txt": "sind"
        },
        {
          "si": 12,
          "sti": 19,
          "dti": 273,
          "sco": 115,
          "dco": 1672,
          "txt": "."
        },
        {
          "si": 13,
          "sti": 0,
          "dti": 274,
          "sco": 0,
          "dco": 1674,
          "txt": "Durch"
        },
        {
          "si": 13,
          "sti": 1,
          "dti": 275,
          "sco": 6,
          "dco": 1680,
          "txt": "diesen"
        },
        {
          "si": 13,
          "sti": 2,
          "dti": 276,
          "sco": 13,
          "dco": 1687,
          "txt": "Sieg"
        },
        {
          "si": 13,
          "sti": 3,
          "dti": 277,
          "sco": 18,
          "dco": 1692,
          "txt": "rueckt"
        },
        {
          "si": 13,
          "sti": 4,
          "dti": 278,
          "sco": 25,
          "dco": 1699,
          "txt": "Kenia"
        },
        {
          "si": 13,
          "sti": 5,
          "dti": 279,
          "sco": 31,
          "dco": 1705,
          "txt": "auf"
        },
        {
          "si": 13,
          "sti": 6,
          "dti": 280,
          "sco": 35,
          "dco": 1709,
          "txt": "den"
        },
        {
          "si": 13,
          "sti": 7,
          "dti": 281,
          "sco": 39,
          "dco": 1713,
          "txt": "dritten"
        },
        {
          "si": 13,
          "sti": 8,
          "dti": 282,
          "sco": 47,
          "dco": 1721,
          "txt": "Rang"
        },
        {
          "si": 13,
          "sti": 9,
          "dti": 283,
          "sco": 52,
          "dco": 1726,
          "txt": "der"
        },
        {
          "si": 13,
          "sti": 10,
          "dti": 284,
          "sco": 56,
          "dco": 1730,
          "txt": "Gruppe"
        },
        {
          "si": 13,
          "sti": 11,
          "dti": 285,
          "sco": 63,
          "dco": 1737,
          "txt": "5"
        },
        {
          "si": 13,
          "sti": 12,
          "dti": 286,
          "sco": 65,
          "dco": 1739,
          "txt": "vor"
        },
        {
          "si": 13,
          "sti": 13,
          "dti": 287,
          "sco": 69,
          "dco": 1743,
          "txt": "und"
        },
        {
          "si": 13,
          "sti": 14,
          "dti": 288,
          "sco": 73,
          "dco": 1747,
          "txt": "hat"
        },
        {
          "si": 13,
          "sti": 15,
          "dti": 289,
          "sco": 77,
          "dco": 1751,
          "txt": "nun"
        },
        {
          "si": 13,
          "sti": 16,
          "dti": 290,
          "sco": 81,
          "dco": 1755,
          "txt": "nach"
        },
        {
          "si": 13,
          "sti": 17,
          "dti": 291,
          "sco": 86,
          "dco": 1760,
          "txt": "drei"
        },
        {
          "si": 13,
          "sti": 18,
          "dti": 292,
          "sco": 91,
          "dco": 1765,
          "txt": "Spielen"
        },
        {
          "si": 13,
          "sti": 19,
          "dti": 293,
          "sco": 99,
          "dco": 1773,
          "txt": "sechs"
        },
        {
          "si": 13,
          "sti": 20,
          "dti": 294,
          "sco": 105,
          "dco": 1779,
          "txt": "Punkte"
        },
        {
          "si": 13,
          "sti": 21,
          "dti": 295,
          "sco": 112,
          "dco": 1786,
          "txt": "auf"
        },
        {
          "si": 13,
          "sti": 22,
          "dti": 296,
          "sco": 116,
          "dco": 1790,
          "txt": "dem"
        },
        {
          "si": 13,
          "sti": 23,
          "dti": 297,
          "sco": 120,
          "dco": 1794,
          "txt": "Konto"
        },
        {
          "si": 13,
          "sti": 24,
          "dti": 298,
          "sco": 125,
          "dco": 1799,
          "txt": "."
        },
        {
          "si": 14,
          "sti": 0,
          "dti": 299,
          "sco": 0,
          "dco": 1801,
          "txt": "Das"
        },
        {
          "si": 14,
          "sti": 1,
          "dti": 300,
          "sco": 4,
          "dco": 1805,
          "txt": "naechste"
        },
        {
          "si": 14,
          "sti": 2,
          "dti": 301,
          "sco": 13,
          "dco": 1814,
          "txt": "WM"
        },
        {
          "si": 14,
          "sti": 3,
          "dti": 302,
          "sco": 15,
          "dco": 1816,
          "txt": "-"
        },
        {
          "si": 14,
          "sti": 4,
          "dti": 303,
          "sco": 16,
          "dco": 1817,
          "txt": "Qualifikationsspiel"
        },
        {
          "si": 14,
          "sti": 5,
          "dti": 304,
          "sco": 36,
          "dco": 1837,
          "txt": "der"
        },
        {
          "si": 14,
          "sti": 6,
          "dti": 305,
          "sco": 40,
          "dco": 1841,
          "txt": "Kenianer"
        },
        {
          "si": 14,
          "sti": 7,
          "dti": 306,
          "sco": 49,
          "dco": 1850,
          "txt": "findet"
        },
        {
          "si": 14,
          "sti": 8,
          "dti": 307,
          "sco": 56,
          "dco": 1857,
          "txt": "am"
        },
        {
          "si": 14,
          "sti": 9,
          "dti": 308,
          "sco": 59,
          "dco": 1860,
          "txt": "9"
        },
        {
          "si": 14,
          "sti": 10,
          "dti": 309,
          "sco": 60,
          "dco": 1861,
          "txt": "."
        },
        {
          "si": 15,
          "sti": 0,
          "dti": 310,
          "sco": 0,
          "dco": 1863,
          "txt": "Februar"
        },
        {
          "si": 15,
          "sti": 1,
          "dti": 311,
          "sco": 8,
          "dco": 1871,
          "txt": "in"
        },
        {
          "si": 15,
          "sti": 2,
          "dti": 312,
          "sco": 11,
          "dco": 1874,
          "txt": "Rabat"
        },
        {
          "si": 15,
          "sti": 3,
          "dti": 313,
          "sco": 17,
          "dco": 1880,
          "txt": "gegen"
        },
        {
          "si": 15,
          "sti": 4,
          "dti": 314,
          "sco": 23,
          "dco": 1886,
          "txt": "Marokko"
        },
        {
          "si": 15,
          "sti": 5,
          "dti": 315,
          "sco": 31,
          "dco": 1894,
          "txt": "statt"
        },
        {
          "si": 15,
          "sti": 6,
          "dti": 316,
          "sco": 36,
          "dco": 1899,
          "txt": "."
        }
      ]
    },
    "ganns": {
      "dla": [],
      "la": [],
      "ea": [],
      "eta": [
        {
          "ra": {
            "ea": {
              "etn": "Goal"
            }
          },
          "sfs": [
            [
              {
                "stn": "scoreTeamB"
              },
              {
                "ea": {
                  "etn": "0"
                }
              }
            ],
            [
              {
                "stn": "forTeam"
              },
              {
                "ea": {
                  "etn": "Kenia"
                }
              }
            ],
            [
              {
                "stn": "scoreTeamA"
              },
              {
                "ea": {
                  "etn": "1"
                }
              }
            ],
            [
              {
                "stn": "minute"
              },
              {
                "ea": {
                  "etn": "10"
                }
              }
            ],
            [
              {
                "stn": "scorer"
              },
              {
                "ea": {
                  "etn": "Oliech Dennis"
                }
              }
            ]
          ],
          "mfs": {}
        },
        {
          "ra": {
            "ea": {
              "etn": "Goal"
            }
          },
          "sfs": [
            [
              {
                "stn": "scoreTeamB"
              },
              {
                "ea": {
                  "etn": "1"
                }
              }
            ],
            [
              {
                "stn": "forTeam"
              },
              {
                "ea": {
                  "etn": "Guinea"
                }
              }
            ],
            [
              {
                "stn": "scoreTeamA"
              },
              {
                "ea": {
                  "etn": "1"
                }
              }
            ],
            [
              {
                "stn": "minute"
              },
              {
                "ea": {
                  "etn": "19"
                }
              }
            ],
            [
              {
                "stn": "scorer"
              },
              {
                "ea": {
                  "etn": "Feindouno Pascal"
                }
              }
            ]
          ],
          "mfs": {}
        },
        {
          "ra": {
            "ea": {
              "etn": "Goal"
            }
          },
          "sfs": [
            [
              {
                "stn": "scoreTeamB"
              },
              {
                "ea": {
                  "etn": "1"
                }
              }
            ],
            [
              {
                "stn": "forTeam"
              },
              {
                "ea": {
                  "etn": "Kenia"
                }
              }
            ],
            [
              {
                "stn": "scoreTeamA"
              },
              {
                "ea": {
                  "etn": "2"
                }
              }
            ],
            [
              {
                "stn": "minute"
              },
              {
                "ea": {
                  "etn": "61"
                }
              }
            ],
            [
              {
                "stn": "scorer"
              },
              {
                "ea": {
                  "etn": "Mukenya Edwin"
                }
              }
            ]
          ],
          "mfs": {}
        }
      ]
    }
  }
]
