[
  {
    "context": "UNSPECIFIED",
    "doc": {
      "id": "de_mr36771_struct",
      "tl": [
        {
          "si": 0,
          "sti": 0,
          "dti": 0,
          "sco": 0,
          "dco": 0,
          "txt": "Die"
        },
        {
          "si": 0,
          "sti": 1,
          "dti": 1,
          "sco": 4,
          "dco": 4,
          "txt": "Schweiz"
        },
        {
          "si": 0,
          "sti": 2,
          "dti": 2,
          "sco": 12,
          "dco": 12,
          "txt": "und"
        },
        {
          "si": 0,
          "sti": 3,
          "dti": 3,
          "sco": 16,
          "dco": 16,
          "txt": "Irland"
        },
        {
          "si": 0,
          "sti": 4,
          "dti": 4,
          "sco": 23,
          "dco": 23,
          "txt": "mit"
        },
        {
          "si": 0,
          "sti": 5,
          "dti": 5,
          "sco": 27,
          "dco": 27,
          "txt": "torlosem"
        },
        {
          "si": 0,
          "sti": 6,
          "dti": 6,
          "sco": 36,
          "dco": 36,
          "txt": "Unentschieden"
        },
        {
          "si": 0,
          "sti": 7,
          "dti": 7,
          "sco": 49,
          "dco": 49,
          "txt": "."
        },
        {
          "si": 1,
          "sti": 0,
          "dti": 8,
          "sco": 0,
          "dco": 51,
          "txt": "Die"
        },
        {
          "si": 1,
          "sti": 1,
          "dti": 9,
          "sco": 4,
          "dco": 55,
          "txt": "Schweiz"
        },
        {
          "si": 1,
          "sti": 2,
          "dti": 10,
          "sco": 12,
          "dco": 63,
          "txt": "und"
        },
        {
          "si": 1,
          "sti": 3,
          "dti": 11,
          "sco": 16,
          "dco": 67,
          "txt": "Irland"
        },
        {
          "si": 1,
          "sti": 4,
          "dti": 12,
          "sco": 23,
          "dco": 74,
          "txt": "trennten"
        },
        {
          "si": 1,
          "sti": 5,
          "dti": 13,
          "sco": 32,
          "dco": 83,
          "txt": "sich"
        },
        {
          "si": 1,
          "sti": 6,
          "dti": 14,
          "sco": 37,
          "dco": 88,
          "txt": "nach"
        },
        {
          "si": 1,
          "sti": 7,
          "dti": 15,
          "sco": 42,
          "dco": 93,
          "txt": "hartem"
        },
        {
          "si": 1,
          "sti": 8,
          "dti": 16,
          "sco": 49,
          "dco": 100,
          "txt": "Kampf"
        },
        {
          "si": 1,
          "sti": 9,
          "dti": 17,
          "sco": 55,
          "dco": 106,
          "txt": "am"
        },
        {
          "si": 1,
          "sti": 10,
          "dti": 18,
          "sco": 58,
          "dco": 109,
          "txt": "Mittwoch"
        },
        {
          "si": 1,
          "sti": 11,
          "dti": 19,
          "sco": 67,
          "dco": 118,
          "txt": "1"
        },
        {
          "si": 1,
          "sti": 12,
          "dti": 20,
          "sco": 68,
          "dco": 119,
          "txt": ":"
        },
        {
          "si": 1,
          "sti": 13,
          "dti": 21,
          "sco": 69,
          "dco": 120,
          "txt": "1"
        },
        {
          "si": 1,
          "sti": 14,
          "dti": 22,
          "sco": 71,
          "dco": 122,
          "txt": "unentschieden"
        },
        {
          "si": 1,
          "sti": 15,
          "dti": 23,
          "sco": 85,
          "dco": 136,
          "txt": "und"
        },
        {
          "si": 1,
          "sti": 16,
          "dti": 24,
          "sco": 89,
          "dco": 140,
          "txt": "bleiben"
        },
        {
          "si": 1,
          "sti": 17,
          "dti": 25,
          "sco": 97,
          "dco": 148,
          "txt": "damit"
        },
        {
          "si": 1,
          "sti": 18,
          "dti": 26,
          "sco": 103,
          "dco": 154,
          "txt": "an"
        },
        {
          "si": 1,
          "sti": 19,
          "dti": 27,
          "sco": 106,
          "dco": 157,
          "txt": "der"
        },
        {
          "si": 1,
          "sti": 20,
          "dti": 28,
          "sco": 110,
          "dco": 161,
          "txt": "Spitze"
        },
        {
          "si": 1,
          "sti": 21,
          "dti": 29,
          "sco": 117,
          "dco": 168,
          "txt": "der"
        },
        {
          "si": 1,
          "sti": 22,
          "dti": 30,
          "sco": 121,
          "dco": 172,
          "txt": "Gruppe"
        },
        {
          "si": 1,
          "sti": 23,
          "dti": 31,
          "sco": 128,
          "dco": 179,
          "txt": "4"
        },
        {
          "si": 1,
          "sti": 24,
          "dti": 32,
          "sco": 130,
          "dco": 181,
          "txt": "der"
        },
        {
          "si": 1,
          "sti": 25,
          "dti": 33,
          "sco": 134,
          "dco": 185,
          "txt": "Qualifikation"
        },
        {
          "si": 1,
          "sti": 26,
          "dti": 34,
          "sco": 148,
          "dco": 199,
          "txt": "zur"
        },
        {
          "si": 1,
          "sti": 27,
          "dti": 35,
          "sco": 152,
          "dco": 203,
          "txt": "FIFA"
        },
        {
          "si": 1,
          "sti": 28,
          "dti": 36,
          "sco": 157,
          "dco": 208,
          "txt": "Fussball"
        },
        {
          "si": 1,
          "sti": 29,
          "dti": 37,
          "sco": 165,
          "dco": 216,
          "txt": "-"
        },
        {
          "si": 1,
          "sti": 30,
          "dti": 38,
          "sco": 166,
          "dco": 217,
          "txt": "Weltmeisterschaft"
        },
        {
          "si": 1,
          "sti": 31,
          "dti": 39,
          "sco": 184,
          "dco": 235,
          "txt": "2006"
        },
        {
          "si": 1,
          "sti": 32,
          "dti": 40,
          "sco": 188,
          "dco": 239,
          "txt": ","
        },
        {
          "si": 1,
          "sti": 33,
          "dti": 41,
          "sco": 190,
          "dco": 241,
          "txt": "noch"
        },
        {
          "si": 1,
          "sti": 34,
          "dti": 42,
          "sco": 195,
          "dco": 246,
          "txt": "vor"
        },
        {
          "si": 1,
          "sti": 35,
          "dti": 43,
          "sco": 199,
          "dco": 250,
          "txt": "Frankreich"
        },
        {
          "si": 1,
          "sti": 36,
          "dti": 44,
          "sco": 210,
          "dco": 261,
          "txt": "und"
        },
        {
          "si": 1,
          "sti": 37,
          "dti": 45,
          "sco": 214,
          "dco": 265,
          "txt": "Israel"
        },
        {
          "si": 1,
          "sti": 38,
          "dti": 46,
          "sco": 220,
          "dco": 271,
          "txt": "."
        },
        {
          "si": 2,
          "sti": 0,
          "dti": 47,
          "sco": 0,
          "dco": 273,
          "txt": "Die"
        },
        {
          "si": 2,
          "sti": 1,
          "dti": 48,
          "sco": 4,
          "dco": 277,
          "txt": "Schweizer"
        },
        {
          "si": 2,
          "sti": 2,
          "dti": 49,
          "sco": 14,
          "dco": 287,
          "txt": "werden"
        },
        {
          "si": 2,
          "sti": 3,
          "dti": 50,
          "sco": 21,
          "dco": 294,
          "txt": "sich"
        },
        {
          "si": 2,
          "sti": 4,
          "dti": 51,
          "sco": 26,
          "dco": 299,
          "txt": "aergern"
        },
        {
          "si": 2,
          "sti": 5,
          "dti": 52,
          "sco": 33,
          "dco": 306,
          "txt": ","
        },
        {
          "si": 2,
          "sti": 6,
          "dti": 53,
          "sco": 35,
          "dco": 308,
          "txt": "dass"
        },
        {
          "si": 2,
          "sti": 7,
          "dti": 54,
          "sco": 40,
          "dco": 313,
          "txt": "sie"
        },
        {
          "si": 2,
          "sti": 8,
          "dti": 55,
          "sco": 44,
          "dco": 317,
          "txt": "ihre"
        },
        {
          "si": 2,
          "sti": 9,
          "dti": 56,
          "sco": 49,
          "dco": 322,
          "txt": "Ueberlegenheit"
        },
        {
          "si": 2,
          "sti": 10,
          "dti": 57,
          "sco": 64,
          "dco": 337,
          "txt": "in"
        },
        {
          "si": 2,
          "sti": 11,
          "dti": 58,
          "sco": 67,
          "dco": 340,
          "txt": "der"
        },
        {
          "si": 2,
          "sti": 12,
          "dti": 59,
          "sco": 71,
          "dco": 344,
          "txt": "zweiten"
        },
        {
          "si": 2,
          "sti": 13,
          "dti": 60,
          "sco": 79,
          "dco": 352,
          "txt": "Halbzeit"
        },
        {
          "si": 2,
          "sti": 14,
          "dti": 61,
          "sco": 88,
          "dco": 361,
          "txt": "nicht"
        },
        {
          "si": 2,
          "sti": 15,
          "dti": 62,
          "sco": 94,
          "dco": 367,
          "txt": "in"
        },
        {
          "si": 2,
          "sti": 16,
          "dti": 63,
          "sco": 97,
          "dco": 370,
          "txt": "Tore"
        },
        {
          "si": 2,
          "sti": 17,
          "dti": 64,
          "sco": 102,
          "dco": 375,
          "txt": "ummuenzen"
        },
        {
          "si": 2,
          "sti": 18,
          "dti": 65,
          "sco": 112,
          "dco": 385,
          "txt": "konnten"
        },
        {
          "si": 2,
          "sti": 19,
          "dti": 66,
          "sco": 119,
          "dco": 392,
          "txt": "."
        },
        {
          "si": 3,
          "sti": 0,
          "dti": 67,
          "sco": 0,
          "dco": 394,
          "txt": "Shay"
        },
        {
          "si": 3,
          "sti": 1,
          "dti": 68,
          "sco": 5,
          "dco": 399,
          "txt": "Given"
        },
        {
          "si": 3,
          "sti": 2,
          "dti": 69,
          "sco": 11,
          "dco": 405,
          "txt": "im"
        },
        {
          "si": 3,
          "sti": 3,
          "dti": 70,
          "sco": 14,
          "dco": 408,
          "txt": "Tor"
        },
        {
          "si": 3,
          "sti": 4,
          "dti": 71,
          "sco": 18,
          "dco": 412,
          "txt": "der"
        },
        {
          "si": 3,
          "sti": 5,
          "dti": 72,
          "sco": 22,
          "dco": 416,
          "txt": "Iren"
        },
        {
          "si": 3,
          "sti": 6,
          "dti": 73,
          "sco": 27,
          "dco": 421,
          "txt": "erwies"
        },
        {
          "si": 3,
          "sti": 7,
          "dti": 74,
          "sco": 34,
          "dco": 428,
          "txt": "sich"
        },
        {
          "si": 3,
          "sti": 8,
          "dti": 75,
          "sco": 39,
          "dco": 433,
          "txt": "jedoch"
        },
        {
          "si": 3,
          "sti": 9,
          "dti": 76,
          "sco": 46,
          "dco": 440,
          "txt": "bei"
        },
        {
          "si": 3,
          "sti": 10,
          "dti": 77,
          "sco": 50,
          "dco": 444,
          "txt": "mindestens"
        },
        {
          "si": 3,
          "sti": 11,
          "dti": 78,
          "sco": 61,
          "dco": 455,
          "txt": "drei"
        },
        {
          "si": 3,
          "sti": 12,
          "dti": 79,
          "sco": 66,
          "dco": 460,
          "txt": "grossen"
        },
        {
          "si": 3,
          "sti": 13,
          "dti": 80,
          "sco": 74,
          "dco": 468,
          "txt": "Chancen"
        },
        {
          "si": 3,
          "sti": 14,
          "dti": 81,
          "sco": 82,
          "dco": 476,
          "txt": "der"
        },
        {
          "si": 3,
          "sti": 15,
          "dti": 82,
          "sco": 86,
          "dco": 480,
          "txt": "Schweizer"
        },
        {
          "si": 3,
          "sti": 16,
          "dti": 83,
          "sco": 96,
          "dco": 490,
          "txt": "als"
        },
        {
          "si": 3,
          "sti": 17,
          "dti": 84,
          "sco": 100,
          "dco": 494,
          "txt": "Spielverderber"
        },
        {
          "si": 3,
          "sti": 18,
          "dti": 85,
          "sco": 114,
          "dco": 508,
          "txt": "."
        },
        {
          "si": 4,
          "sti": 0,
          "dti": 86,
          "sco": 0,
          "dco": 510,
          "txt": "Nach"
        },
        {
          "si": 4,
          "sti": 1,
          "dti": 87,
          "sco": 5,
          "dco": 515,
          "txt": "den"
        },
        {
          "si": 4,
          "sti": 2,
          "dti": 88,
          "sco": 9,
          "dco": 519,
          "txt": "Heimsiegen"
        },
        {
          "si": 4,
          "sti": 3,
          "dti": 89,
          "sco": 20,
          "dco": 530,
          "txt": "am"
        },
        {
          "si": 4,
          "sti": 4,
          "dti": 90,
          "sco": 23,
          "dco": 533,
          "txt": "vergangenen"
        },
        {
          "si": 4,
          "sti": 5,
          "dti": 91,
          "sco": 35,
          "dco": 545,
          "txt": "Wochenende"
        },
        {
          "si": 4,
          "sti": 6,
          "dti": 92,
          "sco": 46,
          "dco": 556,
          "txt": "gegen"
        },
        {
          "si": 4,
          "sti": 7,
          "dti": 93,
          "sco": 52,
          "dco": 562,
          "txt": "die"
        },
        {
          "si": 4,
          "sti": 8,
          "dti": 94,
          "sco": 56,
          "dco": 566,
          "txt": "jeweils"
        },
        {
          "si": 4,
          "sti": 9,
          "dti": 95,
          "sco": 64,
          "dco": 574,
          "txt": "schwaechsten"
        },
        {
          "si": 4,
          "sti": 10,
          "dti": 96,
          "sco": 77,
          "dco": 587,
          "txt": "Teams"
        },
        {
          "si": 4,
          "sti": 11,
          "dti": 97,
          "sco": 83,
          "dco": 593,
          "txt": "ihrer"
        },
        {
          "si": 4,
          "sti": 12,
          "dti": 98,
          "sco": 89,
          "dco": 599,
          "txt": "Gruppe"
        },
        {
          "si": 4,
          "sti": 13,
          "dti": 99,
          "sco": 96,
          "dco": 606,
          "txt": "wussten"
        },
        {
          "si": 4,
          "sti": 14,
          "dti": 100,
          "sco": 104,
          "dco": 614,
          "txt": "beide"
        },
        {
          "si": 4,
          "sti": 15,
          "dti": 101,
          "sco": 110,
          "dco": 620,
          "txt": "Mannschaften"
        },
        {
          "si": 4,
          "sti": 16,
          "dti": 102,
          "sco": 123,
          "dco": 633,
          "txt": "eher"
        },
        {
          "si": 4,
          "sti": 17,
          "dti": 103,
          "sco": 128,
          "dco": 638,
          "txt": "durch"
        },
        {
          "si": 4,
          "sti": 18,
          "dti": 104,
          "sco": 134,
          "dco": 644,
          "txt": "die"
        },
        {
          "si": 4,
          "sti": 19,
          "dti": 105,
          "sco": 138,
          "dco": 648,
          "txt": "Gefaehrlichkeit"
        },
        {
          "si": 4,
          "sti": 20,
          "dti": 106,
          "sco": 154,
          "dco": 664,
          "txt": "ihres"
        },
        {
          "si": 4,
          "sti": 21,
          "dti": 107,
          "sco": 160,
          "dco": 670,
          "txt": "Angriffsspiels"
        },
        {
          "si": 4,
          "sti": 22,
          "dti": 108,
          "sco": 175,
          "dco": 685,
          "txt": "als"
        },
        {
          "si": 4,
          "sti": 23,
          "dti": 109,
          "sco": 179,
          "dco": 689,
          "txt": "durch"
        },
        {
          "si": 4,
          "sti": 24,
          "dti": 110,
          "sco": 185,
          "dco": 695,
          "txt": "das"
        },
        {
          "si": 4,
          "sti": 25,
          "dti": 111,
          "sco": 189,
          "dco": 699,
          "txt": "Koennen"
        },
        {
          "si": 4,
          "sti": 26,
          "dti": 112,
          "sco": 197,
          "dco": 707,
          "txt": "ihrer"
        },
        {
          "si": 4,
          "sti": 27,
          "dti": 113,
          "sco": 203,
          "dco": 713,
          "txt": "Abwehrreihen"
        },
        {
          "si": 4,
          "sti": 28,
          "dti": 114,
          "sco": 216,
          "dco": 726,
          "txt": "zu"
        },
        {
          "si": 4,
          "sti": 29,
          "dti": 115,
          "sco": 219,
          "dco": 729,
          "txt": "glaenzen"
        },
        {
          "si": 4,
          "sti": 30,
          "dti": 116,
          "sco": 227,
          "dco": 737,
          "txt": "."
        },
        {
          "si": 5,
          "sti": 0,
          "dti": 117,
          "sco": 0,
          "dco": 739,
          "txt": "Die"
        },
        {
          "si": 5,
          "sti": 1,
          "dti": 118,
          "sco": 4,
          "dco": 743,
          "txt": "Schweizer"
        },
        {
          "si": 5,
          "sti": 2,
          "dti": 119,
          "sco": 14,
          "dco": 753,
          "txt": "mit"
        },
        {
          "si": 5,
          "sti": 3,
          "dti": 120,
          "sco": 18,
          "dco": 757,
          "txt": "ihrem"
        },
        {
          "si": 5,
          "sti": 4,
          "dti": 121,
          "sco": 24,
          "dco": 763,
          "txt": "gepflegten"
        },
        {
          "si": 5,
          "sti": 5,
          "dti": 122,
          "sco": 35,
          "dco": 774,
          "txt": "Passspiel"
        },
        {
          "si": 5,
          "sti": 6,
          "dti": 123,
          "sco": 44,
          "dco": 783,
          "txt": ","
        },
        {
          "si": 5,
          "sti": 7,
          "dti": 124,
          "sco": 46,
          "dco": 785,
          "txt": "immer"
        },
        {
          "si": 5,
          "sti": 8,
          "dti": 125,
          "sco": 52,
          "dco": 791,
          "txt": "wieder"
        },
        {
          "si": 5,
          "sti": 9,
          "dti": 126,
          "sco": 59,
          "dco": 798,
          "txt": "ueber"
        },
        {
          "si": 5,
          "sti": 10,
          "dti": 127,
          "sco": 65,
          "dco": 804,
          "txt": "den"
        },
        {
          "si": 5,
          "sti": 11,
          "dti": 128,
          "sco": 69,
          "dco": 808,
          "txt": "in"
        },
        {
          "si": 5,
          "sti": 12,
          "dti": 129,
          "sco": 72,
          "dco": 811,
          "txt": "beeindruckender"
        },
        {
          "si": 5,
          "sti": 13,
          "dti": 130,
          "sco": 88,
          "dco": 827,
          "txt": "Form"
        },
        {
          "si": 5,
          "sti": 14,
          "dti": 131,
          "sco": 93,
          "dco": 832,
          "txt": "aufspielenden"
        },
        {
          "si": 5,
          "sti": 15,
          "dti": 132,
          "sco": 107,
          "dco": 846,
          "txt": "Hakan"
        },
        {
          "si": 5,
          "sti": 16,
          "dti": 133,
          "sco": 113,
          "dco": 852,
          "txt": "Yakin"
        },
        {
          "si": 5,
          "sti": 17,
          "dti": 134,
          "sco": 119,
          "dco": 858,
          "txt": "und"
        },
        {
          "si": 5,
          "sti": 18,
          "dti": 135,
          "sco": 123,
          "dco": 862,
          "txt": "ein"
        },
        {
          "si": 5,
          "sti": 19,
          "dti": 136,
          "sco": 127,
          "dco": 866,
          "txt": "weiteres"
        },
        {
          "si": 5,
          "sti": 20,
          "dti": 137,
          "sco": 136,
          "dco": 875,
          "txt": "Talent"
        },
        {
          "si": 5,
          "sti": 21,
          "dti": 138,
          "sco": 143,
          "dco": 882,
          "txt": "aus"
        },
        {
          "si": 5,
          "sti": 22,
          "dti": 139,
          "sco": 147,
          "dco": 886,
          "txt": "ihrem"
        },
        {
          "si": 5,
          "sti": 23,
          "dti": 140,
          "sco": 153,
          "dco": 892,
          "txt": "U"
        },
        {
          "si": 5,
          "sti": 24,
          "dti": 141,
          "sco": 154,
          "dco": 893,
          "txt": "-"
        },
        {
          "si": 5,
          "sti": 25,
          "dti": 142,
          "sco": 155,
          "dco": 894,
          "txt": "21"
        },
        {
          "si": 5,
          "sti": 26,
          "dti": 143,
          "sco": 157,
          "dco": 896,
          "txt": "-"
        },
        {
          "si": 5,
          "sti": 27,
          "dti": 144,
          "sco": 158,
          "dco": 897,
          "txt": "Team"
        },
        {
          "si": 5,
          "sti": 28,
          "dti": 145,
          "sco": 162,
          "dco": 901,
          "txt": ","
        },
        {
          "si": 5,
          "sti": 29,
          "dti": 146,
          "sco": 164,
          "dco": 903,
          "txt": "Tranquillo"
        },
        {
          "si": 5,
          "sti": 30,
          "dti": 147,
          "sco": 175,
          "dco": 914,
          "txt": "Barnet"
        },
        {
          "si": 5,
          "sti": 31,
          "dti": 148,
          "sco": 182,
          "dco": 921,
          "txt": "von"
        },
        {
          "si": 5,
          "sti": 32,
          "dti": 149,
          "sco": 186,
          "dco": 925,
          "txt": "Hannover"
        },
        {
          "si": 5,
          "sti": 33,
          "dti": 150,
          "sco": 195,
          "dco": 934,
          "txt": "96"
        },
        {
          "si": 5,
          "sti": 34,
          "dti": 151,
          "sco": 197,
          "dco": 936,
          "txt": ","
        },
        {
          "si": 5,
          "sti": 35,
          "dti": 152,
          "sco": 199,
          "dco": 938,
          "txt": "vorgetragen"
        },
        {
          "si": 5,
          "sti": 36,
          "dti": 153,
          "sco": 210,
          "dco": 949,
          "txt": ","
        },
        {
          "si": 5,
          "sti": 37,
          "dti": 154,
          "sco": 212,
          "dco": 951,
          "txt": "behielten"
        },
        {
          "si": 5,
          "sti": 38,
          "dti": 155,
          "sco": 222,
          "dco": 961,
          "txt": "immer"
        },
        {
          "si": 5,
          "sti": 39,
          "dti": 156,
          "sco": 228,
          "dco": 967,
          "txt": "mehr"
        },
        {
          "si": 5,
          "sti": 40,
          "dti": 157,
          "sco": 233,
          "dco": 972,
          "txt": "die"
        },
        {
          "si": 5,
          "sti": 41,
          "dti": 158,
          "sco": 237,
          "dco": 976,
          "txt": "Oberhand"
        },
        {
          "si": 5,
          "sti": 42,
          "dti": 159,
          "sco": 246,
          "dco": 985,
          "txt": "ueber"
        },
        {
          "si": 5,
          "sti": 43,
          "dti": 160,
          "sco": 252,
          "dco": 991,
          "txt": "die"
        },
        {
          "si": 5,
          "sti": 44,
          "dti": 161,
          "sco": 256,
          "dco": 995,
          "txt": "Iren"
        },
        {
          "si": 5,
          "sti": 45,
          "dti": 162,
          "sco": 260,
          "dco": 999,
          "txt": ","
        },
        {
          "si": 5,
          "sti": 46,
          "dti": 163,
          "sco": 262,
          "dco": 1001,
          "txt": "die"
        },
        {
          "si": 5,
          "sti": 47,
          "dti": 164,
          "sco": 266,
          "dco": 1005,
          "txt": "ein"
        },
        {
          "si": 5,
          "sti": 48,
          "dti": 165,
          "sco": 270,
          "dco": 1009,
          "txt": "ums"
        },
        {
          "si": 5,
          "sti": 49,
          "dti": 166,
          "sco": 274,
          "dco": 1013,
          "txt": "andere"
        },
        {
          "si": 5,
          "sti": 50,
          "dti": 167,
          "sco": 281,
          "dco": 1020,
          "txt": "Mal"
        },
        {
          "si": 5,
          "sti": 51,
          "dti": 168,
          "sco": 285,
          "dco": 1024,
          "txt": "Schwaechen"
        },
        {
          "si": 5,
          "sti": 52,
          "dti": 169,
          "sco": 296,
          "dco": 1035,
          "txt": "in"
        },
        {
          "si": 5,
          "sti": 53,
          "dti": 170,
          "sco": 299,
          "dco": 1038,
          "txt": "der"
        },
        {
          "si": 5,
          "sti": 54,
          "dti": 171,
          "sco": 303,
          "dco": 1042,
          "txt": "Hintermannschaft"
        },
        {
          "si": 5,
          "sti": 55,
          "dti": 172,
          "sco": 320,
          "dco": 1059,
          "txt": "zeigten"
        },
        {
          "si": 5,
          "sti": 56,
          "dti": 173,
          "sco": 327,
          "dco": 1066,
          "txt": "."
        },
        {
          "si": 6,
          "sti": 0,
          "dti": 174,
          "sco": 0,
          "dco": 1068,
          "txt": "Auf"
        },
        {
          "si": 6,
          "sti": 1,
          "dti": 175,
          "sco": 4,
          "dco": 1072,
          "txt": "der"
        },
        {
          "si": 6,
          "sti": 2,
          "dti": 176,
          "sco": 8,
          "dco": 1076,
          "txt": "anderen"
        },
        {
          "si": 6,
          "sti": 3,
          "dti": 177,
          "sco": 16,
          "dco": 1084,
          "txt": "Seite"
        },
        {
          "si": 6,
          "sti": 4,
          "dti": 178,
          "sco": 22,
          "dco": 1090,
          "txt": "deckten"
        },
        {
          "si": 6,
          "sti": 5,
          "dti": 179,
          "sco": 30,
          "dco": 1098,
          "txt": "in"
        },
        {
          "si": 6,
          "sti": 6,
          "dti": 180,
          "sco": 33,
          "dco": 1101,
          "txt": "der"
        },
        {
          "si": 6,
          "sti": 7,
          "dti": 181,
          "sco": 37,
          "dco": 1105,
          "txt": "ersten"
        },
        {
          "si": 6,
          "sti": 8,
          "dti": 182,
          "sco": 44,
          "dco": 1112,
          "txt": "Halbzeit"
        },
        {
          "si": 6,
          "sti": 9,
          "dti": 183,
          "sco": 53,
          "dco": 1121,
          "txt": "Robbie"
        },
        {
          "si": 6,
          "sti": 10,
          "dti": 184,
          "sco": 60,
          "dco": 1128,
          "txt": "Keane"
        },
        {
          "si": 6,
          "sti": 11,
          "dti": 185,
          "sco": 66,
          "dco": 1134,
          "txt": "und"
        },
        {
          "si": 6,
          "sti": 12,
          "dti": 186,
          "sco": 70,
          "dco": 1138,
          "txt": "Chelseas"
        },
        {
          "si": 6,
          "sti": 13,
          "dti": 187,
          "sco": 79,
          "dco": 1147,
          "txt": "Damien"
        },
        {
          "si": 6,
          "sti": 14,
          "dti": 188,
          "sco": 86,
          "dco": 1154,
          "txt": "Duff"
        },
        {
          "si": 6,
          "sti": 15,
          "dti": 189,
          "sco": 91,
          "dco": 1159,
          "txt": "immer"
        },
        {
          "si": 6,
          "sti": 16,
          "dti": 190,
          "sco": 97,
          "dco": 1165,
          "txt": "wieder"
        },
        {
          "si": 6,
          "sti": 17,
          "dti": 191,
          "sco": 104,
          "dco": 1172,
          "txt": "unerwartete"
        },
        {
          "si": 6,
          "sti": 18,
          "dti": 192,
          "sco": 116,
          "dco": 1184,
          "txt": "Loecher"
        },
        {
          "si": 6,
          "sti": 19,
          "dti": 193,
          "sco": 124,
          "dco": 1192,
          "txt": "in"
        },
        {
          "si": 6,
          "sti": 20,
          "dti": 194,
          "sco": 127,
          "dco": 1195,
          "txt": "der"
        },
        {
          "si": 6,
          "sti": 21,
          "dti": 195,
          "sco": 131,
          "dco": 1199,
          "txt": "Schweizer"
        },
        {
          "si": 6,
          "sti": 22,
          "dti": 196,
          "sco": 141,
          "dco": 1209,
          "txt": "Innenverteidigung"
        },
        {
          "si": 6,
          "sti": 23,
          "dti": 197,
          "sco": 159,
          "dco": 1227,
          "txt": "auf"
        },
        {
          "si": 6,
          "sti": 24,
          "dti": 198,
          "sco": 162,
          "dco": 1230,
          "txt": "."
        },
        {
          "si": 7,
          "sti": 0,
          "dti": 199,
          "sco": 0,
          "dco": 1232,
          "txt": "Irlands"
        },
        {
          "si": 7,
          "sti": 1,
          "dti": 200,
          "sco": 8,
          "dco": 1240,
          "txt": "Hoffnungen"
        },
        {
          "si": 7,
          "sti": 2,
          "dti": 201,
          "sco": 19,
          "dco": 1251,
          "txt": "auf"
        },
        {
          "si": 7,
          "sti": 3,
          "dti": 202,
          "sco": 23,
          "dco": 1255,
          "txt": "eine"
        },
        {
          "si": 7,
          "sti": 4,
          "dti": 203,
          "sco": 28,
          "dco": 1260,
          "txt": "Revanche"
        },
        {
          "si": 7,
          "sti": 5,
          "dti": 204,
          "sco": 37,
          "dco": 1269,
          "txt": "gegen"
        },
        {
          "si": 7,
          "sti": 6,
          "dti": 205,
          "sco": 43,
          "dco": 1275,
          "txt": "die"
        },
        {
          "si": 7,
          "sti": 7,
          "dti": 206,
          "sco": 47,
          "dco": 1279,
          "txt": "Mannschaft"
        },
        {
          "si": 7,
          "sti": 8,
          "dti": 207,
          "sco": 57,
          "dco": 1289,
          "txt": ","
        },
        {
          "si": 7,
          "sti": 9,
          "dti": 208,
          "sco": 59,
          "dco": 1291,
          "txt": "die"
        },
        {
          "si": 7,
          "sti": 10,
          "dti": 209,
          "sco": 63,
          "dco": 1295,
          "txt": "sie"
        },
        {
          "si": 7,
          "sti": 11,
          "dti": 210,
          "sco": 67,
          "dco": 1299,
          "txt": "in"
        },
        {
          "si": 7,
          "sti": 12,
          "dti": 211,
          "sco": 70,
          "dco": 1302,
          "txt": "der"
        },
        {
          "si": 7,
          "sti": 13,
          "dti": 212,
          "sco": 74,
          "dco": 1306,
          "txt": "Qualifikation"
        },
        {
          "si": 7,
          "sti": 14,
          "dti": 213,
          "sco": 88,
          "dco": 1320,
          "txt": "zur"
        },
        {
          "si": 7,
          "sti": 15,
          "dti": 214,
          "sco": 92,
          "dco": 1324,
          "txt": "Euro"
        },
        {
          "si": 7,
          "sti": 16,
          "dti": 215,
          "sco": 97,
          "dco": 1329,
          "txt": "2004"
        },
        {
          "si": 7,
          "sti": 17,
          "dti": 216,
          "sco": 102,
          "dco": 1334,
          "txt": "eliminierte"
        },
        {
          "si": 7,
          "sti": 18,
          "dti": 217,
          "sco": 113,
          "dco": 1345,
          "txt": ","
        },
        {
          "si": 7,
          "sti": 19,
          "dti": 218,
          "sco": 115,
          "dco": 1347,
          "txt": "schienen"
        },
        {
          "si": 7,
          "sti": 20,
          "dti": 219,
          "sco": 124,
          "dco": 1356,
          "txt": "schon"
        },
        {
          "si": 7,
          "sti": 21,
          "dti": 220,
          "sco": 130,
          "dco": 1362,
          "txt": "in"
        },
        {
          "si": 7,
          "sti": 22,
          "dti": 221,
          "sco": 133,
          "dco": 1365,
          "txt": "der"
        },
        {
          "si": 7,
          "sti": 23,
          "dti": 222,
          "sco": 137,
          "dco": 1369,
          "txt": "8"
        },
        {
          "si": 7,
          "sti": 24,
          "dti": 223,
          "sco": 138,
          "dco": 1370,
          "txt": "."
        },
        {
          "si": 8,
          "sti": 0,
          "dti": 224,
          "sco": 0,
          "dco": 1372,
          "txt": "Minute"
        },
        {
          "si": 8,
          "sti": 1,
          "dti": 225,
          "sco": 7,
          "dco": 1379,
          "txt": "aufzugehen"
        },
        {
          "si": 8,
          "sti": 2,
          "dti": 226,
          "sco": 17,
          "dco": 1389,
          "txt": "."
        },
        {
          "si": 9,
          "sti": 0,
          "dti": 227,
          "sco": 0,
          "dco": 1391,
          "txt": "Clinton"
        },
        {
          "si": 9,
          "sti": 1,
          "dti": 228,
          "sco": 8,
          "dco": 1399,
          "txt": "Morrison"
        },
        {
          "si": 9,
          "sti": 2,
          "dti": 229,
          "sco": 17,
          "dco": 1408,
          "txt": "schuettelte"
        },
        {
          "si": 9,
          "sti": 3,
          "dti": 230,
          "sco": 29,
          "dco": 1420,
          "txt": "problemlos"
        },
        {
          "si": 9,
          "sti": 4,
          "dti": 231,
          "sco": 40,
          "dco": 1431,
          "txt": "zwei"
        },
        {
          "si": 9,
          "sti": 5,
          "dti": 232,
          "sco": 45,
          "dco": 1436,
          "txt": "Schweizer"
        },
        {
          "si": 9,
          "sti": 6,
          "dti": 233,
          "sco": 55,
          "dco": 1446,
          "txt": "Verteidiger"
        },
        {
          "si": 9,
          "sti": 7,
          "dti": 234,
          "sco": 67,
          "dco": 1458,
          "txt": "durch"
        },
        {
          "si": 9,
          "sti": 8,
          "dti": 235,
          "sco": 73,
          "dco": 1464,
          "txt": "und"
        },
        {
          "si": 9,
          "sti": 9,
          "dti": 236,
          "sco": 77,
          "dco": 1468,
          "txt": "koepfte"
        },
        {
          "si": 9,
          "sti": 10,
          "dti": 237,
          "sco": 85,
          "dco": 1476,
          "txt": "eine"
        },
        {
          "si": 9,
          "sti": 11,
          "dti": 238,
          "sco": 90,
          "dco": 1481,
          "txt": "lange"
        },
        {
          "si": 9,
          "sti": 12,
          "dti": 239,
          "sco": 96,
          "dco": 1487,
          "txt": "angeschnittene"
        },
        {
          "si": 9,
          "sti": 13,
          "dti": 240,
          "sco": 111,
          "dco": 1502,
          "txt": "Hereingabe"
        },
        {
          "si": 9,
          "sti": 14,
          "dti": 241,
          "sco": 122,
          "dco": 1513,
          "txt": "von"
        },
        {
          "si": 9,
          "sti": 15,
          "dti": 242,
          "sco": 126,
          "dco": 1517,
          "txt": "Duff"
        },
        {
          "si": 9,
          "sti": 16,
          "dti": 243,
          "sco": 131,
          "dco": 1522,
          "txt": "an"
        },
        {
          "si": 9,
          "sti": 17,
          "dti": 244,
          "sco": 134,
          "dco": 1525,
          "txt": "Keeper"
        },
        {
          "si": 9,
          "sti": 18,
          "dti": 245,
          "sco": 141,
          "dco": 1532,
          "txt": "Pascal"
        },
        {
          "si": 9,
          "sti": 19,
          "dti": 246,
          "sco": 148,
          "dco": 1539,
          "txt": "Zuberbuehler"
        },
        {
          "si": 9,
          "sti": 20,
          "dti": 247,
          "sco": 161,
          "dco": 1552,
          "txt": "vorbei"
        },
        {
          "si": 9,
          "sti": 21,
          "dti": 248,
          "sco": 168,
          "dco": 1559,
          "txt": "ins"
        },
        {
          "si": 9,
          "sti": 22,
          "dti": 249,
          "sco": 172,
          "dco": 1563,
          "txt": "eidgenoessische"
        },
        {
          "si": 9,
          "sti": 23,
          "dti": 250,
          "sco": 188,
          "dco": 1579,
          "txt": "Tor"
        },
        {
          "si": 9,
          "sti": 24,
          "dti": 251,
          "sco": 191,
          "dco": 1582,
          "txt": "."
        },
        {
          "si": 10,
          "sti": 0,
          "dti": 252,
          "sco": 0,
          "dco": 1584,
          "txt": "Nur"
        },
        {
          "si": 10,
          "sti": 1,
          "dti": 253,
          "sco": 4,
          "dco": 1588,
          "txt": "zwei"
        },
        {
          "si": 10,
          "sti": 2,
          "dti": 254,
          "sco": 9,
          "dco": 1593,
          "txt": "Minuten"
        },
        {
          "si": 10,
          "sti": 3,
          "dti": 255,
          "sco": 17,
          "dco": 1601,
          "txt": "spaeter"
        },
        {
          "si": 10,
          "sti": 4,
          "dti": 256,
          "sco": 25,
          "dco": 1609,
          "txt": "haette"
        },
        {
          "si": 10,
          "sti": 5,
          "dti": 257,
          "sco": 32,
          "dco": 1616,
          "txt": "Basels"
        },
        {
          "si": 10,
          "sti": 6,
          "dti": 258,
          "sco": 39,
          "dco": 1623,
          "txt": "zentraler"
        },
        {
          "si": 10,
          "sti": 7,
          "dti": 259,
          "sco": 49,
          "dco": 1633,
          "txt": "Abwehrspieler"
        },
        {
          "si": 10,
          "sti": 8,
          "dti": 260,
          "sco": 63,
          "dco": 1647,
          "txt": "Murat"
        },
        {
          "si": 10,
          "sti": 9,
          "dti": 261,
          "sco": 69,
          "dco": 1653,
          "txt": "Yakin"
        },
        {
          "si": 10,
          "sti": 10,
          "dti": 262,
          "sco": 75,
          "dco": 1659,
          "txt": "fast"
        },
        {
          "si": 10,
          "sti": 11,
          "dti": 263,
          "sco": 80,
          "dco": 1664,
          "txt": "den"
        },
        {
          "si": 10,
          "sti": 12,
          "dti": 264,
          "sco": 84,
          "dco": 1668,
          "txt": "Ausgleich"
        },
        {
          "si": 10,
          "sti": 13,
          "dti": 265,
          "sco": 94,
          "dco": 1678,
          "txt": "erzielt"
        },
        {
          "si": 10,
          "sti": 14,
          "dti": 266,
          "sco": 101,
          "dco": 1685,
          "txt": ","
        },
        {
          "si": 10,
          "sti": 15,
          "dti": 267,
          "sco": 103,
          "dco": 1687,
          "txt": "aber"
        },
        {
          "si": 10,
          "sti": 16,
          "dti": 268,
          "sco": 108,
          "dco": 1692,
          "txt": "sein"
        },
        {
          "si": 10,
          "sti": 17,
          "dti": 269,
          "sco": 113,
          "dco": 1697,
          "txt": "Freistoss"
        },
        {
          "si": 10,
          "sti": 18,
          "dti": 270,
          "sco": 123,
          "dco": 1707,
          "txt": "knallte"
        },
        {
          "si": 10,
          "sti": 19,
          "dti": 271,
          "sco": 131,
          "dco": 1715,
          "txt": "an"
        },
        {
          "si": 10,
          "sti": 20,
          "dti": 272,
          "sco": 134,
          "dco": 1718,
          "txt": "die"
        },
        {
          "si": 10,
          "sti": 21,
          "dti": 273,
          "sco": 138,
          "dco": 1722,
          "txt": "Latte"
        },
        {
          "si": 10,
          "sti": 22,
          "dti": 274,
          "sco": 143,
          "dco": 1727,
          "txt": "."
        },
        {
          "si": 11,
          "sti": 0,
          "dti": 275,
          "sco": 0,
          "dco": 1729,
          "txt": "Irlands"
        },
        {
          "si": 11,
          "sti": 1,
          "dti": 276,
          "sco": 8,
          "dco": 1737,
          "txt": "Verteidigung"
        },
        {
          "si": 11,
          "sti": 2,
          "dti": 277,
          "sco": 21,
          "dco": 1750,
          "txt": "schien"
        },
        {
          "si": 11,
          "sti": 3,
          "dti": 278,
          "sco": 28,
          "dco": 1757,
          "txt": "sich"
        },
        {
          "si": 11,
          "sti": 4,
          "dti": 279,
          "sco": 33,
          "dco": 1762,
          "txt": "zunaechst"
        },
        {
          "si": 11,
          "sti": 5,
          "dti": 280,
          "sco": 43,
          "dco": 1772,
          "txt": "zu"
        },
        {
          "si": 11,
          "sti": 6,
          "dti": 281,
          "sco": 46,
          "dco": 1775,
          "txt": "sehr"
        },
        {
          "si": 11,
          "sti": 7,
          "dti": 282,
          "sco": 51,
          "dco": 1780,
          "txt": "auf"
        },
        {
          "si": 11,
          "sti": 8,
          "dti": 283,
          "sco": 55,
          "dco": 1784,
          "txt": "den"
        },
        {
          "si": 11,
          "sti": 9,
          "dti": 284,
          "sco": 59,
          "dco": 1788,
          "txt": "19"
        },
        {
          "si": 11,
          "sti": 10,
          "dti": 285,
          "sco": 61,
          "dco": 1790,
          "txt": "-"
        },
        {
          "si": 11,
          "sti": 11,
          "dti": 286,
          "sco": 62,
          "dco": 1791,
          "txt": "jaehrigen"
        },
        {
          "si": 11,
          "sti": 12,
          "dti": 287,
          "sco": 72,
          "dco": 1801,
          "txt": "Johan"
        },
        {
          "si": 11,
          "sti": 13,
          "dti": 288,
          "sco": 78,
          "dco": 1807,
          "txt": "Vonlanthen"
        },
        {
          "si": 11,
          "sti": 14,
          "dti": 289,
          "sco": 88,
          "dco": 1817,
          "txt": ","
        },
        {
          "si": 11,
          "sti": 15,
          "dti": 290,
          "sco": 90,
          "dco": 1819,
          "txt": "den"
        },
        {
          "si": 11,
          "sti": 16,
          "dti": 291,
          "sco": 94,
          "dco": 1823,
          "txt": "juengsten"
        },
        {
          "si": 11,
          "sti": 17,
          "dti": 292,
          "sco": 104,
          "dco": 1833,
          "txt": "Torschuetzen"
        },
        {
          "si": 11,
          "sti": 18,
          "dti": 293,
          "sco": 117,
          "dco": 1846,
          "txt": "bei"
        },
        {
          "si": 11,
          "sti": 19,
          "dti": 294,
          "sco": 121,
          "dco": 1850,
          "txt": "einer"
        },
        {
          "si": 11,
          "sti": 20,
          "dti": 295,
          "sco": 127,
          "dco": 1856,
          "txt": "Europameisterschaft"
        },
        {
          "si": 11,
          "sti": 21,
          "dti": 296,
          "sco": 146,
          "dco": 1875,
          "txt": ","
        },
        {
          "si": 11,
          "sti": 22,
          "dti": 297,
          "sco": 148,
          "dco": 1877,
          "txt": "zu"
        },
        {
          "si": 11,
          "sti": 23,
          "dti": 298,
          "sco": 151,
          "dco": 1880,
          "txt": "konzentrieren"
        },
        {
          "si": 11,
          "sti": 24,
          "dti": 299,
          "sco": 164,
          "dco": 1893,
          "txt": "."
        },
        {
          "si": 12,
          "sti": 0,
          "dti": 300,
          "sco": 0,
          "dco": 1895,
          "txt": "Nach"
        },
        {
          "si": 12,
          "sti": 1,
          "dti": 301,
          "sco": 5,
          "dco": 1900,
          "txt": "seinem"
        },
        {
          "si": 12,
          "sti": 2,
          "dti": 302,
          "sco": 12,
          "dco": 1907,
          "txt": "Hattrick"
        },
        {
          "si": 12,
          "sti": 3,
          "dti": 303,
          "sco": 21,
          "dco": 1916,
          "txt": "beim"
        },
        {
          "si": 12,
          "sti": 4,
          "dti": 304,
          "sco": 26,
          "dco": 1921,
          "txt": "6"
        },
        {
          "si": 12,
          "sti": 5,
          "dti": 305,
          "sco": 27,
          "dco": 1922,
          "txt": ":"
        },
        {
          "si": 12,
          "sti": 6,
          "dti": 306,
          "sco": 28,
          "dco": 1923,
          "txt": "0"
        },
        {
          "si": 12,
          "sti": 7,
          "dti": 307,
          "sco": 29,
          "dco": 1924,
          "txt": "-"
        },
        {
          "si": 12,
          "sti": 8,
          "dti": 308,
          "sco": 30,
          "dco": 1925,
          "txt": "Sieg"
        },
        {
          "si": 12,
          "sti": 9,
          "dti": 309,
          "sco": 35,
          "dco": 1930,
          "txt": "gegen"
        },
        {
          "si": 12,
          "sti": 10,
          "dti": 310,
          "sco": 41,
          "dco": 1936,
          "txt": "die"
        },
        {
          "si": 12,
          "sti": 11,
          "dti": 311,
          "sco": 45,
          "dco": 1940,
          "txt": "Faeroeer"
        },
        {
          "si": 12,
          "sti": 12,
          "dti": 312,
          "sco": 54,
          "dco": 1949,
          "txt": "Inseln"
        },
        {
          "si": 12,
          "sti": 13,
          "dti": 313,
          "sco": 61,
          "dco": 1956,
          "txt": "am"
        },
        {
          "si": 12,
          "sti": 14,
          "dti": 314,
          "sco": 64,
          "dco": 1959,
          "txt": "vergangenen"
        },
        {
          "si": 12,
          "sti": 15,
          "dti": 315,
          "sco": 76,
          "dco": 1971,
          "txt": "Wochenende"
        },
        {
          "si": 12,
          "sti": 16,
          "dti": 316,
          "sco": 87,
          "dco": 1982,
          "txt": "schien"
        },
        {
          "si": 12,
          "sti": 17,
          "dti": 317,
          "sco": 94,
          "dco": 1989,
          "txt": "sich"
        },
        {
          "si": 12,
          "sti": 18,
          "dti": 318,
          "sco": 99,
          "dco": 1994,
          "txt": "der"
        },
        {
          "si": 12,
          "sti": 19,
          "dti": 319,
          "sco": 103,
          "dco": 1998,
          "txt": "Stuermer"
        },
        {
          "si": 12,
          "sti": 20,
          "dti": 320,
          "sco": 112,
          "dco": 2007,
          "txt": "vom"
        },
        {
          "si": 12,
          "sti": 21,
          "dti": 321,
          "sco": 116,
          "dco": 2011,
          "txt": "PSV"
        },
        {
          "si": 12,
          "sti": 22,
          "dti": 322,
          "sco": 120,
          "dco": 2015,
          "txt": "Eindhoven"
        },
        {
          "si": 12,
          "sti": 23,
          "dti": 323,
          "sco": 130,
          "dco": 2025,
          "txt": "jedoch"
        },
        {
          "si": 12,
          "sti": 24,
          "dti": 324,
          "sco": 137,
          "dco": 2032,
          "txt": "damit"
        },
        {
          "si": 12,
          "sti": 25,
          "dti": 325,
          "sco": 143,
          "dco": 2038,
          "txt": "zu"
        },
        {
          "si": 12,
          "sti": 26,
          "dti": 326,
          "sco": 146,
          "dco": 2041,
          "txt": "begnuegen"
        },
        {
          "si": 12,
          "sti": 27,
          "dti": 327,
          "sco": 155,
          "dco": 2050,
          "txt": ","
        },
        {
          "si": 12,
          "sti": 28,
          "dti": 328,
          "sco": 157,
          "dco": 2052,
          "txt": "irische"
        },
        {
          "si": 12,
          "sti": 29,
          "dti": 329,
          "sco": 165,
          "dco": 2060,
          "txt": "Verteidiger"
        },
        {
          "si": 12,
          "sti": 30,
          "dti": 330,
          "sco": 177,
          "dco": 2072,
          "txt": "zu"
        },
        {
          "si": 12,
          "sti": 31,
          "dti": 331,
          "sco": 180,
          "dco": 2075,
          "txt": "binden"
        },
        {
          "si": 12,
          "sti": 32,
          "dti": 332,
          "sco": 186,
          "dco": 2081,
          "txt": "."
        },
        {
          "si": 13,
          "sti": 0,
          "dti": 333,
          "sco": 0,
          "dco": 2083,
          "txt": "Innerhalb"
        },
        {
          "si": 13,
          "sti": 1,
          "dti": 334,
          "sco": 10,
          "dco": 2093,
          "txt": "von"
        },
        {
          "si": 13,
          "sti": 2,
          "dti": 335,
          "sco": 14,
          "dco": 2097,
          "txt": "zwei"
        },
        {
          "si": 13,
          "sti": 3,
          "dti": 336,
          "sco": 19,
          "dco": 2102,
          "txt": "Minuten"
        },
        {
          "si": 13,
          "sti": 4,
          "dti": 337,
          "sco": 27,
          "dco": 2110,
          "txt": "verhinderte"
        },
        {
          "si": 13,
          "sti": 5,
          "dti": 338,
          "sco": 39,
          "dco": 2122,
          "txt": "Given"
        },
        {
          "si": 13,
          "sti": 6,
          "dti": 339,
          "sco": 45,
          "dco": 2128,
          "txt": "zweimal"
        },
        {
          "si": 13,
          "sti": 7,
          "dti": 340,
          "sco": 53,
          "dco": 2136,
          "txt": "mit"
        },
        {
          "si": 13,
          "sti": 8,
          "dti": 341,
          "sco": 57,
          "dco": 2140,
          "txt": "Fussparaden"
        },
        {
          "si": 13,
          "sti": 9,
          "dti": 342,
          "sco": 69,
          "dco": 2152,
          "txt": "zwei"
        },
        {
          "si": 13,
          "sti": 10,
          "dti": 343,
          "sco": 74,
          "dco": 2157,
          "txt": "klare"
        },
        {
          "si": 13,
          "sti": 11,
          "dti": 344,
          "sco": 80,
          "dco": 2163,
          "txt": "Torchancen"
        },
        {
          "si": 13,
          "sti": 12,
          "dti": 345,
          "sco": 90,
          "dco": 2173,
          "txt": ","
        },
        {
          "si": 13,
          "sti": 13,
          "dti": 346,
          "sco": 92,
          "dco": 2175,
          "txt": "nachdem"
        },
        {
          "si": 13,
          "sti": 14,
          "dti": 347,
          "sco": 100,
          "dco": 2183,
          "txt": "die"
        },
        {
          "si": 13,
          "sti": 15,
          "dti": 348,
          "sco": 104,
          "dco": 2187,
          "txt": "Schweizer"
        },
        {
          "si": 13,
          "sti": 16,
          "dti": 349,
          "sco": 114,
          "dco": 2197,
          "txt": "ploetzlich"
        },
        {
          "si": 13,
          "sti": 17,
          "dti": 350,
          "sco": 125,
          "dco": 2208,
          "txt": "zu"
        },
        {
          "si": 13,
          "sti": 18,
          "dti": 351,
          "sco": 128,
          "dco": 2211,
          "txt": "ihrem"
        },
        {
          "si": 13,
          "sti": 19,
          "dti": 352,
          "sco": 134,
          "dco": 2217,
          "txt": "Spiel"
        },
        {
          "si": 13,
          "sti": 20,
          "dti": 353,
          "sco": 140,
          "dco": 2223,
          "txt": "gefunden"
        },
        {
          "si": 13,
          "sti": 21,
          "dti": 354,
          "sco": 149,
          "dco": 2232,
          "txt": "hatten"
        },
        {
          "si": 13,
          "sti": 22,
          "dti": 355,
          "sco": 155,
          "dco": 2238,
          "txt": "."
        },
        {
          "si": 14,
          "sti": 0,
          "dti": 356,
          "sco": 0,
          "dco": 2240,
          "txt": "Dann"
        },
        {
          "si": 14,
          "sti": 1,
          "dti": 357,
          "sco": 5,
          "dco": 2245,
          "txt": "konnte"
        },
        {
          "si": 14,
          "sti": 2,
          "dti": 358,
          "sco": 12,
          "dco": 2252,
          "txt": "Stuermer"
        },
        {
          "si": 14,
          "sti": 3,
          "dti": 359,
          "sco": 21,
          "dco": 2261,
          "txt": "Alexandre"
        },
        {
          "si": 14,
          "sti": 4,
          "dti": 360,
          "sco": 31,
          "dco": 2271,
          "txt": "Rey"
        },
        {
          "si": 14,
          "sti": 5,
          "dti": 361,
          "sco": 35,
          "dco": 2275,
          "txt": "erst"
        },
        {
          "si": 14,
          "sti": 6,
          "dti": 362,
          "sco": 40,
          "dco": 2280,
          "txt": "nach"
        },
        {
          "si": 14,
          "sti": 7,
          "dti": 363,
          "sco": 45,
          "dco": 2285,
          "txt": "einem"
        },
        {
          "si": 14,
          "sti": 8,
          "dti": 364,
          "sco": 51,
          "dco": 2291,
          "txt": "Alleingang"
        },
        {
          "si": 14,
          "sti": 9,
          "dti": 365,
          "sco": 62,
          "dco": 2302,
          "txt": "ueber"
        },
        {
          "si": 14,
          "sti": 10,
          "dti": 366,
          "sco": 68,
          "dco": 2308,
          "txt": "fast"
        },
        {
          "si": 14,
          "sti": 11,
          "dti": 367,
          "sco": 73,
          "dco": 2313,
          "txt": "30"
        },
        {
          "si": 14,
          "sti": 12,
          "dti": 368,
          "sco": 76,
          "dco": 2316,
          "txt": "Meter"
        },
        {
          "si": 14,
          "sti": 13,
          "dti": 369,
          "sco": 82,
          "dco": 2322,
          "txt": "gestoppt"
        },
        {
          "si": 14,
          "sti": 14,
          "dti": 370,
          "sco": 91,
          "dco": 2331,
          "txt": "werden"
        },
        {
          "si": 14,
          "sti": 15,
          "dti": 371,
          "sco": 97,
          "dco": 2337,
          "txt": "."
        },
        {
          "si": 15,
          "sti": 0,
          "dti": 372,
          "sco": 0,
          "dco": 2339,
          "txt": "Anschliessend"
        },
        {
          "si": 15,
          "sti": 1,
          "dti": 373,
          "sco": 14,
          "dco": 2353,
          "txt": "vergab"
        },
        {
          "si": 15,
          "sti": 2,
          "dti": 374,
          "sco": 21,
          "dco": 2360,
          "txt": "Hakan"
        },
        {
          "si": 15,
          "sti": 3,
          "dti": 375,
          "sco": 27,
          "dco": 2366,
          "txt": "Yakin"
        },
        {
          "si": 15,
          "sti": 4,
          "dti": 376,
          "sco": 33,
          "dco": 2372,
          "txt": "nach"
        },
        {
          "si": 15,
          "sti": 5,
          "dti": 377,
          "sco": 38,
          "dco": 2377,
          "txt": "einer"
        },
        {
          "si": 15,
          "sti": 6,
          "dti": 378,
          "sco": 44,
          "dco": 2383,
          "txt": "Vorlage"
        },
        {
          "si": 15,
          "sti": 7,
          "dti": 379,
          "sco": 52,
          "dco": 2391,
          "txt": "des"
        },
        {
          "si": 15,
          "sti": 8,
          "dti": 380,
          "sco": 56,
          "dco": 2395,
          "txt": "Neulings"
        },
        {
          "si": 15,
          "sti": 9,
          "dti": 381,
          "sco": 65,
          "dco": 2404,
          "txt": "Barneta"
        },
        {
          "si": 15,
          "sti": 10,
          "dti": 382,
          "sco": 73,
          "dco": 2412,
          "txt": "aus"
        },
        {
          "si": 15,
          "sti": 11,
          "dti": 383,
          "sco": 77,
          "dco": 2416,
          "txt": "kurzer"
        },
        {
          "si": 15,
          "sti": 12,
          "dti": 384,
          "sco": 84,
          "dco": 2423,
          "txt": "Entfernung"
        },
        {
          "si": 15,
          "sti": 13,
          "dti": 385,
          "sco": 94,
          "dco": 2433,
          "txt": "."
        },
        {
          "si": 16,
          "sti": 0,
          "dti": 386,
          "sco": 0,
          "dco": 2435,
          "txt": "Nachdem"
        },
        {
          "si": 16,
          "sti": 1,
          "dti": 387,
          "sco": 8,
          "dco": 2443,
          "txt": "seine"
        },
        {
          "si": 16,
          "sti": 2,
          "dti": 388,
          "sco": 14,
          "dco": 2449,
          "txt": "beiden"
        },
        {
          "si": 16,
          "sti": 3,
          "dti": 389,
          "sco": 21,
          "dco": 2456,
          "txt": "Stammkraefte"
        },
        {
          "si": 16,
          "sti": 4,
          "dti": 390,
          "sco": 34,
          "dco": 2469,
          "txt": "auf"
        },
        {
          "si": 16,
          "sti": 5,
          "dti": 391,
          "sco": 38,
          "dco": 2473,
          "txt": "der"
        },
        {
          "si": 16,
          "sti": 6,
          "dti": 392,
          "sco": 42,
          "dco": 2477,
          "txt": "linken"
        },
        {
          "si": 16,
          "sti": 7,
          "dti": 393,
          "sco": 49,
          "dco": 2484,
          "txt": "Seite"
        },
        {
          "si": 16,
          "sti": 8,
          "dti": 394,
          "sco": 55,
          "dco": 2490,
          "txt": "ausgefallen"
        },
        {
          "si": 16,
          "sti": 9,
          "dti": 395,
          "sco": 67,
          "dco": 2502,
          "txt": "waren"
        },
        {
          "si": 16,
          "sti": 10,
          "dti": 396,
          "sco": 72,
          "dco": 2507,
          "txt": ","
        },
        {
          "si": 16,
          "sti": 11,
          "dti": 397,
          "sco": 74,
          "dco": 2509,
          "txt": "ueberraschte"
        },
        {
          "si": 16,
          "sti": 12,
          "dti": 398,
          "sco": 87,
          "dco": 2522,
          "txt": "Trainer"
        },
        {
          "si": 16,
          "sti": 13,
          "dti": 399,
          "sco": 95,
          "dco": 2530,
          "txt": "Koebi"
        },
        {
          "si": 16,
          "sti": 14,
          "dti": 400,
          "sco": 101,
          "dco": 2536,
          "txt": "Kuhn"
        },
        {
          "si": 16,
          "sti": 15,
          "dti": 401,
          "sco": 106,
          "dco": 2541,
          "txt": "mit"
        },
        {
          "si": 16,
          "sti": 16,
          "dti": 402,
          "sco": 110,
          "dco": 2545,
          "txt": "der"
        },
        {
          "si": 16,
          "sti": 17,
          "dti": 403,
          "sco": 114,
          "dco": 2549,
          "txt": "Nominierung"
        },
        {
          "si": 16,
          "sti": 18,
          "dti": 404,
          "sco": 126,
          "dco": 2561,
          "txt": "des"
        },
        {
          "si": 16,
          "sti": 19,
          "dti": 405,
          "sco": 130,
          "dco": 2565,
          "txt": "jungen"
        },
        {
          "si": 16,
          "sti": 20,
          "dti": 406,
          "sco": 137,
          "dco": 2572,
          "txt": "Mittelfeldspielers"
        },
        {
          "si": 16,
          "sti": 21,
          "dti": 407,
          "sco": 156,
          "dco": 2591,
          "txt": "von"
        },
        {
          "si": 16,
          "sti": 22,
          "dti": 408,
          "sco": 160,
          "dco": 2595,
          "txt": "Hannover"
        },
        {
          "si": 16,
          "sti": 23,
          "dti": 409,
          "sco": 169,
          "dco": 2604,
          "txt": "96"
        },
        {
          "si": 16,
          "sti": 24,
          "dti": 410,
          "sco": 171,
          "dco": 2606,
          "txt": "."
        },
        {
          "si": 17,
          "sti": 0,
          "dti": 411,
          "sco": 0,
          "dco": 2608,
          "txt": "Seine"
        },
        {
          "si": 17,
          "sti": 1,
          "dti": 412,
          "sco": 6,
          "dco": 2614,
          "txt": "Risikobereitschaft"
        },
        {
          "si": 17,
          "sti": 2,
          "dti": 413,
          "sco": 25,
          "dco": 2633,
          "txt": "machte"
        },
        {
          "si": 17,
          "sti": 3,
          "dti": 414,
          "sco": 32,
          "dco": 2640,
          "txt": "sich"
        },
        {
          "si": 17,
          "sti": 4,
          "dti": 415,
          "sco": 37,
          "dco": 2645,
          "txt": "bereits"
        },
        {
          "si": 17,
          "sti": 5,
          "dti": 416,
          "sco": 45,
          "dco": 2653,
          "txt": "in"
        },
        {
          "si": 17,
          "sti": 6,
          "dti": 417,
          "sco": 48,
          "dco": 2656,
          "txt": "der"
        },
        {
          "si": 17,
          "sti": 7,
          "dti": 418,
          "sco": 52,
          "dco": 2660,
          "txt": "17"
        },
        {
          "si": 17,
          "sti": 8,
          "dti": 419,
          "sco": 54,
          "dco": 2662,
          "txt": "."
        },
        {
          "si": 18,
          "sti": 0,
          "dti": 420,
          "sco": 0,
          "dco": 2664,
          "txt": "Minute"
        },
        {
          "si": 18,
          "sti": 1,
          "dti": 421,
          "sco": 7,
          "dco": 2671,
          "txt": "bezahlt"
        },
        {
          "si": 18,
          "sti": 2,
          "dti": 422,
          "sco": 14,
          "dco": 2678,
          "txt": "."
        },
        {
          "si": 19,
          "sti": 0,
          "dti": 423,
          "sco": 0,
          "dco": 2680,
          "txt": "Nach"
        },
        {
          "si": 19,
          "sti": 1,
          "dti": 424,
          "sco": 5,
          "dco": 2685,
          "txt": "einem"
        },
        {
          "si": 19,
          "sti": 2,
          "dti": 425,
          "sco": 11,
          "dco": 2691,
          "txt": "kurzen"
        },
        {
          "si": 19,
          "sti": 3,
          "dti": 426,
          "sco": 18,
          "dco": 2698,
          "txt": "Alleingang"
        },
        {
          "si": 19,
          "sti": 4,
          "dti": 427,
          "sco": 29,
          "dco": 2709,
          "txt": "passte"
        },
        {
          "si": 19,
          "sti": 5,
          "dti": 428,
          "sco": 36,
          "dco": 2716,
          "txt": "der"
        },
        {
          "si": 19,
          "sti": 6,
          "dti": 429,
          "sco": 40,
          "dco": 2720,
          "txt": "19"
        },
        {
          "si": 19,
          "sti": 7,
          "dti": 430,
          "sco": 42,
          "dco": 2722,
          "txt": "-"
        },
        {
          "si": 19,
          "sti": 8,
          "dti": 431,
          "sco": 43,
          "dco": 2723,
          "txt": "jaehrige"
        },
        {
          "si": 19,
          "sti": 9,
          "dti": 432,
          "sco": 52,
          "dco": 2732,
          "txt": "den"
        },
        {
          "si": 19,
          "sti": 10,
          "dti": 433,
          "sco": 56,
          "dco": 2736,
          "txt": "Ball"
        },
        {
          "si": 19,
          "sti": 11,
          "dti": 434,
          "sco": 61,
          "dco": 2741,
          "txt": "elegant"
        },
        {
          "si": 19,
          "sti": 12,
          "dti": 435,
          "sco": 69,
          "dco": 2749,
          "txt": "zu"
        },
        {
          "si": 19,
          "sti": 13,
          "dti": 436,
          "sco": 72,
          "dco": 2752,
          "txt": "Hakan"
        },
        {
          "si": 19,
          "sti": 14,
          "dti": 437,
          "sco": 78,
          "dco": 2758,
          "txt": "Yakin"
        },
        {
          "si": 19,
          "sti": 15,
          "dti": 438,
          "sco": 83,
          "dco": 2763,
          "txt": ","
        },
        {
          "si": 19,
          "sti": 16,
          "dti": 439,
          "sco": 85,
          "dco": 2765,
          "txt": "den"
        },
        {
          "si": 19,
          "sti": 17,
          "dti": 440,
          "sco": 89,
          "dco": 2769,
          "txt": "der"
        },
        {
          "si": 19,
          "sti": 18,
          "dti": 441,
          "sco": 93,
          "dco": 2773,
          "txt": "Schweizer"
        },
        {
          "si": 19,
          "sti": 19,
          "dti": 442,
          "sco": 103,
          "dco": 2783,
          "txt": "Mittelfeldspieler"
        },
        {
          "si": 19,
          "sti": 20,
          "dti": 443,
          "sco": 121,
          "dco": 2801,
          "txt": "elegant"
        },
        {
          "si": 19,
          "sti": 21,
          "dti": 444,
          "sco": 129,
          "dco": 2809,
          "txt": "an"
        },
        {
          "si": 19,
          "sti": 22,
          "dti": 445,
          "sco": 132,
          "dco": 2812,
          "txt": "Given"
        },
        {
          "si": 19,
          "sti": 23,
          "dti": 446,
          "sco": 138,
          "dco": 2818,
          "txt": "vorbei"
        },
        {
          "si": 19,
          "sti": 24,
          "dti": 447,
          "sco": 145,
          "dco": 2825,
          "txt": "ins"
        },
        {
          "si": 19,
          "sti": 25,
          "dti": 448,
          "sco": 149,
          "dco": 2829,
          "txt": "irische"
        },
        {
          "si": 19,
          "sti": 26,
          "dti": 449,
          "sco": 157,
          "dco": 2837,
          "txt": "Tor"
        },
        {
          "si": 19,
          "sti": 27,
          "dti": 450,
          "sco": 161,
          "dco": 2841,
          "txt": "schoss"
        },
        {
          "si": 19,
          "sti": 28,
          "dti": 451,
          "sco": 167,
          "dco": 2847,
          "txt": "."
        },
        {
          "si": 20,
          "sti": 0,
          "dti": 452,
          "sco": 0,
          "dco": 2849,
          "txt": "In"
        },
        {
          "si": 20,
          "sti": 1,
          "dti": 453,
          "sco": 3,
          "dco": 2852,
          "txt": "der"
        },
        {
          "si": 20,
          "sti": 2,
          "dti": 454,
          "sco": 7,
          "dco": 2856,
          "txt": "zweiten"
        },
        {
          "si": 20,
          "sti": 3,
          "dti": 455,
          "sco": 15,
          "dco": 2864,
          "txt": "Halbzeit"
        },
        {
          "si": 20,
          "sti": 4,
          "dti": 456,
          "sco": 24,
          "dco": 2873,
          "txt": "wurde"
        },
        {
          "si": 20,
          "sti": 5,
          "dti": 457,
          "sco": 30,
          "dco": 2879,
          "txt": "die"
        },
        {
          "si": 20,
          "sti": 6,
          "dti": 458,
          "sco": 34,
          "dco": 2883,
          "txt": "Partie"
        },
        {
          "si": 20,
          "sti": 7,
          "dti": 459,
          "sco": 41,
          "dco": 2890,
          "txt": "etwas"
        },
        {
          "si": 20,
          "sti": 8,
          "dti": 460,
          "sco": 47,
          "dco": 2896,
          "txt": "ruppiger"
        },
        {
          "si": 20,
          "sti": 9,
          "dti": 461,
          "sco": 55,
          "dco": 2904,
          "txt": ","
        },
        {
          "si": 20,
          "sti": 10,
          "dti": 462,
          "sco": 57,
          "dco": 2906,
          "txt": "da"
        },
        {
          "si": 20,
          "sti": 11,
          "dti": 463,
          "sco": 60,
          "dco": 2909,
          "txt": "die"
        },
        {
          "si": 20,
          "sti": 12,
          "dti": 464,
          "sco": 64,
          "dco": 2913,
          "txt": "irischen"
        },
        {
          "si": 20,
          "sti": 13,
          "dti": 465,
          "sco": 73,
          "dco": 2922,
          "txt": "und"
        },
        {
          "si": 20,
          "sti": 14,
          "dti": 466,
          "sco": 77,
          "dco": 2926,
          "txt": "schweizerischen"
        },
        {
          "si": 20,
          "sti": 15,
          "dti": 467,
          "sco": 93,
          "dco": 2942,
          "txt": "Mittelfeldspieler"
        },
        {
          "si": 20,
          "sti": 16,
          "dti": 468,
          "sco": 111,
          "dco": 2960,
          "txt": "nun"
        },
        {
          "si": 20,
          "sti": 17,
          "dti": 469,
          "sco": 115,
          "dco": 2964,
          "txt": "mehr"
        },
        {
          "si": 20,
          "sti": 18,
          "dti": 470,
          "sco": 120,
          "dco": 2969,
          "txt": "Wert"
        },
        {
          "si": 20,
          "sti": 19,
          "dti": 471,
          "sco": 125,
          "dco": 2974,
          "txt": "darauf"
        },
        {
          "si": 20,
          "sti": 20,
          "dti": 472,
          "sco": 132,
          "dco": 2981,
          "txt": "legten"
        },
        {
          "si": 20,
          "sti": 21,
          "dti": 473,
          "sco": 138,
          "dco": 2987,
          "txt": ","
        },
        {
          "si": 20,
          "sti": 22,
          "dti": 474,
          "sco": 140,
          "dco": 2989,
          "txt": "ihre"
        },
        {
          "si": 20,
          "sti": 23,
          "dti": 475,
          "sco": 145,
          "dco": 2994,
          "txt": "Gegner"
        },
        {
          "si": 20,
          "sti": 24,
          "dti": 476,
          "sco": 152,
          "dco": 3001,
          "txt": "zu"
        },
        {
          "si": 20,
          "sti": 25,
          "dti": 477,
          "sco": 155,
          "dco": 3004,
          "txt": "neutralisieren"
        },
        {
          "si": 20,
          "sti": 26,
          "dti": 478,
          "sco": 169,
          "dco": 3018,
          "txt": ","
        },
        {
          "si": 20,
          "sti": 27,
          "dti": 479,
          "sco": 171,
          "dco": 3020,
          "txt": "um"
        },
        {
          "si": 20,
          "sti": 28,
          "dti": 480,
          "sco": 174,
          "dco": 3023,
          "txt": "dann"
        },
        {
          "si": 20,
          "sti": 29,
          "dti": 481,
          "sco": 179,
          "dco": 3028,
          "txt": "selbst"
        },
        {
          "si": 20,
          "sti": 30,
          "dti": 482,
          "sco": 186,
          "dco": 3035,
          "txt": "schnelle"
        },
        {
          "si": 20,
          "sti": 31,
          "dti": 483,
          "sco": 195,
          "dco": 3044,
          "txt": "Konter"
        },
        {
          "si": 20,
          "sti": 32,
          "dti": 484,
          "sco": 202,
          "dco": 3051,
          "txt": "zu"
        },
        {
          "si": 20,
          "sti": 33,
          "dti": 485,
          "sco": 205,
          "dco": 3054,
          "txt": "fahren"
        },
        {
          "si": 20,
          "sti": 34,
          "dti": 486,
          "sco": 211,
          "dco": 3060,
          "txt": "."
        },
        {
          "si": 21,
          "sti": 0,
          "dti": 487,
          "sco": 0,
          "dco": 3062,
          "txt": "Irland"
        },
        {
          "si": 21,
          "sti": 1,
          "dti": 488,
          "sco": 7,
          "dco": 3069,
          "txt": "vermochte"
        },
        {
          "si": 21,
          "sti": 2,
          "dti": 489,
          "sco": 17,
          "dco": 3079,
          "txt": "es"
        },
        {
          "si": 21,
          "sti": 3,
          "dti": 490,
          "sco": 20,
          "dco": 3082,
          "txt": "nicht"
        },
        {
          "si": 21,
          "sti": 4,
          "dti": 491,
          "sco": 26,
          "dco": 3088,
          "txt": "mehr"
        },
        {
          "si": 21,
          "sti": 5,
          "dti": 492,
          "sco": 30,
          "dco": 3092,
          "txt": ","
        },
        {
          "si": 21,
          "sti": 6,
          "dti": 493,
          "sco": 32,
          "dco": 3094,
          "txt": "sich"
        },
        {
          "si": 21,
          "sti": 7,
          "dti": 494,
          "sco": 37,
          "dco": 3099,
          "txt": "in"
        },
        {
          "si": 21,
          "sti": 8,
          "dti": 495,
          "sco": 40,
          "dco": 3102,
          "txt": "der"
        },
        {
          "si": 21,
          "sti": 9,
          "dti": 496,
          "sco": 44,
          "dco": 3106,
          "txt": "zweiten"
        },
        {
          "si": 21,
          "sti": 10,
          "dti": 497,
          "sco": 52,
          "dco": 3114,
          "txt": "Halbzeit"
        },
        {
          "si": 21,
          "sti": 11,
          "dti": 498,
          "sco": 61,
          "dco": 3123,
          "txt": "aufzubaeumen"
        },
        {
          "si": 21,
          "sti": 12,
          "dti": 499,
          "sco": 73,
          "dco": 3135,
          "txt": ","
        },
        {
          "si": 21,
          "sti": 13,
          "dti": 500,
          "sco": 75,
          "dco": 3137,
          "txt": "waehrend"
        },
        {
          "si": 21,
          "sti": 14,
          "dti": 501,
          "sco": 84,
          "dco": 3146,
          "txt": "die"
        },
        {
          "si": 21,
          "sti": 15,
          "dti": 502,
          "sco": 88,
          "dco": 3150,
          "txt": "Schweizer"
        },
        {
          "si": 21,
          "sti": 16,
          "dti": 503,
          "sco": 98,
          "dco": 3160,
          "txt": "nicht"
        },
        {
          "si": 21,
          "sti": 17,
          "dti": 504,
          "sco": 104,
          "dco": 3166,
          "txt": "imstande"
        },
        {
          "si": 21,
          "sti": 18,
          "dti": 505,
          "sco": 113,
          "dco": 3175,
          "txt": "waren"
        },
        {
          "si": 21,
          "sti": 19,
          "dti": 506,
          "sco": 118,
          "dco": 3180,
          "txt": ","
        },
        {
          "si": 21,
          "sti": 20,
          "dti": 507,
          "sco": 120,
          "dco": 3182,
          "txt": "ihre"
        },
        {
          "si": 21,
          "sti": 21,
          "dti": 508,
          "sco": 125,
          "dco": 3187,
          "txt": "klare"
        },
        {
          "si": 21,
          "sti": 22,
          "dti": 509,
          "sco": 131,
          "dco": 3193,
          "txt": "Feldueberlegenheit"
        },
        {
          "si": 21,
          "sti": 23,
          "dti": 510,
          "sco": 150,
          "dco": 3212,
          "txt": "und"
        },
        {
          "si": 21,
          "sti": 24,
          "dti": 511,
          "sco": 154,
          "dco": 3216,
          "txt": "die"
        },
        {
          "si": 21,
          "sti": 25,
          "dti": 512,
          "sco": 158,
          "dco": 3220,
          "txt": "zahlreichen"
        },
        {
          "si": 21,
          "sti": 26,
          "dti": 513,
          "sco": 170,
          "dco": 3232,
          "txt": "Chancen"
        },
        {
          "si": 21,
          "sti": 27,
          "dti": 514,
          "sco": 178,
          "dco": 3240,
          "txt": "zu"
        },
        {
          "si": 21,
          "sti": 28,
          "dti": 515,
          "sco": 181,
          "dco": 3243,
          "txt": "nutzen"
        },
        {
          "si": 21,
          "sti": 29,
          "dti": 516,
          "sco": 187,
          "dco": 3249,
          "txt": "."
        }
      ]
    },
    "ganns": {
      "dla": [],
      "la": [],
      "ea": [],
      "eta": [
        {
          "ra": {
            "ea": {
              "etn": "Goal"
            }
          },
          "sfs": [
            [
              {
                "stn": "scoreTeamB"
              },
              {
                "ea": {
                  "etn": "1"
                }
              }
            ],
            [
              {
                "stn": "forTeam"
              },
              {
                "ea": {
                  "etn": "Republik Irland"
                }
              }
            ],
            [
              {
                "stn": "scoreTeamA"
              },
              {
                "ea": {
                  "etn": "0"
                }
              }
            ],
            [
              {
                "stn": "minute"
              },
              {
                "ea": {
                  "etn": "8"
                }
              }
            ],
            [
              {
                "stn": "scorer"
              },
              {
                "ea": {
                  "etn": "Morrison Clinton"
                }
              }
            ]
          ],
          "mfs": {}
        },
        {
          "ra": {
            "ea": {
              "etn": "Goal"
            }
          },
          "sfs": [
            [
              {
                "stn": "scoreTeamB"
              },
              {
                "ea": {
                  "etn": "1"
                }
              }
            ],
            [
              {
                "stn": "forTeam"
              },
              {
                "ea": {
                  "etn": "Schweiz"
                }
              }
            ],
            [
              {
                "stn": "scoreTeamA"
              },
              {
                "ea": {
                  "etn": "1"
                }
              }
            ],
            [
              {
                "stn": "minute"
              },
              {
                "ea": {
                  "etn": "17"
                }
              }
            ],
            [
              {
                "stn": "scorer"
              },
              {
                "ea": {
                  "etn": "Yakin Hakan"
                }
              }
            ]
          ],
          "mfs": {}
        }
      ]
    }
  }
]
