[
  {
    "context": "UNSPECIFIED",
    "doc": {
      "id": "de_mr36637_struct",
      "tl": [
        {
          "si": 0,
          "sti": 0,
          "dti": 0,
          "sco": 0,
          "dco": 0,
          "txt": "Enttaeuschtes"
        },
        {
          "si": 0,
          "sti": 1,
          "dti": 1,
          "sco": 14,
          "dco": 14,
          "txt": "England"
        },
        {
          "si": 0,
          "sti": 2,
          "dti": 2,
          "sco": 22,
          "dco": 22,
          "txt": "auf"
        },
        {
          "si": 0,
          "sti": 3,
          "dti": 3,
          "sco": 26,
          "dco": 26,
          "txt": "Ursachenforschung"
        },
        {
          "si": 0,
          "sti": 4,
          "dti": 4,
          "sco": 43,
          "dco": 43,
          "txt": "."
        },
        {
          "si": 1,
          "sti": 0,
          "dti": 5,
          "sco": 0,
          "dco": 45,
          "txt": "Sack"
        },
        {
          "si": 1,
          "sti": 1,
          "dti": 6,
          "sco": 5,
          "dco": 50,
          "txt": "the"
        },
        {
          "si": 1,
          "sti": 2,
          "dti": 7,
          "sco": 9,
          "dco": 54,
          "txt": "Swede"
        },
        {
          "si": 1,
          "sti": 3,
          "dti": 8,
          "sco": 15,
          "dco": 60,
          "txt": "("
        },
        {
          "si": 1,
          "sti": 4,
          "dti": 9,
          "sco": 16,
          "dco": 61,
          "txt": "Schmeisst"
        },
        {
          "si": 1,
          "sti": 5,
          "dti": 10,
          "sco": 26,
          "dco": 71,
          "txt": "den"
        },
        {
          "si": 1,
          "sti": 6,
          "dti": 11,
          "sco": 30,
          "dco": 75,
          "txt": "Schweden"
        },
        {
          "si": 1,
          "sti": 7,
          "dti": 12,
          "sco": 39,
          "dco": 84,
          "txt": "raus"
        },
        {
          "si": 1,
          "sti": 8,
          "dti": 13,
          "sco": 43,
          "dco": 88,
          "txt": ")"
        },
        {
          "si": 1,
          "sti": 9,
          "dti": 14,
          "sco": 45,
          "dco": 90,
          "txt": "sangen"
        },
        {
          "si": 1,
          "sti": 10,
          "dti": 15,
          "sco": 52,
          "dco": 97,
          "txt": "die"
        },
        {
          "si": 1,
          "sti": 11,
          "dti": 16,
          "sco": 56,
          "dco": 101,
          "txt": "englischen"
        },
        {
          "si": 1,
          "sti": 12,
          "dti": 17,
          "sco": 67,
          "dco": 112,
          "txt": "Fans"
        },
        {
          "si": 1,
          "sti": 13,
          "dti": 18,
          "sco": 72,
          "dco": 117,
          "txt": "im"
        },
        {
          "si": 1,
          "sti": 14,
          "dti": 19,
          "sco": 75,
          "dco": 120,
          "txt": "Windsor"
        },
        {
          "si": 1,
          "sti": 15,
          "dti": 20,
          "sco": 83,
          "dco": 128,
          "txt": "Park"
        },
        {
          "si": 1,
          "sti": 16,
          "dti": 21,
          "sco": 88,
          "dco": 133,
          "txt": "in"
        },
        {
          "si": 1,
          "sti": 17,
          "dti": 22,
          "sco": 91,
          "dco": 136,
          "txt": "Belfast"
        },
        {
          "si": 1,
          "sti": 18,
          "dti": 23,
          "sco": 98,
          "dco": 143,
          "txt": ","
        },
        {
          "si": 1,
          "sti": 19,
          "dti": 24,
          "sco": 100,
          "dco": 145,
          "txt": "wo"
        },
        {
          "si": 1,
          "sti": 20,
          "dti": 25,
          "sco": 103,
          "dco": 148,
          "txt": "die"
        },
        {
          "si": 1,
          "sti": 21,
          "dti": 26,
          "sco": 107,
          "dco": 152,
          "txt": "englische"
        },
        {
          "si": 1,
          "sti": 22,
          "dti": 27,
          "sco": 117,
          "dco": 162,
          "txt": "Fussball"
        },
        {
          "si": 1,
          "sti": 23,
          "dti": 28,
          "sco": 125,
          "dco": 170,
          "txt": "-"
        },
        {
          "si": 1,
          "sti": 24,
          "dti": 29,
          "sco": 126,
          "dco": 171,
          "txt": "Nationalmannschaft"
        },
        {
          "si": 1,
          "sti": 25,
          "dti": 30,
          "sco": 145,
          "dco": 190,
          "txt": "am"
        },
        {
          "si": 1,
          "sti": 26,
          "dti": 31,
          "sco": 148,
          "dco": 193,
          "txt": "7"
        },
        {
          "si": 1,
          "sti": 27,
          "dti": 32,
          "sco": 149,
          "dco": 194,
          "txt": "."
        },
        {
          "si": 2,
          "sti": 0,
          "dti": 33,
          "sco": 0,
          "dco": 196,
          "txt": "September"
        },
        {
          "si": 2,
          "sti": 1,
          "dti": 34,
          "sco": 10,
          "dco": 206,
          "txt": "eine"
        },
        {
          "si": 2,
          "sti": 2,
          "dti": 35,
          "sco": 15,
          "dco": 211,
          "txt": "der"
        },
        {
          "si": 2,
          "sti": 3,
          "dti": 36,
          "sco": 19,
          "dco": 215,
          "txt": "peinlichsten"
        },
        {
          "si": 2,
          "sti": 4,
          "dti": 37,
          "sco": 32,
          "dco": 228,
          "txt": "Niederlagen"
        },
        {
          "si": 2,
          "sti": 5,
          "dti": 38,
          "sco": 44,
          "dco": 240,
          "txt": "ihrer"
        },
        {
          "si": 2,
          "sti": 6,
          "dti": 39,
          "sco": 50,
          "dco": 246,
          "txt": "langen"
        },
        {
          "si": 2,
          "sti": 7,
          "dti": 40,
          "sco": 57,
          "dco": 253,
          "txt": "Geschichte"
        },
        {
          "si": 2,
          "sti": 8,
          "dti": 41,
          "sco": 68,
          "dco": 264,
          "txt": "hinnehmen"
        },
        {
          "si": 2,
          "sti": 9,
          "dti": 42,
          "sco": 78,
          "dco": 274,
          "txt": "musste"
        },
        {
          "si": 2,
          "sti": 10,
          "dti": 43,
          "sco": 84,
          "dco": 280,
          "txt": "."
        },
        {
          "si": 3,
          "sti": 0,
          "dti": 44,
          "sco": 0,
          "dco": 282,
          "txt": "Das"
        },
        {
          "si": 3,
          "sti": 1,
          "dti": 45,
          "sco": 4,
          "dco": 286,
          "txt": "1"
        },
        {
          "si": 3,
          "sti": 2,
          "dti": 46,
          "sco": 5,
          "dco": 287,
          "txt": ":"
        },
        {
          "si": 3,
          "sti": 3,
          "dti": 47,
          "sco": 6,
          "dco": 288,
          "txt": "0"
        },
        {
          "si": 3,
          "sti": 4,
          "dti": 48,
          "sco": 8,
          "dco": 290,
          "txt": "gegen"
        },
        {
          "si": 3,
          "sti": 5,
          "dti": 49,
          "sco": 14,
          "dco": 296,
          "txt": "Nordirland"
        },
        {
          "si": 3,
          "sti": 6,
          "dti": 50,
          "sco": 25,
          "dco": 307,
          "txt": "war"
        },
        {
          "si": 3,
          "sti": 7,
          "dti": 51,
          "sco": 29,
          "dco": 311,
          "txt": "Englands"
        },
        {
          "si": 3,
          "sti": 8,
          "dti": 52,
          "sco": 38,
          "dco": 320,
          "txt": "erste"
        },
        {
          "si": 3,
          "sti": 9,
          "dti": 53,
          "sco": 44,
          "dco": 326,
          "txt": "Niederlage"
        },
        {
          "si": 3,
          "sti": 10,
          "dti": 54,
          "sco": 55,
          "dco": 337,
          "txt": "in"
        },
        {
          "si": 3,
          "sti": 11,
          "dti": 55,
          "sco": 58,
          "dco": 340,
          "txt": "Belfast"
        },
        {
          "si": 3,
          "sti": 12,
          "dti": 56,
          "sco": 66,
          "dco": 348,
          "txt": "seit"
        },
        {
          "si": 3,
          "sti": 13,
          "dti": 57,
          "sco": 71,
          "dco": 353,
          "txt": "1927"
        },
        {
          "si": 3,
          "sti": 14,
          "dti": 58,
          "sco": 76,
          "dco": 358,
          "txt": "und"
        },
        {
          "si": 3,
          "sti": 15,
          "dti": 59,
          "sco": 80,
          "dco": 362,
          "txt": "wird"
        },
        {
          "si": 3,
          "sti": 16,
          "dti": 60,
          "sco": 85,
          "dco": 367,
          "txt": "inzwischen"
        },
        {
          "si": 3,
          "sti": 17,
          "dti": 61,
          "sco": 96,
          "dco": 378,
          "txt": "bereits"
        },
        {
          "si": 3,
          "sti": 18,
          "dti": 62,
          "sco": 104,
          "dco": 386,
          "txt": "mit"
        },
        {
          "si": 3,
          "sti": 19,
          "dti": 63,
          "sco": 108,
          "dco": 390,
          "txt": "der"
        },
        {
          "si": 3,
          "sti": 20,
          "dti": 64,
          "sco": 112,
          "dco": 394,
          "txt": "1"
        },
        {
          "si": 3,
          "sti": 21,
          "dti": 65,
          "sco": 113,
          "dco": 395,
          "txt": ":"
        },
        {
          "si": 3,
          "sti": 22,
          "dti": 66,
          "sco": 114,
          "dco": 396,
          "txt": "0"
        },
        {
          "si": 3,
          "sti": 23,
          "dti": 67,
          "sco": 115,
          "dco": 397,
          "txt": "-"
        },
        {
          "si": 3,
          "sti": 24,
          "dti": 68,
          "sco": 116,
          "dco": 398,
          "txt": "Niederlage"
        },
        {
          "si": 3,
          "sti": 25,
          "dti": 69,
          "sco": 127,
          "dco": 409,
          "txt": "gegen"
        },
        {
          "si": 3,
          "sti": 26,
          "dti": 70,
          "sco": 133,
          "dco": 415,
          "txt": "die"
        },
        {
          "si": 3,
          "sti": 27,
          "dti": 71,
          "sco": 137,
          "dco": 419,
          "txt": "USA"
        },
        {
          "si": 3,
          "sti": 28,
          "dti": 72,
          "sco": 141,
          "dco": 423,
          "txt": "beim"
        },
        {
          "si": 3,
          "sti": 29,
          "dti": 73,
          "sco": 146,
          "dco": 428,
          "txt": "FIFA"
        },
        {
          "si": 3,
          "sti": 30,
          "dti": 74,
          "sco": 150,
          "dco": 432,
          "txt": "-"
        },
        {
          "si": 3,
          "sti": 31,
          "dti": 75,
          "sco": 151,
          "dco": 433,
          "txt": "Weltpokal"
        },
        {
          "si": 3,
          "sti": 32,
          "dti": 76,
          "sco": 161,
          "dco": 443,
          "txt": "Brasilien"
        },
        {
          "si": 3,
          "sti": 33,
          "dti": 77,
          "sco": 171,
          "dco": 453,
          "txt": "1950"
        },
        {
          "si": 3,
          "sti": 34,
          "dti": 78,
          "sco": 176,
          "dco": 458,
          "txt": "verglichen"
        },
        {
          "si": 3,
          "sti": 35,
          "dti": 79,
          "sco": 186,
          "dco": 468,
          "txt": "."
        },
        {
          "si": 4,
          "sti": 0,
          "dti": 80,
          "sco": 0,
          "dco": 470,
          "txt": "Mit"
        },
        {
          "si": 4,
          "sti": 1,
          "dti": 81,
          "sco": 4,
          "dco": 474,
          "txt": "Sicherheit"
        },
        {
          "si": 4,
          "sti": 2,
          "dti": 82,
          "sco": 15,
          "dco": 485,
          "txt": "durchlebt"
        },
        {
          "si": 4,
          "sti": 3,
          "dti": 83,
          "sco": 25,
          "dco": 495,
          "txt": "Eriksson"
        },
        {
          "si": 4,
          "sti": 4,
          "dti": 84,
          "sco": 34,
          "dco": 504,
          "txt": "in"
        },
        {
          "si": 4,
          "sti": 5,
          "dti": 85,
          "sco": 37,
          "dco": 507,
          "txt": "diesen"
        },
        {
          "si": 4,
          "sti": 6,
          "dti": 86,
          "sco": 44,
          "dco": 514,
          "txt": "Tagen"
        },
        {
          "si": 4,
          "sti": 7,
          "dti": 87,
          "sco": 50,
          "dco": 520,
          "txt": "seine"
        },
        {
          "si": 4,
          "sti": 8,
          "dti": 88,
          "sco": 56,
          "dco": 526,
          "txt": "schwierigste"
        },
        {
          "si": 4,
          "sti": 9,
          "dti": 89,
          "sco": 69,
          "dco": 539,
          "txt": "Phase"
        },
        {
          "si": 4,
          "sti": 10,
          "dti": 90,
          "sco": 75,
          "dco": 545,
          "txt": "als"
        },
        {
          "si": 4,
          "sti": 11,
          "dti": 91,
          "sco": 79,
          "dco": 549,
          "txt": "englischer"
        },
        {
          "si": 4,
          "sti": 12,
          "dti": 92,
          "sco": 90,
          "dco": 560,
          "txt": "Nationaltrainer"
        },
        {
          "si": 4,
          "sti": 13,
          "dti": 93,
          "sco": 105,
          "dco": 575,
          "txt": "."
        },
        {
          "si": 5,
          "sti": 0,
          "dti": 94,
          "sco": 0,
          "dco": 577,
          "txt": "Vor"
        },
        {
          "si": 5,
          "sti": 1,
          "dti": 95,
          "sco": 4,
          "dco": 581,
          "txt": "dem"
        },
        {
          "si": 5,
          "sti": 2,
          "dti": 96,
          "sco": 8,
          "dco": 585,
          "txt": "Nordirland"
        },
        {
          "si": 5,
          "sti": 3,
          "dti": 97,
          "sco": 18,
          "dco": 595,
          "txt": "-"
        },
        {
          "si": 5,
          "sti": 4,
          "dti": 98,
          "sco": 19,
          "dco": 596,
          "txt": "Spiel"
        },
        {
          "si": 5,
          "sti": 5,
          "dti": 99,
          "sco": 25,
          "dco": 602,
          "txt": "hatte"
        },
        {
          "si": 5,
          "sti": 6,
          "dti": 100,
          "sco": 31,
          "dco": 608,
          "txt": "England"
        },
        {
          "si": 5,
          "sti": 7,
          "dti": 101,
          "sco": 39,
          "dco": 616,
          "txt": "im"
        },
        {
          "si": 5,
          "sti": 8,
          "dti": 102,
          "sco": 42,
          "dco": 619,
          "txt": "Verlauf"
        },
        {
          "si": 5,
          "sti": 9,
          "dti": 103,
          "sco": 50,
          "dco": 627,
          "txt": "von"
        },
        {
          "si": 5,
          "sti": 10,
          "dti": 104,
          "sco": 54,
          "dco": 631,
          "txt": "Erikssons"
        },
        {
          "si": 5,
          "sti": 11,
          "dti": 105,
          "sco": 64,
          "dco": 641,
          "txt": "mittlerweile"
        },
        {
          "si": 5,
          "sti": 12,
          "dti": 106,
          "sco": 77,
          "dco": 654,
          "txt": "fuenfjaehriger"
        },
        {
          "si": 5,
          "sti": 13,
          "dti": 107,
          "sco": 92,
          "dco": 669,
          "txt": "Amtszeit"
        },
        {
          "si": 5,
          "sti": 14,
          "dti": 108,
          "sco": 101,
          "dco": 678,
          "txt": "nur"
        },
        {
          "si": 5,
          "sti": 15,
          "dti": 109,
          "sco": 105,
          "dco": 682,
          "txt": "drei"
        },
        {
          "si": 5,
          "sti": 16,
          "dti": 110,
          "sco": 110,
          "dco": 687,
          "txt": "offizielle"
        },
        {
          "si": 5,
          "sti": 17,
          "dti": 111,
          "sco": 121,
          "dco": 698,
          "txt": "Begegnungen"
        },
        {
          "si": 5,
          "sti": 18,
          "dti": 112,
          "sco": 133,
          "dco": 710,
          "txt": "verloren"
        },
        {
          "si": 5,
          "sti": 19,
          "dti": 113,
          "sco": 142,
          "dco": 719,
          "txt": "-"
        },
        {
          "si": 5,
          "sti": 20,
          "dti": 114,
          "sco": 144,
          "dco": 721,
          "txt": "gegen"
        },
        {
          "si": 5,
          "sti": 21,
          "dti": 115,
          "sco": 150,
          "dco": 727,
          "txt": "Brasilien"
        },
        {
          "si": 5,
          "sti": 22,
          "dti": 116,
          "sco": 160,
          "dco": 737,
          "txt": "beim"
        },
        {
          "si": 5,
          "sti": 23,
          "dti": 117,
          "sco": 165,
          "dco": 742,
          "txt": "FIFA"
        },
        {
          "si": 5,
          "sti": 24,
          "dti": 118,
          "sco": 169,
          "dco": 746,
          "txt": "-"
        },
        {
          "si": 5,
          "sti": 25,
          "dti": 119,
          "sco": 170,
          "dco": 747,
          "txt": "Weltpokal"
        },
        {
          "si": 5,
          "sti": 26,
          "dti": 120,
          "sco": 180,
          "dco": 757,
          "txt": "Korea"
        },
        {
          "si": 5,
          "sti": 27,
          "dti": 121,
          "sco": 185,
          "dco": 762,
          "txt": "/"
        },
        {
          "si": 5,
          "sti": 28,
          "dti": 122,
          "sco": 186,
          "dco": 763,
          "txt": "Japan"
        },
        {
          "si": 5,
          "sti": 29,
          "dti": 123,
          "sco": 192,
          "dco": 769,
          "txt": "2002"
        },
        {
          "si": 5,
          "sti": 30,
          "dti": 124,
          "sco": 197,
          "dco": 774,
          "txt": "und"
        },
        {
          "si": 5,
          "sti": 31,
          "dti": 125,
          "sco": 201,
          "dco": 778,
          "txt": "gegen"
        },
        {
          "si": 5,
          "sti": 32,
          "dti": 126,
          "sco": 207,
          "dco": 784,
          "txt": "Frankreich"
        },
        {
          "si": 5,
          "sti": 33,
          "dti": 127,
          "sco": 218,
          "dco": 795,
          "txt": "bzw"
        },
        {
          "si": 5,
          "sti": 34,
          "dti": 128,
          "sco": 221,
          "dco": 798,
          "txt": "."
        },
        {
          "si": 6,
          "sti": 0,
          "dti": 129,
          "sco": 0,
          "dco": 800,
          "txt": "Portugal"
        },
        {
          "si": 6,
          "sti": 1,
          "dti": 130,
          "sco": 9,
          "dco": 809,
          "txt": "bei"
        },
        {
          "si": 6,
          "sti": 2,
          "dti": 131,
          "sco": 13,
          "dco": 813,
          "txt": "der"
        },
        {
          "si": 6,
          "sti": 3,
          "dti": 132,
          "sco": 17,
          "dco": 817,
          "txt": "UEFA"
        },
        {
          "si": 6,
          "sti": 4,
          "dti": 133,
          "sco": 22,
          "dco": 822,
          "txt": "EURO"
        },
        {
          "si": 6,
          "sti": 5,
          "dti": 134,
          "sco": 27,
          "dco": 827,
          "txt": "2004"
        },
        {
          "si": 6,
          "sti": 6,
          "dti": 135,
          "sco": 31,
          "dco": 831,
          "txt": "."
        },
        {
          "si": 7,
          "sti": 0,
          "dti": 136,
          "sco": 0,
          "dco": 833,
          "txt": "Nach"
        },
        {
          "si": 7,
          "sti": 1,
          "dti": 137,
          "sco": 5,
          "dco": 838,
          "txt": "der"
        },
        {
          "si": 7,
          "sti": 2,
          "dti": 138,
          "sco": 9,
          "dco": 842,
          "txt": "4"
        },
        {
          "si": 7,
          "sti": 3,
          "dti": 139,
          "sco": 10,
          "dco": 843,
          "txt": ":"
        },
        {
          "si": 7,
          "sti": 4,
          "dti": 140,
          "sco": 11,
          "dco": 844,
          "txt": "1"
        },
        {
          "si": 7,
          "sti": 5,
          "dti": 141,
          "sco": 12,
          "dco": 845,
          "txt": "-"
        },
        {
          "si": 7,
          "sti": 6,
          "dti": 142,
          "sco": 13,
          "dco": 846,
          "txt": "Niederlage"
        },
        {
          "si": 7,
          "sti": 7,
          "dti": 143,
          "sco": 24,
          "dco": 857,
          "txt": "im"
        },
        {
          "si": 7,
          "sti": 8,
          "dti": 144,
          "sco": 27,
          "dco": 860,
          "txt": "Freundschaftsspiel"
        },
        {
          "si": 7,
          "sti": 9,
          "dti": 145,
          "sco": 46,
          "dco": 879,
          "txt": "gegen"
        },
        {
          "si": 7,
          "sti": 10,
          "dti": 146,
          "sco": 52,
          "dco": 885,
          "txt": "Daenemark"
        },
        {
          "si": 7,
          "sti": 11,
          "dti": 147,
          "sco": 62,
          "dco": 895,
          "txt": "im"
        },
        {
          "si": 7,
          "sti": 12,
          "dti": 148,
          "sco": 65,
          "dco": 898,
          "txt": "August"
        },
        {
          "si": 7,
          "sti": 13,
          "dti": 149,
          "sco": 72,
          "dco": 905,
          "txt": "hiess"
        },
        {
          "si": 7,
          "sti": 14,
          "dti": 150,
          "sco": 78,
          "dco": 911,
          "txt": "es"
        },
        {
          "si": 7,
          "sti": 15,
          "dti": 151,
          "sco": 81,
          "dco": 914,
          "txt": "noch"
        },
        {
          "si": 7,
          "sti": 16,
          "dti": 152,
          "sco": 85,
          "dco": 918,
          "txt": ","
        },
        {
          "si": 7,
          "sti": 17,
          "dti": 153,
          "sco": 87,
          "dco": 920,
          "txt": "so"
        },
        {
          "si": 7,
          "sti": 18,
          "dti": 154,
          "sco": 90,
          "dco": 923,
          "txt": "etwas"
        },
        {
          "si": 7,
          "sti": 19,
          "dti": 155,
          "sco": 96,
          "dco": 929,
          "txt": "waere"
        },
        {
          "si": 7,
          "sti": 20,
          "dti": 156,
          "sco": 102,
          "dco": 935,
          "txt": "in"
        },
        {
          "si": 7,
          "sti": 21,
          "dti": 157,
          "sco": 105,
          "dco": 938,
          "txt": "einem"
        },
        {
          "si": 7,
          "sti": 22,
          "dti": 158,
          "sco": 111,
          "dco": 944,
          "txt": "Punktspiel"
        },
        {
          "si": 7,
          "sti": 23,
          "dti": 159,
          "sco": 122,
          "dco": 955,
          "txt": "nicht"
        },
        {
          "si": 7,
          "sti": 24,
          "dti": 160,
          "sco": 128,
          "dco": 961,
          "txt": "moeglich"
        },
        {
          "si": 7,
          "sti": 25,
          "dti": 161,
          "sco": 137,
          "dco": 970,
          "txt": "gewesen"
        },
        {
          "si": 7,
          "sti": 26,
          "dti": 162,
          "sco": 144,
          "dco": 977,
          "txt": "."
        },
        {
          "si": 8,
          "sti": 0,
          "dti": 163,
          "sco": 0,
          "dco": 979,
          "txt": "Doch"
        },
        {
          "si": 8,
          "sti": 1,
          "dti": 164,
          "sco": 5,
          "dco": 984,
          "txt": "in"
        },
        {
          "si": 8,
          "sti": 2,
          "dti": 165,
          "sco": 8,
          "dco": 987,
          "txt": "Belfast"
        },
        {
          "si": 8,
          "sti": 3,
          "dti": 166,
          "sco": 16,
          "dco": 995,
          "txt": "ging"
        },
        {
          "si": 8,
          "sti": 4,
          "dti": 167,
          "sco": 21,
          "dco": 1000,
          "txt": "es"
        },
        {
          "si": 8,
          "sti": 5,
          "dti": 168,
          "sco": 24,
          "dco": 1003,
          "txt": "um"
        },
        {
          "si": 8,
          "sti": 6,
          "dti": 169,
          "sco": 27,
          "dco": 1006,
          "txt": "drei"
        },
        {
          "si": 8,
          "sti": 7,
          "dti": 170,
          "sco": 32,
          "dco": 1011,
          "txt": "Punkte"
        },
        {
          "si": 8,
          "sti": 8,
          "dti": 171,
          "sco": 39,
          "dco": 1018,
          "txt": "fuer"
        },
        {
          "si": 8,
          "sti": 9,
          "dti": 172,
          "sco": 44,
          "dco": 1023,
          "txt": "die"
        },
        {
          "si": 8,
          "sti": 10,
          "dti": 173,
          "sco": 48,
          "dco": 1027,
          "txt": "Qualifikation"
        },
        {
          "si": 8,
          "sti": 11,
          "dti": 174,
          "sco": 62,
          "dco": 1041,
          "txt": "zur"
        },
        {
          "si": 8,
          "sti": 12,
          "dti": 175,
          "sco": 66,
          "dco": 1045,
          "txt": "FIFA"
        },
        {
          "si": 8,
          "sti": 13,
          "dti": 176,
          "sco": 71,
          "dco": 1050,
          "txt": "Fussball"
        },
        {
          "si": 8,
          "sti": 14,
          "dti": 177,
          "sco": 79,
          "dco": 1058,
          "txt": "-"
        },
        {
          "si": 8,
          "sti": 15,
          "dti": 178,
          "sco": 80,
          "dco": 1059,
          "txt": "Weltmeisterschaft"
        },
        {
          "si": 8,
          "sti": 16,
          "dti": 179,
          "sco": 98,
          "dco": 1077,
          "txt": "Deutschland"
        },
        {
          "si": 8,
          "sti": 17,
          "dti": 180,
          "sco": 110,
          "dco": 1089,
          "txt": "2006"
        },
        {
          "si": 8,
          "sti": 18,
          "dti": 181,
          "sco": 114,
          "dco": 1093,
          "txt": ","
        },
        {
          "si": 8,
          "sti": 19,
          "dti": 182,
          "sco": 116,
          "dco": 1095,
          "txt": "und"
        },
        {
          "si": 8,
          "sti": 20,
          "dti": 183,
          "sco": 120,
          "dco": 1099,
          "txt": "England"
        },
        {
          "si": 8,
          "sti": 21,
          "dti": 184,
          "sco": 128,
          "dco": 1107,
          "txt": "ging"
        },
        {
          "si": 8,
          "sti": 22,
          "dti": 185,
          "sco": 133,
          "dco": 1112,
          "txt": "als"
        },
        {
          "si": 8,
          "sti": 23,
          "dti": 186,
          "sco": 137,
          "dco": 1116,
          "txt": "Verlierer"
        },
        {
          "si": 8,
          "sti": 24,
          "dti": 187,
          "sco": 147,
          "dco": 1126,
          "txt": "vom"
        },
        {
          "si": 8,
          "sti": 25,
          "dti": 188,
          "sco": 151,
          "dco": 1130,
          "txt": "Platz"
        },
        {
          "si": 8,
          "sti": 26,
          "dti": 189,
          "sco": 157,
          "dco": 1136,
          "txt": "-"
        },
        {
          "si": 8,
          "sti": 27,
          "dti": 190,
          "sco": 159,
          "dco": 1138,
          "txt": "und"
        },
        {
          "si": 8,
          "sti": 28,
          "dti": 191,
          "sco": 163,
          "dco": 1142,
          "txt": "das"
        },
        {
          "si": 8,
          "sti": 29,
          "dti": 192,
          "sco": 167,
          "dco": 1146,
          "txt": "gegen"
        },
        {
          "si": 8,
          "sti": 30,
          "dti": 193,
          "sco": 173,
          "dco": 1152,
          "txt": "ein"
        },
        {
          "si": 8,
          "sti": 31,
          "dti": 194,
          "sco": 177,
          "dco": 1156,
          "txt": "Team"
        },
        {
          "si": 8,
          "sti": 32,
          "dti": 195,
          "sco": 181,
          "dco": 1160,
          "txt": ","
        },
        {
          "si": 8,
          "sti": 33,
          "dti": 196,
          "sco": 183,
          "dco": 1162,
          "txt": "in"
        },
        {
          "si": 8,
          "sti": 34,
          "dti": 197,
          "sco": 186,
          "dco": 1165,
          "txt": "deren"
        },
        {
          "si": 8,
          "sti": 35,
          "dti": 198,
          "sco": 192,
          "dco": 1171,
          "txt": "Startelf"
        },
        {
          "si": 8,
          "sti": 36,
          "dti": 199,
          "sco": 201,
          "dco": 1180,
          "txt": "nur"
        },
        {
          "si": 8,
          "sti": 37,
          "dti": 200,
          "sco": 205,
          "dco": 1184,
          "txt": "vier"
        },
        {
          "si": 8,
          "sti": 38,
          "dti": 201,
          "sco": 210,
          "dco": 1189,
          "txt": "Spieler"
        },
        {
          "si": 8,
          "sti": 39,
          "dti": 202,
          "sco": 218,
          "dco": 1197,
          "txt": "gut"
        },
        {
          "si": 8,
          "sti": 40,
          "dti": 203,
          "sco": 222,
          "dco": 1201,
          "txt": "genug"
        },
        {
          "si": 8,
          "sti": 41,
          "dti": 204,
          "sco": 228,
          "dco": 1207,
          "txt": "sind"
        },
        {
          "si": 8,
          "sti": 42,
          "dti": 205,
          "sco": 233,
          "dco": 1212,
          "txt": "fuer"
        },
        {
          "si": 8,
          "sti": 43,
          "dti": 206,
          "sco": 238,
          "dco": 1217,
          "txt": "die"
        },
        {
          "si": 8,
          "sti": 44,
          "dti": 207,
          "sco": 242,
          "dco": 1221,
          "txt": "englische"
        },
        {
          "si": 8,
          "sti": 45,
          "dti": 208,
          "sco": 252,
          "dco": 1231,
          "txt": "Premier"
        },
        {
          "si": 8,
          "sti": 46,
          "dti": 209,
          "sco": 260,
          "dco": 1239,
          "txt": "League"
        },
        {
          "si": 8,
          "sti": 47,
          "dti": 210,
          "sco": 266,
          "dco": 1245,
          "txt": "."
        },
        {
          "si": 9,
          "sti": 0,
          "dti": 211,
          "sco": 0,
          "dco": 1247,
          "txt": "Dieser"
        },
        {
          "si": 9,
          "sti": 1,
          "dti": 212,
          "sco": 7,
          "dco": 1254,
          "txt": "unerwartete"
        },
        {
          "si": 9,
          "sti": 2,
          "dti": 213,
          "sco": 19,
          "dco": 1266,
          "txt": "Rueckschlag"
        },
        {
          "si": 9,
          "sti": 3,
          "dti": 214,
          "sco": 31,
          "dco": 1278,
          "txt": "hat"
        },
        {
          "si": 9,
          "sti": 4,
          "dti": 215,
          "sco": 35,
          "dco": 1282,
          "txt": "zur"
        },
        {
          "si": 9,
          "sti": 5,
          "dti": 216,
          "sco": 39,
          "dco": 1286,
          "txt": "Folge"
        },
        {
          "si": 9,
          "sti": 6,
          "dti": 217,
          "sco": 44,
          "dco": 1291,
          "txt": ","
        },
        {
          "si": 9,
          "sti": 7,
          "dti": 218,
          "sco": 46,
          "dco": 1293,
          "txt": "dass"
        },
        {
          "si": 9,
          "sti": 8,
          "dti": 219,
          "sco": 51,
          "dco": 1298,
          "txt": "England"
        },
        {
          "si": 9,
          "sti": 9,
          "dti": 220,
          "sco": 59,
          "dco": 1306,
          "txt": "im"
        },
        {
          "si": 9,
          "sti": 10,
          "dti": 221,
          "sco": 62,
          "dco": 1309,
          "txt": "naechsten"
        },
        {
          "si": 9,
          "sti": 11,
          "dti": 222,
          "sco": 72,
          "dco": 1319,
          "txt": "Monat"
        },
        {
          "si": 9,
          "sti": 12,
          "dti": 223,
          "sco": 78,
          "dco": 1325,
          "txt": "nun"
        },
        {
          "si": 9,
          "sti": 13,
          "dti": 224,
          "sco": 82,
          "dco": 1329,
          "txt": "beide"
        },
        {
          "si": 9,
          "sti": 14,
          "dti": 225,
          "sco": 88,
          "dco": 1335,
          "txt": "Heimspiele"
        },
        {
          "si": 9,
          "sti": 15,
          "dti": 226,
          "sco": 99,
          "dco": 1346,
          "txt": "gewinnen"
        },
        {
          "si": 9,
          "sti": 16,
          "dti": 227,
          "sco": 108,
          "dco": 1355,
          "txt": "muss"
        },
        {
          "si": 9,
          "sti": 17,
          "dti": 228,
          "sco": 113,
          "dco": 1360,
          "txt": "-"
        },
        {
          "si": 9,
          "sti": 18,
          "dti": 229,
          "sco": 115,
          "dco": 1362,
          "txt": "gegen"
        },
        {
          "si": 9,
          "sti": 19,
          "dti": 230,
          "sco": 121,
          "dco": 1368,
          "txt": "Oesterreich"
        },
        {
          "si": 9,
          "sti": 20,
          "dti": 231,
          "sco": 133,
          "dco": 1380,
          "txt": "und"
        },
        {
          "si": 9,
          "sti": 21,
          "dti": 232,
          "sco": 137,
          "dco": 1384,
          "txt": "gegen"
        },
        {
          "si": 9,
          "sti": 22,
          "dti": 233,
          "sco": 143,
          "dco": 1390,
          "txt": "Polen"
        },
        {
          "si": 9,
          "sti": 23,
          "dti": 234,
          "sco": 148,
          "dco": 1395,
          "txt": ","
        },
        {
          "si": 9,
          "sti": 24,
          "dti": 235,
          "sco": 150,
          "dco": 1397,
          "txt": "das"
        },
        {
          "si": 9,
          "sti": 25,
          "dti": 236,
          "sco": 154,
          "dco": 1401,
          "txt": "als"
        },
        {
          "si": 9,
          "sti": 26,
          "dti": 237,
          "sco": 158,
          "dco": 1405,
          "txt": "Fuehrender"
        },
        {
          "si": 9,
          "sti": 27,
          "dti": 238,
          "sco": 169,
          "dco": 1416,
          "txt": "der"
        },
        {
          "si": 9,
          "sti": 28,
          "dti": 239,
          "sco": 173,
          "dco": 1420,
          "txt": "Gruppe"
        },
        {
          "si": 9,
          "sti": 29,
          "dti": 240,
          "sco": 180,
          "dco": 1427,
          "txt": "6"
        },
        {
          "si": 9,
          "sti": 30,
          "dti": 241,
          "sco": 182,
          "dco": 1429,
          "txt": "nach"
        },
        {
          "si": 9,
          "sti": 31,
          "dti": 242,
          "sco": 187,
          "dco": 1434,
          "txt": "London"
        },
        {
          "si": 9,
          "sti": 32,
          "dti": 243,
          "sco": 194,
          "dco": 1441,
          "txt": "kommt"
        },
        {
          "si": 9,
          "sti": 33,
          "dti": 244,
          "sco": 199,
          "dco": 1446,
          "txt": "."
        },
        {
          "si": 10,
          "sti": 0,
          "dti": 245,
          "sco": 0,
          "dco": 1448,
          "txt": "("
        },
        {
          "si": 10,
          "sti": 1,
          "dti": 246,
          "sco": 1,
          "dco": 1449,
          "txt": "Allerdings"
        },
        {
          "si": 10,
          "sti": 2,
          "dti": 247,
          "sco": 12,
          "dco": 1460,
          "txt": "waere"
        },
        {
          "si": 10,
          "sti": 3,
          "dti": 248,
          "sco": 18,
          "dco": 1466,
          "txt": "das"
        },
        {
          "si": 10,
          "sti": 4,
          "dti": 249,
          "sco": 22,
          "dco": 1470,
          "txt": "Team"
        },
        {
          "si": 10,
          "sti": 5,
          "dti": 250,
          "sco": 27,
          "dco": 1475,
          "txt": "auch"
        },
        {
          "si": 10,
          "sti": 6,
          "dti": 251,
          "sco": 32,
          "dco": 1480,
          "txt": "als"
        },
        {
          "si": 10,
          "sti": 7,
          "dti": 252,
          "sco": 36,
          "dco": 1484,
          "txt": "einer"
        },
        {
          "si": 10,
          "sti": 8,
          "dti": 253,
          "sco": 42,
          "dco": 1490,
          "txt": "der"
        },
        {
          "si": 10,
          "sti": 9,
          "dti": 254,
          "sco": 46,
          "dco": 1494,
          "txt": "beiden"
        },
        {
          "si": 10,
          "sti": 10,
          "dti": 255,
          "sco": 53,
          "dco": 1501,
          "txt": "besten"
        },
        {
          "si": 10,
          "sti": 11,
          "dti": 256,
          "sco": 60,
          "dco": 1508,
          "txt": "Gruppenzweiten"
        },
        {
          "si": 10,
          "sti": 12,
          "dti": 257,
          "sco": 75,
          "dco": 1523,
          "txt": "in"
        },
        {
          "si": 10,
          "sti": 13,
          "dti": 258,
          "sco": 78,
          "dco": 1526,
          "txt": "Europa"
        },
        {
          "si": 10,
          "sti": 14,
          "dti": 259,
          "sco": 85,
          "dco": 1533,
          "txt": "automatisch"
        },
        {
          "si": 10,
          "sti": 15,
          "dti": 260,
          "sco": 97,
          "dco": 1545,
          "txt": "fuer"
        },
        {
          "si": 10,
          "sti": 16,
          "dti": 261,
          "sco": 102,
          "dco": 1550,
          "txt": "die"
        },
        {
          "si": 10,
          "sti": 17,
          "dti": 262,
          "sco": 106,
          "dco": 1554,
          "txt": "FIFA"
        },
        {
          "si": 10,
          "sti": 18,
          "dti": 263,
          "sco": 111,
          "dco": 1559,
          "txt": "Fussball"
        },
        {
          "si": 10,
          "sti": 19,
          "dti": 264,
          "sco": 119,
          "dco": 1567,
          "txt": "-"
        },
        {
          "si": 10,
          "sti": 20,
          "dti": 265,
          "sco": 120,
          "dco": 1568,
          "txt": "Weltmeisterschaft"
        },
        {
          "si": 10,
          "sti": 21,
          "dti": 266,
          "sco": 138,
          "dco": 1586,
          "txt": "Deutschland"
        },
        {
          "si": 10,
          "sti": 22,
          "dti": 267,
          "sco": 150,
          "dco": 1598,
          "txt": "2006"
        },
        {
          "si": 10,
          "sti": 23,
          "dti": 268,
          "sco": 155,
          "dco": 1603,
          "txt": "qualifiziert"
        },
        {
          "si": 10,
          "sti": 24,
          "dti": 269,
          "sco": 167,
          "dco": 1615,
          "txt": "."
        },
        {
          "si": 10,
          "sti": 25,
          "dti": 270,
          "sco": 168,
          "dco": 1616,
          "txt": ")"
        },
        {
          "si": 11,
          "sti": 0,
          "dti": 271,
          "sco": 0,
          "dco": 1618,
          "txt": "Doch"
        },
        {
          "si": 11,
          "sti": 1,
          "dti": 272,
          "sco": 5,
          "dco": 1623,
          "txt": "es"
        },
        {
          "si": 11,
          "sti": 2,
          "dti": 273,
          "sco": 8,
          "dco": 1626,
          "txt": "ist"
        },
        {
          "si": 11,
          "sti": 3,
          "dti": 274,
          "sco": 12,
          "dco": 1630,
          "txt": "nicht"
        },
        {
          "si": 11,
          "sti": 4,
          "dti": 275,
          "sco": 18,
          "dco": 1636,
          "txt": "so"
        },
        {
          "si": 11,
          "sti": 5,
          "dti": 276,
          "sco": 21,
          "dco": 1639,
          "txt": "sehr"
        },
        {
          "si": 11,
          "sti": 6,
          "dti": 277,
          "sco": 26,
          "dco": 1644,
          "txt": "das"
        },
        {
          "si": 11,
          "sti": 7,
          "dti": 278,
          "sco": 30,
          "dco": 1648,
          "txt": "moegliche"
        },
        {
          "si": 11,
          "sti": 8,
          "dti": 279,
          "sco": 40,
          "dco": 1658,
          "txt": "Scheitern"
        },
        {
          "si": 11,
          "sti": 9,
          "dti": 280,
          "sco": 50,
          "dco": 1668,
          "txt": "in"
        },
        {
          "si": 11,
          "sti": 10,
          "dti": 281,
          "sco": 53,
          "dco": 1671,
          "txt": "der"
        },
        {
          "si": 11,
          "sti": 11,
          "dti": 282,
          "sco": 57,
          "dco": 1675,
          "txt": "Qualifikation"
        },
        {
          "si": 11,
          "sti": 12,
          "dti": 283,
          "sco": 71,
          "dco": 1689,
          "txt": "als"
        },
        {
          "si": 11,
          "sti": 13,
          "dti": 284,
          "sco": 75,
          "dco": 1693,
          "txt": "das"
        },
        {
          "si": 11,
          "sti": 14,
          "dti": 285,
          "sco": 79,
          "dco": 1697,
          "txt": "moegliche"
        },
        {
          "si": 11,
          "sti": 15,
          "dti": 286,
          "sco": 89,
          "dco": 1707,
          "txt": "Scheitern"
        },
        {
          "si": 11,
          "sti": 16,
          "dti": 287,
          "sco": 99,
          "dco": 1717,
          "txt": "bei"
        },
        {
          "si": 11,
          "sti": 17,
          "dti": 288,
          "sco": 103,
          "dco": 1721,
          "txt": "der"
        },
        {
          "si": 11,
          "sti": 18,
          "dti": 289,
          "sco": 107,
          "dco": 1725,
          "txt": "FIFA"
        },
        {
          "si": 11,
          "sti": 19,
          "dti": 290,
          "sco": 112,
          "dco": 1730,
          "txt": "WM"
        },
        {
          "si": 11,
          "sti": 20,
          "dti": 291,
          "sco": 115,
          "dco": 1733,
          "txt": "Deutschland"
        },
        {
          "si": 11,
          "sti": 21,
          "dti": 292,
          "sco": 127,
          "dco": 1745,
          "txt": "2006"
        },
        {
          "si": 11,
          "sti": 22,
          "dti": 293,
          "sco": 132,
          "dco": 1750,
          "txt": "im"
        },
        {
          "si": 11,
          "sti": 23,
          "dti": 294,
          "sco": 135,
          "dco": 1753,
          "txt": "naechsten"
        },
        {
          "si": 11,
          "sti": 24,
          "dti": 295,
          "sco": 145,
          "dco": 1763,
          "txt": "Sommer"
        },
        {
          "si": 11,
          "sti": 25,
          "dti": 296,
          "sco": 151,
          "dco": 1769,
          "txt": ","
        },
        {
          "si": 11,
          "sti": 26,
          "dti": 297,
          "sco": 153,
          "dco": 1771,
          "txt": "das"
        },
        {
          "si": 11,
          "sti": 27,
          "dti": 298,
          "sco": 157,
          "dco": 1775,
          "txt": "an"
        },
        {
          "si": 11,
          "sti": 28,
          "dti": 299,
          "sco": 160,
          "dco": 1778,
          "txt": "den"
        },
        {
          "si": 11,
          "sti": 29,
          "dti": 300,
          "sco": 164,
          "dco": 1782,
          "txt": "englischen"
        },
        {
          "si": 11,
          "sti": 30,
          "dti": 301,
          "sco": 175,
          "dco": 1793,
          "txt": "Fans"
        },
        {
          "si": 11,
          "sti": 31,
          "dti": 302,
          "sco": 180,
          "dco": 1798,
          "txt": "und"
        },
        {
          "si": 11,
          "sti": 32,
          "dti": 303,
          "sco": 184,
          "dco": 1802,
          "txt": "Pressevertretern"
        },
        {
          "si": 11,
          "sti": 33,
          "dti": 304,
          "sco": 201,
          "dco": 1819,
          "txt": "nagt"
        },
        {
          "si": 11,
          "sti": 34,
          "dti": 305,
          "sco": 205,
          "dco": 1823,
          "txt": "."
        },
        {
          "si": 12,
          "sti": 0,
          "dti": 306,
          "sco": 0,
          "dco": 1825,
          "txt": "In"
        },
        {
          "si": 12,
          "sti": 1,
          "dti": 307,
          "sco": 3,
          "dco": 1828,
          "txt": "der"
        },
        {
          "si": 12,
          "sti": 2,
          "dti": 308,
          "sco": 7,
          "dco": 1832,
          "txt": "aktuellen"
        },
        {
          "si": 12,
          "sti": 3,
          "dti": 309,
          "sco": 17,
          "dco": 1842,
          "txt": "Form"
        },
        {
          "si": 12,
          "sti": 4,
          "dti": 310,
          "sco": 22,
          "dco": 1847,
          "txt": "-"
        },
        {
          "si": 12,
          "sti": 5,
          "dti": 311,
          "sco": 24,
          "dco": 1849,
          "txt": "die"
        },
        {
          "si": 12,
          "sti": 6,
          "dti": 312,
          "sco": 28,
          "dco": 1853,
          "txt": "Mannschaft"
        },
        {
          "si": 12,
          "sti": 7,
          "dti": 313,
          "sco": 39,
          "dco": 1864,
          "txt": "spielte"
        },
        {
          "si": 12,
          "sti": 8,
          "dti": 314,
          "sco": 47,
          "dco": 1872,
          "txt": "auch"
        },
        {
          "si": 12,
          "sti": 9,
          "dti": 315,
          "sco": 52,
          "dco": 1877,
          "txt": "schon"
        },
        {
          "si": 12,
          "sti": 10,
          "dti": 316,
          "sco": 58,
          "dco": 1883,
          "txt": "vier"
        },
        {
          "si": 12,
          "sti": 11,
          "dti": 317,
          "sco": 63,
          "dco": 1888,
          "txt": "Tage"
        },
        {
          "si": 12,
          "sti": 12,
          "dti": 318,
          "sco": 68,
          "dco": 1893,
          "txt": "vor"
        },
        {
          "si": 12,
          "sti": 13,
          "dti": 319,
          "sco": 72,
          "dco": 1897,
          "txt": "dem"
        },
        {
          "si": 12,
          "sti": 14,
          "dti": 320,
          "sco": 76,
          "dco": 1901,
          "txt": "Nordirland"
        },
        {
          "si": 12,
          "sti": 15,
          "dti": 321,
          "sco": 86,
          "dco": 1911,
          "txt": "-"
        },
        {
          "si": 12,
          "sti": 16,
          "dti": 322,
          "sco": 87,
          "dco": 1912,
          "txt": "Debakel"
        },
        {
          "si": 12,
          "sti": 17,
          "dti": 323,
          "sco": 94,
          "dco": 1919,
          "txt": ","
        },
        {
          "si": 12,
          "sti": 18,
          "dti": 324,
          "sco": 96,
          "dco": 1921,
          "txt": "beim"
        },
        {
          "si": 12,
          "sti": 19,
          "dti": 325,
          "sco": 101,
          "dco": 1926,
          "txt": "Sieg"
        },
        {
          "si": 12,
          "sti": 20,
          "dti": 326,
          "sco": 106,
          "dco": 1931,
          "txt": "in"
        },
        {
          "si": 12,
          "sti": 21,
          "dti": 327,
          "sco": 109,
          "dco": 1934,
          "txt": "Wales"
        },
        {
          "si": 12,
          "sti": 22,
          "dti": 328,
          "sco": 114,
          "dco": 1939,
          "txt": ","
        },
        {
          "si": 12,
          "sti": 23,
          "dti": 329,
          "sco": 116,
          "dco": 1941,
          "txt": "wenig"
        },
        {
          "si": 12,
          "sti": 24,
          "dti": 330,
          "sco": 122,
          "dco": 1947,
          "txt": "ueberzeugend"
        },
        {
          "si": 12,
          "sti": 25,
          "dti": 331,
          "sco": 135,
          "dco": 1960,
          "txt": "-"
        },
        {
          "si": 12,
          "sti": 26,
          "dti": 332,
          "sco": 137,
          "dco": 1962,
          "txt": "machen"
        },
        {
          "si": 12,
          "sti": 27,
          "dti": 333,
          "sco": 144,
          "dco": 1969,
          "txt": "die"
        },
        {
          "si": 12,
          "sti": 28,
          "dti": 334,
          "sco": 148,
          "dco": 1973,
          "txt": "Englaender"
        },
        {
          "si": 12,
          "sti": 29,
          "dti": 335,
          "sco": 159,
          "dco": 1984,
          "txt": "nicht"
        },
        {
          "si": 12,
          "sti": 30,
          "dti": 336,
          "sco": 165,
          "dco": 1990,
          "txt": "den"
        },
        {
          "si": 12,
          "sti": 31,
          "dti": 337,
          "sco": 169,
          "dco": 1994,
          "txt": "Eindruck"
        },
        {
          "si": 12,
          "sti": 32,
          "dti": 338,
          "sco": 178,
          "dco": 2003,
          "txt": "eines"
        },
        {
          "si": 12,
          "sti": 33,
          "dti": 339,
          "sco": 184,
          "dco": 2009,
          "txt": "angeblichen"
        },
        {
          "si": 12,
          "sti": 34,
          "dti": 340,
          "sco": 196,
          "dco": 2021,
          "txt": "Geheimfavoriten"
        },
        {
          "si": 12,
          "sti": 35,
          "dti": 341,
          "sco": 212,
          "dco": 2037,
          "txt": "auf"
        },
        {
          "si": 12,
          "sti": 36,
          "dti": 342,
          "sco": 216,
          "dco": 2041,
          "txt": "den"
        },
        {
          "si": 12,
          "sti": 37,
          "dti": 343,
          "sco": 220,
          "dco": 2045,
          "txt": "Weltmeistertitel"
        },
        {
          "si": 12,
          "sti": 38,
          "dti": 344,
          "sco": 236,
          "dco": 2061,
          "txt": ","
        },
        {
          "si": 12,
          "sti": 39,
          "dti": 345,
          "sco": 238,
          "dco": 2063,
          "txt": "den"
        },
        {
          "si": 12,
          "sti": 40,
          "dti": 346,
          "sco": 242,
          "dco": 2067,
          "txt": "viele"
        },
        {
          "si": 12,
          "sti": 41,
          "dti": 347,
          "sco": 248,
          "dco": 2073,
          "txt": "in"
        },
        {
          "si": 12,
          "sti": 42,
          "dti": 348,
          "sco": 251,
          "dco": 2076,
          "txt": "diesem"
        },
        {
          "si": 12,
          "sti": 43,
          "dti": 349,
          "sco": 258,
          "dco": 2083,
          "txt": "Team"
        },
        {
          "si": 12,
          "sti": 44,
          "dti": 350,
          "sco": 263,
          "dco": 2088,
          "txt": "gesehen"
        },
        {
          "si": 12,
          "sti": 45,
          "dti": 351,
          "sco": 271,
          "dco": 2096,
          "txt": "haben"
        },
        {
          "si": 12,
          "sti": 46,
          "dti": 352,
          "sco": 276,
          "dco": 2101,
          "txt": "."
        },
        {
          "si": 13,
          "sti": 0,
          "dti": 353,
          "sco": 0,
          "dco": 2103,
          "txt": "Erikssons"
        },
        {
          "si": 13,
          "sti": 1,
          "dti": 354,
          "sco": 10,
          "dco": 2113,
          "txt": "Experiment"
        },
        {
          "si": 13,
          "sti": 2,
          "dti": 355,
          "sco": 21,
          "dco": 2124,
          "txt": "mit"
        },
        {
          "si": 13,
          "sti": 3,
          "dti": 356,
          "sco": 25,
          "dco": 2128,
          "txt": "einem"
        },
        {
          "si": 13,
          "sti": 4,
          "dti": 357,
          "sco": 31,
          "dco": 2134,
          "txt": "4"
        },
        {
          "si": 13,
          "sti": 5,
          "dti": 358,
          "sco": 32,
          "dco": 2135,
          "txt": "-"
        },
        {
          "si": 13,
          "sti": 6,
          "dti": 359,
          "sco": 33,
          "dco": 2136,
          "txt": "3"
        },
        {
          "si": 13,
          "sti": 7,
          "dti": 360,
          "sco": 34,
          "dco": 2137,
          "txt": "-"
        },
        {
          "si": 13,
          "sti": 8,
          "dti": 361,
          "sco": 35,
          "dco": 2138,
          "txt": "3"
        },
        {
          "si": 13,
          "sti": 9,
          "dti": 362,
          "sco": 36,
          "dco": 2139,
          "txt": "-"
        },
        {
          "si": 13,
          "sti": 10,
          "dti": 363,
          "sco": 37,
          "dco": 2140,
          "txt": "System"
        },
        {
          "si": 13,
          "sti": 11,
          "dti": 364,
          "sco": 44,
          "dco": 2147,
          "txt": "ermoeglichte"
        },
        {
          "si": 13,
          "sti": 12,
          "dti": 365,
          "sco": 57,
          "dco": 2160,
          "txt": "ihm"
        },
        {
          "si": 13,
          "sti": 13,
          "dti": 366,
          "sco": 61,
          "dco": 2164,
          "txt": "zwar"
        },
        {
          "si": 13,
          "sti": 14,
          "dti": 367,
          "sco": 65,
          "dco": 2168,
          "txt": ","
        },
        {
          "si": 13,
          "sti": 15,
          "dti": 368,
          "sco": 67,
          "dco": 2170,
          "txt": "David"
        },
        {
          "si": 13,
          "sti": 16,
          "dti": 369,
          "sco": 73,
          "dco": 2176,
          "txt": "Beckham"
        },
        {
          "si": 13,
          "sti": 17,
          "dti": 370,
          "sco": 81,
          "dco": 2184,
          "txt": "im"
        },
        {
          "si": 13,
          "sti": 18,
          "dti": 371,
          "sco": 84,
          "dco": 2187,
          "txt": "zentralen"
        },
        {
          "si": 13,
          "sti": 19,
          "dti": 372,
          "sco": 94,
          "dco": 2197,
          "txt": "Mittelfeld"
        },
        {
          "si": 13,
          "sti": 20,
          "dti": 373,
          "sco": 105,
          "dco": 2208,
          "txt": "einzusetzen"
        },
        {
          "si": 13,
          "sti": 21,
          "dti": 374,
          "sco": 116,
          "dco": 2219,
          "txt": ","
        },
        {
          "si": 13,
          "sti": 22,
          "dti": 375,
          "sco": 118,
          "dco": 2221,
          "txt": "doch"
        },
        {
          "si": 13,
          "sti": 23,
          "dti": 376,
          "sco": 123,
          "dco": 2226,
          "txt": "es"
        },
        {
          "si": 13,
          "sti": 24,
          "dti": 377,
          "sco": 126,
          "dco": 2229,
          "txt": "sorgte"
        },
        {
          "si": 13,
          "sti": 25,
          "dti": 378,
          "sco": 133,
          "dco": 2236,
          "txt": "auch"
        },
        {
          "si": 13,
          "sti": 26,
          "dti": 379,
          "sco": 138,
          "dco": 2241,
          "txt": "dafuer"
        },
        {
          "si": 13,
          "sti": 27,
          "dti": 380,
          "sco": 144,
          "dco": 2247,
          "txt": ","
        },
        {
          "si": 13,
          "sti": 28,
          "dti": 381,
          "sco": 146,
          "dco": 2249,
          "txt": "dass"
        },
        {
          "si": 13,
          "sti": 29,
          "dti": 382,
          "sco": 151,
          "dco": 2254,
          "txt": "seine"
        },
        {
          "si": 13,
          "sti": 30,
          "dti": 383,
          "sco": 157,
          "dco": 2260,
          "txt": "etatmaessigen"
        },
        {
          "si": 13,
          "sti": 31,
          "dti": 384,
          "sco": 171,
          "dco": 2274,
          "txt": "zentralen"
        },
        {
          "si": 13,
          "sti": 32,
          "dti": 385,
          "sco": 181,
          "dco": 2284,
          "txt": "Mittelfeldspieler"
        },
        {
          "si": 13,
          "sti": 33,
          "dti": 386,
          "sco": 198,
          "dco": 2301,
          "txt": ","
        },
        {
          "si": 13,
          "sti": 34,
          "dti": 387,
          "sco": 200,
          "dco": 2303,
          "txt": "Steven"
        },
        {
          "si": 13,
          "sti": 35,
          "dti": 388,
          "sco": 207,
          "dco": 2310,
          "txt": "Gerrard"
        },
        {
          "si": 13,
          "sti": 36,
          "dti": 389,
          "sco": 215,
          "dco": 2318,
          "txt": "und"
        },
        {
          "si": 13,
          "sti": 37,
          "dti": 390,
          "sco": 219,
          "dco": 2322,
          "txt": "Frank"
        },
        {
          "si": 13,
          "sti": 38,
          "dti": 391,
          "sco": 225,
          "dco": 2328,
          "txt": "Lampard"
        },
        {
          "si": 13,
          "sti": 39,
          "dti": 392,
          "sco": 232,
          "dco": 2335,
          "txt": ","
        },
        {
          "si": 13,
          "sti": 40,
          "dti": 393,
          "sco": 234,
          "dco": 2337,
          "txt": "auf"
        },
        {
          "si": 13,
          "sti": 41,
          "dti": 394,
          "sco": 238,
          "dco": 2341,
          "txt": "dem"
        },
        {
          "si": 13,
          "sti": 42,
          "dti": 395,
          "sco": 242,
          "dco": 2345,
          "txt": "Platz"
        },
        {
          "si": 13,
          "sti": 43,
          "dti": 396,
          "sco": 248,
          "dco": 2351,
          "txt": "fast"
        },
        {
          "si": 13,
          "sti": 44,
          "dti": 397,
          "sco": 253,
          "dco": 2356,
          "txt": "schon"
        },
        {
          "si": 13,
          "sti": 45,
          "dti": 398,
          "sco": 259,
          "dco": 2362,
          "txt": "desorientiert"
        },
        {
          "si": 13,
          "sti": 46,
          "dti": 399,
          "sco": 273,
          "dco": 2376,
          "txt": "wirkten"
        },
        {
          "si": 13,
          "sti": 47,
          "dti": 400,
          "sco": 280,
          "dco": 2383,
          "txt": "."
        },
        {
          "si": 14,
          "sti": 0,
          "dti": 401,
          "sco": 0,
          "dco": 2385,
          "txt": "Zusaetzlich"
        },
        {
          "si": 14,
          "sti": 1,
          "dti": 402,
          "sco": 12,
          "dco": 2397,
          "txt": "kam"
        },
        {
          "si": 14,
          "sti": 2,
          "dti": 403,
          "sco": 16,
          "dco": 2401,
          "txt": "Wayne"
        },
        {
          "si": 14,
          "sti": 3,
          "dti": 404,
          "sco": 22,
          "dco": 2407,
          "txt": "Rooney"
        },
        {
          "si": 14,
          "sti": 4,
          "dti": 405,
          "sco": 29,
          "dco": 2414,
          "txt": "weder"
        },
        {
          "si": 14,
          "sti": 5,
          "dti": 406,
          "sco": 35,
          "dco": 2420,
          "txt": "in"
        },
        {
          "si": 14,
          "sti": 6,
          "dti": 407,
          "sco": 38,
          "dco": 2423,
          "txt": "Cardiff"
        },
        {
          "si": 14,
          "sti": 7,
          "dti": 408,
          "sco": 46,
          "dco": 2431,
          "txt": "("
        },
        {
          "si": 14,
          "sti": 8,
          "dti": 409,
          "sco": 47,
          "dco": 2432,
          "txt": "in"
        },
        {
          "si": 14,
          "sti": 9,
          "dti": 410,
          "sco": 50,
          "dco": 2435,
          "txt": "seiner"
        },
        {
          "si": 14,
          "sti": 10,
          "dti": 411,
          "sco": 57,
          "dco": 2442,
          "txt": "Rolle"
        },
        {
          "si": 14,
          "sti": 11,
          "dti": 412,
          "sco": 63,
          "dco": 2448,
          "txt": "als"
        },
        {
          "si": 14,
          "sti": 12,
          "dti": 413,
          "sco": 67,
          "dco": 2452,
          "txt": "einzige"
        },
        {
          "si": 14,
          "sti": 13,
          "dti": 414,
          "sco": 75,
          "dco": 2460,
          "txt": "echte"
        },
        {
          "si": 14,
          "sti": 14,
          "dti": 415,
          "sco": 81,
          "dco": 2466,
          "txt": "Spitze"
        },
        {
          "si": 14,
          "sti": 15,
          "dti": 416,
          "sco": 87,
          "dco": 2472,
          "txt": ","
        },
        {
          "si": 14,
          "sti": 16,
          "dti": 417,
          "sco": 89,
          "dco": 2474,
          "txt": "flankiert"
        },
        {
          "si": 14,
          "sti": 17,
          "dti": 418,
          "sco": 99,
          "dco": 2484,
          "txt": "von"
        },
        {
          "si": 14,
          "sti": 18,
          "dti": 419,
          "sco": 103,
          "dco": 2488,
          "txt": "zwei"
        },
        {
          "si": 14,
          "sti": 19,
          "dti": 420,
          "sco": 108,
          "dco": 2493,
          "txt": "Mittelfeldspielern"
        },
        {
          "si": 14,
          "sti": 20,
          "dti": 421,
          "sco": 127,
          "dco": 2512,
          "txt": "auf"
        },
        {
          "si": 14,
          "sti": 21,
          "dti": 422,
          "sco": 131,
          "dco": 2516,
          "txt": "den"
        },
        {
          "si": 14,
          "sti": 22,
          "dti": 423,
          "sco": 135,
          "dco": 2520,
          "txt": "Aussenpositionen"
        },
        {
          "si": 14,
          "sti": 23,
          "dti": 424,
          "sco": 151,
          "dco": 2536,
          "txt": ")"
        },
        {
          "si": 14,
          "sti": 24,
          "dti": 425,
          "sco": 153,
          "dco": 2538,
          "txt": "noch"
        },
        {
          "si": 14,
          "sti": 25,
          "dti": 426,
          "sco": 158,
          "dco": 2543,
          "txt": "in"
        },
        {
          "si": 14,
          "sti": 26,
          "dti": 427,
          "sco": 161,
          "dco": 2546,
          "txt": "Belfast"
        },
        {
          "si": 14,
          "sti": 27,
          "dti": 428,
          "sco": 168,
          "dco": 2553,
          "txt": ","
        },
        {
          "si": 14,
          "sti": 28,
          "dti": 429,
          "sco": 170,
          "dco": 2555,
          "txt": "wo"
        },
        {
          "si": 14,
          "sti": 29,
          "dti": 430,
          "sco": 173,
          "dco": 2558,
          "txt": "er"
        },
        {
          "si": 14,
          "sti": 30,
          "dti": 431,
          "sco": 176,
          "dco": 2561,
          "txt": "als"
        },
        {
          "si": 14,
          "sti": 31,
          "dti": 432,
          "sco": 180,
          "dco": 2565,
          "txt": "Linksangreifer"
        },
        {
          "si": 14,
          "sti": 32,
          "dti": 433,
          "sco": 195,
          "dco": 2580,
          "txt": "im"
        },
        {
          "si": 14,
          "sti": 33,
          "dti": 434,
          "sco": 198,
          "dco": 2583,
          "txt": "Drei"
        },
        {
          "si": 14,
          "sti": 34,
          "dti": 435,
          "sco": 202,
          "dco": 2587,
          "txt": "-"
        },
        {
          "si": 14,
          "sti": 35,
          "dti": 436,
          "sco": 203,
          "dco": 2588,
          "txt": "Mann"
        },
        {
          "si": 14,
          "sti": 36,
          "dti": 437,
          "sco": 207,
          "dco": 2592,
          "txt": "-"
        },
        {
          "si": 14,
          "sti": 37,
          "dti": 438,
          "sco": 208,
          "dco": 2593,
          "txt": "Sturm"
        },
        {
          "si": 14,
          "sti": 38,
          "dti": 439,
          "sco": 214,
          "dco": 2599,
          "txt": "spielte"
        },
        {
          "si": 14,
          "sti": 39,
          "dti": 440,
          "sco": 221,
          "dco": 2606,
          "txt": ","
        },
        {
          "si": 14,
          "sti": 40,
          "dti": 441,
          "sco": 223,
          "dco": 2608,
          "txt": "voll"
        },
        {
          "si": 14,
          "sti": 41,
          "dti": 442,
          "sco": 228,
          "dco": 2613,
          "txt": "zur"
        },
        {
          "si": 14,
          "sti": 42,
          "dti": 443,
          "sco": 232,
          "dco": 2617,
          "txt": "Geltung"
        },
        {
          "si": 14,
          "sti": 43,
          "dti": 444,
          "sco": 239,
          "dco": 2624,
          "txt": "."
        },
        {
          "si": 15,
          "sti": 0,
          "dti": 445,
          "sco": 0,
          "dco": 2626,
          "txt": "Dabei"
        },
        {
          "si": 15,
          "sti": 1,
          "dti": 446,
          "sco": 6,
          "dco": 2632,
          "txt": "ist"
        },
        {
          "si": 15,
          "sti": 2,
          "dti": 447,
          "sco": 10,
          "dco": 2636,
          "txt": "Rooney"
        },
        {
          "si": 15,
          "sti": 3,
          "dti": 448,
          "sco": 16,
          "dco": 2642,
          "txt": ","
        },
        {
          "si": 15,
          "sti": 4,
          "dti": 449,
          "sco": 18,
          "dco": 2644,
          "txt": "der"
        },
        {
          "si": 15,
          "sti": 5,
          "dti": 450,
          "sco": 22,
          "dco": 2648,
          "txt": "immer"
        },
        {
          "si": 15,
          "sti": 6,
          "dti": 451,
          "sco": 28,
          "dco": 2654,
          "txt": "dann"
        },
        {
          "si": 15,
          "sti": 7,
          "dti": 452,
          "sco": 33,
          "dco": 2659,
          "txt": "am"
        },
        {
          "si": 15,
          "sti": 8,
          "dti": 453,
          "sco": 36,
          "dco": 2662,
          "txt": "meisten"
        },
        {
          "si": 15,
          "sti": 9,
          "dti": 454,
          "sco": 44,
          "dco": 2670,
          "txt": "ueberzeugt"
        },
        {
          "si": 15,
          "sti": 10,
          "dti": 455,
          "sco": 54,
          "dco": 2680,
          "txt": ","
        },
        {
          "si": 15,
          "sti": 11,
          "dti": 456,
          "sco": 56,
          "dco": 2682,
          "txt": "wenn"
        },
        {
          "si": 15,
          "sti": 12,
          "dti": 457,
          "sco": 61,
          "dco": 2687,
          "txt": "er"
        },
        {
          "si": 15,
          "sti": 13,
          "dti": 458,
          "sco": 64,
          "dco": 2690,
          "txt": "aus"
        },
        {
          "si": 15,
          "sti": 14,
          "dti": 459,
          "sco": 68,
          "dco": 2694,
          "txt": "der"
        },
        {
          "si": 15,
          "sti": 15,
          "dti": 460,
          "sco": 72,
          "dco": 2698,
          "txt": "Tiefe"
        },
        {
          "si": 15,
          "sti": 16,
          "dti": 461,
          "sco": 78,
          "dco": 2704,
          "txt": "des"
        },
        {
          "si": 15,
          "sti": 17,
          "dti": 462,
          "sco": 82,
          "dco": 2708,
          "txt": "Raums"
        },
        {
          "si": 15,
          "sti": 18,
          "dti": 463,
          "sco": 88,
          "dco": 2714,
          "txt": "in"
        },
        {
          "si": 15,
          "sti": 19,
          "dti": 464,
          "sco": 91,
          "dco": 2717,
          "txt": "die"
        },
        {
          "si": 15,
          "sti": 20,
          "dti": 465,
          "sco": 95,
          "dco": 2721,
          "txt": "Spitze"
        },
        {
          "si": 15,
          "sti": 21,
          "dti": 466,
          "sco": 102,
          "dco": 2728,
          "txt": "vorstossen"
        },
        {
          "si": 15,
          "sti": 22,
          "dti": 467,
          "sco": 113,
          "dco": 2739,
          "txt": "kann"
        },
        {
          "si": 15,
          "sti": 23,
          "dti": 468,
          "sco": 117,
          "dco": 2743,
          "txt": ","
        },
        {
          "si": 15,
          "sti": 24,
          "dti": 469,
          "sco": 119,
          "dco": 2745,
          "txt": "ein"
        },
        {
          "si": 15,
          "sti": 25,
          "dti": 470,
          "sco": 123,
          "dco": 2749,
          "txt": "Spieler"
        },
        {
          "si": 15,
          "sti": 26,
          "dti": 471,
          "sco": 130,
          "dco": 2756,
          "txt": ","
        },
        {
          "si": 15,
          "sti": 27,
          "dti": 472,
          "sco": 132,
          "dco": 2758,
          "txt": "der"
        },
        {
          "si": 15,
          "sti": 28,
          "dti": 473,
          "sco": 136,
          "dco": 2762,
          "txt": "laut"
        },
        {
          "si": 15,
          "sti": 29,
          "dti": 474,
          "sco": 141,
          "dco": 2767,
          "txt": "Ronaldinho"
        },
        {
          "si": 15,
          "sti": 30,
          "dti": 475,
          "sco": 152,
          "dco": 2778,
          "txt": "England"
        },
        {
          "si": 15,
          "sti": 31,
          "dti": 476,
          "sco": 160,
          "dco": 2786,
          "txt": "im"
        },
        {
          "si": 15,
          "sti": 32,
          "dti": 477,
          "sco": 163,
          "dco": 2789,
          "txt": "naechsten"
        },
        {
          "si": 15,
          "sti": 33,
          "dti": 478,
          "sco": 173,
          "dco": 2799,
          "txt": "Sommer"
        },
        {
          "si": 15,
          "sti": 34,
          "dti": 479,
          "sco": 180,
          "dco": 2806,
          "txt": "zu"
        },
        {
          "si": 15,
          "sti": 35,
          "dti": 480,
          "sco": 183,
          "dco": 2809,
          "txt": "einem"
        },
        {
          "si": 15,
          "sti": 36,
          "dti": 481,
          "sco": 189,
          "dco": 2815,
          "txt": "Titelanwaerter"
        },
        {
          "si": 15,
          "sti": 37,
          "dti": 482,
          "sco": 204,
          "dco": 2830,
          "txt": "machen"
        },
        {
          "si": 15,
          "sti": 38,
          "dti": 483,
          "sco": 211,
          "dco": 2837,
          "txt": "kann"
        },
        {
          "si": 15,
          "sti": 39,
          "dti": 484,
          "sco": 215,
          "dco": 2841,
          "txt": "."
        },
        {
          "si": 16,
          "sti": 0,
          "dti": 485,
          "sco": 0,
          "dco": 2843,
          "txt": "Doch"
        },
        {
          "si": 16,
          "sti": 1,
          "dti": 486,
          "sco": 5,
          "dco": 2848,
          "txt": "wenn"
        },
        {
          "si": 16,
          "sti": 2,
          "dti": 487,
          "sco": 10,
          "dco": 2853,
          "txt": "er"
        },
        {
          "si": 16,
          "sti": 3,
          "dti": 488,
          "sco": 13,
          "dco": 2856,
          "txt": "schlecht"
        },
        {
          "si": 16,
          "sti": 4,
          "dti": 489,
          "sco": 22,
          "dco": 2865,
          "txt": "spielt"
        },
        {
          "si": 16,
          "sti": 5,
          "dti": 490,
          "sco": 28,
          "dco": 2871,
          "txt": ","
        },
        {
          "si": 16,
          "sti": 6,
          "dti": 491,
          "sco": 30,
          "dco": 2873,
          "txt": "ist"
        },
        {
          "si": 16,
          "sti": 7,
          "dti": 492,
          "sco": 34,
          "dco": 2877,
          "txt": "das"
        },
        {
          "si": 16,
          "sti": 8,
          "dti": 493,
          "sco": 38,
          "dco": 2881,
          "txt": "ganze"
        },
        {
          "si": 16,
          "sti": 9,
          "dti": 494,
          "sco": 44,
          "dco": 2887,
          "txt": "Team"
        },
        {
          "si": 16,
          "sti": 10,
          "dti": 495,
          "sco": 49,
          "dco": 2892,
          "txt": "schlecht"
        },
        {
          "si": 16,
          "sti": 11,
          "dti": 496,
          "sco": 57,
          "dco": 2900,
          "txt": "."
        },
        {
          "si": 17,
          "sti": 0,
          "dti": 497,
          "sco": 0,
          "dco": 2902,
          "txt": "Dazu"
        },
        {
          "si": 17,
          "sti": 1,
          "dti": 498,
          "sco": 5,
          "dco": 2907,
          "txt": "kamen"
        },
        {
          "si": 17,
          "sti": 2,
          "dti": 499,
          "sco": 11,
          "dco": 2913,
          "txt": "erneute"
        },
        {
          "si": 17,
          "sti": 3,
          "dti": 500,
          "sco": 19,
          "dco": 2921,
          "txt": "Aufloesungserscheinungen"
        },
        {
          "si": 17,
          "sti": 4,
          "dti": 501,
          "sco": 44,
          "dco": 2946,
          "txt": "im"
        },
        {
          "si": 17,
          "sti": 5,
          "dti": 502,
          "sco": 47,
          "dco": 2949,
          "txt": "englischen"
        },
        {
          "si": 17,
          "sti": 6,
          "dti": 503,
          "sco": 58,
          "dco": 2960,
          "txt": "Team"
        },
        {
          "si": 17,
          "sti": 7,
          "dti": 504,
          "sco": 63,
          "dco": 2965,
          "txt": "im"
        },
        {
          "si": 17,
          "sti": 8,
          "dti": 505,
          "sco": 66,
          "dco": 2968,
          "txt": "Verlauf"
        },
        {
          "si": 17,
          "sti": 9,
          "dti": 506,
          "sco": 74,
          "dco": 2976,
          "txt": "der"
        },
        {
          "si": 17,
          "sti": 10,
          "dti": 507,
          "sco": 78,
          "dco": 2980,
          "txt": "zweiten"
        },
        {
          "si": 17,
          "sti": 11,
          "dti": 508,
          "sco": 86,
          "dco": 2988,
          "txt": "Halbzeit"
        },
        {
          "si": 17,
          "sti": 12,
          "dti": 509,
          "sco": 95,
          "dco": 2997,
          "txt": "-"
        },
        {
          "si": 17,
          "sti": 13,
          "dti": 510,
          "sco": 97,
          "dco": 2999,
          "txt": "ein"
        },
        {
          "si": 17,
          "sti": 14,
          "dti": 511,
          "sco": 101,
          "dco": 3003,
          "txt": "Phaenomen"
        },
        {
          "si": 17,
          "sti": 15,
          "dti": 512,
          "sco": 110,
          "dco": 3012,
          "txt": ","
        },
        {
          "si": 17,
          "sti": 16,
          "dti": 513,
          "sco": 112,
          "dco": 3014,
          "txt": "das"
        },
        {
          "si": 17,
          "sti": 17,
          "dti": 514,
          "sco": 116,
          "dco": 3018,
          "txt": "man"
        },
        {
          "si": 17,
          "sti": 18,
          "dti": 515,
          "sco": 120,
          "dco": 3022,
          "txt": "auch"
        },
        {
          "si": 17,
          "sti": 19,
          "dti": 516,
          "sco": 125,
          "dco": 3027,
          "txt": "schon"
        },
        {
          "si": 17,
          "sti": 20,
          "dti": 517,
          "sco": 131,
          "dco": 3033,
          "txt": "im"
        },
        {
          "si": 17,
          "sti": 21,
          "dti": 518,
          "sco": 134,
          "dco": 3036,
          "txt": "vergangenen"
        },
        {
          "si": 17,
          "sti": 22,
          "dti": 519,
          "sco": 146,
          "dco": 3048,
          "txt": "Monat"
        },
        {
          "si": 17,
          "sti": 23,
          "dti": 520,
          "sco": 152,
          "dco": 3054,
          "txt": "gegen"
        },
        {
          "si": 17,
          "sti": 24,
          "dti": 521,
          "sco": 158,
          "dco": 3060,
          "txt": "Daenemark"
        },
        {
          "si": 17,
          "sti": 25,
          "dti": 522,
          "sco": 168,
          "dco": 3070,
          "txt": "beobachten"
        },
        {
          "si": 17,
          "sti": 26,
          "dti": 523,
          "sco": 179,
          "dco": 3081,
          "txt": "konnte"
        },
        {
          "si": 17,
          "sti": 27,
          "dti": 524,
          "sco": 186,
          "dco": 3088,
          "txt": "und"
        },
        {
          "si": 17,
          "sti": 28,
          "dti": 525,
          "sco": 190,
          "dco": 3092,
          "txt": "dass"
        },
        {
          "si": 17,
          "sti": 29,
          "dti": 526,
          "sco": 195,
          "dco": 3097,
          "txt": "schon"
        },
        {
          "si": 17,
          "sti": 30,
          "dti": 527,
          "sco": 201,
          "dco": 3103,
          "txt": "beim"
        },
        {
          "si": 17,
          "sti": 31,
          "dti": 528,
          "sco": 206,
          "dco": 3108,
          "txt": "FIFA"
        },
        {
          "si": 17,
          "sti": 32,
          "dti": 529,
          "sco": 210,
          "dco": 3112,
          "txt": "-"
        },
        {
          "si": 17,
          "sti": 33,
          "dti": 530,
          "sco": 211,
          "dco": 3113,
          "txt": "Weltpokal"
        },
        {
          "si": 17,
          "sti": 34,
          "dti": 531,
          "sco": 221,
          "dco": 3123,
          "txt": "Korea"
        },
        {
          "si": 17,
          "sti": 35,
          "dti": 532,
          "sco": 226,
          "dco": 3128,
          "txt": "/"
        },
        {
          "si": 17,
          "sti": 36,
          "dti": 533,
          "sco": 227,
          "dco": 3129,
          "txt": "Japan"
        },
        {
          "si": 17,
          "sti": 37,
          "dti": 534,
          "sco": 233,
          "dco": 3135,
          "txt": "2002"
        },
        {
          "si": 17,
          "sti": 38,
          "dti": 535,
          "sco": 238,
          "dco": 3140,
          "txt": "in"
        },
        {
          "si": 17,
          "sti": 39,
          "dti": 536,
          "sco": 241,
          "dco": 3143,
          "txt": "Shizuoka"
        },
        {
          "si": 17,
          "sti": 40,
          "dti": 537,
          "sco": 250,
          "dco": 3152,
          "txt": "gegen"
        },
        {
          "si": 17,
          "sti": 41,
          "dti": 538,
          "sco": 256,
          "dco": 3158,
          "txt": "Brasilien"
        },
        {
          "si": 17,
          "sti": 42,
          "dti": 539,
          "sco": 266,
          "dco": 3168,
          "txt": "zu"
        },
        {
          "si": 17,
          "sti": 43,
          "dti": 540,
          "sco": 269,
          "dco": 3171,
          "txt": "sehen"
        },
        {
          "si": 17,
          "sti": 44,
          "dti": 541,
          "sco": 275,
          "dco": 3177,
          "txt": "war"
        },
        {
          "si": 17,
          "sti": 45,
          "dti": 542,
          "sco": 278,
          "dco": 3180,
          "txt": "."
        },
        {
          "si": 18,
          "sti": 0,
          "dti": 543,
          "sco": 0,
          "dco": 3182,
          "txt": "Eriksson"
        },
        {
          "si": 18,
          "sti": 1,
          "dti": 544,
          "sco": 9,
          "dco": 3191,
          "txt": "raeumte"
        },
        {
          "si": 18,
          "sti": 2,
          "dti": 545,
          "sco": 17,
          "dco": 3199,
          "txt": "nach"
        },
        {
          "si": 18,
          "sti": 3,
          "dti": 546,
          "sco": 22,
          "dco": 3204,
          "txt": "dem"
        },
        {
          "si": 18,
          "sti": 4,
          "dti": 547,
          "sco": 26,
          "dco": 3208,
          "txt": "Nordirland"
        },
        {
          "si": 18,
          "sti": 5,
          "dti": 548,
          "sco": 36,
          "dco": 3218,
          "txt": "-"
        },
        {
          "si": 18,
          "sti": 6,
          "dti": 549,
          "sco": 37,
          "dco": 3219,
          "txt": "Spiel"
        },
        {
          "si": 18,
          "sti": 7,
          "dti": 550,
          "sco": 43,
          "dco": 3225,
          "txt": "ein"
        },
        {
          "si": 18,
          "sti": 8,
          "dti": 551,
          "sco": 46,
          "dco": 3228,
          "txt": ":"
        },
        {
          "si": 18,
          "sti": 9,
          "dti": 552,
          "sco": 48,
          "dco": 3230,
          "txt": "Wir"
        },
        {
          "si": 18,
          "sti": 10,
          "dti": 553,
          "sco": 52,
          "dco": 3234,
          "txt": "haben"
        },
        {
          "si": 18,
          "sti": 11,
          "dti": 554,
          "sco": 58,
          "dco": 3240,
          "txt": "nach"
        },
        {
          "si": 18,
          "sti": 12,
          "dti": 555,
          "sco": 63,
          "dco": 3245,
          "txt": "der"
        },
        {
          "si": 18,
          "sti": 13,
          "dti": 556,
          "sco": 67,
          "dco": 3249,
          "txt": "Halbzeit"
        },
        {
          "si": 18,
          "sti": 14,
          "dti": 557,
          "sco": 76,
          "dco": 3258,
          "txt": "unsere"
        },
        {
          "si": 18,
          "sti": 15,
          "dti": 558,
          "sco": 83,
          "dco": 3265,
          "txt": "Geduld"
        },
        {
          "si": 18,
          "sti": 16,
          "dti": 559,
          "sco": 90,
          "dco": 3272,
          "txt": "und"
        },
        {
          "si": 18,
          "sti": 17,
          "dti": 560,
          "sco": 94,
          "dco": 3276,
          "txt": "unseren"
        },
        {
          "si": 18,
          "sti": 18,
          "dti": 561,
          "sco": 102,
          "dco": 3284,
          "txt": "Kampfgeist"
        },
        {
          "si": 18,
          "sti": 19,
          "dti": 562,
          "sco": 113,
          "dco": 3295,
          "txt": "verloren"
        },
        {
          "si": 18,
          "sti": 20,
          "dti": 563,
          "sco": 121,
          "dco": 3303,
          "txt": "."
        },
        {
          "si": 19,
          "sti": 0,
          "dti": 564,
          "sco": 0,
          "dco": 3305,
          "txt": "Dabei"
        },
        {
          "si": 19,
          "sti": 1,
          "dti": 565,
          "sco": 6,
          "dco": 3311,
          "txt": "ist"
        },
        {
          "si": 19,
          "sti": 2,
          "dti": 566,
          "sco": 10,
          "dco": 3315,
          "txt": "es"
        },
        {
          "si": 19,
          "sti": 3,
          "dti": 567,
          "sco": 13,
          "dco": 3318,
          "txt": "seine"
        },
        {
          "si": 19,
          "sti": 4,
          "dti": 568,
          "sco": 19,
          "dco": 3324,
          "txt": "Aufgabe"
        },
        {
          "si": 19,
          "sti": 5,
          "dti": 569,
          "sco": 26,
          "dco": 3331,
          "txt": ","
        },
        {
          "si": 19,
          "sti": 6,
          "dti": 570,
          "sco": 28,
          "dco": 3333,
          "txt": "solche"
        },
        {
          "si": 19,
          "sti": 7,
          "dti": 571,
          "sco": 35,
          "dco": 3340,
          "txt": "Schwaechen"
        },
        {
          "si": 19,
          "sti": 8,
          "dti": 572,
          "sco": 46,
          "dco": 3351,
          "txt": "abzustellen"
        },
        {
          "si": 19,
          "sti": 9,
          "dti": 573,
          "sco": 57,
          "dco": 3362,
          "txt": "."
        },
        {
          "si": 20,
          "sti": 0,
          "dti": 574,
          "sco": 0,
          "dco": 3364,
          "txt": "Die"
        },
        {
          "si": 20,
          "sti": 1,
          "dti": 575,
          "sco": 4,
          "dco": 3368,
          "txt": "Niederlage"
        },
        {
          "si": 20,
          "sti": 2,
          "dti": 576,
          "sco": 15,
          "dco": 3379,
          "txt": "gegen"
        },
        {
          "si": 20,
          "sti": 3,
          "dti": 577,
          "sco": 21,
          "dco": 3385,
          "txt": "Nordirland"
        },
        {
          "si": 20,
          "sti": 4,
          "dti": 578,
          "sco": 32,
          "dco": 3396,
          "txt": "mag"
        },
        {
          "si": 20,
          "sti": 5,
          "dti": 579,
          "sco": 36,
          "dco": 3400,
          "txt": "zwar"
        },
        {
          "si": 20,
          "sti": 6,
          "dti": 580,
          "sco": 41,
          "dco": 3405,
          "txt": "die"
        },
        {
          "si": 20,
          "sti": 7,
          "dti": 581,
          "sco": 45,
          "dco": 3409,
          "txt": "erste"
        },
        {
          "si": 20,
          "sti": 8,
          "dti": 582,
          "sco": 51,
          "dco": 3415,
          "txt": "Niederlage"
        },
        {
          "si": 20,
          "sti": 9,
          "dti": 583,
          "sco": 62,
          "dco": 3426,
          "txt": "Englands"
        },
        {
          "si": 20,
          "sti": 10,
          "dti": 584,
          "sco": 71,
          "dco": 3435,
          "txt": "in"
        },
        {
          "si": 20,
          "sti": 11,
          "dti": 585,
          "sco": 74,
          "dco": 3438,
          "txt": "einem"
        },
        {
          "si": 20,
          "sti": 12,
          "dti": 586,
          "sco": 80,
          "dco": 3444,
          "txt": "Qualifikationsspiel"
        },
        {
          "si": 20,
          "sti": 13,
          "dti": 587,
          "sco": 100,
          "dco": 3464,
          "txt": "unter"
        },
        {
          "si": 20,
          "sti": 14,
          "dti": 588,
          "sco": 106,
          "dco": 3470,
          "txt": "Eriksson"
        },
        {
          "si": 20,
          "sti": 15,
          "dti": 589,
          "sco": 115,
          "dco": 3479,
          "txt": "sein"
        },
        {
          "si": 20,
          "sti": 16,
          "dti": 590,
          "sco": 120,
          "dco": 3484,
          "txt": "-"
        },
        {
          "si": 20,
          "sti": 17,
          "dti": 591,
          "sco": 122,
          "dco": 3486,
          "txt": "doch"
        },
        {
          "si": 20,
          "sti": 18,
          "dti": 592,
          "sco": 127,
          "dco": 3491,
          "txt": "es"
        },
        {
          "si": 20,
          "sti": 19,
          "dti": 593,
          "sco": 130,
          "dco": 3494,
          "txt": "ist"
        },
        {
          "si": 20,
          "sti": 20,
          "dti": 594,
          "sco": 134,
          "dco": 3498,
          "txt": "eine"
        },
        {
          "si": 20,
          "sti": 21,
          "dti": 595,
          "sco": 139,
          "dco": 3503,
          "txt": "Niederlage"
        },
        {
          "si": 20,
          "sti": 22,
          "dti": 596,
          "sco": 149,
          "dco": 3513,
          "txt": ","
        },
        {
          "si": 20,
          "sti": 23,
          "dti": 597,
          "sco": 151,
          "dco": 3515,
          "txt": "die"
        },
        {
          "si": 20,
          "sti": 24,
          "dti": 598,
          "sco": 155,
          "dco": 3519,
          "txt": "er"
        },
        {
          "si": 20,
          "sti": 25,
          "dti": 599,
          "sco": 158,
          "dco": 3522,
          "txt": "nicht"
        },
        {
          "si": 20,
          "sti": 26,
          "dti": 600,
          "sco": 164,
          "dco": 3528,
          "txt": "so"
        },
        {
          "si": 20,
          "sti": 27,
          "dti": 601,
          "sco": 167,
          "dco": 3531,
          "txt": "schnell"
        },
        {
          "si": 20,
          "sti": 28,
          "dti": 602,
          "sco": 175,
          "dco": 3539,
          "txt": "vergessen"
        },
        {
          "si": 20,
          "sti": 29,
          "dti": 603,
          "sco": 185,
          "dco": 3549,
          "txt": "duerfte"
        },
        {
          "si": 20,
          "sti": 30,
          "dti": 604,
          "sco": 192,
          "dco": 3556,
          "txt": "."
        }
      ]
    },
    "ganns": {
      "dla": [],
      "la": [],
      "ea": [],
      "eta": [
        {
          "ra": {
            "ea": {
              "etn": "Goal"
            }
          },
          "sfs": [
            [
              {
                "stn": "scoreTeamB"
              },
              {
                "ea": {
                  "etn": "0"
                }
              }
            ],
            [
              {
                "stn": "forTeam"
              },
              {
                "ea": {
                  "etn": "Nordirland"
                }
              }
            ],
            [
              {
                "stn": "scoreTeamA"
              },
              {
                "ea": {
                  "etn": "1"
                }
              }
            ],
            [
              {
                "stn": "minute"
              },
              {
                "ea": {
                  "etn": "73"
                }
              }
            ],
            [
              {
                "stn": "scorer"
              },
              {
                "ea": {
                  "etn": "Healy David"
                }
              }
            ]
          ],
          "mfs": {}
        }
      ]
    }
  }
]
