[
  {
    "context": "UNSPECIFIED",
    "doc": {
      "id": "de_mr36598_struct",
      "tl": [
        {
          "si": 0,
          "sti": 0,
          "dti": 0,
          "sco": 0,
          "dco": 0,
          "txt": "Schotten"
        },
        {
          "si": 0,
          "sti": 1,
          "dti": 1,
          "sco": 9,
          "dco": 9,
          "txt": "schoepfen"
        },
        {
          "si": 0,
          "sti": 2,
          "dti": 2,
          "sco": 19,
          "dco": 19,
          "txt": "nach"
        },
        {
          "si": 0,
          "sti": 3,
          "dti": 3,
          "sco": 24,
          "dco": 24,
          "txt": "Sieg"
        },
        {
          "si": 0,
          "sti": 4,
          "dti": 4,
          "sco": 29,
          "dco": 29,
          "txt": "wieder"
        },
        {
          "si": 0,
          "sti": 5,
          "dti": 5,
          "sco": 36,
          "dco": 36,
          "txt": "Hoffnung"
        },
        {
          "si": 0,
          "sti": 6,
          "dti": 6,
          "sco": 44,
          "dco": 44,
          "txt": "."
        },
        {
          "si": 1,
          "sti": 0,
          "dti": 7,
          "sco": 0,
          "dco": 46,
          "txt": "Als"
        },
        {
          "si": 1,
          "sti": 1,
          "dti": 8,
          "sco": 4,
          "dco": 50,
          "txt": "Schottland"
        },
        {
          "si": 1,
          "sti": 2,
          "dti": 9,
          "sco": 15,
          "dco": 61,
          "txt": "sich"
        },
        {
          "si": 1,
          "sti": 3,
          "dti": 10,
          "sco": 20,
          "dco": 66,
          "txt": "1998"
        },
        {
          "si": 1,
          "sti": 4,
          "dti": 11,
          "sco": 25,
          "dco": 71,
          "txt": "das"
        },
        {
          "si": 1,
          "sti": 5,
          "dti": 12,
          "sco": 29,
          "dco": 75,
          "txt": "letzte"
        },
        {
          "si": 1,
          "sti": 6,
          "dti": 13,
          "sco": 36,
          "dco": 82,
          "txt": "Mal"
        },
        {
          "si": 1,
          "sti": 7,
          "dti": 14,
          "sco": 40,
          "dco": 86,
          "txt": "fuer"
        },
        {
          "si": 1,
          "sti": 8,
          "dti": 15,
          "sco": 45,
          "dco": 91,
          "txt": "eine"
        },
        {
          "si": 1,
          "sti": 9,
          "dti": 16,
          "sco": 50,
          "dco": 96,
          "txt": "FIFA"
        },
        {
          "si": 1,
          "sti": 10,
          "dti": 17,
          "sco": 55,
          "dco": 101,
          "txt": "Weltpokal"
        },
        {
          "si": 1,
          "sti": 11,
          "dti": 18,
          "sco": 64,
          "dco": 110,
          "txt": "-"
        },
        {
          "si": 1,
          "sti": 12,
          "dti": 19,
          "sco": 65,
          "dco": 111,
          "txt": "Endrunde"
        },
        {
          "si": 1,
          "sti": 13,
          "dti": 20,
          "sco": 74,
          "dco": 120,
          "txt": "qualifizierte"
        },
        {
          "si": 1,
          "sti": 14,
          "dti": 21,
          "sco": 87,
          "dco": 133,
          "txt": ","
        },
        {
          "si": 1,
          "sti": 15,
          "dti": 22,
          "sco": 89,
          "dco": 135,
          "txt": "wurde"
        },
        {
          "si": 1,
          "sti": 16,
          "dti": 23,
          "sco": 95,
          "dco": 141,
          "txt": "eigens"
        },
        {
          "si": 1,
          "sti": 17,
          "dti": 24,
          "sco": 102,
          "dco": 148,
          "txt": "ein"
        },
        {
          "si": 1,
          "sti": 18,
          "dti": 25,
          "sco": 106,
          "dco": 152,
          "txt": "Song"
        },
        {
          "si": 1,
          "sti": 19,
          "dti": 26,
          "sco": 111,
          "dco": 157,
          "txt": "fuer"
        },
        {
          "si": 1,
          "sti": 20,
          "dti": 27,
          "sco": 116,
          "dco": 162,
          "txt": "die"
        },
        {
          "si": 1,
          "sti": 21,
          "dti": 28,
          "sco": 120,
          "dco": 166,
          "txt": "Mannschaft"
        },
        {
          "si": 1,
          "sti": 22,
          "dti": 29,
          "sco": 131,
          "dco": 177,
          "txt": "komponiert"
        },
        {
          "si": 1,
          "sti": 23,
          "dti": 30,
          "sco": 142,
          "dco": 188,
          "txt": "mit"
        },
        {
          "si": 1,
          "sti": 24,
          "dti": 31,
          "sco": 146,
          "dco": 192,
          "txt": "dem"
        },
        {
          "si": 1,
          "sti": 25,
          "dti": 32,
          "sco": 150,
          "dco": 196,
          "txt": "Titel"
        },
        {
          "si": 1,
          "sti": 26,
          "dti": 33,
          "sco": 156,
          "dco": 202,
          "txt": "Dont"
        },
        {
          "si": 1,
          "sti": 27,
          "dti": 34,
          "sco": 161,
          "dco": 207,
          "txt": "Come"
        },
        {
          "si": 1,
          "sti": 28,
          "dti": 35,
          "sco": 166,
          "dco": 212,
          "txt": "Home"
        },
        {
          "si": 1,
          "sti": 29,
          "dti": 36,
          "sco": 171,
          "dco": 217,
          "txt": "Too"
        },
        {
          "si": 1,
          "sti": 30,
          "dti": 37,
          "sco": 175,
          "dco": 221,
          "txt": "Soon"
        },
        {
          "si": 1,
          "sti": 31,
          "dti": 38,
          "sco": 181,
          "dco": 227,
          "txt": "Kommt"
        },
        {
          "si": 1,
          "sti": 32,
          "dti": 39,
          "sco": 187,
          "dco": 233,
          "txt": "nicht"
        },
        {
          "si": 1,
          "sti": 33,
          "dti": 40,
          "sco": 193,
          "dco": 239,
          "txt": "zu"
        },
        {
          "si": 1,
          "sti": 34,
          "dti": 41,
          "sco": 196,
          "dco": 242,
          "txt": "frueh"
        },
        {
          "si": 1,
          "sti": 35,
          "dti": 42,
          "sco": 202,
          "dco": 248,
          "txt": "wieder"
        },
        {
          "si": 1,
          "sti": 36,
          "dti": 43,
          "sco": 209,
          "dco": 255,
          "txt": "nach"
        },
        {
          "si": 1,
          "sti": 37,
          "dti": 44,
          "sco": 214,
          "dco": 260,
          "txt": "Hause"
        },
        {
          "si": 1,
          "sti": 38,
          "dti": 45,
          "sco": 219,
          "dco": 265,
          "txt": "!"
        },
        {
          "si": 2,
          "sti": 0,
          "dti": 46,
          "sco": 0,
          "dco": 267,
          "txt": "Fuer"
        },
        {
          "si": 2,
          "sti": 1,
          "dti": 47,
          "sco": 5,
          "dco": 272,
          "txt": "den"
        },
        {
          "si": 2,
          "sti": 2,
          "dti": 48,
          "sco": 9,
          "dco": 276,
          "txt": "FIFA"
        },
        {
          "si": 2,
          "sti": 3,
          "dti": 49,
          "sco": 14,
          "dco": 281,
          "txt": "Weltpokal"
        },
        {
          "si": 2,
          "sti": 4,
          "dti": 50,
          "sco": 24,
          "dco": 291,
          "txt": "Korea"
        },
        {
          "si": 2,
          "sti": 5,
          "dti": 51,
          "sco": 29,
          "dco": 296,
          "txt": "/"
        },
        {
          "si": 2,
          "sti": 6,
          "dti": 52,
          "sco": 30,
          "dco": 297,
          "txt": "Japan"
        },
        {
          "si": 2,
          "sti": 7,
          "dti": 53,
          "sco": 36,
          "dco": 303,
          "txt": "2002"
        },
        {
          "si": 2,
          "sti": 8,
          "dti": 54,
          "sco": 41,
          "dco": 308,
          "txt": "hingegen"
        },
        {
          "si": 2,
          "sti": 9,
          "dti": 55,
          "sco": 50,
          "dco": 317,
          "txt": "brauchte"
        },
        {
          "si": 2,
          "sti": 10,
          "dti": 56,
          "sco": 59,
          "dco": 326,
          "txt": "die"
        },
        {
          "si": 2,
          "sti": 11,
          "dti": 57,
          "sco": 63,
          "dco": 330,
          "txt": "Rockgruppe"
        },
        {
          "si": 2,
          "sti": 12,
          "dti": 58,
          "sco": 74,
          "dco": 341,
          "txt": "Del"
        },
        {
          "si": 2,
          "sti": 13,
          "dti": 59,
          "sco": 78,
          "dco": 345,
          "txt": "Amitri"
        },
        {
          "si": 2,
          "sti": 14,
          "dti": 60,
          "sco": 85,
          "dco": 352,
          "txt": "kein"
        },
        {
          "si": 2,
          "sti": 15,
          "dti": 61,
          "sco": 90,
          "dco": 357,
          "txt": "Lied"
        },
        {
          "si": 2,
          "sti": 16,
          "dti": 62,
          "sco": 95,
          "dco": 362,
          "txt": "zu"
        },
        {
          "si": 2,
          "sti": 17,
          "dti": 63,
          "sco": 98,
          "dco": 365,
          "txt": "schreiben"
        },
        {
          "si": 2,
          "sti": 18,
          "dti": 64,
          "sco": 107,
          "dco": 374,
          "txt": ","
        },
        {
          "si": 2,
          "sti": 19,
          "dti": 65,
          "sco": 109,
          "dco": 376,
          "txt": "da"
        },
        {
          "si": 2,
          "sti": 20,
          "dti": 66,
          "sco": 112,
          "dco": 379,
          "txt": "sich"
        },
        {
          "si": 2,
          "sti": 21,
          "dti": 67,
          "sco": 117,
          "dco": 384,
          "txt": "die"
        },
        {
          "si": 2,
          "sti": 22,
          "dti": 68,
          "sco": 121,
          "dco": 388,
          "txt": "Schotten"
        },
        {
          "si": 2,
          "sti": 23,
          "dti": 69,
          "sco": 130,
          "dco": 397,
          "txt": "in"
        },
        {
          "si": 2,
          "sti": 24,
          "dti": 70,
          "sco": 133,
          "dco": 400,
          "txt": "ihrer"
        },
        {
          "si": 2,
          "sti": 25,
          "dti": 71,
          "sco": 139,
          "dco": 406,
          "txt": "Qualifikationsgruppe"
        },
        {
          "si": 2,
          "sti": 26,
          "dti": 72,
          "sco": 160,
          "dco": 427,
          "txt": "mit"
        },
        {
          "si": 2,
          "sti": 27,
          "dti": 73,
          "sco": 164,
          "dco": 431,
          "txt": "Kroatien"
        },
        {
          "si": 2,
          "sti": 28,
          "dti": 74,
          "sco": 172,
          "dco": 439,
          "txt": ","
        },
        {
          "si": 2,
          "sti": 29,
          "dti": 75,
          "sco": 174,
          "dco": 441,
          "txt": "Belgien"
        },
        {
          "si": 2,
          "sti": 30,
          "dti": 76,
          "sco": 181,
          "dco": 448,
          "txt": ","
        },
        {
          "si": 2,
          "sti": 31,
          "dti": 77,
          "sco": 183,
          "dco": 450,
          "txt": "Lettland"
        },
        {
          "si": 2,
          "sti": 32,
          "dti": 78,
          "sco": 192,
          "dco": 459,
          "txt": "und"
        },
        {
          "si": 2,
          "sti": 33,
          "dti": 79,
          "sco": 196,
          "dco": 463,
          "txt": "San"
        },
        {
          "si": 2,
          "sti": 34,
          "dti": 80,
          "sco": 200,
          "dco": 467,
          "txt": "Marino"
        },
        {
          "si": 2,
          "sti": 35,
          "dti": 81,
          "sco": 207,
          "dco": 474,
          "txt": "nicht"
        },
        {
          "si": 2,
          "sti": 36,
          "dti": 82,
          "sco": 213,
          "dco": 480,
          "txt": "durchsetzen"
        },
        {
          "si": 2,
          "sti": 37,
          "dti": 83,
          "sco": 225,
          "dco": 492,
          "txt": "konnten"
        },
        {
          "si": 2,
          "sti": 38,
          "dti": 84,
          "sco": 232,
          "dco": 499,
          "txt": "."
        },
        {
          "si": 3,
          "sti": 0,
          "dti": 85,
          "sco": 0,
          "dco": 501,
          "txt": "Dieses"
        },
        {
          "si": 3,
          "sti": 1,
          "dti": 86,
          "sco": 7,
          "dco": 508,
          "txt": "Mal"
        },
        {
          "si": 3,
          "sti": 2,
          "dti": 87,
          "sco": 11,
          "dco": 512,
          "txt": "dachte"
        },
        {
          "si": 3,
          "sti": 3,
          "dti": 88,
          "sco": 18,
          "dco": 519,
          "txt": "bislang"
        },
        {
          "si": 3,
          "sti": 4,
          "dti": 89,
          "sco": 26,
          "dco": 527,
          "txt": "noch"
        },
        {
          "si": 3,
          "sti": 5,
          "dti": 90,
          "sco": 31,
          "dco": 532,
          "txt": "niemand"
        },
        {
          "si": 3,
          "sti": 6,
          "dti": 91,
          "sco": 39,
          "dco": 540,
          "txt": "ernsthaft"
        },
        {
          "si": 3,
          "sti": 7,
          "dti": 92,
          "sco": 49,
          "dco": 550,
          "txt": "daran"
        },
        {
          "si": 3,
          "sti": 8,
          "dti": 93,
          "sco": 54,
          "dco": 555,
          "txt": ","
        },
        {
          "si": 3,
          "sti": 9,
          "dti": 94,
          "sco": 56,
          "dco": 557,
          "txt": "dass"
        },
        {
          "si": 3,
          "sti": 10,
          "dti": 95,
          "sco": 61,
          "dco": 562,
          "txt": "die"
        },
        {
          "si": 3,
          "sti": 11,
          "dti": 96,
          "sco": 65,
          "dco": 566,
          "txt": "Mannschaft"
        },
        {
          "si": 3,
          "sti": 12,
          "dti": 97,
          "sco": 76,
          "dco": 577,
          "txt": "fuer"
        },
        {
          "si": 3,
          "sti": 13,
          "dti": 98,
          "sco": 81,
          "dco": 582,
          "txt": "die"
        },
        {
          "si": 3,
          "sti": 14,
          "dti": 99,
          "sco": 85,
          "dco": 586,
          "txt": "FIFA"
        },
        {
          "si": 3,
          "sti": 15,
          "dti": 100,
          "sco": 90,
          "dco": 591,
          "txt": "Fussball"
        },
        {
          "si": 3,
          "sti": 16,
          "dti": 101,
          "sco": 98,
          "dco": 599,
          "txt": "-"
        },
        {
          "si": 3,
          "sti": 17,
          "dti": 102,
          "sco": 99,
          "dco": 600,
          "txt": "Weltmeisterschaft"
        },
        {
          "si": 3,
          "sti": 18,
          "dti": 103,
          "sco": 117,
          "dco": 618,
          "txt": "Deutschland"
        },
        {
          "si": 3,
          "sti": 19,
          "dti": 104,
          "sco": 129,
          "dco": 630,
          "txt": "2006"
        },
        {
          "si": 3,
          "sti": 20,
          "dti": 105,
          "sco": 134,
          "dco": 635,
          "txt": "wieder"
        },
        {
          "si": 3,
          "sti": 21,
          "dti": 106,
          "sco": 141,
          "dco": 642,
          "txt": "eine"
        },
        {
          "si": 3,
          "sti": 22,
          "dti": 107,
          "sco": 146,
          "dco": 647,
          "txt": "Hymne"
        },
        {
          "si": 3,
          "sti": 23,
          "dti": 108,
          "sco": 152,
          "dco": 653,
          "txt": "brauchen"
        },
        {
          "si": 3,
          "sti": 24,
          "dti": 109,
          "sco": 161,
          "dco": 662,
          "txt": "koennte"
        },
        {
          "si": 3,
          "sti": 25,
          "dti": 110,
          "sco": 168,
          "dco": 669,
          "txt": "."
        },
        {
          "si": 4,
          "sti": 0,
          "dti": 111,
          "sco": 0,
          "dco": 671,
          "txt": "Entsprechende"
        },
        {
          "si": 4,
          "sti": 1,
          "dti": 112,
          "sco": 14,
          "dco": 685,
          "txt": "Vorschlaege"
        },
        {
          "si": 4,
          "sti": 2,
          "dti": 113,
          "sco": 26,
          "dco": 697,
          "txt": "wirkten"
        },
        {
          "si": 4,
          "sti": 3,
          "dti": 114,
          "sco": 34,
          "dco": 705,
          "txt": "ebenso"
        },
        {
          "si": 4,
          "sti": 4,
          "dti": 115,
          "sco": 41,
          "dco": 712,
          "txt": "fehl"
        },
        {
          "si": 4,
          "sti": 5,
          "dti": 116,
          "sco": 46,
          "dco": 717,
          "txt": "am"
        },
        {
          "si": 4,
          "sti": 6,
          "dti": 117,
          "sco": 49,
          "dco": 720,
          "txt": "Platze"
        },
        {
          "si": 4,
          "sti": 7,
          "dti": 118,
          "sco": 55,
          "dco": 726,
          "txt": ","
        },
        {
          "si": 4,
          "sti": 8,
          "dti": 119,
          "sco": 57,
          "dco": 728,
          "txt": "wie"
        },
        {
          "si": 4,
          "sti": 9,
          "dti": 120,
          "sco": 61,
          "dco": 732,
          "txt": "("
        },
        {
          "si": 4,
          "sti": 10,
          "dti": 121,
          "sco": 62,
          "dco": 733,
          "txt": "rueckblickend"
        },
        {
          "si": 4,
          "sti": 11,
          "dti": 122,
          "sco": 75,
          "dco": 746,
          "txt": ")"
        },
        {
          "si": 4,
          "sti": 12,
          "dti": 123,
          "sco": 77,
          "dco": 748,
          "txt": "der"
        },
        {
          "si": 4,
          "sti": 13,
          "dti": 124,
          "sco": 81,
          "dco": 752,
          "txt": "Titel"
        },
        {
          "si": 4,
          "sti": 14,
          "dti": 125,
          "sco": 87,
          "dco": 758,
          "txt": "der"
        },
        {
          "si": 4,
          "sti": 15,
          "dti": 126,
          "sco": 91,
          "dco": 762,
          "txt": "letzten"
        },
        {
          "si": 4,
          "sti": 16,
          "dti": 127,
          "sco": 98,
          "dco": 769,
          "txt": "."
        },
        {
          "si": 5,
          "sti": 0,
          "dti": 128,
          "sco": 0,
          "dco": 771,
          "txt": "Sollten"
        },
        {
          "si": 5,
          "sti": 1,
          "dti": 129,
          "sco": 8,
          "dco": 779,
          "txt": "die"
        },
        {
          "si": 5,
          "sti": 2,
          "dti": 130,
          "sco": 12,
          "dco": 783,
          "txt": "Schotten"
        },
        {
          "si": 5,
          "sti": 3,
          "dti": 131,
          "sco": 21,
          "dco": 792,
          "txt": "nun"
        },
        {
          "si": 5,
          "sti": 4,
          "dti": 132,
          "sco": 25,
          "dco": 796,
          "txt": "tatsaechlich"
        },
        {
          "si": 5,
          "sti": 5,
          "dti": 133,
          "sco": 38,
          "dco": 809,
          "txt": "doch"
        },
        {
          "si": 5,
          "sti": 6,
          "dti": 134,
          "sco": 43,
          "dco": 814,
          "txt": "noch"
        },
        {
          "si": 5,
          "sti": 7,
          "dti": 135,
          "sco": 48,
          "dco": 819,
          "txt": "ein"
        },
        {
          "si": 5,
          "sti": 8,
          "dti": 136,
          "sco": 52,
          "dco": 823,
          "txt": "Lied"
        },
        {
          "si": 5,
          "sti": 9,
          "dti": 137,
          "sco": 57,
          "dco": 828,
          "txt": "fuer"
        },
        {
          "si": 5,
          "sti": 10,
          "dti": 138,
          "sco": 62,
          "dco": 833,
          "txt": "die"
        },
        {
          "si": 5,
          "sti": 11,
          "dti": 139,
          "sco": 66,
          "dco": 837,
          "txt": "WM"
        },
        {
          "si": 5,
          "sti": 12,
          "dti": 140,
          "sco": 69,
          "dco": 840,
          "txt": "im"
        },
        {
          "si": 5,
          "sti": 13,
          "dti": 141,
          "sco": 72,
          "dco": 843,
          "txt": "kommenden"
        },
        {
          "si": 5,
          "sti": 14,
          "dti": 142,
          "sco": 82,
          "dco": 853,
          "txt": "Jahr"
        },
        {
          "si": 5,
          "sti": 15,
          "dti": 143,
          "sco": 87,
          "dco": 858,
          "txt": "benoetigen"
        },
        {
          "si": 5,
          "sti": 16,
          "dti": 144,
          "sco": 97,
          "dco": 868,
          "txt": ","
        },
        {
          "si": 5,
          "sti": 17,
          "dti": 145,
          "sco": 99,
          "dco": 870,
          "txt": "muesste"
        },
        {
          "si": 5,
          "sti": 18,
          "dti": 146,
          "sco": 107,
          "dco": 878,
          "txt": "dieses"
        },
        {
          "si": 5,
          "sti": 19,
          "dti": 147,
          "sco": 114,
          "dco": 885,
          "txt": "zweifellos"
        },
        {
          "si": 5,
          "sti": 20,
          "dti": 148,
          "sco": 125,
          "dco": 896,
          "txt": "einem"
        },
        {
          "si": 5,
          "sti": 21,
          "dti": 149,
          "sco": 131,
          "dco": 902,
          "txt": "Mann"
        },
        {
          "si": 5,
          "sti": 22,
          "dti": 150,
          "sco": 136,
          "dco": 907,
          "txt": "gewidmet"
        },
        {
          "si": 5,
          "sti": 23,
          "dti": 151,
          "sco": 145,
          "dco": 916,
          "txt": "werden"
        },
        {
          "si": 5,
          "sti": 24,
          "dti": 152,
          "sco": 151,
          "dco": 922,
          "txt": ":"
        },
        {
          "si": 5,
          "sti": 25,
          "dti": 153,
          "sco": 153,
          "dco": 924,
          "txt": "Als"
        },
        {
          "si": 5,
          "sti": 26,
          "dti": 154,
          "sco": 157,
          "dco": 928,
          "txt": "Walter"
        },
        {
          "si": 5,
          "sti": 27,
          "dti": 155,
          "sco": 164,
          "dco": 935,
          "txt": "Smith"
        },
        {
          "si": 5,
          "sti": 28,
          "dti": 156,
          "sco": 170,
          "dco": 941,
          "txt": "im"
        },
        {
          "si": 5,
          "sti": 29,
          "dti": 157,
          "sco": 173,
          "dco": 944,
          "txt": "Dezember"
        },
        {
          "si": 5,
          "sti": 30,
          "dti": 158,
          "sco": 182,
          "dco": 953,
          "txt": "letzten"
        },
        {
          "si": 5,
          "sti": 31,
          "dti": 159,
          "sco": 190,
          "dco": 961,
          "txt": "Jahres"
        },
        {
          "si": 5,
          "sti": 32,
          "dti": 160,
          "sco": 197,
          "dco": 968,
          "txt": "die"
        },
        {
          "si": 5,
          "sti": 33,
          "dti": 161,
          "sco": 201,
          "dco": 972,
          "txt": "Nachfolge"
        },
        {
          "si": 5,
          "sti": 34,
          "dti": 162,
          "sco": 211,
          "dco": 982,
          "txt": "von"
        },
        {
          "si": 5,
          "sti": 35,
          "dti": 163,
          "sco": 215,
          "dco": 986,
          "txt": "Berti"
        },
        {
          "si": 5,
          "sti": 36,
          "dti": 164,
          "sco": 221,
          "dco": 992,
          "txt": "Vogts"
        },
        {
          "si": 5,
          "sti": 37,
          "dti": 165,
          "sco": 227,
          "dco": 998,
          "txt": "als"
        },
        {
          "si": 5,
          "sti": 38,
          "dti": 166,
          "sco": 231,
          "dco": 1002,
          "txt": "Nationaltrainer"
        },
        {
          "si": 5,
          "sti": 39,
          "dti": 167,
          "sco": 247,
          "dco": 1018,
          "txt": "antrat"
        },
        {
          "si": 5,
          "sti": 40,
          "dti": 168,
          "sco": 253,
          "dco": 1024,
          "txt": ","
        },
        {
          "si": 5,
          "sti": 41,
          "dti": 169,
          "sco": 255,
          "dco": 1026,
          "txt": "uebernahm"
        },
        {
          "si": 5,
          "sti": 42,
          "dti": 170,
          "sco": 265,
          "dco": 1036,
          "txt": "er"
        },
        {
          "si": 5,
          "sti": 43,
          "dti": 171,
          "sco": 268,
          "dco": 1039,
          "txt": "eine"
        },
        {
          "si": 5,
          "sti": 44,
          "dti": 172,
          "sco": 273,
          "dco": 1044,
          "txt": "mutlose"
        },
        {
          "si": 5,
          "sti": 45,
          "dti": 173,
          "sco": 281,
          "dco": 1052,
          "txt": "Mannschaft"
        },
        {
          "si": 5,
          "sti": 46,
          "dti": 174,
          "sco": 291,
          "dco": 1062,
          "txt": ","
        },
        {
          "si": 5,
          "sti": 47,
          "dti": 175,
          "sco": 293,
          "dco": 1064,
          "txt": "deren"
        },
        {
          "si": 5,
          "sti": 48,
          "dti": 176,
          "sco": 299,
          "dco": 1070,
          "txt": "Anhaenger"
        },
        {
          "si": 5,
          "sti": 49,
          "dti": 177,
          "sco": 309,
          "dco": 1080,
          "txt": "und"
        },
        {
          "si": 5,
          "sti": 50,
          "dti": 178,
          "sco": 313,
          "dco": 1084,
          "txt": "Spieler"
        },
        {
          "si": 5,
          "sti": 51,
          "dti": 179,
          "sco": 321,
          "dco": 1092,
          "txt": "nicht"
        },
        {
          "si": 5,
          "sti": 52,
          "dti": 180,
          "sco": 327,
          "dco": 1098,
          "txt": "mehr"
        },
        {
          "si": 5,
          "sti": 53,
          "dti": 181,
          "sco": 332,
          "dco": 1103,
          "txt": "an"
        },
        {
          "si": 5,
          "sti": 54,
          "dti": 182,
          "sco": 335,
          "dco": 1106,
          "txt": "die"
        },
        {
          "si": 5,
          "sti": 55,
          "dti": 183,
          "sco": 339,
          "dco": 1110,
          "txt": "Qualifikation"
        },
        {
          "si": 5,
          "sti": 56,
          "dti": 184,
          "sco": 353,
          "dco": 1124,
          "txt": "glaubten"
        },
        {
          "si": 5,
          "sti": 57,
          "dti": 185,
          "sco": 361,
          "dco": 1132,
          "txt": "."
        },
        {
          "si": 6,
          "sti": 0,
          "dti": 186,
          "sco": 0,
          "dco": 1134,
          "txt": "Smith"
        },
        {
          "si": 6,
          "sti": 1,
          "dti": 187,
          "sco": 6,
          "dco": 1140,
          "txt": "jedoch"
        },
        {
          "si": 6,
          "sti": 2,
          "dti": 188,
          "sco": 12,
          "dco": 1146,
          "txt": ","
        },
        {
          "si": 6,
          "sti": 3,
          "dti": 189,
          "sco": 14,
          "dco": 1148,
          "txt": "selbst"
        },
        {
          "si": 6,
          "sti": 4,
          "dti": 190,
          "sco": 21,
          "dco": 1155,
          "txt": "ein"
        },
        {
          "si": 6,
          "sti": 5,
          "dti": 191,
          "sco": 25,
          "dco": 1159,
          "txt": "stolzer"
        },
        {
          "si": 6,
          "sti": 6,
          "dti": 192,
          "sco": 33,
          "dco": 1167,
          "txt": "Schotte"
        },
        {
          "si": 6,
          "sti": 7,
          "dti": 193,
          "sco": 40,
          "dco": 1174,
          "txt": ","
        },
        {
          "si": 6,
          "sti": 8,
          "dti": 194,
          "sco": 42,
          "dco": 1176,
          "txt": "gab"
        },
        {
          "si": 6,
          "sti": 9,
          "dti": 195,
          "sco": 46,
          "dco": 1180,
          "txt": "der"
        },
        {
          "si": 6,
          "sti": 10,
          "dti": 196,
          "sco": 50,
          "dco": 1184,
          "txt": "ganzen"
        },
        {
          "si": 6,
          "sti": 11,
          "dti": 197,
          "sco": 57,
          "dco": 1191,
          "txt": "Nation"
        },
        {
          "si": 6,
          "sti": 12,
          "dti": 198,
          "sco": 64,
          "dco": 1198,
          "txt": "neue"
        },
        {
          "si": 6,
          "sti": 13,
          "dti": 199,
          "sco": 69,
          "dco": 1203,
          "txt": "Hoffnung"
        },
        {
          "si": 6,
          "sti": 14,
          "dti": 200,
          "sco": 77,
          "dco": 1211,
          "txt": "."
        },
        {
          "si": 7,
          "sti": 0,
          "dti": 201,
          "sco": 0,
          "dco": 1213,
          "txt": "Der"
        },
        {
          "si": 7,
          "sti": 1,
          "dti": 202,
          "sco": 4,
          "dco": 1217,
          "txt": "fruehere"
        },
        {
          "si": 7,
          "sti": 2,
          "dti": 203,
          "sco": 13,
          "dco": 1226,
          "txt": "Trainer"
        },
        {
          "si": 7,
          "sti": 3,
          "dti": 204,
          "sco": 21,
          "dco": 1234,
          "txt": "der"
        },
        {
          "si": 7,
          "sti": 4,
          "dti": 205,
          "sco": 25,
          "dco": 1238,
          "txt": "Glasgow"
        },
        {
          "si": 7,
          "sti": 5,
          "dti": 206,
          "sco": 33,
          "dco": 1246,
          "txt": "Rangers"
        },
        {
          "si": 7,
          "sti": 6,
          "dti": 207,
          "sco": 41,
          "dco": 1254,
          "txt": "und"
        },
        {
          "si": 7,
          "sti": 7,
          "dti": 208,
          "sco": 45,
          "dco": 1258,
          "txt": "des"
        },
        {
          "si": 7,
          "sti": 8,
          "dti": 209,
          "sco": 49,
          "dco": 1262,
          "txt": "FC"
        },
        {
          "si": 7,
          "sti": 9,
          "dti": 210,
          "sco": 52,
          "dco": 1265,
          "txt": "Everton"
        },
        {
          "si": 7,
          "sti": 10,
          "dti": 211,
          "sco": 60,
          "dco": 1273,
          "txt": "erzielte"
        },
        {
          "si": 7,
          "sti": 11,
          "dti": 212,
          "sco": 69,
          "dco": 1282,
          "txt": "seit"
        },
        {
          "si": 7,
          "sti": 12,
          "dti": 213,
          "sco": 74,
          "dco": 1287,
          "txt": "seiner"
        },
        {
          "si": 7,
          "sti": 13,
          "dti": 214,
          "sco": 81,
          "dco": 1294,
          "txt": "Amtsuebernahme"
        },
        {
          "si": 7,
          "sti": 14,
          "dti": 215,
          "sco": 96,
          "dco": 1309,
          "txt": "zwei"
        },
        {
          "si": 7,
          "sti": 15,
          "dti": 216,
          "sco": 101,
          "dco": 1314,
          "txt": "Siege"
        },
        {
          "si": 7,
          "sti": 16,
          "dti": 217,
          "sco": 107,
          "dco": 1320,
          "txt": "und"
        },
        {
          "si": 7,
          "sti": 17,
          "dti": 218,
          "sco": 111,
          "dco": 1324,
          "txt": "zwei"
        },
        {
          "si": 7,
          "sti": 18,
          "dti": 219,
          "sco": 116,
          "dco": 1329,
          "txt": "Unentschieden"
        },
        {
          "si": 7,
          "sti": 19,
          "dti": 220,
          "sco": 130,
          "dco": 1343,
          "txt": "in"
        },
        {
          "si": 7,
          "sti": 20,
          "dti": 221,
          "sco": 133,
          "dco": 1346,
          "txt": "den"
        },
        {
          "si": 7,
          "sti": 21,
          "dti": 222,
          "sco": 137,
          "dco": 1350,
          "txt": "vier"
        },
        {
          "si": 7,
          "sti": 22,
          "dti": 223,
          "sco": 142,
          "dco": 1355,
          "txt": "Spielen"
        },
        {
          "si": 7,
          "sti": 23,
          "dti": 224,
          "sco": 150,
          "dco": 1363,
          "txt": "in"
        },
        {
          "si": 7,
          "sti": 24,
          "dti": 225,
          "sco": 153,
          "dco": 1366,
          "txt": "Gruppe"
        },
        {
          "si": 7,
          "sti": 25,
          "dti": 226,
          "sco": 160,
          "dco": 1373,
          "txt": "5"
        },
        {
          "si": 7,
          "sti": 26,
          "dti": 227,
          "sco": 161,
          "dco": 1374,
          "txt": "."
        },
        {
          "si": 8,
          "sti": 0,
          "dti": 228,
          "sco": 0,
          "dco": 1376,
          "txt": "Die"
        },
        {
          "si": 8,
          "sti": 1,
          "dti": 229,
          "sco": 4,
          "dco": 1380,
          "txt": "Schotten"
        },
        {
          "si": 8,
          "sti": 2,
          "dti": 230,
          "sco": 13,
          "dco": 1389,
          "txt": "stehen"
        },
        {
          "si": 8,
          "sti": 3,
          "dti": 231,
          "sco": 20,
          "dco": 1396,
          "txt": "damit"
        },
        {
          "si": 8,
          "sti": 4,
          "dti": 232,
          "sco": 26,
          "dco": 1402,
          "txt": "nur"
        },
        {
          "si": 8,
          "sti": 5,
          "dti": 233,
          "sco": 30,
          "dco": 1406,
          "txt": "noch"
        },
        {
          "si": 8,
          "sti": 6,
          "dti": 234,
          "sco": 35,
          "dco": 1411,
          "txt": "zwei"
        },
        {
          "si": 8,
          "sti": 7,
          "dti": 235,
          "sco": 40,
          "dco": 1416,
          "txt": "Punkte"
        },
        {
          "si": 8,
          "sti": 8,
          "dti": 236,
          "sco": 47,
          "dco": 1423,
          "txt": "hinter"
        },
        {
          "si": 8,
          "sti": 9,
          "dti": 237,
          "sco": 54,
          "dco": 1430,
          "txt": "dem"
        },
        {
          "si": 8,
          "sti": 10,
          "dti": 238,
          "sco": 58,
          "dco": 1434,
          "txt": "Gruppenzweiten"
        },
        {
          "si": 8,
          "sti": 11,
          "dti": 239,
          "sco": 73,
          "dco": 1449,
          "txt": "Norwegen"
        },
        {
          "si": 8,
          "sti": 12,
          "dti": 240,
          "sco": 81,
          "dco": 1457,
          "txt": ","
        },
        {
          "si": 8,
          "sti": 13,
          "dti": 241,
          "sco": 83,
          "dco": 1459,
          "txt": "bei"
        },
        {
          "si": 8,
          "sti": 14,
          "dti": 242,
          "sco": 87,
          "dco": 1463,
          "txt": "sechs"
        },
        {
          "si": 8,
          "sti": 15,
          "dti": 243,
          "sco": 93,
          "dco": 1469,
          "txt": "noch"
        },
        {
          "si": 8,
          "sti": 16,
          "dti": 244,
          "sco": 98,
          "dco": 1474,
          "txt": "zu"
        },
        {
          "si": 8,
          "sti": 17,
          "dti": 245,
          "sco": 101,
          "dco": 1477,
          "txt": "vergebenden"
        },
        {
          "si": 8,
          "sti": 18,
          "dti": 246,
          "sco": 113,
          "dco": 1489,
          "txt": "Punkten"
        },
        {
          "si": 8,
          "sti": 19,
          "dti": 247,
          "sco": 121,
          "dco": 1497,
          "txt": "aus"
        },
        {
          "si": 8,
          "sti": 20,
          "dti": 248,
          "sco": 125,
          "dco": 1501,
          "txt": "den"
        },
        {
          "si": 8,
          "sti": 21,
          "dti": 249,
          "sco": 129,
          "dco": 1505,
          "txt": "verbleibenden"
        },
        {
          "si": 8,
          "sti": 22,
          "dti": 250,
          "sco": 143,
          "dco": 1519,
          "txt": "zwei"
        },
        {
          "si": 8,
          "sti": 23,
          "dti": 251,
          "sco": 148,
          "dco": 1524,
          "txt": "Spielen"
        },
        {
          "si": 8,
          "sti": 24,
          "dti": 252,
          "sco": 155,
          "dco": 1531,
          "txt": "."
        },
        {
          "si": 9,
          "sti": 0,
          "dti": 253,
          "sco": 0,
          "dco": 1533,
          "txt": "Am"
        },
        {
          "si": 9,
          "sti": 1,
          "dti": 254,
          "sco": 3,
          "dco": 1536,
          "txt": "Mittwoch"
        },
        {
          "si": 9,
          "sti": 2,
          "dti": 255,
          "sco": 12,
          "dco": 1545,
          "txt": "nun"
        },
        {
          "si": 9,
          "sti": 3,
          "dti": 256,
          "sco": 16,
          "dco": 1549,
          "txt": "mussten"
        },
        {
          "si": 9,
          "sti": 4,
          "dti": 257,
          "sco": 24,
          "dco": 1557,
          "txt": "die"
        },
        {
          "si": 9,
          "sti": 5,
          "dti": 258,
          "sco": 28,
          "dco": 1561,
          "txt": "Schotten"
        },
        {
          "si": 9,
          "sti": 6,
          "dti": 259,
          "sco": 37,
          "dco": 1570,
          "txt": "nach"
        },
        {
          "si": 9,
          "sti": 7,
          "dti": 260,
          "sco": 42,
          "dco": 1575,
          "txt": "Oslo"
        },
        {
          "si": 9,
          "sti": 8,
          "dti": 261,
          "sco": 47,
          "dco": 1580,
          "txt": "reisen"
        },
        {
          "si": 9,
          "sti": 9,
          "dti": 262,
          "sco": 55,
          "dco": 1588,
          "txt": "und"
        },
        {
          "si": 9,
          "sti": 10,
          "dti": 263,
          "sco": 59,
          "dco": 1592,
          "txt": "Smith"
        },
        {
          "si": 9,
          "sti": 11,
          "dti": 264,
          "sco": 65,
          "dco": 1598,
          "txt": "hatte"
        },
        {
          "si": 9,
          "sti": 12,
          "dti": 265,
          "sco": 71,
          "dco": 1604,
          "txt": "eindringlich"
        },
        {
          "si": 9,
          "sti": 13,
          "dti": 266,
          "sco": 84,
          "dco": 1617,
          "txt": "gewarnt"
        },
        {
          "si": 9,
          "sti": 14,
          "dti": 267,
          "sco": 91,
          "dco": 1624,
          "txt": ","
        },
        {
          "si": 9,
          "sti": 15,
          "dti": 268,
          "sco": 93,
          "dco": 1626,
          "txt": "dass"
        },
        {
          "si": 9,
          "sti": 16,
          "dti": 269,
          "sco": 98,
          "dco": 1631,
          "txt": "alles"
        },
        {
          "si": 9,
          "sti": 17,
          "dti": 270,
          "sco": 104,
          "dco": 1637,
          "txt": "andere"
        },
        {
          "si": 9,
          "sti": 18,
          "dti": 271,
          "sco": 111,
          "dco": 1644,
          "txt": "als"
        },
        {
          "si": 9,
          "sti": 19,
          "dti": 272,
          "sco": 115,
          "dco": 1648,
          "txt": "ein"
        },
        {
          "si": 9,
          "sti": 20,
          "dti": 273,
          "sco": 119,
          "dco": 1652,
          "txt": "Sieg"
        },
        {
          "si": 9,
          "sti": 21,
          "dti": 274,
          "sco": 124,
          "dco": 1657,
          "txt": "die"
        },
        {
          "si": 9,
          "sti": 22,
          "dti": 275,
          "sco": 128,
          "dco": 1661,
          "txt": "Hoffnungen"
        },
        {
          "si": 9,
          "sti": 23,
          "dti": 276,
          "sco": 139,
          "dco": 1672,
          "txt": "auf"
        },
        {
          "si": 9,
          "sti": 24,
          "dti": 277,
          "sco": 143,
          "dco": 1676,
          "txt": "die"
        },
        {
          "si": 9,
          "sti": 25,
          "dti": 278,
          "sco": 147,
          "dco": 1680,
          "txt": "Qualifikation"
        },
        {
          "si": 9,
          "sti": 26,
          "dti": 279,
          "sco": 161,
          "dco": 1694,
          "txt": "beenden"
        },
        {
          "si": 9,
          "sti": 27,
          "dti": 280,
          "sco": 169,
          "dco": 1702,
          "txt": "wuerde"
        },
        {
          "si": 9,
          "sti": 28,
          "dti": 281,
          "sco": 175,
          "dco": 1708,
          "txt": "."
        },
        {
          "si": 10,
          "sti": 0,
          "dti": 282,
          "sco": 0,
          "dco": 1710,
          "txt": "Und"
        },
        {
          "si": 10,
          "sti": 1,
          "dti": 283,
          "sco": 4,
          "dco": 1714,
          "txt": "seine"
        },
        {
          "si": 10,
          "sti": 2,
          "dti": 284,
          "sco": 10,
          "dco": 1720,
          "txt": "Mannschaft"
        },
        {
          "si": 10,
          "sti": 3,
          "dti": 285,
          "sco": 21,
          "dco": 1731,
          "txt": "enttaeuschte"
        },
        {
          "si": 10,
          "sti": 4,
          "dti": 286,
          "sco": 34,
          "dco": 1744,
          "txt": "ihn"
        },
        {
          "si": 10,
          "sti": 5,
          "dti": 287,
          "sco": 38,
          "dco": 1748,
          "txt": "nicht"
        },
        {
          "si": 10,
          "sti": 6,
          "dti": 288,
          "sco": 43,
          "dco": 1753,
          "txt": "."
        },
        {
          "si": 11,
          "sti": 0,
          "dti": 289,
          "sco": 0,
          "dco": 1755,
          "txt": "Kenny"
        },
        {
          "si": 11,
          "sti": 1,
          "dti": 290,
          "sco": 6,
          "dco": 1761,
          "txt": "Miller"
        },
        {
          "si": 11,
          "sti": 2,
          "dti": 291,
          "sco": 12,
          "dco": 1767,
          "txt": ","
        },
        {
          "si": 11,
          "sti": 3,
          "dti": 292,
          "sco": 14,
          "dco": 1769,
          "txt": "der"
        },
        {
          "si": 11,
          "sti": 4,
          "dti": 293,
          "sco": 18,
          "dco": 1773,
          "txt": "das"
        },
        {
          "si": 11,
          "sti": 5,
          "dti": 294,
          "sco": 22,
          "dco": 1777,
          "txt": "1"
        },
        {
          "si": 11,
          "sti": 6,
          "dti": 295,
          "sco": 23,
          "dco": 1778,
          "txt": ":"
        },
        {
          "si": 11,
          "sti": 7,
          "dti": 296,
          "sco": 24,
          "dco": 1779,
          "txt": "1"
        },
        {
          "si": 11,
          "sti": 8,
          "dti": 297,
          "sco": 26,
          "dco": 1781,
          "txt": "gegen"
        },
        {
          "si": 11,
          "sti": 9,
          "dti": 298,
          "sco": 32,
          "dco": 1787,
          "txt": "Italien"
        },
        {
          "si": 11,
          "sti": 10,
          "dti": 299,
          "sco": 40,
          "dco": 1795,
          "txt": "erzielt"
        },
        {
          "si": 11,
          "sti": 11,
          "dti": 300,
          "sco": 48,
          "dco": 1803,
          "txt": "hatte"
        },
        {
          "si": 11,
          "sti": 12,
          "dti": 301,
          "sco": 53,
          "dco": 1808,
          "txt": ","
        },
        {
          "si": 11,
          "sti": 13,
          "dti": 302,
          "sco": 55,
          "dco": 1810,
          "txt": "erreichte"
        },
        {
          "si": 11,
          "sti": 14,
          "dti": 303,
          "sco": 65,
          "dco": 1820,
          "txt": "einen"
        },
        {
          "si": 11,
          "sti": 15,
          "dti": 304,
          "sco": 71,
          "dco": 1826,
          "txt": "Kopfball"
        },
        {
          "si": 11,
          "sti": 16,
          "dti": 305,
          "sco": 80,
          "dco": 1835,
          "txt": "von"
        },
        {
          "si": 11,
          "sti": 17,
          "dti": 306,
          "sco": 84,
          "dco": 1839,
          "txt": "James"
        },
        {
          "si": 11,
          "sti": 18,
          "dti": 307,
          "sco": 90,
          "dco": 1845,
          "txt": "McFadden"
        },
        {
          "si": 11,
          "sti": 19,
          "dti": 308,
          "sco": 99,
          "dco": 1854,
          "txt": "und"
        },
        {
          "si": 11,
          "sti": 20,
          "dti": 309,
          "sco": 103,
          "dco": 1858,
          "txt": "erzielte"
        },
        {
          "si": 11,
          "sti": 21,
          "dti": 310,
          "sco": 112,
          "dco": 1867,
          "txt": "in"
        },
        {
          "si": 11,
          "sti": 22,
          "dti": 311,
          "sco": 115,
          "dco": 1870,
          "txt": "der"
        },
        {
          "si": 11,
          "sti": 23,
          "dti": 312,
          "sco": 119,
          "dco": 1874,
          "txt": "21"
        },
        {
          "si": 11,
          "sti": 24,
          "dti": 313,
          "sco": 121,
          "dco": 1876,
          "txt": "."
        },
        {
          "si": 12,
          "sti": 0,
          "dti": 314,
          "sco": 0,
          "dco": 1878,
          "txt": "Minute"
        },
        {
          "si": 12,
          "sti": 1,
          "dti": 315,
          "sco": 7,
          "dco": 1885,
          "txt": "den"
        },
        {
          "si": 12,
          "sti": 2,
          "dti": 316,
          "sco": 11,
          "dco": 1889,
          "txt": "Fuehrungstreffer"
        },
        {
          "si": 12,
          "sti": 3,
          "dti": 317,
          "sco": 27,
          "dco": 1905,
          "txt": "."
        },
        {
          "si": 13,
          "sti": 0,
          "dti": 318,
          "sco": 0,
          "dco": 1907,
          "txt": "Zehn"
        },
        {
          "si": 13,
          "sti": 1,
          "dti": 319,
          "sco": 5,
          "dco": 1912,
          "txt": "Minuten"
        },
        {
          "si": 13,
          "sti": 2,
          "dti": 320,
          "sco": 13,
          "dco": 1920,
          "txt": "spaeter"
        },
        {
          "si": 13,
          "sti": 3,
          "dti": 321,
          "sco": 21,
          "dco": 1928,
          "txt": "landete"
        },
        {
          "si": 13,
          "sti": 4,
          "dti": 322,
          "sco": 29,
          "dco": 1936,
          "txt": "eine"
        },
        {
          "si": 13,
          "sti": 5,
          "dti": 323,
          "sco": 34,
          "dco": 1941,
          "txt": "schwache"
        },
        {
          "si": 13,
          "sti": 6,
          "dti": 324,
          "sco": 43,
          "dco": 1950,
          "txt": "Abwehr"
        },
        {
          "si": 13,
          "sti": 7,
          "dti": 325,
          "sco": 50,
          "dco": 1957,
          "txt": "von"
        },
        {
          "si": 13,
          "sti": 8,
          "dti": 326,
          "sco": 54,
          "dco": 1961,
          "txt": "Andre"
        },
        {
          "si": 13,
          "sti": 9,
          "dti": 327,
          "sco": 60,
          "dco": 1967,
          "txt": "Bergdolmo"
        },
        {
          "si": 13,
          "sti": 10,
          "dti": 328,
          "sco": 70,
          "dco": 1977,
          "txt": "bei"
        },
        {
          "si": 13,
          "sti": 11,
          "dti": 329,
          "sco": 74,
          "dco": 1981,
          "txt": "ihm"
        },
        {
          "si": 13,
          "sti": 12,
          "dti": 330,
          "sco": 78,
          "dco": 1985,
          "txt": "und"
        },
        {
          "si": 13,
          "sti": 13,
          "dti": 331,
          "sco": 82,
          "dco": 1989,
          "txt": "der"
        },
        {
          "si": 13,
          "sti": 14,
          "dti": 332,
          "sco": 86,
          "dco": 1993,
          "txt": "Stuermer"
        },
        {
          "si": 13,
          "sti": 15,
          "dti": 333,
          "sco": 95,
          "dco": 2002,
          "txt": "erzielte"
        },
        {
          "si": 13,
          "sti": 16,
          "dti": 334,
          "sco": 104,
          "dco": 2011,
          "txt": "seinen"
        },
        {
          "si": 13,
          "sti": 17,
          "dti": 335,
          "sco": 111,
          "dco": 2018,
          "txt": "zweiten"
        },
        {
          "si": 13,
          "sti": 18,
          "dti": 336,
          "sco": 119,
          "dco": 2026,
          "txt": "Treffer"
        },
        {
          "si": 13,
          "sti": 19,
          "dti": 337,
          "sco": 126,
          "dco": 2033,
          "txt": "."
        },
        {
          "si": 14,
          "sti": 0,
          "dti": 338,
          "sco": 0,
          "dco": 2035,
          "txt": "Der"
        },
        {
          "si": 14,
          "sti": 1,
          "dti": 339,
          "sco": 4,
          "dco": 2039,
          "txt": "Anschlusstreffer"
        },
        {
          "si": 14,
          "sti": 2,
          "dti": 340,
          "sco": 21,
          "dco": 2056,
          "txt": "durch"
        },
        {
          "si": 14,
          "sti": 3,
          "dti": 341,
          "sco": 27,
          "dco": 2062,
          "txt": "Ole"
        },
        {
          "si": 14,
          "sti": 4,
          "dti": 342,
          "sco": 31,
          "dco": 2066,
          "txt": "Martin"
        },
        {
          "si": 14,
          "sti": 5,
          "dti": 343,
          "sco": 38,
          "dco": 2073,
          "txt": "Aarst"
        },
        {
          "si": 14,
          "sti": 6,
          "dti": 344,
          "sco": 44,
          "dco": 2079,
          "txt": "in"
        },
        {
          "si": 14,
          "sti": 7,
          "dti": 345,
          "sco": 47,
          "dco": 2082,
          "txt": "der"
        },
        {
          "si": 14,
          "sti": 8,
          "dti": 346,
          "sco": 51,
          "dco": 2086,
          "txt": "Nachspielzeit"
        },
        {
          "si": 14,
          "sti": 9,
          "dti": 347,
          "sco": 65,
          "dco": 2100,
          "txt": "war"
        },
        {
          "si": 14,
          "sti": 10,
          "dti": 348,
          "sco": 69,
          "dco": 2104,
          "txt": "da"
        },
        {
          "si": 14,
          "sti": 11,
          "dti": 349,
          "sco": 72,
          "dco": 2107,
          "txt": "letztlich"
        },
        {
          "si": 14,
          "sti": 12,
          "dti": 350,
          "sco": 82,
          "dco": 2117,
          "txt": "nur"
        },
        {
          "si": 14,
          "sti": 13,
          "dti": 351,
          "sco": 86,
          "dco": 2121,
          "txt": "noch"
        },
        {
          "si": 14,
          "sti": 14,
          "dti": 352,
          "sco": 91,
          "dco": 2126,
          "txt": "Ergebniskosmetik"
        },
        {
          "si": 14,
          "sti": 15,
          "dti": 353,
          "sco": 107,
          "dco": 2142,
          "txt": "."
        },
        {
          "si": 15,
          "sti": 0,
          "dti": 354,
          "sco": 0,
          "dco": 2144,
          "txt": "Wir"
        },
        {
          "si": 15,
          "sti": 1,
          "dti": 355,
          "sco": 4,
          "dco": 2148,
          "txt": "wollten"
        },
        {
          "si": 15,
          "sti": 2,
          "dti": 356,
          "sco": 12,
          "dco": 2156,
          "txt": "moeglichst"
        },
        {
          "si": 15,
          "sti": 3,
          "dti": 357,
          "sco": 23,
          "dco": 2167,
          "txt": "viele"
        },
        {
          "si": 15,
          "sti": 4,
          "dti": 358,
          "sco": 29,
          "dco": 2173,
          "txt": "Punkte"
        },
        {
          "si": 15,
          "sti": 5,
          "dti": 359,
          "sco": 36,
          "dco": 2180,
          "txt": "gegen"
        },
        {
          "si": 15,
          "sti": 6,
          "dti": 360,
          "sco": 42,
          "dco": 2186,
          "txt": "Italien"
        },
        {
          "si": 15,
          "sti": 7,
          "dti": 361,
          "sco": 50,
          "dco": 2194,
          "txt": "und"
        },
        {
          "si": 15,
          "sti": 8,
          "dti": 362,
          "sco": 54,
          "dco": 2198,
          "txt": "Norwegen"
        },
        {
          "si": 15,
          "sti": 9,
          "dti": 363,
          "sco": 63,
          "dco": 2207,
          "txt": "holen"
        },
        {
          "si": 15,
          "sti": 10,
          "dti": 364,
          "sco": 69,
          "dco": 2213,
          "txt": "und"
        },
        {
          "si": 15,
          "sti": 11,
          "dti": 365,
          "sco": 73,
          "dco": 2217,
          "txt": "haben"
        },
        {
          "si": 15,
          "sti": 12,
          "dti": 366,
          "sco": 79,
          "dco": 2223,
          "txt": "vier"
        },
        {
          "si": 15,
          "sti": 13,
          "dti": 367,
          "sco": 84,
          "dco": 2228,
          "txt": "erreicht"
        },
        {
          "si": 15,
          "sti": 14,
          "dti": 368,
          "sco": 92,
          "dco": 2236,
          "txt": "."
        },
        {
          "si": 16,
          "sti": 0,
          "dti": 369,
          "sco": 0,
          "dco": 2238,
          "txt": "Damit"
        },
        {
          "si": 16,
          "sti": 1,
          "dti": 370,
          "sco": 6,
          "dco": 2244,
          "txt": "haben"
        },
        {
          "si": 16,
          "sti": 2,
          "dti": 371,
          "sco": 12,
          "dco": 2250,
          "txt": "wir"
        },
        {
          "si": 16,
          "sti": 3,
          "dti": 372,
          "sco": 16,
          "dco": 2254,
          "txt": "jetzt"
        },
        {
          "si": 16,
          "sti": 4,
          "dti": 373,
          "sco": 22,
          "dco": 2260,
          "txt": "tatsaechlich"
        },
        {
          "si": 16,
          "sti": 5,
          "dti": 374,
          "sco": 35,
          "dco": 2273,
          "txt": "noch"
        },
        {
          "si": 16,
          "sti": 6,
          "dti": 375,
          "sco": 40,
          "dco": 2278,
          "txt": "eine"
        },
        {
          "si": 16,
          "sti": 7,
          "dti": 376,
          "sco": 45,
          "dco": 2283,
          "txt": "Chance"
        },
        {
          "si": 16,
          "sti": 8,
          "dti": 377,
          "sco": 51,
          "dco": 2289,
          "txt": ","
        },
        {
          "si": 16,
          "sti": 9,
          "dti": 378,
          "sco": 53,
          "dco": 2291,
          "txt": "erklaerte"
        },
        {
          "si": 16,
          "sti": 10,
          "dti": 379,
          "sco": 63,
          "dco": 2301,
          "txt": "Smith"
        },
        {
          "si": 16,
          "sti": 11,
          "dti": 380,
          "sco": 68,
          "dco": 2306,
          "txt": "."
        },
        {
          "si": 17,
          "sti": 0,
          "dti": 381,
          "sco": 0,
          "dco": 2308,
          "txt": "Alle"
        },
        {
          "si": 17,
          "sti": 1,
          "dti": 382,
          "sco": 5,
          "dco": 2313,
          "txt": "Spieler"
        },
        {
          "si": 17,
          "sti": 2,
          "dti": 383,
          "sco": 13,
          "dco": 2321,
          "txt": "haben"
        },
        {
          "si": 17,
          "sti": 3,
          "dti": 384,
          "sco": 19,
          "dco": 2327,
          "txt": "eine"
        },
        {
          "si": 17,
          "sti": 4,
          "dti": 385,
          "sco": 24,
          "dco": 2332,
          "txt": "hervorragende"
        },
        {
          "si": 17,
          "sti": 5,
          "dti": 386,
          "sco": 38,
          "dco": 2346,
          "txt": "Leistung"
        },
        {
          "si": 17,
          "sti": 6,
          "dti": 387,
          "sco": 47,
          "dco": 2355,
          "txt": "gezeigt"
        },
        {
          "si": 17,
          "sti": 7,
          "dti": 388,
          "sco": 54,
          "dco": 2362,
          "txt": "."
        },
        {
          "si": 18,
          "sti": 0,
          "dti": 389,
          "sco": 0,
          "dco": 2364,
          "txt": "Norwegen"
        },
        {
          "si": 18,
          "sti": 1,
          "dti": 390,
          "sco": 9,
          "dco": 2373,
          "txt": "ist"
        },
        {
          "si": 18,
          "sti": 2,
          "dti": 391,
          "sco": 13,
          "dco": 2377,
          "txt": "kein"
        },
        {
          "si": 18,
          "sti": 3,
          "dti": 392,
          "sco": 18,
          "dco": 2382,
          "txt": "einfacher"
        },
        {
          "si": 18,
          "sti": 4,
          "dti": 393,
          "sco": 28,
          "dco": 2392,
          "txt": "Gegner"
        },
        {
          "si": 18,
          "sti": 5,
          "dti": 394,
          "sco": 34,
          "dco": 2398,
          "txt": ","
        },
        {
          "si": 18,
          "sti": 6,
          "dti": 395,
          "sco": 36,
          "dco": 2400,
          "txt": "da"
        },
        {
          "si": 18,
          "sti": 7,
          "dti": 396,
          "sco": 39,
          "dco": 2403,
          "txt": "die"
        },
        {
          "si": 18,
          "sti": 8,
          "dti": 397,
          "sco": 43,
          "dco": 2407,
          "txt": "Spieler"
        },
        {
          "si": 18,
          "sti": 9,
          "dti": 398,
          "sco": 51,
          "dco": 2415,
          "txt": "physisch"
        },
        {
          "si": 18,
          "sti": 10,
          "dti": 399,
          "sco": 60,
          "dco": 2424,
          "txt": "sehr"
        },
        {
          "si": 18,
          "sti": 11,
          "dti": 400,
          "sco": 65,
          "dco": 2429,
          "txt": "stark"
        },
        {
          "si": 18,
          "sti": 12,
          "dti": 401,
          "sco": 71,
          "dco": 2435,
          "txt": "sind"
        },
        {
          "si": 18,
          "sti": 13,
          "dti": 402,
          "sco": 75,
          "dco": 2439,
          "txt": ","
        },
        {
          "si": 18,
          "sti": 14,
          "dti": 403,
          "sco": 77,
          "dco": 2441,
          "txt": "aber"
        },
        {
          "si": 18,
          "sti": 15,
          "dti": 404,
          "sco": 82,
          "dco": 2446,
          "txt": "wir"
        },
        {
          "si": 18,
          "sti": 16,
          "dti": 405,
          "sco": 86,
          "dco": 2450,
          "txt": "haben"
        },
        {
          "si": 18,
          "sti": 17,
          "dti": 406,
          "sco": 92,
          "dco": 2456,
          "txt": "es"
        },
        {
          "si": 18,
          "sti": 18,
          "dti": 407,
          "sco": 95,
          "dco": 2459,
          "txt": "geschafft"
        },
        {
          "si": 18,
          "sti": 19,
          "dti": 408,
          "sco": 104,
          "dco": 2468,
          "txt": "."
        },
        {
          "si": 19,
          "sti": 0,
          "dti": 409,
          "sco": 0,
          "dco": 2470,
          "txt": "Smith"
        },
        {
          "si": 19,
          "sti": 1,
          "dti": 410,
          "sco": 5,
          "dco": 2475,
          "txt": ":"
        },
        {
          "si": 19,
          "sti": 2,
          "dti": 411,
          "sco": 7,
          "dco": 2477,
          "txt": "Nach"
        },
        {
          "si": 19,
          "sti": 3,
          "dti": 412,
          "sco": 12,
          "dco": 2482,
          "txt": "dem"
        },
        {
          "si": 19,
          "sti": 4,
          "dti": 413,
          "sco": 16,
          "dco": 2486,
          "txt": "Spiel"
        },
        {
          "si": 19,
          "sti": 5,
          "dti": 414,
          "sco": 22,
          "dco": 2492,
          "txt": "vom"
        },
        {
          "si": 19,
          "sti": 6,
          "dti": 415,
          "sco": 26,
          "dco": 2496,
          "txt": "Samstag"
        },
        {
          "si": 19,
          "sti": 7,
          "dti": 416,
          "sco": 34,
          "dco": 2504,
          "txt": "waren"
        },
        {
          "si": 19,
          "sti": 8,
          "dti": 417,
          "sco": 40,
          "dco": 2510,
          "txt": "wir"
        },
        {
          "si": 19,
          "sti": 9,
          "dti": 418,
          "sco": 44,
          "dco": 2514,
          "txt": "enttaeuscht"
        },
        {
          "si": 19,
          "sti": 10,
          "dti": 419,
          "sco": 55,
          "dco": 2525,
          "txt": ","
        },
        {
          "si": 19,
          "sti": 11,
          "dti": 420,
          "sco": 57,
          "dco": 2527,
          "txt": "weil"
        },
        {
          "si": 19,
          "sti": 12,
          "dti": 421,
          "sco": 62,
          "dco": 2532,
          "txt": "wir"
        },
        {
          "si": 19,
          "sti": 13,
          "dti": 422,
          "sco": 66,
          "dco": 2536,
          "txt": "gegen"
        },
        {
          "si": 19,
          "sti": 14,
          "dti": 423,
          "sco": 72,
          "dco": 2542,
          "txt": "Italien"
        },
        {
          "si": 19,
          "sti": 15,
          "dti": 424,
          "sco": 80,
          "dco": 2550,
          "txt": "Punkte"
        },
        {
          "si": 19,
          "sti": 16,
          "dti": 425,
          "sco": 87,
          "dco": 2557,
          "txt": "verschenkt"
        },
        {
          "si": 19,
          "sti": 17,
          "dti": 426,
          "sco": 98,
          "dco": 2568,
          "txt": "haben"
        },
        {
          "si": 19,
          "sti": 18,
          "dti": 427,
          "sco": 104,
          "dco": 2574,
          "txt": "und"
        },
        {
          "si": 19,
          "sti": 19,
          "dti": 428,
          "sco": 108,
          "dco": 2578,
          "txt": "Norwegen"
        },
        {
          "si": 19,
          "sti": 20,
          "dti": 429,
          "sco": 117,
          "dco": 2587,
          "txt": "heute"
        },
        {
          "si": 19,
          "sti": 21,
          "dti": 430,
          "sco": 123,
          "dco": 2593,
          "txt": "noch"
        },
        {
          "si": 19,
          "sti": 22,
          "dti": 431,
          "sco": 128,
          "dco": 2598,
          "txt": "in"
        },
        {
          "si": 19,
          "sti": 23,
          "dti": 432,
          "sco": 131,
          "dco": 2601,
          "txt": "letzter"
        },
        {
          "si": 19,
          "sti": 24,
          "dti": 433,
          "sco": 139,
          "dco": 2609,
          "txt": "Minute"
        },
        {
          "si": 19,
          "sti": 25,
          "dti": 434,
          "sco": 146,
          "dco": 2616,
          "txt": "einen"
        },
        {
          "si": 19,
          "sti": 26,
          "dti": 435,
          "sco": 152,
          "dco": 2622,
          "txt": "Treffer"
        },
        {
          "si": 19,
          "sti": 27,
          "dti": 436,
          "sco": 160,
          "dco": 2630,
          "txt": "erzielte"
        },
        {
          "si": 19,
          "sti": 28,
          "dti": 437,
          "sco": 168,
          "dco": 2638,
          "txt": "."
        },
        {
          "si": 20,
          "sti": 0,
          "dti": 438,
          "sco": 0,
          "dco": 2640,
          "txt": "Aber"
        },
        {
          "si": 20,
          "sti": 1,
          "dti": 439,
          "sco": 5,
          "dco": 2645,
          "txt": "der"
        },
        {
          "si": 20,
          "sti": 2,
          "dti": 440,
          "sco": 9,
          "dco": 2649,
          "txt": "heutige"
        },
        {
          "si": 20,
          "sti": 3,
          "dti": 441,
          "sco": 17,
          "dco": 2657,
          "txt": "Sieg"
        },
        {
          "si": 20,
          "sti": 4,
          "dti": 442,
          "sco": 22,
          "dco": 2662,
          "txt": "gleicht"
        },
        {
          "si": 20,
          "sti": 5,
          "dti": 443,
          "sco": 30,
          "dco": 2670,
          "txt": "das"
        },
        {
          "si": 20,
          "sti": 6,
          "dti": 444,
          "sco": 34,
          "dco": 2674,
          "txt": "Ergebnis"
        },
        {
          "si": 20,
          "sti": 7,
          "dti": 445,
          "sco": 43,
          "dco": 2683,
          "txt": "vom"
        },
        {
          "si": 20,
          "sti": 8,
          "dti": 446,
          "sco": 47,
          "dco": 2687,
          "txt": "Samstag"
        },
        {
          "si": 20,
          "sti": 9,
          "dti": 447,
          "sco": 55,
          "dco": 2695,
          "txt": "aus"
        },
        {
          "si": 20,
          "sti": 10,
          "dti": 448,
          "sco": 59,
          "dco": 2699,
          "txt": "und"
        },
        {
          "si": 20,
          "sti": 11,
          "dti": 449,
          "sco": 63,
          "dco": 2703,
          "txt": "bringt"
        },
        {
          "si": 20,
          "sti": 12,
          "dti": 450,
          "sco": 70,
          "dco": 2710,
          "txt": "uns"
        },
        {
          "si": 20,
          "sti": 13,
          "dti": 451,
          "sco": 74,
          "dco": 2714,
          "txt": "wieder"
        },
        {
          "si": 20,
          "sti": 14,
          "dti": 452,
          "sco": 81,
          "dco": 2721,
          "txt": "ins"
        },
        {
          "si": 20,
          "sti": 15,
          "dti": 453,
          "sco": 85,
          "dco": 2725,
          "txt": "Rennen"
        },
        {
          "si": 20,
          "sti": 16,
          "dti": 454,
          "sco": 91,
          "dco": 2731,
          "txt": "."
        },
        {
          "si": 21,
          "sti": 0,
          "dti": 455,
          "sco": 0,
          "dco": 2733,
          "txt": "Das"
        },
        {
          "si": 21,
          "sti": 1,
          "dti": 456,
          "sco": 4,
          "dco": 2737,
          "txt": "war"
        },
        {
          "si": 21,
          "sti": 2,
          "dti": 457,
          "sco": 8,
          "dco": 2741,
          "txt": "wichtig"
        },
        {
          "si": 21,
          "sti": 3,
          "dti": 458,
          "sco": 16,
          "dco": 2749,
          "txt": "fuer"
        },
        {
          "si": 21,
          "sti": 4,
          "dti": 459,
          "sco": 21,
          "dco": 2754,
          "txt": "uns"
        },
        {
          "si": 21,
          "sti": 5,
          "dti": 460,
          "sco": 24,
          "dco": 2757,
          "txt": "."
        },
        {
          "si": 22,
          "sti": 0,
          "dti": 461,
          "sco": 0,
          "dco": 2759,
          "txt": "Damit"
        },
        {
          "si": 22,
          "sti": 1,
          "dti": 462,
          "sco": 6,
          "dco": 2765,
          "txt": "haben"
        },
        {
          "si": 22,
          "sti": 2,
          "dti": 463,
          "sco": 12,
          "dco": 2771,
          "txt": "wir"
        },
        {
          "si": 22,
          "sti": 3,
          "dti": 464,
          "sco": 16,
          "dco": 2775,
          "txt": "in"
        },
        {
          "si": 22,
          "sti": 4,
          "dti": 465,
          "sco": 19,
          "dco": 2778,
          "txt": "den"
        },
        {
          "si": 22,
          "sti": 5,
          "dti": 466,
          "sco": 23,
          "dco": 2782,
          "txt": "letzten"
        },
        {
          "si": 22,
          "sti": 6,
          "dti": 467,
          "sco": 31,
          "dco": 2790,
          "txt": "beiden"
        },
        {
          "si": 22,
          "sti": 7,
          "dti": 468,
          "sco": 38,
          "dco": 2797,
          "txt": "Spielen"
        },
        {
          "si": 22,
          "sti": 8,
          "dti": 469,
          "sco": 46,
          "dco": 2805,
          "txt": "noch"
        },
        {
          "si": 22,
          "sti": 9,
          "dti": 470,
          "sco": 51,
          "dco": 2810,
          "txt": "eine"
        },
        {
          "si": 22,
          "sti": 10,
          "dti": 471,
          "sco": 56,
          "dco": 2815,
          "txt": "Chance"
        },
        {
          "si": 22,
          "sti": 11,
          "dti": 472,
          "sco": 62,
          "dco": 2821,
          "txt": "."
        },
        {
          "si": 23,
          "sti": 0,
          "dti": 473,
          "sco": 0,
          "dco": 2823,
          "txt": "Es"
        },
        {
          "si": 23,
          "sti": 1,
          "dti": 474,
          "sco": 3,
          "dco": 2826,
          "txt": "wird"
        },
        {
          "si": 23,
          "sti": 2,
          "dti": 475,
          "sco": 8,
          "dco": 2831,
          "txt": "sehr"
        },
        {
          "si": 23,
          "sti": 3,
          "dti": 476,
          "sco": 13,
          "dco": 2836,
          "txt": "schwierig"
        },
        {
          "si": 23,
          "sti": 4,
          "dti": 477,
          "sco": 23,
          "dco": 2846,
          "txt": "werden"
        },
        {
          "si": 23,
          "sti": 5,
          "dti": 478,
          "sco": 29,
          "dco": 2852,
          "txt": ","
        },
        {
          "si": 23,
          "sti": 6,
          "dti": 479,
          "sco": 31,
          "dco": 2854,
          "txt": "den"
        },
        {
          "si": 23,
          "sti": 7,
          "dti": 480,
          "sco": 35,
          "dco": 2858,
          "txt": "zweiten"
        },
        {
          "si": 23,
          "sti": 8,
          "dti": 481,
          "sco": 43,
          "dco": 2866,
          "txt": "Platz"
        },
        {
          "si": 23,
          "sti": 9,
          "dti": 482,
          "sco": 49,
          "dco": 2872,
          "txt": "zu"
        },
        {
          "si": 23,
          "sti": 10,
          "dti": 483,
          "sco": 52,
          "dco": 2875,
          "txt": "erreichen"
        },
        {
          "si": 23,
          "sti": 11,
          "dti": 484,
          "sco": 61,
          "dco": 2884,
          "txt": ","
        },
        {
          "si": 23,
          "sti": 12,
          "dti": 485,
          "sco": 63,
          "dco": 2886,
          "txt": "aber"
        },
        {
          "si": 23,
          "sti": 13,
          "dti": 486,
          "sco": 68,
          "dco": 2891,
          "txt": "wir"
        },
        {
          "si": 23,
          "sti": 14,
          "dti": 487,
          "sco": 72,
          "dco": 2895,
          "txt": "koennen"
        },
        {
          "si": 23,
          "sti": 15,
          "dti": 488,
          "sco": 80,
          "dco": 2903,
          "txt": "es"
        },
        {
          "si": 23,
          "sti": 16,
          "dti": 489,
          "sco": 83,
          "dco": 2906,
          "txt": "schaffen"
        },
        {
          "si": 23,
          "sti": 17,
          "dti": 490,
          "sco": 91,
          "dco": 2914,
          "txt": "."
        },
        {
          "si": 24,
          "sti": 0,
          "dti": 491,
          "sco": 0,
          "dco": 2916,
          "txt": "Wir"
        },
        {
          "si": 24,
          "sti": 1,
          "dti": 492,
          "sco": 4,
          "dco": 2920,
          "txt": "muessen"
        },
        {
          "si": 24,
          "sti": 2,
          "dti": 493,
          "sco": 12,
          "dco": 2928,
          "txt": "die"
        },
        {
          "si": 24,
          "sti": 3,
          "dti": 494,
          "sco": 16,
          "dco": 2932,
          "txt": "anderen"
        },
        {
          "si": 24,
          "sti": 4,
          "dti": 495,
          "sco": 24,
          "dco": 2940,
          "txt": "jetzt"
        },
        {
          "si": 24,
          "sti": 5,
          "dti": 496,
          "sco": 30,
          "dco": 2946,
          "txt": "unter"
        },
        {
          "si": 24,
          "sti": 6,
          "dti": 497,
          "sco": 36,
          "dco": 2952,
          "txt": "Druck"
        },
        {
          "si": 24,
          "sti": 7,
          "dti": 498,
          "sco": 42,
          "dco": 2958,
          "txt": "setzen"
        },
        {
          "si": 24,
          "sti": 8,
          "dti": 499,
          "sco": 48,
          "dco": 2964,
          "txt": "."
        },
        {
          "si": 25,
          "sti": 0,
          "dti": 500,
          "sco": 0,
          "dco": 2966,
          "txt": "Wir"
        },
        {
          "si": 25,
          "sti": 1,
          "dti": 501,
          "sco": 4,
          "dco": 2970,
          "txt": "haben"
        },
        {
          "si": 25,
          "sti": 2,
          "dti": 502,
          "sco": 10,
          "dco": 2976,
          "txt": "eine"
        },
        {
          "si": 25,
          "sti": 3,
          "dti": 503,
          "sco": 15,
          "dco": 2981,
          "txt": "bessere"
        },
        {
          "si": 25,
          "sti": 4,
          "dti": 504,
          "sco": 23,
          "dco": 2989,
          "txt": "Ausgangsposition"
        },
        {
          "si": 25,
          "sti": 5,
          "dti": 505,
          "sco": 40,
          "dco": 3006,
          "txt": "als"
        },
        {
          "si": 25,
          "sti": 6,
          "dti": 506,
          "sco": 44,
          "dco": 3010,
          "txt": "noch"
        },
        {
          "si": 25,
          "sti": 7,
          "dti": 507,
          "sco": 49,
          "dco": 3015,
          "txt": "zu"
        },
        {
          "si": 25,
          "sti": 8,
          "dti": 508,
          "sco": 52,
          "dco": 3018,
          "txt": "Beginn"
        },
        {
          "si": 25,
          "sti": 9,
          "dti": 509,
          "sco": 59,
          "dco": 3025,
          "txt": "der"
        },
        {
          "si": 25,
          "sti": 10,
          "dti": 510,
          "sco": 63,
          "dco": 3029,
          "txt": "Woche"
        },
        {
          "si": 25,
          "sti": 11,
          "dti": 511,
          "sco": 69,
          "dco": 3035,
          "txt": "und"
        },
        {
          "si": 25,
          "sti": 12,
          "dti": 512,
          "sco": 73,
          "dco": 3039,
          "txt": "wir"
        },
        {
          "si": 25,
          "sti": 13,
          "dti": 513,
          "sco": 77,
          "dco": 3043,
          "txt": "duerfen"
        },
        {
          "si": 25,
          "sti": 14,
          "dti": 514,
          "sco": 85,
          "dco": 3051,
          "txt": "diese"
        },
        {
          "si": 25,
          "sti": 15,
          "dti": 515,
          "sco": 91,
          "dco": 3057,
          "txt": "Chance"
        },
        {
          "si": 25,
          "sti": 16,
          "dti": 516,
          "sco": 98,
          "dco": 3064,
          "txt": "nicht"
        },
        {
          "si": 25,
          "sti": 17,
          "dti": 517,
          "sco": 104,
          "dco": 3070,
          "txt": "ungenutzt"
        },
        {
          "si": 25,
          "sti": 18,
          "dti": 518,
          "sco": 114,
          "dco": 3080,
          "txt": "lassen"
        },
        {
          "si": 25,
          "sti": 19,
          "dti": 519,
          "sco": 120,
          "dco": 3086,
          "txt": "."
        },
        {
          "si": 25,
          "sti": 20,
          "dti": 520,
          "sco": 121,
          "dco": 3087,
          "txt": "'"
        },
        {
          "si": 25,
          "sti": 21,
          "dti": 521,
          "sco": 122,
          "dco": 3088,
          "txt": "'"
        },
        {
          "si": 26,
          "sti": 0,
          "dti": 522,
          "sco": 0,
          "dco": 3090,
          "txt": "Nach"
        },
        {
          "si": 26,
          "sti": 1,
          "dti": 523,
          "sco": 5,
          "dco": 3095,
          "txt": "sieben"
        },
        {
          "si": 26,
          "sti": 2,
          "dti": 524,
          "sco": 12,
          "dco": 3102,
          "txt": "Jahren"
        },
        {
          "si": 26,
          "sti": 3,
          "dti": 525,
          "sco": 19,
          "dco": 3109,
          "txt": "fuehlt"
        },
        {
          "si": 26,
          "sti": 4,
          "dti": 526,
          "sco": 26,
          "dco": 3116,
          "txt": "man"
        },
        {
          "si": 26,
          "sti": 5,
          "dti": 527,
          "sco": 30,
          "dco": 3120,
          "txt": "sich"
        },
        {
          "si": 26,
          "sti": 6,
          "dti": 528,
          "sco": 35,
          "dco": 3125,
          "txt": "an"
        },
        {
          "si": 26,
          "sti": 7,
          "dti": 529,
          "sco": 38,
          "dco": 3128,
          "txt": "den"
        },
        {
          "si": 26,
          "sti": 8,
          "dti": 530,
          "sco": 42,
          "dco": 3132,
          "txt": "Text"
        },
        {
          "si": 26,
          "sti": 9,
          "dti": 531,
          "sco": 47,
          "dco": 3137,
          "txt": "der"
        },
        {
          "si": 26,
          "sti": 10,
          "dti": 532,
          "sco": 51,
          "dco": 3141,
          "txt": "Rockgruppe"
        },
        {
          "si": 26,
          "sti": 11,
          "dti": 533,
          "sco": 62,
          "dco": 3152,
          "txt": "Del"
        },
        {
          "si": 26,
          "sti": 12,
          "dti": 534,
          "sco": 66,
          "dco": 3156,
          "txt": "Amitri"
        },
        {
          "si": 26,
          "sti": 13,
          "dti": 535,
          "sco": 73,
          "dco": 3163,
          "txt": "erinnert"
        },
        {
          "si": 26,
          "sti": 14,
          "dti": 536,
          "sco": 81,
          "dco": 3171,
          "txt": "."
        },
        {
          "si": 26,
          "sti": 15,
          "dti": 537,
          "sco": 83,
          "dco": 3173,
          "txt": "1998"
        },
        {
          "si": 26,
          "sti": 16,
          "dti": 538,
          "sco": 88,
          "dco": 3178,
          "txt": "sangen"
        },
        {
          "si": 26,
          "sti": 17,
          "dti": 539,
          "sco": 95,
          "dco": 3185,
          "txt": "sie"
        },
        {
          "si": 26,
          "sti": 18,
          "dti": 540,
          "sco": 98,
          "dco": 3188,
          "txt": ":"
        }
      ]
    },
    "ganns": {
      "dla": [],
      "la": [],
      "ea": [],
      "eta": [
        {
          "ra": {
            "ea": {
              "etn": "Goal"
            }
          },
          "sfs": [
            [
              {
                "stn": "scoreTeamB"
              },
              {
                "ea": {
                  "etn": "1"
                }
              }
            ],
            [
              {
                "stn": "forTeam"
              },
              {
                "ea": {
                  "etn": "Schottland"
                }
              }
            ],
            [
              {
                "stn": "scoreTeamA"
              },
              {
                "ea": {
                  "etn": "0"
                }
              }
            ],
            [
              {
                "stn": "minute"
              },
              {
                "ea": {
                  "etn": "20"
                }
              }
            ],
            [
              {
                "stn": "scorer"
              },
              {
                "ea": {
                  "etn": "Miller Kenny"
                }
              }
            ]
          ],
          "mfs": {}
        },
        {
          "ra": {
            "ea": {
              "etn": "Goal"
            }
          },
          "sfs": [
            [
              {
                "stn": "scoreTeamB"
              },
              {
                "ea": {
                  "etn": "2"
                }
              }
            ],
            [
              {
                "stn": "forTeam"
              },
              {
                "ea": {
                  "etn": "Schottland"
                }
              }
            ],
            [
              {
                "stn": "scoreTeamA"
              },
              {
                "ea": {
                  "etn": "0"
                }
              }
            ],
            [
              {
                "stn": "minute"
              },
              {
                "ea": {
                  "etn": "30"
                }
              }
            ],
            [
              {
                "stn": "scorer"
              },
              {
                "ea": {
                  "etn": "Miller Kenny"
                }
              }
            ]
          ],
          "mfs": {}
        },
        {
          "ra": {
            "ea": {
              "etn": "Goal"
            }
          },
          "sfs": [
            [
              {
                "stn": "scoreTeamB"
              },
              {
                "ea": {
                  "etn": "2"
                }
              }
            ],
            [
              {
                "stn": "forTeam"
              },
              {
                "ea": {
                  "etn": "Norwegen"
                }
              }
            ],
            [
              {
                "stn": "scoreTeamA"
              },
              {
                "ea": {
                  "etn": "1"
                }
              }
            ],
            [
              {
                "stn": "minute"
              },
              {
                "ea": {
                  "etn": "89"
                }
              }
            ],
            [
              {
                "stn": "scorer"
              },
              {
                "ea": {
                  "etn": "Arst Ole"
                }
              }
            ]
          ],
          "mfs": {}
        }
      ]
    }
  }
]
