[
  {
    "context": "UNSPECIFIED",
    "doc": {
      "id": "de_mr38948_struct",
      "tl": [
        {
          "si": 0,
          "sti": 0,
          "dti": 0,
          "sco": 0,
          "dco": 0,
          "txt": "Marokko"
        },
        {
          "si": 0,
          "sti": 1,
          "dti": 1,
          "sco": 8,
          "dco": 8,
          "txt": "deklassiert"
        },
        {
          "si": 0,
          "sti": 2,
          "dti": 2,
          "sco": 20,
          "dco": 20,
          "txt": "Kenia"
        },
        {
          "si": 0,
          "sti": 3,
          "dti": 3,
          "sco": 25,
          "dco": 25,
          "txt": "."
        },
        {
          "si": 1,
          "sti": 0,
          "dti": 4,
          "sco": 0,
          "dco": 27,
          "txt": "Marokko"
        },
        {
          "si": 1,
          "sti": 1,
          "dti": 5,
          "sco": 8,
          "dco": 35,
          "txt": "bleibt"
        },
        {
          "si": 1,
          "sti": 2,
          "dti": 6,
          "sco": 15,
          "dco": 42,
          "txt": "in"
        },
        {
          "si": 1,
          "sti": 3,
          "dti": 7,
          "sco": 18,
          "dco": 45,
          "txt": "der"
        },
        {
          "si": 1,
          "sti": 4,
          "dti": 8,
          "sco": 22,
          "dco": 49,
          "txt": "Qualifikation"
        },
        {
          "si": 1,
          "sti": 5,
          "dti": 9,
          "sco": 36,
          "dco": 63,
          "txt": "zur"
        },
        {
          "si": 1,
          "sti": 6,
          "dti": 10,
          "sco": 40,
          "dco": 67,
          "txt": "FIFA"
        },
        {
          "si": 1,
          "sti": 7,
          "dti": 11,
          "sco": 45,
          "dco": 72,
          "txt": "Fussball"
        },
        {
          "si": 1,
          "sti": 8,
          "dti": 12,
          "sco": 53,
          "dco": 80,
          "txt": "-"
        },
        {
          "si": 1,
          "sti": 9,
          "dti": 13,
          "sco": 54,
          "dco": 81,
          "txt": "Weltmeisterschaft"
        },
        {
          "si": 1,
          "sti": 10,
          "dti": 14,
          "sco": 72,
          "dco": 99,
          "txt": "Deutschland"
        },
        {
          "si": 1,
          "sti": 11,
          "dti": 15,
          "sco": 84,
          "dco": 111,
          "txt": "2006"
        },
        {
          "si": 1,
          "sti": 12,
          "dti": 16,
          "sco": 89,
          "dco": 116,
          "txt": "auch"
        },
        {
          "si": 1,
          "sti": 13,
          "dti": 17,
          "sco": 94,
          "dco": 121,
          "txt": "weiterhin"
        },
        {
          "si": 1,
          "sti": 14,
          "dti": 18,
          "sco": 104,
          "dco": 131,
          "txt": "ungeschlagen"
        },
        {
          "si": 1,
          "sti": 15,
          "dti": 19,
          "sco": 116,
          "dco": 143,
          "txt": "."
        },
        {
          "si": 2,
          "sti": 0,
          "dti": 20,
          "sco": 0,
          "dco": 145,
          "txt": "Die"
        },
        {
          "si": 2,
          "sti": 1,
          "dti": 21,
          "sco": 4,
          "dco": 149,
          "txt": "Mannschaft"
        },
        {
          "si": 2,
          "sti": 2,
          "dti": 22,
          "sco": 15,
          "dco": 160,
          "txt": "schlug"
        },
        {
          "si": 2,
          "sti": 3,
          "dti": 23,
          "sco": 22,
          "dco": 167,
          "txt": "Kenia"
        },
        {
          "si": 2,
          "sti": 4,
          "dti": 24,
          "sco": 28,
          "dco": 173,
          "txt": "am"
        },
        {
          "si": 2,
          "sti": 5,
          "dti": 25,
          "sco": 31,
          "dco": 176,
          "txt": "Mittwoch"
        },
        {
          "si": 2,
          "sti": 6,
          "dti": 26,
          "sco": 40,
          "dco": 185,
          "txt": "vernichtend"
        },
        {
          "si": 2,
          "sti": 7,
          "dti": 27,
          "sco": 52,
          "dco": 197,
          "txt": "mit"
        },
        {
          "si": 2,
          "sti": 8,
          "dti": 28,
          "sco": 56,
          "dco": 201,
          "txt": "5"
        },
        {
          "si": 2,
          "sti": 9,
          "dti": 29,
          "sco": 57,
          "dco": 202,
          "txt": ":"
        },
        {
          "si": 2,
          "sti": 10,
          "dti": 30,
          "sco": 58,
          "dco": 203,
          "txt": "1"
        },
        {
          "si": 2,
          "sti": 11,
          "dti": 31,
          "sco": 60,
          "dco": 205,
          "txt": "und"
        },
        {
          "si": 2,
          "sti": 12,
          "dti": 32,
          "sco": 64,
          "dco": 209,
          "txt": "zeigte"
        },
        {
          "si": 2,
          "sti": 13,
          "dti": 33,
          "sco": 71,
          "dco": 216,
          "txt": "damit"
        },
        {
          "si": 2,
          "sti": 14,
          "dti": 34,
          "sco": 77,
          "dco": 222,
          "txt": "zum"
        },
        {
          "si": 2,
          "sti": 15,
          "dti": 35,
          "sco": 81,
          "dco": 226,
          "txt": "ersten"
        },
        {
          "si": 2,
          "sti": 16,
          "dti": 36,
          "sco": 88,
          "dco": 233,
          "txt": "Mal"
        },
        {
          "si": 2,
          "sti": 17,
          "dti": 37,
          "sco": 92,
          "dco": 237,
          "txt": "eine"
        },
        {
          "si": 2,
          "sti": 18,
          "dti": 38,
          "sco": 97,
          "dco": 242,
          "txt": "geradezu"
        },
        {
          "si": 2,
          "sti": 19,
          "dti": 39,
          "sco": 106,
          "dco": 251,
          "txt": "explosive"
        },
        {
          "si": 2,
          "sti": 20,
          "dti": 40,
          "sco": 116,
          "dco": 261,
          "txt": "Angriffsstaerke"
        },
        {
          "si": 2,
          "sti": 21,
          "dti": 41,
          "sco": 131,
          "dco": 276,
          "txt": "."
        },
        {
          "si": 3,
          "sti": 0,
          "dti": 42,
          "sco": 0,
          "dco": 278,
          "txt": "Nicht"
        },
        {
          "si": 3,
          "sti": 1,
          "dti": 43,
          "sco": 6,
          "dco": 284,
          "txt": "zuletzt"
        },
        {
          "si": 3,
          "sti": 2,
          "dti": 44,
          "sco": 14,
          "dco": 292,
          "txt": "durch"
        },
        {
          "si": 3,
          "sti": 3,
          "dti": 45,
          "sco": 20,
          "dco": 298,
          "txt": "Jawad"
        },
        {
          "si": 3,
          "sti": 4,
          "dti": 46,
          "sco": 26,
          "dco": 304,
          "txt": "Zairis"
        },
        {
          "si": 3,
          "sti": 5,
          "dti": 47,
          "sco": 33,
          "dco": 311,
          "txt": "Hattrick"
        },
        {
          "si": 3,
          "sti": 6,
          "dti": 48,
          "sco": 42,
          "dco": 320,
          "txt": "wurden"
        },
        {
          "si": 3,
          "sti": 7,
          "dti": 49,
          "sco": 49,
          "dco": 327,
          "txt": "die"
        },
        {
          "si": 3,
          "sti": 8,
          "dti": 50,
          "sco": 53,
          "dco": 331,
          "txt": "Marokkaner"
        },
        {
          "si": 3,
          "sti": 9,
          "dti": 51,
          "sco": 64,
          "dco": 342,
          "txt": "in"
        },
        {
          "si": 3,
          "sti": 10,
          "dti": 52,
          "sco": 67,
          "dco": 345,
          "txt": "ihrer"
        },
        {
          "si": 3,
          "sti": 11,
          "dti": 53,
          "sco": 73,
          "dco": 351,
          "txt": "Gruppe"
        },
        {
          "si": 3,
          "sti": 12,
          "dti": 54,
          "sco": 80,
          "dco": 358,
          "txt": "an"
        },
        {
          "si": 3,
          "sti": 13,
          "dti": 55,
          "sco": 83,
          "dco": 361,
          "txt": "die"
        },
        {
          "si": 3,
          "sti": 14,
          "dti": 56,
          "sco": 87,
          "dco": 365,
          "txt": "Tabellenspitze"
        },
        {
          "si": 3,
          "sti": 15,
          "dti": 57,
          "sco": 102,
          "dco": 380,
          "txt": "katapultiert"
        },
        {
          "si": 3,
          "sti": 16,
          "dti": 58,
          "sco": 114,
          "dco": 392,
          "txt": "."
        },
        {
          "si": 4,
          "sti": 0,
          "dti": 59,
          "sco": 0,
          "dco": 394,
          "txt": "Damit"
        },
        {
          "si": 4,
          "sti": 1,
          "dti": 60,
          "sco": 6,
          "dco": 400,
          "txt": "koennen"
        },
        {
          "si": 4,
          "sti": 2,
          "dti": 61,
          "sco": 14,
          "dco": 408,
          "txt": "wir"
        },
        {
          "si": 4,
          "sti": 3,
          "dti": 62,
          "sco": 18,
          "dco": 412,
          "txt": "uns"
        },
        {
          "si": 4,
          "sti": 4,
          "dti": 63,
          "sco": 22,
          "dco": 416,
          "txt": "sicher"
        },
        {
          "si": 4,
          "sti": 5,
          "dti": 64,
          "sco": 29,
          "dco": 423,
          "txt": "auf"
        },
        {
          "si": 4,
          "sti": 6,
          "dti": 65,
          "sco": 33,
          "dco": 427,
          "txt": "einen"
        },
        {
          "si": 4,
          "sti": 7,
          "dti": 66,
          "sco": 39,
          "dco": 433,
          "txt": "interessanten"
        },
        {
          "si": 4,
          "sti": 8,
          "dti": 67,
          "sco": 53,
          "dco": 447,
          "txt": "Kampf"
        },
        {
          "si": 4,
          "sti": 9,
          "dti": 68,
          "sco": 59,
          "dco": 453,
          "txt": "um"
        },
        {
          "si": 4,
          "sti": 10,
          "dti": 69,
          "sco": 62,
          "dco": 456,
          "txt": "die"
        },
        {
          "si": 4,
          "sti": 11,
          "dti": 70,
          "sco": 66,
          "dco": 460,
          "txt": "begehrten"
        },
        {
          "si": 4,
          "sti": 12,
          "dti": 71,
          "sco": 76,
          "dco": 470,
          "txt": "Tickets"
        },
        {
          "si": 4,
          "sti": 13,
          "dti": 72,
          "sco": 84,
          "dco": 478,
          "txt": "fuer"
        },
        {
          "si": 4,
          "sti": 14,
          "dti": 73,
          "sco": 89,
          "dco": 483,
          "txt": "Deutschland"
        },
        {
          "si": 4,
          "sti": 15,
          "dti": 74,
          "sco": 101,
          "dco": 495,
          "txt": "2006"
        },
        {
          "si": 4,
          "sti": 16,
          "dti": 75,
          "sco": 106,
          "dco": 500,
          "txt": "freuen"
        },
        {
          "si": 4,
          "sti": 17,
          "dti": 76,
          "sco": 112,
          "dco": 506,
          "txt": ","
        },
        {
          "si": 4,
          "sti": 18,
          "dti": 77,
          "sco": 114,
          "dco": 508,
          "txt": "wenn"
        },
        {
          "si": 4,
          "sti": 19,
          "dti": 78,
          "sco": 119,
          "dco": 513,
          "txt": "Marokkos"
        },
        {
          "si": 4,
          "sti": 20,
          "dti": 79,
          "sco": 128,
          "dco": 522,
          "txt": "Mitbewerber"
        },
        {
          "si": 4,
          "sti": 21,
          "dti": 80,
          "sco": 140,
          "dco": 534,
          "txt": "Ende"
        },
        {
          "si": 4,
          "sti": 22,
          "dti": 81,
          "sco": 145,
          "dco": 539,
          "txt": "Maerz"
        },
        {
          "si": 4,
          "sti": 23,
          "dti": 82,
          "sco": 151,
          "dco": 545,
          "txt": "die"
        },
        {
          "si": 4,
          "sti": 24,
          "dti": 83,
          "sco": 155,
          "dco": 549,
          "txt": "Qualifikation"
        },
        {
          "si": 4,
          "sti": 25,
          "dti": 84,
          "sco": 169,
          "dco": 563,
          "txt": "fortsetzen"
        },
        {
          "si": 4,
          "sti": 26,
          "dti": 85,
          "sco": 179,
          "dco": 573,
          "txt": "."
        },
        {
          "si": 5,
          "sti": 0,
          "dti": 86,
          "sco": 0,
          "dco": 575,
          "txt": "Die"
        },
        {
          "si": 5,
          "sti": 1,
          "dti": 87,
          "sco": 4,
          "dco": 579,
          "txt": "Marokkaner"
        },
        {
          "si": 5,
          "sti": 2,
          "dti": 88,
          "sco": 15,
          "dco": 590,
          "txt": "stehen"
        },
        {
          "si": 5,
          "sti": 3,
          "dti": 89,
          "sco": 22,
          "dco": 597,
          "txt": "in"
        },
        {
          "si": 5,
          "sti": 4,
          "dti": 90,
          "sco": 25,
          "dco": 600,
          "txt": "Gruppe"
        },
        {
          "si": 5,
          "sti": 5,
          "dti": 91,
          "sco": 32,
          "dco": 607,
          "txt": "5"
        },
        {
          "si": 5,
          "sti": 6,
          "dti": 92,
          "sco": 34,
          "dco": 609,
          "txt": "jetzt"
        },
        {
          "si": 5,
          "sti": 7,
          "dti": 93,
          "sco": 40,
          "dco": 615,
          "txt": "einen"
        },
        {
          "si": 5,
          "sti": 8,
          "dti": 94,
          "sco": 46,
          "dco": 621,
          "txt": "Punkt"
        },
        {
          "si": 5,
          "sti": 9,
          "dti": 95,
          "sco": 52,
          "dco": 627,
          "txt": "vor"
        },
        {
          "si": 5,
          "sti": 10,
          "dti": 96,
          "sco": 56,
          "dco": 631,
          "txt": "Guinea"
        },
        {
          "si": 5,
          "sti": 11,
          "dti": 97,
          "sco": 62,
          "dco": 637,
          "txt": ","
        },
        {
          "si": 5,
          "sti": 12,
          "dti": 98,
          "sco": 64,
          "dco": 639,
          "txt": "muessen"
        },
        {
          "si": 5,
          "sti": 13,
          "dti": 99,
          "sco": 72,
          "dco": 647,
          "txt": "aber"
        },
        {
          "si": 5,
          "sti": 14,
          "dti": 100,
          "sco": 77,
          "dco": 652,
          "txt": "sicherlich"
        },
        {
          "si": 5,
          "sti": 15,
          "dti": 101,
          "sco": 88,
          "dco": 663,
          "txt": "auch"
        },
        {
          "si": 5,
          "sti": 16,
          "dti": 102,
          "sco": 93,
          "dco": 668,
          "txt": "Tunesien"
        },
        {
          "si": 5,
          "sti": 17,
          "dti": 103,
          "sco": 102,
          "dco": 677,
          "txt": "noch"
        },
        {
          "si": 5,
          "sti": 18,
          "dti": 104,
          "sco": 107,
          "dco": 682,
          "txt": "im"
        },
        {
          "si": 5,
          "sti": 19,
          "dti": 105,
          "sco": 110,
          "dco": 685,
          "txt": "Auge"
        },
        {
          "si": 5,
          "sti": 20,
          "dti": 106,
          "sco": 115,
          "dco": 690,
          "txt": "behalten"
        },
        {
          "si": 5,
          "sti": 21,
          "dti": 107,
          "sco": 123,
          "dco": 698,
          "txt": "."
        },
        {
          "si": 6,
          "sti": 0,
          "dti": 108,
          "sco": 0,
          "dco": 700,
          "txt": "Die"
        },
        {
          "si": 6,
          "sti": 1,
          "dti": 109,
          "sco": 4,
          "dco": 704,
          "txt": "Mannschaft"
        },
        {
          "si": 6,
          "sti": 2,
          "dti": 110,
          "sco": 15,
          "dco": 715,
          "txt": "rangiert"
        },
        {
          "si": 6,
          "sti": 3,
          "dti": 111,
          "sco": 24,
          "dco": 724,
          "txt": "derzeit"
        },
        {
          "si": 6,
          "sti": 4,
          "dti": 112,
          "sco": 32,
          "dco": 732,
          "txt": "mit"
        },
        {
          "si": 6,
          "sti": 5,
          "dti": 113,
          "sco": 36,
          "dco": 736,
          "txt": "vier"
        },
        {
          "si": 6,
          "sti": 6,
          "dti": 114,
          "sco": 41,
          "dco": 741,
          "txt": "Punkten"
        },
        {
          "si": 6,
          "sti": 7,
          "dti": 115,
          "sco": 49,
          "dco": 749,
          "txt": "Rueckstand"
        },
        {
          "si": 6,
          "sti": 8,
          "dti": 116,
          "sco": 60,
          "dco": 760,
          "txt": "auf"
        },
        {
          "si": 6,
          "sti": 9,
          "dti": 117,
          "sco": 64,
          "dco": 764,
          "txt": "Platz"
        },
        {
          "si": 6,
          "sti": 10,
          "dti": 118,
          "sco": 70,
          "dco": 770,
          "txt": "3"
        },
        {
          "si": 6,
          "sti": 11,
          "dti": 119,
          "sco": 71,
          "dco": 771,
          "txt": "."
        },
        {
          "si": 7,
          "sti": 0,
          "dti": 120,
          "sco": 0,
          "dco": 773,
          "txt": "Das"
        },
        {
          "si": 7,
          "sti": 1,
          "dti": 121,
          "sco": 4,
          "dco": 777,
          "txt": "Mittwochsspiel"
        },
        {
          "si": 7,
          "sti": 2,
          "dti": 122,
          "sco": 19,
          "dco": 792,
          "txt": "gegen"
        },
        {
          "si": 7,
          "sti": 3,
          "dti": 123,
          "sco": 25,
          "dco": 798,
          "txt": "Kenia"
        },
        {
          "si": 7,
          "sti": 4,
          "dti": 124,
          "sco": 31,
          "dco": 804,
          "txt": "sollte"
        },
        {
          "si": 7,
          "sti": 5,
          "dti": 125,
          "sco": 38,
          "dco": 811,
          "txt": "eigentlich"
        },
        {
          "si": 7,
          "sti": 6,
          "dti": 126,
          "sco": 49,
          "dco": 822,
          "txt": "schon"
        },
        {
          "si": 7,
          "sti": 7,
          "dti": 127,
          "sco": 55,
          "dco": 828,
          "txt": "letztes"
        },
        {
          "si": 7,
          "sti": 8,
          "dti": 128,
          "sco": 63,
          "dco": 836,
          "txt": "Jahr"
        },
        {
          "si": 7,
          "sti": 9,
          "dti": 129,
          "sco": 68,
          "dco": 841,
          "txt": "ausgetragen"
        },
        {
          "si": 7,
          "sti": 10,
          "dti": 130,
          "sco": 80,
          "dco": 853,
          "txt": "werden"
        },
        {
          "si": 7,
          "sti": 11,
          "dti": 131,
          "sco": 86,
          "dco": 859,
          "txt": ","
        },
        {
          "si": 7,
          "sti": 12,
          "dti": 132,
          "sco": 88,
          "dco": 861,
          "txt": "wurde"
        },
        {
          "si": 7,
          "sti": 13,
          "dti": 133,
          "sco": 94,
          "dco": 867,
          "txt": "dann"
        },
        {
          "si": 7,
          "sti": 14,
          "dti": 134,
          "sco": 99,
          "dco": 872,
          "txt": "jedoch"
        },
        {
          "si": 7,
          "sti": 15,
          "dti": 135,
          "sco": 106,
          "dco": 879,
          "txt": "verschoben"
        },
        {
          "si": 7,
          "sti": 16,
          "dti": 136,
          "sco": 117,
          "dco": 890,
          "txt": "und"
        },
        {
          "si": 7,
          "sti": 17,
          "dti": 137,
          "sco": 121,
          "dco": 894,
          "txt": "geriet"
        },
        {
          "si": 7,
          "sti": 18,
          "dti": 138,
          "sco": 128,
          "dco": 901,
          "txt": "zum"
        },
        {
          "si": 7,
          "sti": 19,
          "dti": 139,
          "sco": 132,
          "dco": 905,
          "txt": "wahren"
        },
        {
          "si": 7,
          "sti": 20,
          "dti": 140,
          "sco": 139,
          "dco": 912,
          "txt": "Triumphzug"
        },
        {
          "si": 7,
          "sti": 21,
          "dti": 141,
          "sco": 150,
          "dco": 923,
          "txt": "fuer"
        },
        {
          "si": 7,
          "sti": 22,
          "dti": 142,
          "sco": 155,
          "dco": 928,
          "txt": "das"
        },
        {
          "si": 7,
          "sti": 23,
          "dti": 143,
          "sco": 159,
          "dco": 932,
          "txt": "Team"
        },
        {
          "si": 7,
          "sti": 24,
          "dti": 144,
          "sco": 164,
          "dco": 937,
          "txt": "von"
        },
        {
          "si": 7,
          "sti": 25,
          "dti": 145,
          "sco": 168,
          "dco": 941,
          "txt": "Badou"
        },
        {
          "si": 7,
          "sti": 26,
          "dti": 146,
          "sco": 174,
          "dco": 947,
          "txt": "Ezaki"
        },
        {
          "si": 7,
          "sti": 27,
          "dti": 147,
          "sco": 179,
          "dco": 952,
          "txt": "."
        },
        {
          "si": 8,
          "sti": 0,
          "dti": 148,
          "sco": 0,
          "dco": 954,
          "txt": "Die"
        },
        {
          "si": 8,
          "sti": 1,
          "dti": 149,
          "sco": 4,
          "dco": 958,
          "txt": "Marokkaner"
        },
        {
          "si": 8,
          "sti": 2,
          "dti": 150,
          "sco": 15,
          "dco": 969,
          "txt": "hatten"
        },
        {
          "si": 8,
          "sti": 3,
          "dti": 151,
          "sco": 22,
          "dco": 976,
          "txt": "das"
        },
        {
          "si": 8,
          "sti": 4,
          "dti": 152,
          "sco": 26,
          "dco": 980,
          "txt": "Heft"
        },
        {
          "si": 8,
          "sti": 5,
          "dti": 153,
          "sco": 31,
          "dco": 985,
          "txt": "im"
        },
        {
          "si": 8,
          "sti": 6,
          "dti": 154,
          "sco": 34,
          "dco": 988,
          "txt": "Prinz"
        },
        {
          "si": 8,
          "sti": 7,
          "dti": 155,
          "sco": 39,
          "dco": 993,
          "txt": "-"
        },
        {
          "si": 8,
          "sti": 8,
          "dti": 156,
          "sco": 40,
          "dco": 994,
          "txt": "Moulay"
        },
        {
          "si": 8,
          "sti": 9,
          "dti": 157,
          "sco": 46,
          "dco": 1000,
          "txt": "-"
        },
        {
          "si": 8,
          "sti": 10,
          "dti": 158,
          "sco": 47,
          "dco": 1001,
          "txt": "Sportkomplex"
        },
        {
          "si": 8,
          "sti": 11,
          "dti": 159,
          "sco": 60,
          "dco": 1014,
          "txt": "von"
        },
        {
          "si": 8,
          "sti": 12,
          "dti": 160,
          "sco": 64,
          "dco": 1018,
          "txt": "Rabat"
        },
        {
          "si": 8,
          "sti": 13,
          "dti": 161,
          "sco": 70,
          "dco": 1024,
          "txt": "von"
        },
        {
          "si": 8,
          "sti": 14,
          "dti": 162,
          "sco": 74,
          "dco": 1028,
          "txt": "Anfang"
        },
        {
          "si": 8,
          "sti": 15,
          "dti": 163,
          "sco": 81,
          "dco": 1035,
          "txt": "an"
        },
        {
          "si": 8,
          "sti": 16,
          "dti": 164,
          "sco": 84,
          "dco": 1038,
          "txt": "fest"
        },
        {
          "si": 8,
          "sti": 17,
          "dti": 165,
          "sco": 89,
          "dco": 1043,
          "txt": "in"
        },
        {
          "si": 8,
          "sti": 18,
          "dti": 166,
          "sco": 92,
          "dco": 1046,
          "txt": "der"
        },
        {
          "si": 8,
          "sti": 19,
          "dti": 167,
          "sco": 96,
          "dco": 1050,
          "txt": "Hand"
        },
        {
          "si": 8,
          "sti": 20,
          "dti": 168,
          "sco": 100,
          "dco": 1054,
          "txt": "."
        },
        {
          "si": 9,
          "sti": 0,
          "dti": 169,
          "sco": 0,
          "dco": 1056,
          "txt": "Sie"
        },
        {
          "si": 9,
          "sti": 1,
          "dti": 170,
          "sco": 4,
          "dco": 1060,
          "txt": "setzten"
        },
        {
          "si": 9,
          "sti": 2,
          "dti": 171,
          "sco": 12,
          "dco": 1068,
          "txt": "alles"
        },
        {
          "si": 9,
          "sti": 3,
          "dti": 172,
          "sco": 18,
          "dco": 1074,
          "txt": "daran"
        },
        {
          "si": 9,
          "sti": 4,
          "dti": 173,
          "sco": 23,
          "dco": 1079,
          "txt": ","
        },
        {
          "si": 9,
          "sti": 5,
          "dti": 174,
          "sco": 25,
          "dco": 1081,
          "txt": "die"
        },
        {
          "si": 9,
          "sti": 6,
          "dti": 175,
          "sco": 29,
          "dco": 1085,
          "txt": "Serie"
        },
        {
          "si": 9,
          "sti": 7,
          "dti": 176,
          "sco": 35,
          "dco": 1091,
          "txt": "von"
        },
        {
          "si": 9,
          "sti": 8,
          "dti": 177,
          "sco": 39,
          "dco": 1095,
          "txt": "drei"
        },
        {
          "si": 9,
          "sti": 9,
          "dti": 178,
          "sco": 44,
          "dco": 1100,
          "txt": "enttaeuschenden"
        },
        {
          "si": 9,
          "sti": 10,
          "dti": 179,
          "sco": 60,
          "dco": 1116,
          "txt": "Unentschieden"
        },
        {
          "si": 9,
          "sti": 11,
          "dti": 180,
          "sco": 74,
          "dco": 1130,
          "txt": "in"
        },
        {
          "si": 9,
          "sti": 12,
          "dti": 181,
          "sco": 77,
          "dco": 1133,
          "txt": "den"
        },
        {
          "si": 9,
          "sti": 13,
          "dti": 182,
          "sco": 81,
          "dco": 1137,
          "txt": "letzten"
        },
        {
          "si": 9,
          "sti": 14,
          "dti": 183,
          "sco": 89,
          "dco": 1145,
          "txt": "Gruppenspielen"
        },
        {
          "si": 9,
          "sti": 15,
          "dti": 184,
          "sco": 104,
          "dco": 1160,
          "txt": "endlich"
        },
        {
          "si": 9,
          "sti": 16,
          "dti": 185,
          "sco": 112,
          "dco": 1168,
          "txt": "zu"
        },
        {
          "si": 9,
          "sti": 17,
          "dti": 186,
          "sco": 115,
          "dco": 1171,
          "txt": "beenden"
        },
        {
          "si": 9,
          "sti": 18,
          "dti": 187,
          "sco": 122,
          "dco": 1178,
          "txt": "."
        },
        {
          "si": 10,
          "sti": 0,
          "dti": 188,
          "sco": 0,
          "dco": 1180,
          "txt": "Der"
        },
        {
          "si": 10,
          "sti": 1,
          "dti": 189,
          "sco": 4,
          "dco": 1184,
          "txt": "in"
        },
        {
          "si": 10,
          "sti": 2,
          "dti": 190,
          "sco": 7,
          "dco": 1187,
          "txt": "Frankreich"
        },
        {
          "si": 10,
          "sti": 3,
          "dti": 191,
          "sco": 18,
          "dco": 1198,
          "txt": "unter"
        },
        {
          "si": 10,
          "sti": 4,
          "dti": 192,
          "sco": 24,
          "dco": 1204,
          "txt": "Vertrag"
        },
        {
          "si": 10,
          "sti": 5,
          "dti": 193,
          "sco": 32,
          "dco": 1212,
          "txt": "stehende"
        },
        {
          "si": 10,
          "sti": 6,
          "dti": 194,
          "sco": 41,
          "dco": 1221,
          "txt": "Mittelstuermer"
        },
        {
          "si": 10,
          "sti": 7,
          "dti": 195,
          "sco": 56,
          "dco": 1236,
          "txt": "erzielte"
        },
        {
          "si": 10,
          "sti": 8,
          "dti": 196,
          "sco": 65,
          "dco": 1245,
          "txt": "die"
        },
        {
          "si": 10,
          "sti": 9,
          "dti": 197,
          "sco": 69,
          "dco": 1249,
          "txt": "ersten"
        },
        {
          "si": 10,
          "sti": 10,
          "dti": 198,
          "sco": 76,
          "dco": 1256,
          "txt": "beiden"
        },
        {
          "si": 10,
          "sti": 11,
          "dti": 199,
          "sco": 83,
          "dco": 1263,
          "txt": "Tore"
        },
        {
          "si": 10,
          "sti": 12,
          "dti": 200,
          "sco": 87,
          "dco": 1267,
          "txt": "."
        },
        {
          "si": 11,
          "sti": 0,
          "dti": 201,
          "sco": 0,
          "dco": 1269,
          "txt": "Er"
        },
        {
          "si": 11,
          "sti": 1,
          "dti": 202,
          "sco": 3,
          "dco": 1272,
          "txt": "eroeffnete"
        },
        {
          "si": 11,
          "sti": 2,
          "dti": 203,
          "sco": 14,
          "dco": 1283,
          "txt": "den"
        },
        {
          "si": 11,
          "sti": 3,
          "dti": 204,
          "sco": 18,
          "dco": 1287,
          "txt": "Torreigen"
        },
        {
          "si": 11,
          "sti": 4,
          "dti": 205,
          "sco": 28,
          "dco": 1297,
          "txt": "in"
        },
        {
          "si": 11,
          "sti": 5,
          "dti": 206,
          "sco": 31,
          "dco": 1300,
          "txt": "der"
        },
        {
          "si": 11,
          "sti": 6,
          "dti": 207,
          "sco": 35,
          "dco": 1304,
          "txt": "zwoelften"
        },
        {
          "si": 11,
          "sti": 7,
          "dti": 208,
          "sco": 45,
          "dco": 1314,
          "txt": "Spielminute"
        },
        {
          "si": 11,
          "sti": 8,
          "dti": 209,
          "sco": 57,
          "dco": 1326,
          "txt": "und"
        },
        {
          "si": 11,
          "sti": 9,
          "dti": 210,
          "sco": 61,
          "dco": 1330,
          "txt": "baute"
        },
        {
          "si": 11,
          "sti": 10,
          "dti": 211,
          "sco": 67,
          "dco": 1336,
          "txt": "die"
        },
        {
          "si": 11,
          "sti": 11,
          "dti": 212,
          "sco": 71,
          "dco": 1340,
          "txt": "Fuehrung"
        },
        {
          "si": 11,
          "sti": 12,
          "dti": 213,
          "sco": 80,
          "dco": 1349,
          "txt": "sechs"
        },
        {
          "si": 11,
          "sti": 13,
          "dti": 214,
          "sco": 86,
          "dco": 1355,
          "txt": "Minuten"
        },
        {
          "si": 11,
          "sti": 14,
          "dti": 215,
          "sco": 94,
          "dco": 1363,
          "txt": "vor"
        },
        {
          "si": 11,
          "sti": 15,
          "dti": 216,
          "sco": 98,
          "dco": 1367,
          "txt": "der"
        },
        {
          "si": 11,
          "sti": 16,
          "dti": 217,
          "sco": 102,
          "dco": 1371,
          "txt": "Halbzeitpause"
        },
        {
          "si": 11,
          "sti": 17,
          "dti": 218,
          "sco": 116,
          "dco": 1385,
          "txt": "auf"
        },
        {
          "si": 11,
          "sti": 18,
          "dti": 219,
          "sco": 120,
          "dco": 1389,
          "txt": "2"
        },
        {
          "si": 11,
          "sti": 19,
          "dti": 220,
          "sco": 121,
          "dco": 1390,
          "txt": ":"
        },
        {
          "si": 11,
          "sti": 20,
          "dti": 221,
          "sco": 122,
          "dco": 1391,
          "txt": "0"
        },
        {
          "si": 11,
          "sti": 21,
          "dti": 222,
          "sco": 124,
          "dco": 1393,
          "txt": "aus"
        },
        {
          "si": 11,
          "sti": 22,
          "dti": 223,
          "sco": 127,
          "dco": 1396,
          "txt": "."
        },
        {
          "si": 12,
          "sti": 0,
          "dti": 224,
          "sco": 0,
          "dco": 1398,
          "txt": "Die"
        },
        {
          "si": 12,
          "sti": 1,
          "dti": 225,
          "sco": 4,
          "dco": 1402,
          "txt": "Marokkaner"
        },
        {
          "si": 12,
          "sti": 2,
          "dti": 226,
          "sco": 15,
          "dco": 1413,
          "txt": "traten"
        },
        {
          "si": 12,
          "sti": 3,
          "dti": 227,
          "sco": 22,
          "dco": 1420,
          "txt": "gegen"
        },
        {
          "si": 12,
          "sti": 4,
          "dti": 228,
          "sco": 28,
          "dco": 1426,
          "txt": "eine"
        },
        {
          "si": 12,
          "sti": 5,
          "dti": 229,
          "sco": 33,
          "dco": 1431,
          "txt": "kenianische"
        },
        {
          "si": 12,
          "sti": 6,
          "dti": 230,
          "sco": 45,
          "dco": 1443,
          "txt": "Mannschaft"
        },
        {
          "si": 12,
          "sti": 7,
          "dti": 231,
          "sco": 56,
          "dco": 1454,
          "txt": "an"
        },
        {
          "si": 12,
          "sti": 8,
          "dti": 232,
          "sco": 58,
          "dco": 1456,
          "txt": ","
        },
        {
          "si": 12,
          "sti": 9,
          "dti": 233,
          "sco": 60,
          "dco": 1458,
          "txt": "die"
        },
        {
          "si": 12,
          "sti": 10,
          "dti": 234,
          "sco": 64,
          "dco": 1462,
          "txt": "auf"
        },
        {
          "si": 12,
          "sti": 11,
          "dti": 235,
          "sco": 68,
          "dco": 1466,
          "txt": "den"
        },
        {
          "si": 12,
          "sti": 12,
          "dti": 236,
          "sco": 72,
          "dco": 1470,
          "txt": "Einsatz"
        },
        {
          "si": 12,
          "sti": 13,
          "dti": 237,
          "sco": 80,
          "dco": 1478,
          "txt": "diverser"
        },
        {
          "si": 12,
          "sti": 14,
          "dti": 238,
          "sco": 89,
          "dco": 1487,
          "txt": "im"
        },
        {
          "si": 12,
          "sti": 15,
          "dti": 239,
          "sco": 92,
          "dco": 1490,
          "txt": "Ausland"
        },
        {
          "si": 12,
          "sti": 16,
          "dti": 240,
          "sco": 100,
          "dco": 1498,
          "txt": "taetiger"
        },
        {
          "si": 12,
          "sti": 17,
          "dti": 241,
          "sco": 109,
          "dco": 1507,
          "txt": "Spieler"
        },
        {
          "si": 12,
          "sti": 18,
          "dti": 242,
          "sco": 117,
          "dco": 1515,
          "txt": "verzichtete"
        },
        {
          "si": 12,
          "sti": 19,
          "dti": 243,
          "sco": 128,
          "dco": 1526,
          "txt": "."
        },
        {
          "si": 13,
          "sti": 0,
          "dti": 244,
          "sco": 0,
          "dco": 1528,
          "txt": "Die"
        },
        {
          "si": 13,
          "sti": 1,
          "dti": 245,
          "sco": 4,
          "dco": 1532,
          "txt": "Frankreich"
        },
        {
          "si": 13,
          "sti": 2,
          "dti": 246,
          "sco": 14,
          "dco": 1542,
          "txt": "-"
        },
        {
          "si": 13,
          "sti": 3,
          "dti": 247,
          "sco": 15,
          "dco": 1543,
          "txt": "Legionaere"
        },
        {
          "si": 13,
          "sti": 4,
          "dti": 248,
          "sco": 26,
          "dco": 1554,
          "txt": "in"
        },
        {
          "si": 13,
          "sti": 5,
          "dti": 249,
          "sco": 29,
          "dco": 1557,
          "txt": "den"
        },
        {
          "si": 13,
          "sti": 6,
          "dti": 250,
          "sco": 33,
          "dco": 1561,
          "txt": "Reihen"
        },
        {
          "si": 13,
          "sti": 7,
          "dti": 251,
          "sco": 40,
          "dco": 1568,
          "txt": "der"
        },
        {
          "si": 13,
          "sti": 8,
          "dti": 252,
          "sco": 44,
          "dco": 1572,
          "txt": "Marokkaner"
        },
        {
          "si": 13,
          "sti": 9,
          "dti": 253,
          "sco": 55,
          "dco": 1583,
          "txt": "sorgten"
        },
        {
          "si": 13,
          "sti": 10,
          "dti": 254,
          "sco": 63,
          "dco": 1591,
          "txt": "auch"
        },
        {
          "si": 13,
          "sti": 11,
          "dti": 255,
          "sco": 68,
          "dco": 1596,
          "txt": "in"
        },
        {
          "si": 13,
          "sti": 12,
          "dti": 256,
          "sco": 71,
          "dco": 1599,
          "txt": "der"
        },
        {
          "si": 13,
          "sti": 13,
          "dti": 257,
          "sco": 75,
          "dco": 1603,
          "txt": "zweiten"
        },
        {
          "si": 13,
          "sti": 14,
          "dti": 258,
          "sco": 83,
          "dco": 1611,
          "txt": "Spielhaelfte"
        },
        {
          "si": 13,
          "sti": 15,
          "dti": 259,
          "sco": 96,
          "dco": 1624,
          "txt": "fuer"
        },
        {
          "si": 13,
          "sti": 16,
          "dti": 260,
          "sco": 101,
          "dco": 1629,
          "txt": "Tore"
        },
        {
          "si": 13,
          "sti": 17,
          "dti": 261,
          "sco": 105,
          "dco": 1633,
          "txt": "."
        },
        {
          "si": 14,
          "sti": 0,
          "dti": 262,
          "sco": 0,
          "dco": 1635,
          "txt": "Den"
        },
        {
          "si": 14,
          "sti": 1,
          "dti": 263,
          "sco": 4,
          "dco": 1639,
          "txt": "Anfang"
        },
        {
          "si": 14,
          "sti": 2,
          "dti": 264,
          "sco": 11,
          "dco": 1646,
          "txt": "machte"
        },
        {
          "si": 14,
          "sti": 3,
          "dti": 265,
          "sco": 18,
          "dco": 1653,
          "txt": "Mounir"
        },
        {
          "si": 14,
          "sti": 4,
          "dti": 266,
          "sco": 25,
          "dco": 1660,
          "txt": "Diane"
        },
        {
          "si": 14,
          "sti": 5,
          "dti": 267,
          "sco": 31,
          "dco": 1666,
          "txt": "vom"
        },
        {
          "si": 14,
          "sti": 6,
          "dti": 268,
          "sco": 35,
          "dco": 1670,
          "txt": "RC"
        },
        {
          "si": 14,
          "sti": 7,
          "dti": 269,
          "sco": 38,
          "dco": 1673,
          "txt": "Lens"
        },
        {
          "si": 14,
          "sti": 8,
          "dti": 270,
          "sco": 42,
          "dco": 1677,
          "txt": ","
        },
        {
          "si": 14,
          "sti": 9,
          "dti": 271,
          "sco": 44,
          "dco": 1679,
          "txt": "der"
        },
        {
          "si": 14,
          "sti": 10,
          "dti": 272,
          "sco": 48,
          "dco": 1683,
          "txt": "nur"
        },
        {
          "si": 14,
          "sti": 11,
          "dti": 273,
          "sco": 52,
          "dco": 1687,
          "txt": "eine"
        },
        {
          "si": 14,
          "sti": 12,
          "dti": 274,
          "sco": 57,
          "dco": 1692,
          "txt": "Minute"
        },
        {
          "si": 14,
          "sti": 13,
          "dti": 275,
          "sco": 64,
          "dco": 1699,
          "txt": "nach"
        },
        {
          "si": 14,
          "sti": 14,
          "dti": 276,
          "sco": 69,
          "dco": 1704,
          "txt": "dem"
        },
        {
          "si": 14,
          "sti": 15,
          "dti": 277,
          "sco": 73,
          "dco": 1708,
          "txt": "Wiederanpfiff"
        },
        {
          "si": 14,
          "sti": 16,
          "dti": 278,
          "sco": 87,
          "dco": 1722,
          "txt": "das"
        },
        {
          "si": 14,
          "sti": 17,
          "dti": 279,
          "sco": 91,
          "dco": 1726,
          "txt": "3"
        },
        {
          "si": 14,
          "sti": 18,
          "dti": 280,
          "sco": 92,
          "dco": 1727,
          "txt": ":"
        },
        {
          "si": 14,
          "sti": 19,
          "dti": 281,
          "sco": 93,
          "dco": 1728,
          "txt": "0"
        },
        {
          "si": 14,
          "sti": 20,
          "dti": 282,
          "sco": 95,
          "dco": 1730,
          "txt": "erzielte"
        },
        {
          "si": 14,
          "sti": 21,
          "dti": 283,
          "sco": 103,
          "dco": 1738,
          "txt": "."
        },
        {
          "si": 15,
          "sti": 0,
          "dti": 284,
          "sco": 0,
          "dco": 1740,
          "txt": "Zu"
        },
        {
          "si": 15,
          "sti": 1,
          "dti": 285,
          "sco": 3,
          "dco": 1743,
          "txt": "diesem"
        },
        {
          "si": 15,
          "sti": 2,
          "dti": 286,
          "sco": 10,
          "dco": 1750,
          "txt": "Zeitpunkt"
        },
        {
          "si": 15,
          "sti": 3,
          "dti": 287,
          "sco": 20,
          "dco": 1760,
          "txt": "waren"
        },
        {
          "si": 15,
          "sti": 4,
          "dti": 288,
          "sco": 26,
          "dco": 1766,
          "txt": "die"
        },
        {
          "si": 15,
          "sti": 5,
          "dti": 289,
          "sco": 30,
          "dco": 1770,
          "txt": "Kenianer"
        },
        {
          "si": 15,
          "sti": 6,
          "dti": 290,
          "sco": 39,
          "dco": 1779,
          "txt": "bereits"
        },
        {
          "si": 15,
          "sti": 7,
          "dti": 291,
          "sco": 47,
          "dco": 1787,
          "txt": "voellig"
        },
        {
          "si": 15,
          "sti": 8,
          "dti": 292,
          "sco": 55,
          "dco": 1795,
          "txt": "demoralisiert"
        },
        {
          "si": 15,
          "sti": 9,
          "dti": 293,
          "sco": 69,
          "dco": 1809,
          "txt": "und"
        },
        {
          "si": 15,
          "sti": 10,
          "dti": 294,
          "sco": 73,
          "dco": 1813,
          "txt": "leisteten"
        },
        {
          "si": 15,
          "sti": 11,
          "dti": 295,
          "sco": 83,
          "dco": 1823,
          "txt": "kaum"
        },
        {
          "si": 15,
          "sti": 12,
          "dti": 296,
          "sco": 88,
          "dco": 1828,
          "txt": "noch"
        },
        {
          "si": 15,
          "sti": 13,
          "dti": 297,
          "sco": 93,
          "dco": 1833,
          "txt": "Widerstand"
        },
        {
          "si": 15,
          "sti": 14,
          "dti": 298,
          "sco": 103,
          "dco": 1843,
          "txt": "."
        },
        {
          "si": 16,
          "sti": 0,
          "dti": 299,
          "sco": 0,
          "dco": 1845,
          "txt": "Marokko"
        },
        {
          "si": 16,
          "sti": 1,
          "dti": 300,
          "sco": 8,
          "dco": 1853,
          "txt": "gab"
        },
        {
          "si": 16,
          "sti": 2,
          "dti": 301,
          "sco": 12,
          "dco": 1857,
          "txt": "sich"
        },
        {
          "si": 16,
          "sti": 3,
          "dti": 302,
          "sco": 17,
          "dco": 1862,
          "txt": "hingegen"
        },
        {
          "si": 16,
          "sti": 4,
          "dti": 303,
          "sco": 26,
          "dco": 1871,
          "txt": "keineswegs"
        },
        {
          "si": 16,
          "sti": 5,
          "dti": 304,
          "sco": 37,
          "dco": 1882,
          "txt": "mit"
        },
        {
          "si": 16,
          "sti": 6,
          "dti": 305,
          "sco": 41,
          "dco": 1886,
          "txt": "dem"
        },
        {
          "si": 16,
          "sti": 7,
          "dti": 306,
          "sco": 45,
          "dco": 1890,
          "txt": "3"
        },
        {
          "si": 16,
          "sti": 8,
          "dti": 307,
          "sco": 46,
          "dco": 1891,
          "txt": ":"
        },
        {
          "si": 16,
          "sti": 9,
          "dti": 308,
          "sco": 47,
          "dco": 1892,
          "txt": "0"
        },
        {
          "si": 16,
          "sti": 10,
          "dti": 309,
          "sco": 49,
          "dco": 1894,
          "txt": "zufrieden"
        },
        {
          "si": 16,
          "sti": 11,
          "dti": 310,
          "sco": 58,
          "dco": 1903,
          "txt": ","
        },
        {
          "si": 16,
          "sti": 12,
          "dti": 311,
          "sco": 60,
          "dco": 1905,
          "txt": "sondern"
        },
        {
          "si": 16,
          "sti": 13,
          "dti": 312,
          "sco": 68,
          "dco": 1913,
          "txt": "ging"
        },
        {
          "si": 16,
          "sti": 14,
          "dti": 313,
          "sco": 73,
          "dco": 1918,
          "txt": "weiter"
        },
        {
          "si": 16,
          "sti": 15,
          "dti": 314,
          "sco": 80,
          "dco": 1925,
          "txt": "auf"
        },
        {
          "si": 16,
          "sti": 16,
          "dti": 315,
          "sco": 84,
          "dco": 1929,
          "txt": "Torejagd"
        },
        {
          "si": 16,
          "sti": 17,
          "dti": 316,
          "sco": 92,
          "dco": 1937,
          "txt": "."
        },
        {
          "si": 17,
          "sti": 0,
          "dti": 317,
          "sco": 0,
          "dco": 1939,
          "txt": "Schliesslich"
        },
        {
          "si": 17,
          "sti": 1,
          "dti": 318,
          "sco": 13,
          "dco": 1952,
          "txt": "kann"
        },
        {
          "si": 17,
          "sti": 2,
          "dti": 319,
          "sco": 18,
          "dco": 1957,
          "txt": "sich"
        },
        {
          "si": 17,
          "sti": 3,
          "dti": 320,
          "sco": 23,
          "dco": 1962,
          "txt": "die"
        },
        {
          "si": 17,
          "sti": 4,
          "dti": 321,
          "sco": 27,
          "dco": 1966,
          "txt": "Tordifferenz"
        },
        {
          "si": 17,
          "sti": 5,
          "dti": 322,
          "sco": 40,
          "dco": 1979,
          "txt": "in"
        },
        {
          "si": 17,
          "sti": 6,
          "dti": 323,
          "sco": 43,
          "dco": 1982,
          "txt": "dieser"
        },
        {
          "si": 17,
          "sti": 7,
          "dti": 324,
          "sco": 50,
          "dco": 1989,
          "txt": "hart"
        },
        {
          "si": 17,
          "sti": 8,
          "dti": 325,
          "sco": 55,
          "dco": 1994,
          "txt": "umkaempften"
        },
        {
          "si": 17,
          "sti": 9,
          "dti": 326,
          "sco": 67,
          "dco": 2006,
          "txt": "Gruppe"
        },
        {
          "si": 17,
          "sti": 10,
          "dti": 327,
          "sco": 74,
          "dco": 2013,
          "txt": "am"
        },
        {
          "si": 17,
          "sti": 11,
          "dti": 328,
          "sco": 77,
          "dco": 2016,
          "txt": "Ende"
        },
        {
          "si": 17,
          "sti": 12,
          "dti": 329,
          "sco": 82,
          "dco": 2021,
          "txt": "der"
        },
        {
          "si": 17,
          "sti": 13,
          "dti": 330,
          "sco": 86,
          "dco": 2025,
          "txt": "Qualifikation"
        },
        {
          "si": 17,
          "sti": 14,
          "dti": 331,
          "sco": 100,
          "dco": 2039,
          "txt": "im"
        },
        {
          "si": 17,
          "sti": 15,
          "dti": 332,
          "sco": 103,
          "dco": 2042,
          "txt": "Oktober"
        },
        {
          "si": 17,
          "sti": 16,
          "dti": 333,
          "sco": 111,
          "dco": 2050,
          "txt": "als"
        },
        {
          "si": 17,
          "sti": 17,
          "dti": 334,
          "sco": 115,
          "dco": 2054,
          "txt": "entscheidend"
        },
        {
          "si": 17,
          "sti": 18,
          "dti": 335,
          "sco": 128,
          "dco": 2067,
          "txt": "erweisen"
        },
        {
          "si": 17,
          "sti": 19,
          "dti": 336,
          "sco": 136,
          "dco": 2075,
          "txt": "."
        },
        {
          "si": 18,
          "sti": 0,
          "dti": 337,
          "sco": 0,
          "dco": 2077,
          "txt": "Youssouf"
        },
        {
          "si": 18,
          "sti": 1,
          "dti": 338,
          "sco": 9,
          "dco": 2086,
          "txt": "Hadji"
        },
        {
          "si": 18,
          "sti": 2,
          "dti": 339,
          "sco": 15,
          "dco": 2092,
          "txt": "vom"
        },
        {
          "si": 18,
          "sti": 3,
          "dti": 340,
          "sco": 19,
          "dco": 2096,
          "txt": "SC"
        },
        {
          "si": 18,
          "sti": 4,
          "dti": 341,
          "sco": 22,
          "dco": 2099,
          "txt": "Bastia"
        },
        {
          "si": 18,
          "sti": 5,
          "dti": 342,
          "sco": 29,
          "dco": 2106,
          "txt": "markierte"
        },
        {
          "si": 18,
          "sti": 6,
          "dti": 343,
          "sco": 39,
          "dco": 2116,
          "txt": "neun"
        },
        {
          "si": 18,
          "sti": 7,
          "dti": 344,
          "sco": 44,
          "dco": 2121,
          "txt": "Minuten"
        },
        {
          "si": 18,
          "sti": 8,
          "dti": 345,
          "sco": 52,
          "dco": 2129,
          "txt": "vor"
        },
        {
          "si": 18,
          "sti": 9,
          "dti": 346,
          "sco": 56,
          "dco": 2133,
          "txt": "dem"
        },
        {
          "si": 18,
          "sti": 10,
          "dti": 347,
          "sco": 60,
          "dco": 2137,
          "txt": "Abpfiff"
        },
        {
          "si": 18,
          "sti": 11,
          "dti": 348,
          "sco": 68,
          "dco": 2145,
          "txt": "den"
        },
        {
          "si": 18,
          "sti": 12,
          "dti": 349,
          "sco": 72,
          "dco": 2149,
          "txt": "vierten"
        },
        {
          "si": 18,
          "sti": 13,
          "dti": 350,
          "sco": 80,
          "dco": 2157,
          "txt": "Treffer"
        },
        {
          "si": 18,
          "sti": 14,
          "dti": 351,
          "sco": 87,
          "dco": 2164,
          "txt": ","
        },
        {
          "si": 18,
          "sti": 15,
          "dti": 352,
          "sco": 89,
          "dco": 2166,
          "txt": "und"
        },
        {
          "si": 18,
          "sti": 16,
          "dti": 353,
          "sco": 93,
          "dco": 2170,
          "txt": "dann"
        },
        {
          "si": 18,
          "sti": 17,
          "dti": 354,
          "sco": 98,
          "dco": 2175,
          "txt": "machte"
        },
        {
          "si": 18,
          "sti": 18,
          "dti": 355,
          "sco": 105,
          "dco": 2182,
          "txt": "der"
        },
        {
          "si": 18,
          "sti": 19,
          "dti": 356,
          "sco": 109,
          "dco": 2186,
          "txt": "bei"
        },
        {
          "si": 18,
          "sti": 20,
          "dti": 357,
          "sco": 113,
          "dco": 2190,
          "txt": "Sochaux"
        },
        {
          "si": 18,
          "sti": 21,
          "dti": 358,
          "sco": 121,
          "dco": 2198,
          "txt": "unter"
        },
        {
          "si": 18,
          "sti": 22,
          "dti": 359,
          "sco": 127,
          "dco": 2204,
          "txt": "Vertrag"
        },
        {
          "si": 18,
          "sti": 23,
          "dti": 360,
          "sco": 135,
          "dco": 2212,
          "txt": "stehende"
        },
        {
          "si": 18,
          "sti": 24,
          "dti": 361,
          "sco": 144,
          "dco": 2221,
          "txt": "Zairi"
        },
        {
          "si": 18,
          "sti": 25,
          "dti": 362,
          "sco": 150,
          "dco": 2227,
          "txt": "in"
        },
        {
          "si": 18,
          "sti": 26,
          "dti": 363,
          "sco": 153,
          "dco": 2230,
          "txt": "letzter"
        },
        {
          "si": 18,
          "sti": 27,
          "dti": 364,
          "sco": 161,
          "dco": 2238,
          "txt": "Minute"
        },
        {
          "si": 18,
          "sti": 28,
          "dti": 365,
          "sco": 168,
          "dco": 2245,
          "txt": "noch"
        },
        {
          "si": 18,
          "sti": 29,
          "dti": 366,
          "sco": 173,
          "dco": 2250,
          "txt": "den"
        },
        {
          "si": 18,
          "sti": 30,
          "dti": 367,
          "sco": 177,
          "dco": 2254,
          "txt": "Hattrick"
        },
        {
          "si": 18,
          "sti": 31,
          "dti": 368,
          "sco": 186,
          "dco": 2263,
          "txt": "perfekt"
        },
        {
          "si": 18,
          "sti": 32,
          "dti": 369,
          "sco": 193,
          "dco": 2270,
          "txt": "."
        },
        {
          "si": 19,
          "sti": 0,
          "dti": 370,
          "sco": 0,
          "dco": 2272,
          "txt": "Er"
        },
        {
          "si": 19,
          "sti": 1,
          "dti": 371,
          "sco": 3,
          "dco": 2275,
          "txt": "erzielte"
        },
        {
          "si": 19,
          "sti": 2,
          "dti": 372,
          "sco": 12,
          "dco": 2284,
          "txt": "das"
        },
        {
          "si": 19,
          "sti": 3,
          "dti": 373,
          "sco": 16,
          "dco": 2288,
          "txt": "5"
        },
        {
          "si": 19,
          "sti": 4,
          "dti": 374,
          "sco": 17,
          "dco": 2289,
          "txt": ":"
        },
        {
          "si": 19,
          "sti": 5,
          "dti": 375,
          "sco": 18,
          "dco": 2290,
          "txt": "0"
        },
        {
          "si": 19,
          "sti": 6,
          "dti": 376,
          "sco": 20,
          "dco": 2292,
          "txt": "in"
        },
        {
          "si": 19,
          "sti": 7,
          "dti": 377,
          "sco": 23,
          "dco": 2295,
          "txt": "der"
        },
        {
          "si": 19,
          "sti": 8,
          "dti": 378,
          "sco": 27,
          "dco": 2299,
          "txt": "89"
        },
        {
          "si": 19,
          "sti": 9,
          "dti": 379,
          "sco": 29,
          "dco": 2301,
          "txt": "."
        },
        {
          "si": 20,
          "sti": 0,
          "dti": 380,
          "sco": 0,
          "dco": 2303,
          "txt": "Spielminute"
        },
        {
          "si": 20,
          "sti": 1,
          "dti": 381,
          "sco": 11,
          "dco": 2314,
          "txt": "."
        },
        {
          "si": 21,
          "sti": 0,
          "dti": 382,
          "sco": 0,
          "dco": 2316,
          "txt": "Zairi"
        },
        {
          "si": 21,
          "sti": 1,
          "dti": 383,
          "sco": 6,
          "dco": 2322,
          "txt": "war"
        },
        {
          "si": 21,
          "sti": 2,
          "dti": 384,
          "sco": 10,
          "dco": 2326,
          "txt": "auch"
        },
        {
          "si": 21,
          "sti": 3,
          "dti": 385,
          "sco": 15,
          "dco": 2331,
          "txt": "an"
        },
        {
          "si": 21,
          "sti": 4,
          "dti": 386,
          "sco": 18,
          "dco": 2334,
          "txt": "der"
        },
        {
          "si": 21,
          "sti": 5,
          "dti": 387,
          "sco": 22,
          "dco": 2338,
          "txt": "Vorbereitung"
        },
        {
          "si": 21,
          "sti": 6,
          "dti": 388,
          "sco": 35,
          "dco": 2351,
          "txt": "der"
        },
        {
          "si": 21,
          "sti": 7,
          "dti": 389,
          "sco": 39,
          "dco": 2355,
          "txt": "beiden"
        },
        {
          "si": 21,
          "sti": 8,
          "dti": 390,
          "sco": 46,
          "dco": 2362,
          "txt": "anderen"
        },
        {
          "si": 21,
          "sti": 9,
          "dti": 391,
          "sco": 54,
          "dco": 2370,
          "txt": "Tore"
        },
        {
          "si": 21,
          "sti": 10,
          "dti": 392,
          "sco": 59,
          "dco": 2375,
          "txt": "beteiligt"
        },
        {
          "si": 21,
          "sti": 11,
          "dti": 393,
          "sco": 68,
          "dco": 2384,
          "txt": "."
        },
        {
          "si": 22,
          "sti": 0,
          "dti": 394,
          "sco": 0,
          "dco": 2386,
          "txt": "Er"
        },
        {
          "si": 22,
          "sti": 1,
          "dti": 395,
          "sco": 3,
          "dco": 2389,
          "txt": "taenzelte"
        },
        {
          "si": 22,
          "sti": 2,
          "dti": 396,
          "sco": 13,
          "dco": 2399,
          "txt": "seine"
        },
        {
          "si": 22,
          "sti": 3,
          "dti": 397,
          "sco": 19,
          "dco": 2405,
          "txt": "Gegenspieler"
        },
        {
          "si": 22,
          "sti": 4,
          "dti": 398,
          "sco": 32,
          "dco": 2418,
          "txt": "aus"
        },
        {
          "si": 22,
          "sti": 5,
          "dti": 399,
          "sco": 36,
          "dco": 2422,
          "txt": "und"
        },
        {
          "si": 22,
          "sti": 6,
          "dti": 400,
          "sco": 40,
          "dco": 2426,
          "txt": "setzte"
        },
        {
          "si": 22,
          "sti": 7,
          "dti": 401,
          "sco": 47,
          "dco": 2433,
          "txt": "sich"
        },
        {
          "si": 22,
          "sti": 8,
          "dti": 402,
          "sco": 52,
          "dco": 2438,
          "txt": "mit"
        },
        {
          "si": 22,
          "sti": 9,
          "dti": 403,
          "sco": 56,
          "dco": 2442,
          "txt": "Beharrlichkeit"
        },
        {
          "si": 22,
          "sti": 10,
          "dti": 404,
          "sco": 71,
          "dco": 2457,
          "txt": "durch"
        },
        {
          "si": 22,
          "sti": 11,
          "dti": 405,
          "sco": 76,
          "dco": 2462,
          "txt": "."
        },
        {
          "si": 23,
          "sti": 0,
          "dti": 406,
          "sco": 0,
          "dco": 2464,
          "txt": "Bei"
        },
        {
          "si": 23,
          "sti": 1,
          "dti": 407,
          "sco": 4,
          "dco": 2468,
          "txt": "seinen"
        },
        {
          "si": 23,
          "sti": 2,
          "dti": 408,
          "sco": 11,
          "dco": 2475,
          "txt": "eigenen"
        },
        {
          "si": 23,
          "sti": 3,
          "dti": 409,
          "sco": 19,
          "dco": 2483,
          "txt": "Treffern"
        },
        {
          "si": 23,
          "sti": 4,
          "dti": 410,
          "sco": 28,
          "dco": 2492,
          "txt": "profitierte"
        },
        {
          "si": 23,
          "sti": 5,
          "dti": 411,
          "sco": 40,
          "dco": 2504,
          "txt": "er"
        },
        {
          "si": 23,
          "sti": 6,
          "dti": 412,
          "sco": 43,
          "dco": 2507,
          "txt": "auch"
        },
        {
          "si": 23,
          "sti": 7,
          "dti": 413,
          "sco": 48,
          "dco": 2512,
          "txt": "teilweise"
        },
        {
          "si": 23,
          "sti": 8,
          "dti": 414,
          "sco": 58,
          "dco": 2522,
          "txt": "vom"
        },
        {
          "si": 23,
          "sti": 9,
          "dti": 415,
          "sco": 62,
          "dco": 2526,
          "txt": "etwas"
        },
        {
          "si": 23,
          "sti": 10,
          "dti": 416,
          "sco": 68,
          "dco": 2532,
          "txt": "ungluecklich"
        },
        {
          "si": 23,
          "sti": 11,
          "dti": 417,
          "sco": 81,
          "dco": 2545,
          "txt": "aussehenden"
        },
        {
          "si": 23,
          "sti": 12,
          "dti": 418,
          "sco": 93,
          "dco": 2557,
          "txt": "gegnerischen"
        },
        {
          "si": 23,
          "sti": 13,
          "dti": 419,
          "sco": 106,
          "dco": 2570,
          "txt": "Torwart"
        },
        {
          "si": 23,
          "sti": 14,
          "dti": 420,
          "sco": 113,
          "dco": 2577,
          "txt": "."
        },
        {
          "si": 24,
          "sti": 0,
          "dti": 421,
          "sco": 0,
          "dco": 2579,
          "txt": "Kenias"
        },
        {
          "si": 24,
          "sti": 1,
          "dti": 422,
          "sco": 7,
          "dco": 2586,
          "txt": "Mannschaftskapitaen"
        },
        {
          "si": 24,
          "sti": 2,
          "dti": 423,
          "sco": 27,
          "dco": 2606,
          "txt": "Musa"
        },
        {
          "si": 24,
          "sti": 3,
          "dti": 424,
          "sco": 32,
          "dco": 2611,
          "txt": "Otieno"
        },
        {
          "si": 24,
          "sti": 4,
          "dti": 425,
          "sco": 39,
          "dco": 2618,
          "txt": "erzielte"
        },
        {
          "si": 24,
          "sti": 5,
          "dti": 426,
          "sco": 48,
          "dco": 2627,
          "txt": "zwar"
        },
        {
          "si": 24,
          "sti": 6,
          "dti": 427,
          "sco": 53,
          "dco": 2632,
          "txt": "kurz"
        },
        {
          "si": 24,
          "sti": 7,
          "dti": 428,
          "sco": 58,
          "dco": 2637,
          "txt": "vor"
        },
        {
          "si": 24,
          "sti": 8,
          "dti": 429,
          "sco": 62,
          "dco": 2641,
          "txt": "dem"
        },
        {
          "si": 24,
          "sti": 9,
          "dti": 430,
          "sco": 66,
          "dco": 2645,
          "txt": "Abpfiff"
        },
        {
          "si": 24,
          "sti": 10,
          "dti": 431,
          "sco": 74,
          "dco": 2653,
          "txt": "noch"
        },
        {
          "si": 24,
          "sti": 11,
          "dti": 432,
          "sco": 79,
          "dco": 2658,
          "txt": "einen"
        },
        {
          "si": 24,
          "sti": 12,
          "dti": 433,
          "sco": 85,
          "dco": 2664,
          "txt": "Ehrentreffer"
        },
        {
          "si": 24,
          "sti": 13,
          "dti": 434,
          "sco": 97,
          "dco": 2676,
          "txt": ","
        },
        {
          "si": 24,
          "sti": 14,
          "dti": 435,
          "sco": 99,
          "dco": 2678,
          "txt": "aber"
        },
        {
          "si": 24,
          "sti": 15,
          "dti": 436,
          "sco": 104,
          "dco": 2683,
          "txt": "alles"
        },
        {
          "si": 24,
          "sti": 16,
          "dti": 437,
          "sco": 110,
          "dco": 2689,
          "txt": "in"
        },
        {
          "si": 24,
          "sti": 17,
          "dti": 438,
          "sco": 113,
          "dco": 2692,
          "txt": "allem"
        },
        {
          "si": 24,
          "sti": 18,
          "dti": 439,
          "sco": 119,
          "dco": 2698,
          "txt": "war"
        },
        {
          "si": 24,
          "sti": 19,
          "dti": 440,
          "sco": 123,
          "dco": 2702,
          "txt": "es"
        },
        {
          "si": 24,
          "sti": 20,
          "dti": 441,
          "sco": 126,
          "dco": 2705,
          "txt": "ein"
        },
        {
          "si": 24,
          "sti": 21,
          "dti": 442,
          "sco": 130,
          "dco": 2709,
          "txt": "enttaeuschender"
        },
        {
          "si": 24,
          "sti": 22,
          "dti": 443,
          "sco": 146,
          "dco": 2725,
          "txt": "Abend"
        },
        {
          "si": 24,
          "sti": 23,
          "dti": 444,
          "sco": 152,
          "dco": 2731,
          "txt": "fuer"
        },
        {
          "si": 24,
          "sti": 24,
          "dti": 445,
          "sco": 157,
          "dco": 2736,
          "txt": "den"
        },
        {
          "si": 24,
          "sti": 25,
          "dti": 446,
          "sco": 161,
          "dco": 2740,
          "txt": "31"
        },
        {
          "si": 24,
          "sti": 26,
          "dti": 447,
          "sco": 163,
          "dco": 2742,
          "txt": "-"
        },
        {
          "si": 24,
          "sti": 27,
          "dti": 448,
          "sco": 164,
          "dco": 2743,
          "txt": "jaehrigen"
        },
        {
          "si": 24,
          "sti": 28,
          "dti": 449,
          "sco": 174,
          "dco": 2753,
          "txt": "hoch"
        },
        {
          "si": 24,
          "sti": 29,
          "dti": 450,
          "sco": 179,
          "dco": 2758,
          "txt": "gewachsenen"
        },
        {
          "si": 24,
          "sti": 30,
          "dti": 451,
          "sco": 191,
          "dco": 2770,
          "txt": "Spieler"
        },
        {
          "si": 24,
          "sti": 31,
          "dti": 452,
          "sco": 198,
          "dco": 2777,
          "txt": "."
        },
        {
          "si": 25,
          "sti": 0,
          "dti": 453,
          "sco": 0,
          "dco": 2779,
          "txt": "Er"
        },
        {
          "si": 25,
          "sti": 1,
          "dti": 454,
          "sco": 3,
          "dco": 2782,
          "txt": "hatte"
        },
        {
          "si": 25,
          "sti": 2,
          "dti": 455,
          "sco": 9,
          "dco": 2788,
          "txt": "bereits"
        },
        {
          "si": 25,
          "sti": 3,
          "dti": 456,
          "sco": 17,
          "dco": 2796,
          "txt": "angekuendigt"
        },
        {
          "si": 25,
          "sti": 4,
          "dti": 457,
          "sco": 29,
          "dco": 2808,
          "txt": ","
        },
        {
          "si": 25,
          "sti": 5,
          "dti": 458,
          "sco": 31,
          "dco": 2810,
          "txt": "dass"
        },
        {
          "si": 25,
          "sti": 6,
          "dti": 459,
          "sco": 36,
          "dco": 2815,
          "txt": "er"
        },
        {
          "si": 25,
          "sti": 7,
          "dti": 460,
          "sco": 39,
          "dco": 2818,
          "txt": "sich"
        },
        {
          "si": 25,
          "sti": 8,
          "dti": 461,
          "sco": 44,
          "dco": 2823,
          "txt": "nach"
        },
        {
          "si": 25,
          "sti": 9,
          "dti": 462,
          "sco": 49,
          "dco": 2828,
          "txt": "Abschluss"
        },
        {
          "si": 25,
          "sti": 10,
          "dti": 463,
          "sco": 59,
          "dco": 2838,
          "txt": "der"
        },
        {
          "si": 25,
          "sti": 11,
          "dti": 464,
          "sco": 63,
          "dco": 2842,
          "txt": "Qualifikation"
        },
        {
          "si": 25,
          "sti": 12,
          "dti": 465,
          "sco": 77,
          "dco": 2856,
          "txt": "aus"
        },
        {
          "si": 25,
          "sti": 13,
          "dti": 466,
          "sco": 81,
          "dco": 2860,
          "txt": "dem"
        },
        {
          "si": 25,
          "sti": 14,
          "dti": 467,
          "sco": 85,
          "dco": 2864,
          "txt": "internationalen"
        },
        {
          "si": 25,
          "sti": 15,
          "dti": 468,
          "sco": 101,
          "dco": 2880,
          "txt": "Fussball"
        },
        {
          "si": 25,
          "sti": 16,
          "dti": 469,
          "sco": 110,
          "dco": 2889,
          "txt": "zurueckziehen"
        },
        {
          "si": 25,
          "sti": 17,
          "dti": 470,
          "sco": 124,
          "dco": 2903,
          "txt": "will"
        },
        {
          "si": 25,
          "sti": 18,
          "dti": 471,
          "sco": 128,
          "dco": 2907,
          "txt": "."
        },
        {
          "si": 26,
          "sti": 0,
          "dti": 472,
          "sco": 0,
          "dco": 2909,
          "txt": "Marokko"
        },
        {
          "si": 26,
          "sti": 1,
          "dti": 473,
          "sco": 8,
          "dco": 2917,
          "txt": "gewann"
        },
        {
          "si": 26,
          "sti": 2,
          "dti": 474,
          "sco": 15,
          "dco": 2924,
          "txt": "damit"
        },
        {
          "si": 26,
          "sti": 3,
          "dti": 475,
          "sco": 21,
          "dco": 2930,
          "txt": "bereits"
        },
        {
          "si": 26,
          "sti": 4,
          "dti": 476,
          "sco": 29,
          "dco": 2938,
          "txt": "das"
        },
        {
          "si": 26,
          "sti": 5,
          "dti": 477,
          "sco": 33,
          "dco": 2942,
          "txt": "zweite"
        },
        {
          "si": 26,
          "sti": 6,
          "dti": 478,
          "sco": 40,
          "dco": 2949,
          "txt": "Spiel"
        },
        {
          "si": 26,
          "sti": 7,
          "dti": 479,
          "sco": 46,
          "dco": 2955,
          "txt": "in"
        },
        {
          "si": 26,
          "sti": 8,
          "dti": 480,
          "sco": 49,
          "dco": 2958,
          "txt": "Folge"
        },
        {
          "si": 26,
          "sti": 9,
          "dti": 481,
          "sco": 55,
          "dco": 2964,
          "txt": "mit"
        },
        {
          "si": 26,
          "sti": 10,
          "dti": 482,
          "sco": 59,
          "dco": 2968,
          "txt": "vier"
        },
        {
          "si": 26,
          "sti": 11,
          "dti": 483,
          "sco": 64,
          "dco": 2973,
          "txt": "Toren"
        },
        {
          "si": 26,
          "sti": 12,
          "dti": 484,
          "sco": 70,
          "dco": 2979,
          "txt": "Unterschied"
        },
        {
          "si": 26,
          "sti": 13,
          "dti": 485,
          "sco": 81,
          "dco": 2990,
          "txt": "."
        },
        {
          "si": 27,
          "sti": 0,
          "dti": 486,
          "sco": 0,
          "dco": 2992,
          "txt": "Die"
        },
        {
          "si": 27,
          "sti": 1,
          "dti": 487,
          "sco": 4,
          "dco": 2996,
          "txt": "Mannschaft"
        },
        {
          "si": 27,
          "sti": 2,
          "dti": 488,
          "sco": 15,
          "dco": 3007,
          "txt": "hatte"
        },
        {
          "si": 27,
          "sti": 3,
          "dti": 489,
          "sco": 21,
          "dco": 3013,
          "txt": "schon"
        },
        {
          "si": 27,
          "sti": 4,
          "dti": 490,
          "sco": 27,
          "dco": 3019,
          "txt": "im"
        },
        {
          "si": 27,
          "sti": 5,
          "dti": 491,
          "sco": 30,
          "dco": 3022,
          "txt": "November"
        },
        {
          "si": 27,
          "sti": 6,
          "dti": 492,
          "sco": 39,
          "dco": 3031,
          "txt": "vergangenen"
        },
        {
          "si": 27,
          "sti": 7,
          "dti": 493,
          "sco": 51,
          "dco": 3043,
          "txt": "Jahres"
        },
        {
          "si": 27,
          "sti": 8,
          "dti": 494,
          "sco": 58,
          "dco": 3050,
          "txt": "das"
        },
        {
          "si": 27,
          "sti": 9,
          "dti": 495,
          "sco": 62,
          "dco": 3054,
          "txt": "Team"
        },
        {
          "si": 27,
          "sti": 10,
          "dti": 496,
          "sco": 67,
          "dco": 3059,
          "txt": "aus"
        },
        {
          "si": 27,
          "sti": 11,
          "dti": 497,
          "sco": 71,
          "dco": 3063,
          "txt": "Burkina"
        },
        {
          "si": 27,
          "sti": 12,
          "dti": 498,
          "sco": 79,
          "dco": 3071,
          "txt": "Faso"
        },
        {
          "si": 27,
          "sti": 13,
          "dti": 499,
          "sco": 84,
          "dco": 3076,
          "txt": "in"
        },
        {
          "si": 27,
          "sti": 14,
          "dti": 500,
          "sco": 87,
          "dco": 3079,
          "txt": "einem"
        },
        {
          "si": 27,
          "sti": 15,
          "dti": 501,
          "sco": 93,
          "dco": 3085,
          "txt": "Freundschaftsspiel"
        },
        {
          "si": 27,
          "sti": 16,
          "dti": 502,
          "sco": 112,
          "dco": 3104,
          "txt": "mit"
        },
        {
          "si": 27,
          "sti": 17,
          "dti": 503,
          "sco": 116,
          "dco": 3108,
          "txt": "4"
        },
        {
          "si": 27,
          "sti": 18,
          "dti": 504,
          "sco": 117,
          "dco": 3109,
          "txt": ":"
        },
        {
          "si": 27,
          "sti": 19,
          "dti": 505,
          "sco": 118,
          "dco": 3110,
          "txt": "0"
        },
        {
          "si": 27,
          "sti": 20,
          "dti": 506,
          "sco": 120,
          "dco": 3112,
          "txt": "geschlagen"
        },
        {
          "si": 27,
          "sti": 21,
          "dti": 507,
          "sco": 130,
          "dco": 3122,
          "txt": "."
        },
        {
          "si": 28,
          "sti": 0,
          "dti": 508,
          "sco": 0,
          "dco": 3124,
          "txt": "Der"
        },
        {
          "si": 28,
          "sti": 1,
          "dti": 509,
          "sco": 4,
          "dco": 3128,
          "txt": "5"
        },
        {
          "si": 28,
          "sti": 2,
          "dti": 510,
          "sco": 5,
          "dco": 3129,
          "txt": ":"
        },
        {
          "si": 28,
          "sti": 3,
          "dti": 511,
          "sco": 6,
          "dco": 3130,
          "txt": "1"
        },
        {
          "si": 28,
          "sti": 4,
          "dti": 512,
          "sco": 7,
          "dco": 3131,
          "txt": "-"
        },
        {
          "si": 28,
          "sti": 5,
          "dti": 513,
          "sco": 8,
          "dco": 3132,
          "txt": "Erfolg"
        },
        {
          "si": 28,
          "sti": 6,
          "dti": 514,
          "sco": 15,
          "dco": 3139,
          "txt": "ist"
        },
        {
          "si": 28,
          "sti": 7,
          "dti": 515,
          "sco": 19,
          "dco": 3143,
          "txt": "jedoch"
        },
        {
          "si": 28,
          "sti": 8,
          "dti": 516,
          "sco": 26,
          "dco": 3150,
          "txt": "das"
        },
        {
          "si": 28,
          "sti": 9,
          "dti": 517,
          "sco": 30,
          "dco": 3154,
          "txt": "beste"
        },
        {
          "si": 28,
          "sti": 10,
          "dti": 518,
          "sco": 36,
          "dco": 3160,
          "txt": "Ergebnis"
        },
        {
          "si": 28,
          "sti": 11,
          "dti": 519,
          "sco": 45,
          "dco": 3169,
          "txt": "der"
        },
        {
          "si": 28,
          "sti": 12,
          "dti": 520,
          "sco": 49,
          "dco": 3173,
          "txt": "Marokkaner"
        },
        {
          "si": 28,
          "sti": 13,
          "dti": 521,
          "sco": 60,
          "dco": 3184,
          "txt": "in"
        },
        {
          "si": 28,
          "sti": 14,
          "dti": 522,
          "sco": 63,
          "dco": 3187,
          "txt": "einem"
        },
        {
          "si": 28,
          "sti": 15,
          "dti": 523,
          "sco": 69,
          "dco": 3193,
          "txt": "WM"
        },
        {
          "si": 28,
          "sti": 16,
          "dti": 524,
          "sco": 71,
          "dco": 3195,
          "txt": "-"
        },
        {
          "si": 28,
          "sti": 17,
          "dti": 525,
          "sco": 72,
          "dco": 3196,
          "txt": "Qualifikationsspiel"
        },
        {
          "si": 28,
          "sti": 18,
          "dti": 526,
          "sco": 92,
          "dco": 3216,
          "txt": "seit"
        },
        {
          "si": 28,
          "sti": 19,
          "dti": 527,
          "sco": 97,
          "dco": 3221,
          "txt": "dem"
        },
        {
          "si": 28,
          "sti": 20,
          "dti": 528,
          "sco": 101,
          "dco": 3225,
          "txt": "5"
        },
        {
          "si": 28,
          "sti": 21,
          "dti": 529,
          "sco": 102,
          "dco": 3226,
          "txt": ":"
        },
        {
          "si": 28,
          "sti": 22,
          "dti": 530,
          "sco": 103,
          "dco": 3227,
          "txt": "0"
        },
        {
          "si": 28,
          "sti": 23,
          "dti": 531,
          "sco": 105,
          "dco": 3229,
          "txt": "gegen"
        },
        {
          "si": 28,
          "sti": 24,
          "dti": 532,
          "sco": 111,
          "dco": 3235,
          "txt": "Aethiopien"
        },
        {
          "si": 28,
          "sti": 25,
          "dti": 533,
          "sco": 122,
          "dco": 3246,
          "txt": "in"
        },
        {
          "si": 28,
          "sti": 26,
          "dti": 534,
          "sco": 125,
          "dco": 3249,
          "txt": "Casablanca"
        },
        {
          "si": 28,
          "sti": 27,
          "dti": 535,
          "sco": 136,
          "dco": 3260,
          "txt": "im"
        },
        {
          "si": 28,
          "sti": 28,
          "dti": 536,
          "sco": 139,
          "dco": 3263,
          "txt": "Vorfeld"
        },
        {
          "si": 28,
          "sti": 29,
          "dti": 537,
          "sco": 147,
          "dco": 3271,
          "txt": "des"
        },
        {
          "si": 28,
          "sti": 30,
          "dti": 538,
          "sco": 151,
          "dco": 3275,
          "txt": "FIFA"
        },
        {
          "si": 28,
          "sti": 31,
          "dti": 539,
          "sco": 156,
          "dco": 3280,
          "txt": "Weltpokal"
        },
        {
          "si": 28,
          "sti": 32,
          "dti": 540,
          "sco": 166,
          "dco": 3290,
          "txt": "USA"
        },
        {
          "si": 28,
          "sti": 33,
          "dti": 541,
          "sco": 170,
          "dco": 3294,
          "txt": "1994"
        },
        {
          "si": 28,
          "sti": 34,
          "dti": 542,
          "sco": 174,
          "dco": 3298,
          "txt": "."
        },
        {
          "si": 29,
          "sti": 0,
          "dti": 543,
          "sco": 0,
          "dco": 3300,
          "txt": "Ezakis"
        },
        {
          "si": 29,
          "sti": 1,
          "dti": 544,
          "sco": 7,
          "dco": 3307,
          "txt": "Team"
        },
        {
          "si": 29,
          "sti": 2,
          "dti": 545,
          "sco": 12,
          "dco": 3312,
          "txt": "ist"
        },
        {
          "si": 29,
          "sti": 3,
          "dti": 546,
          "sco": 16,
          "dco": 3316,
          "txt": "mit"
        },
        {
          "si": 29,
          "sti": 4,
          "dti": 547,
          "sco": 20,
          "dco": 3320,
          "txt": "diesem"
        },
        {
          "si": 29,
          "sti": 5,
          "dti": 548,
          "sco": 27,
          "dco": 3327,
          "txt": "Erfolg"
        },
        {
          "si": 29,
          "sti": 6,
          "dti": 549,
          "sco": 34,
          "dco": 3334,
          "txt": "nun"
        },
        {
          "si": 29,
          "sti": 7,
          "dti": 550,
          "sco": 38,
          "dco": 3338,
          "txt": "seit"
        },
        {
          "si": 29,
          "sti": 8,
          "dti": 551,
          "sco": 43,
          "dco": 3343,
          "txt": "sieben"
        },
        {
          "si": 29,
          "sti": 9,
          "dti": 552,
          "sco": 50,
          "dco": 3350,
          "txt": "Spielen"
        },
        {
          "si": 29,
          "sti": 10,
          "dti": 553,
          "sco": 58,
          "dco": 3358,
          "txt": "ungeschlagen"
        },
        {
          "si": 29,
          "sti": 11,
          "dti": 554,
          "sco": 70,
          "dco": 3370,
          "txt": "."
        },
        {
          "si": 30,
          "sti": 0,
          "dti": 555,
          "sco": 0,
          "dco": 3372,
          "txt": "Die"
        },
        {
          "si": 30,
          "sti": 1,
          "dti": 556,
          "sco": 4,
          "dco": 3376,
          "txt": "letzte"
        },
        {
          "si": 30,
          "sti": 2,
          "dti": 557,
          "sco": 11,
          "dco": 3383,
          "txt": "Niederlage"
        },
        {
          "si": 30,
          "sti": 3,
          "dti": 558,
          "sco": 22,
          "dco": 3394,
          "txt": "musste"
        },
        {
          "si": 30,
          "sti": 4,
          "dti": 559,
          "sco": 29,
          "dco": 3401,
          "txt": "die"
        },
        {
          "si": 30,
          "sti": 5,
          "dti": 560,
          "sco": 33,
          "dco": 3405,
          "txt": "Elf"
        },
        {
          "si": 30,
          "sti": 6,
          "dti": 561,
          "sco": 37,
          "dco": 3409,
          "txt": "im"
        },
        {
          "si": 30,
          "sti": 7,
          "dti": 562,
          "sco": 40,
          "dco": 3412,
          "txt": "letzten"
        },
        {
          "si": 30,
          "sti": 8,
          "dti": 563,
          "sco": 48,
          "dco": 3420,
          "txt": "April"
        },
        {
          "si": 30,
          "sti": 9,
          "dti": 564,
          "sco": 54,
          "dco": 3426,
          "txt": "in"
        },
        {
          "si": 30,
          "sti": 10,
          "dti": 565,
          "sco": 57,
          "dco": 3429,
          "txt": "einem"
        },
        {
          "si": 30,
          "sti": 11,
          "dti": 566,
          "sco": 63,
          "dco": 3435,
          "txt": "Freundschaftsspiel"
        },
        {
          "si": 30,
          "sti": 12,
          "dti": 567,
          "sco": 82,
          "dco": 3454,
          "txt": "gegen"
        },
        {
          "si": 30,
          "sti": 13,
          "dti": 568,
          "sco": 88,
          "dco": 3460,
          "txt": "Argentinien"
        },
        {
          "si": 30,
          "sti": 14,
          "dti": 569,
          "sco": 100,
          "dco": 3472,
          "txt": "hinnehmen"
        },
        {
          "si": 30,
          "sti": 15,
          "dti": 570,
          "sco": 109,
          "dco": 3481,
          "txt": "."
        },
        {
          "si": 31,
          "sti": 0,
          "dti": 571,
          "sco": 0,
          "dco": 3483,
          "txt": "Die"
        },
        {
          "si": 31,
          "sti": 1,
          "dti": 572,
          "sco": 4,
          "dco": 3487,
          "txt": "Kenianer"
        },
        {
          "si": 31,
          "sti": 2,
          "dti": 573,
          "sco": 13,
          "dco": 3496,
          "txt": "haben"
        },
        {
          "si": 31,
          "sti": 3,
          "dti": 574,
          "sco": 19,
          "dco": 3502,
          "txt": "indes"
        },
        {
          "si": 31,
          "sti": 4,
          "dti": 575,
          "sco": 25,
          "dco": 3508,
          "txt": "zwei"
        },
        {
          "si": 31,
          "sti": 5,
          "dti": 576,
          "sco": 30,
          "dco": 3513,
          "txt": "ihrer"
        },
        {
          "si": 31,
          "sti": 6,
          "dti": 577,
          "sco": 36,
          "dco": 3519,
          "txt": "vier"
        },
        {
          "si": 31,
          "sti": 7,
          "dti": 578,
          "sco": 41,
          "dco": 3524,
          "txt": "Spiele"
        },
        {
          "si": 31,
          "sti": 8,
          "dti": 579,
          "sco": 48,
          "dco": 3531,
          "txt": "in"
        },
        {
          "si": 31,
          "sti": 9,
          "dti": 580,
          "sco": 51,
          "dco": 3534,
          "txt": "Gruppe"
        },
        {
          "si": 31,
          "sti": 10,
          "dti": 581,
          "sco": 58,
          "dco": 3541,
          "txt": "5"
        },
        {
          "si": 31,
          "sti": 11,
          "dti": 582,
          "sco": 60,
          "dco": 3543,
          "txt": "verloren"
        },
        {
          "si": 31,
          "sti": 12,
          "dti": 583,
          "sco": 69,
          "dco": 3552,
          "txt": "und"
        },
        {
          "si": 31,
          "sti": 13,
          "dti": 584,
          "sco": 73,
          "dco": 3556,
          "txt": "die"
        },
        {
          "si": 31,
          "sti": 14,
          "dti": 585,
          "sco": 77,
          "dco": 3560,
          "txt": "anderen"
        },
        {
          "si": 31,
          "sti": 15,
          "dti": 586,
          "sco": 85,
          "dco": 3568,
          "txt": "beiden"
        },
        {
          "si": 31,
          "sti": 16,
          "dti": 587,
          "sco": 92,
          "dco": 3575,
          "txt": "gewonnen"
        },
        {
          "si": 31,
          "sti": 17,
          "dti": 588,
          "sco": 100,
          "dco": 3583,
          "txt": "."
        }
      ]
    },
    "ganns": {
      "dla": [],
      "la": [],
      "ea": [],
      "eta": [
        {
          "ra": {
            "ea": {
              "etn": "Goal"
            }
          },
          "sfs": [
            [
              {
                "stn": "scoreTeamB"
              },
              {
                "ea": {
                  "etn": "0"
                }
              }
            ],
            [
              {
                "stn": "forTeam"
              },
              {
                "ea": {
                  "etn": "Marokko"
                }
              }
            ],
            [
              {
                "stn": "scoreTeamA"
              },
              {
                "ea": {
                  "etn": "1"
                }
              }
            ],
            [
              {
                "stn": "minute"
              },
              {
                "ea": {
                  "etn": "12"
                }
              }
            ],
            [
              {
                "stn": "scorer"
              },
              {
                "ea": {
                  "etn": "Zairi Jaouad"
                }
              }
            ]
          ],
          "mfs": {}
        },
        {
          "ra": {
            "ea": {
              "etn": "Goal"
            }
          },
          "sfs": [
            [
              {
                "stn": "scoreTeamB"
              },
              {
                "ea": {
                  "etn": "0"
                }
              }
            ],
            [
              {
                "stn": "forTeam"
              },
              {
                "ea": {
                  "etn": "Marokko"
                }
              }
            ],
            [
              {
                "stn": "scoreTeamA"
              },
              {
                "ea": {
                  "etn": "2"
                }
              }
            ],
            [
              {
                "stn": "minute"
              },
              {
                "ea": {
                  "etn": "39"
                }
              }
            ],
            [
              {
                "stn": "scorer"
              },
              {
                "ea": {
                  "etn": "Zairi Jaouad"
                }
              }
            ]
          ],
          "mfs": {}
        },
        {
          "ra": {
            "ea": {
              "etn": "Goal"
            }
          },
          "sfs": [
            [
              {
                "stn": "scoreTeamB"
              },
              {
                "ea": {
                  "etn": "0"
                }
              }
            ],
            [
              {
                "stn": "forTeam"
              },
              {
                "ea": {
                  "etn": "Marokko"
                }
              }
            ],
            [
              {
                "stn": "scoreTeamA"
              },
              {
                "ea": {
                  "etn": "3"
                }
              }
            ],
            [
              {
                "stn": "minute"
              },
              {
                "ea": {
                  "etn": "46"
                }
              }
            ],
            [
              {
                "stn": "scorer"
              },
              {
                "ea": {
                  "etn": "Diane Mounir"
                }
              }
            ]
          ],
          "mfs": {}
        },
        {
          "ra": {
            "ea": {
              "etn": "Goal"
            }
          },
          "sfs": [
            [
              {
                "stn": "scoreTeamB"
              },
              {
                "ea": {
                  "etn": "0"
                }
              }
            ],
            [
              {
                "stn": "forTeam"
              },
              {
                "ea": {
                  "etn": "Marokko"
                }
              }
            ],
            [
              {
                "stn": "scoreTeamA"
              },
              {
                "ea": {
                  "etn": "4"
                }
              }
            ],
            [
              {
                "stn": "minute"
              },
              {
                "ea": {
                  "etn": "81"
                }
              }
            ],
            [
              {
                "stn": "scorer"
              },
              {
                "ea": {
                  "etn": "Hadji Youssef"
                }
              }
            ]
          ],
          "mfs": {}
        },
        {
          "ra": {
            "ea": {
              "etn": "Goal"
            }
          },
          "sfs": [
            [
              {
                "stn": "scoreTeamB"
              },
              {
                "ea": {
                  "etn": "0"
                }
              }
            ],
            [
              {
                "stn": "forTeam"
              },
              {
                "ea": {
                  "etn": "Marokko"
                }
              }
            ],
            [
              {
                "stn": "scoreTeamA"
              },
              {
                "ea": {
                  "etn": "5"
                }
              }
            ],
            [
              {
                "stn": "minute"
              },
              {
                "ea": {
                  "etn": "90"
                }
              }
            ],
            [
              {
                "stn": "scorer"
              },
              {
                "ea": {
                  "etn": "Zairi Jaouad"
                }
              }
            ]
          ],
          "mfs": {}
        },
        {
          "ra": {
            "ea": {
              "etn": "Goal"
            }
          },
          "sfs": [
            [
              {
                "stn": "scoreTeamB"
              },
              {
                "ea": {
                  "etn": "1"
                }
              }
            ],
            [
              {
                "stn": "forTeam"
              },
              {
                "ea": {
                  "etn": "Kenia"
                }
              }
            ],
            [
              {
                "stn": "scoreTeamA"
              },
              {
                "ea": {
                  "etn": "5"
                }
              }
            ],
            [
              {
                "stn": "minute"
              },
              {
                "ea": {
                  "etn": "93"
                }
              }
            ],
            [
              {
                "stn": "scorer"
              },
              {
                "ea": {
                  "etn": "Otieno Musa"
                }
              }
            ]
          ],
          "mfs": {}
        }
      ]
    }
  }
]
