[
  {
    "context": "UNSPECIFIED",
    "doc": {
      "id": "de_mr36463_struct",
      "tl": [
        {
          "si": 0,
          "sti": 0,
          "dti": 0,
          "sco": 0,
          "dco": 0,
          "txt": "Indonesien"
        },
        {
          "si": 0,
          "sti": 1,
          "dti": 1,
          "sco": 11,
          "dco": 11,
          "txt": "holt"
        },
        {
          "si": 0,
          "sti": 2,
          "dti": 2,
          "sco": 16,
          "dco": 16,
          "txt": "ersten"
        },
        {
          "si": 0,
          "sti": 3,
          "dti": 3,
          "sco": 23,
          "dco": 23,
          "txt": "Sieg"
        },
        {
          "si": 0,
          "sti": 4,
          "dti": 4,
          "sco": 28,
          "dco": 28,
          "txt": "in"
        },
        {
          "si": 0,
          "sti": 5,
          "dti": 5,
          "sco": 31,
          "dco": 31,
          "txt": "Weltmeisterschafts"
        },
        {
          "si": 0,
          "sti": 6,
          "dti": 6,
          "sco": 49,
          "dco": 49,
          "txt": "-"
        },
        {
          "si": 0,
          "sti": 7,
          "dti": 7,
          "sco": 50,
          "dco": 50,
          "txt": "Qualifikation"
        },
        {
          "si": 0,
          "sti": 8,
          "dti": 8,
          "sco": 63,
          "dco": 63,
          "txt": "."
        },
        {
          "si": 1,
          "sti": 0,
          "dti": 9,
          "sco": 0,
          "dco": 65,
          "txt": "Mit"
        },
        {
          "si": 1,
          "sti": 1,
          "dti": 10,
          "sco": 4,
          "dco": 69,
          "txt": "einem"
        },
        {
          "si": 1,
          "sti": 2,
          "dti": 11,
          "sco": 10,
          "dco": 75,
          "txt": "1"
        },
        {
          "si": 1,
          "sti": 3,
          "dti": 12,
          "sco": 11,
          "dco": 76,
          "txt": ":"
        },
        {
          "si": 1,
          "sti": 4,
          "dti": 13,
          "sco": 12,
          "dco": 77,
          "txt": "0"
        },
        {
          "si": 1,
          "sti": 5,
          "dti": 14,
          "sco": 13,
          "dco": 78,
          "txt": "-"
        },
        {
          "si": 1,
          "sti": 6,
          "dti": 15,
          "sco": 14,
          "dco": 79,
          "txt": "Sieg"
        },
        {
          "si": 1,
          "sti": 7,
          "dti": 16,
          "sco": 19,
          "dco": 84,
          "txt": "gegen"
        },
        {
          "si": 1,
          "sti": 8,
          "dti": 17,
          "sco": 25,
          "dco": 90,
          "txt": "Sri"
        },
        {
          "si": 1,
          "sti": 9,
          "dti": 18,
          "sco": 29,
          "dco": 94,
          "txt": "Lanka"
        },
        {
          "si": 1,
          "sti": 10,
          "dti": 19,
          "sco": 35,
          "dco": 100,
          "txt": "am"
        },
        {
          "si": 1,
          "sti": 11,
          "dti": 20,
          "sco": 38,
          "dco": 103,
          "txt": "Mittwoch"
        },
        {
          "si": 1,
          "sti": 12,
          "dti": 21,
          "sco": 47,
          "dco": 112,
          "txt": "gelang"
        },
        {
          "si": 1,
          "sti": 13,
          "dti": 22,
          "sco": 54,
          "dco": 119,
          "txt": "Indonesien"
        },
        {
          "si": 1,
          "sti": 14,
          "dti": 23,
          "sco": 65,
          "dco": 130,
          "txt": "der"
        },
        {
          "si": 1,
          "sti": 15,
          "dti": 24,
          "sco": 69,
          "dco": 134,
          "txt": "erste"
        },
        {
          "si": 1,
          "sti": 16,
          "dti": 25,
          "sco": 75,
          "dco": 140,
          "txt": "Sieg"
        },
        {
          "si": 1,
          "sti": 17,
          "dti": 26,
          "sco": 80,
          "dco": 145,
          "txt": "ueberhaupt"
        },
        {
          "si": 1,
          "sti": 18,
          "dti": 27,
          "sco": 91,
          "dco": 156,
          "txt": "in"
        },
        {
          "si": 1,
          "sti": 19,
          "dti": 28,
          "sco": 94,
          "dco": 159,
          "txt": "einem"
        },
        {
          "si": 1,
          "sti": 20,
          "dti": 29,
          "sco": 100,
          "dco": 165,
          "txt": "FIFA"
        },
        {
          "si": 1,
          "sti": 21,
          "dti": 30,
          "sco": 105,
          "dco": 170,
          "txt": "Weltmeisterschafts"
        },
        {
          "si": 1,
          "sti": 22,
          "dti": 31,
          "sco": 123,
          "dco": 188,
          "txt": "-"
        },
        {
          "si": 1,
          "sti": 23,
          "dti": 32,
          "sco": 124,
          "dco": 189,
          "txt": "Qualifikationsturnier"
        },
        {
          "si": 1,
          "sti": 24,
          "dti": 33,
          "sco": 145,
          "dco": 210,
          "txt": "."
        },
        {
          "si": 2,
          "sti": 0,
          "dti": 34,
          "sco": 0,
          "dco": 212,
          "txt": "Das"
        },
        {
          "si": 2,
          "sti": 1,
          "dti": 35,
          "sco": 4,
          "dco": 216,
          "txt": "goldene"
        },
        {
          "si": 2,
          "sti": 2,
          "dti": 36,
          "sco": 12,
          "dco": 224,
          "txt": "Tor"
        },
        {
          "si": 2,
          "sti": 3,
          "dti": 37,
          "sco": 16,
          "dco": 228,
          "txt": "erzielte"
        },
        {
          "si": 2,
          "sti": 4,
          "dti": 38,
          "sco": 25,
          "dco": 237,
          "txt": "Stuermer"
        },
        {
          "si": 2,
          "sti": 5,
          "dti": 39,
          "sco": 34,
          "dco": 246,
          "txt": "Elie"
        },
        {
          "si": 2,
          "sti": 6,
          "dti": 40,
          "sco": 39,
          "dco": 251,
          "txt": "Aiboy"
        },
        {
          "si": 2,
          "sti": 7,
          "dti": 41,
          "sco": 44,
          "dco": 256,
          "txt": ","
        },
        {
          "si": 2,
          "sti": 8,
          "dti": 42,
          "sco": 46,
          "dco": 258,
          "txt": "der"
        },
        {
          "si": 2,
          "sti": 9,
          "dti": 43,
          "sco": 50,
          "dco": 262,
          "txt": "in"
        },
        {
          "si": 2,
          "sti": 10,
          "dti": 44,
          "sco": 53,
          "dco": 265,
          "txt": "der"
        },
        {
          "si": 2,
          "sti": 11,
          "dti": 45,
          "sco": 57,
          "dco": 269,
          "txt": "30"
        },
        {
          "si": 2,
          "sti": 12,
          "dti": 46,
          "sco": 59,
          "dco": 271,
          "txt": "."
        },
        {
          "si": 3,
          "sti": 0,
          "dti": 47,
          "sco": 0,
          "dco": 273,
          "txt": "Minute"
        },
        {
          "si": 3,
          "sti": 1,
          "dti": 48,
          "sco": 7,
          "dco": 280,
          "txt": "Sri"
        },
        {
          "si": 3,
          "sti": 2,
          "dti": 49,
          "sco": 11,
          "dco": 284,
          "txt": "Lankas"
        },
        {
          "si": 3,
          "sti": 3,
          "dti": 50,
          "sco": 18,
          "dco": 291,
          "txt": "Torhueter"
        },
        {
          "si": 3,
          "sti": 4,
          "dti": 51,
          "sco": 28,
          "dco": 301,
          "txt": "Dammika"
        },
        {
          "si": 3,
          "sti": 5,
          "dti": 52,
          "sco": 36,
          "dco": 309,
          "txt": "Thilakaratne"
        },
        {
          "si": 3,
          "sti": 6,
          "dti": 53,
          "sco": 49,
          "dco": 322,
          "txt": "mit"
        },
        {
          "si": 3,
          "sti": 7,
          "dti": 54,
          "sco": 53,
          "dco": 326,
          "txt": "einem"
        },
        {
          "si": 3,
          "sti": 8,
          "dti": 55,
          "sco": 59,
          "dco": 332,
          "txt": "wuchtigen"
        },
        {
          "si": 3,
          "sti": 9,
          "dti": 56,
          "sco": 69,
          "dco": 342,
          "txt": "Kopfball"
        },
        {
          "si": 3,
          "sti": 10,
          "dti": 57,
          "sco": 78,
          "dco": 351,
          "txt": "ueberwand"
        },
        {
          "si": 3,
          "sti": 11,
          "dti": 58,
          "sco": 87,
          "dco": 360,
          "txt": "."
        },
        {
          "si": 4,
          "sti": 0,
          "dti": 59,
          "sco": 0,
          "dco": 362,
          "txt": "Nur"
        },
        {
          "si": 4,
          "sti": 1,
          "dti": 60,
          "sco": 4,
          "dco": 366,
          "txt": "acht"
        },
        {
          "si": 4,
          "sti": 2,
          "dti": 61,
          "sco": 9,
          "dco": 371,
          "txt": "Minuten"
        },
        {
          "si": 4,
          "sti": 3,
          "dti": 62,
          "sco": 17,
          "dco": 379,
          "txt": "spaeter"
        },
        {
          "si": 4,
          "sti": 4,
          "dti": 63,
          "sco": 25,
          "dco": 387,
          "txt": "hatte"
        },
        {
          "si": 4,
          "sti": 5,
          "dti": 64,
          "sco": 31,
          "dco": 393,
          "txt": "Aiboy"
        },
        {
          "si": 4,
          "sti": 6,
          "dti": 65,
          "sco": 37,
          "dco": 399,
          "txt": "sogar"
        },
        {
          "si": 4,
          "sti": 7,
          "dti": 66,
          "sco": 43,
          "dco": 405,
          "txt": "das"
        },
        {
          "si": 4,
          "sti": 8,
          "dti": 67,
          "sco": 47,
          "dco": 409,
          "txt": "2"
        },
        {
          "si": 4,
          "sti": 9,
          "dti": 68,
          "sco": 48,
          "dco": 410,
          "txt": ":"
        },
        {
          "si": 4,
          "sti": 10,
          "dti": 69,
          "sco": 49,
          "dco": 411,
          "txt": "0"
        },
        {
          "si": 4,
          "sti": 11,
          "dti": 70,
          "sco": 51,
          "dco": 413,
          "txt": "auf"
        },
        {
          "si": 4,
          "sti": 12,
          "dti": 71,
          "sco": 55,
          "dco": 417,
          "txt": "dem"
        },
        {
          "si": 4,
          "sti": 13,
          "dti": 72,
          "sco": 59,
          "dco": 421,
          "txt": "Fuss"
        },
        {
          "si": 4,
          "sti": 14,
          "dti": 73,
          "sco": 63,
          "dco": 425,
          "txt": ","
        },
        {
          "si": 4,
          "sti": 15,
          "dti": 74,
          "sco": 65,
          "dco": 427,
          "txt": "doch"
        },
        {
          "si": 4,
          "sti": 16,
          "dti": 75,
          "sco": 70,
          "dco": 432,
          "txt": "Thilakaratne"
        },
        {
          "si": 4,
          "sti": 17,
          "dti": 76,
          "sco": 83,
          "dco": 445,
          "txt": "konnte"
        },
        {
          "si": 4,
          "sti": 18,
          "dti": 77,
          "sco": 90,
          "dco": 452,
          "txt": "ihn"
        },
        {
          "si": 4,
          "sti": 19,
          "dti": 78,
          "sco": 94,
          "dco": 456,
          "txt": "mit"
        },
        {
          "si": 4,
          "sti": 20,
          "dti": 79,
          "sco": 98,
          "dco": 460,
          "txt": "einer"
        },
        {
          "si": 4,
          "sti": 21,
          "dti": 80,
          "sco": 104,
          "dco": 466,
          "txt": "Fussabwehr"
        },
        {
          "si": 4,
          "sti": 22,
          "dti": 81,
          "sco": 115,
          "dco": 477,
          "txt": "stoppen"
        },
        {
          "si": 4,
          "sti": 23,
          "dti": 82,
          "sco": 122,
          "dco": 484,
          "txt": "."
        },
        {
          "si": 5,
          "sti": 0,
          "dti": 83,
          "sco": 0,
          "dco": 486,
          "txt": "In"
        },
        {
          "si": 5,
          "sti": 1,
          "dti": 84,
          "sco": 3,
          "dco": 489,
          "txt": "der"
        },
        {
          "si": 5,
          "sti": 2,
          "dti": 85,
          "sco": 7,
          "dco": 493,
          "txt": "Nachspielzeit"
        },
        {
          "si": 5,
          "sti": 3,
          "dti": 86,
          "sco": 21,
          "dco": 507,
          "txt": "der"
        },
        {
          "si": 5,
          "sti": 4,
          "dti": 87,
          "sco": 25,
          "dco": 511,
          "txt": "ersten"
        },
        {
          "si": 5,
          "sti": 5,
          "dti": 88,
          "sco": 32,
          "dco": 518,
          "txt": "Haelfte"
        },
        {
          "si": 5,
          "sti": 6,
          "dti": 89,
          "sco": 40,
          "dco": 526,
          "txt": "stoppte"
        },
        {
          "si": 5,
          "sti": 7,
          "dti": 90,
          "sco": 48,
          "dco": 534,
          "txt": "der"
        },
        {
          "si": 5,
          "sti": 8,
          "dti": 91,
          "sco": 52,
          "dco": 538,
          "txt": "Keeper"
        },
        {
          "si": 5,
          "sti": 9,
          "dti": 92,
          "sco": 59,
          "dco": 545,
          "txt": "Sri"
        },
        {
          "si": 5,
          "sti": 10,
          "dti": 93,
          "sco": 63,
          "dco": 549,
          "txt": "Lankas"
        },
        {
          "si": 5,
          "sti": 11,
          "dti": 94,
          "sco": 70,
          "dco": 556,
          "txt": "noch"
        },
        {
          "si": 5,
          "sti": 12,
          "dti": 95,
          "sco": 75,
          "dco": 561,
          "txt": "einen"
        },
        {
          "si": 5,
          "sti": 13,
          "dti": 96,
          "sco": 81,
          "dco": 567,
          "txt": "Schuss"
        },
        {
          "si": 5,
          "sti": 14,
          "dti": 97,
          "sco": 88,
          "dco": 574,
          "txt": "von"
        },
        {
          "si": 5,
          "sti": 15,
          "dti": 98,
          "sco": 92,
          "dco": 578,
          "txt": "Budi"
        },
        {
          "si": 5,
          "sti": 16,
          "dti": 99,
          "sco": 97,
          "dco": 583,
          "txt": "Sudarsono"
        },
        {
          "si": 5,
          "sti": 17,
          "dti": 100,
          "sco": 107,
          "dco": 593,
          "txt": "-"
        },
        {
          "si": 5,
          "sti": 18,
          "dti": 101,
          "sco": 109,
          "dco": 595,
          "txt": "und"
        },
        {
          "si": 5,
          "sti": 19,
          "dti": 102,
          "sco": 113,
          "dco": 599,
          "txt": "damit"
        },
        {
          "si": 5,
          "sti": 20,
          "dti": 103,
          "sco": 119,
          "dco": 605,
          "txt": "endete"
        },
        {
          "si": 5,
          "sti": 21,
          "dti": 104,
          "sco": 126,
          "dco": 612,
          "txt": "eine"
        },
        {
          "si": 5,
          "sti": 22,
          "dti": 105,
          "sco": 131,
          "dco": 617,
          "txt": "Halbzeit"
        },
        {
          "si": 5,
          "sti": 23,
          "dti": 106,
          "sco": 139,
          "dco": 625,
          "txt": ","
        },
        {
          "si": 5,
          "sti": 24,
          "dti": 107,
          "sco": 141,
          "dco": 627,
          "txt": "in"
        },
        {
          "si": 5,
          "sti": 25,
          "dti": 108,
          "sco": 144,
          "dco": 630,
          "txt": "der"
        },
        {
          "si": 5,
          "sti": 26,
          "dti": 109,
          "sco": 148,
          "dco": 634,
          "txt": "von"
        },
        {
          "si": 5,
          "sti": 27,
          "dti": 110,
          "sco": 152,
          "dco": 638,
          "txt": "den"
        },
        {
          "si": 5,
          "sti": 28,
          "dti": 111,
          "sco": 156,
          "dco": 642,
          "txt": "Besuchern"
        },
        {
          "si": 5,
          "sti": 29,
          "dti": 112,
          "sco": 166,
          "dco": 652,
          "txt": "keine"
        },
        {
          "si": 5,
          "sti": 30,
          "dti": 113,
          "sco": 172,
          "dco": 658,
          "txt": "Gefahr"
        },
        {
          "si": 5,
          "sti": 31,
          "dti": 114,
          "sco": 179,
          "dco": 665,
          "txt": "fuer"
        },
        {
          "si": 5,
          "sti": 32,
          "dti": 115,
          "sco": 184,
          "dco": 670,
          "txt": "das"
        },
        {
          "si": 5,
          "sti": 33,
          "dti": 116,
          "sco": 188,
          "dco": 674,
          "txt": "gegnerische"
        },
        {
          "si": 5,
          "sti": 34,
          "dti": 117,
          "sco": 200,
          "dco": 686,
          "txt": "Tor"
        },
        {
          "si": 5,
          "sti": 35,
          "dti": 118,
          "sco": 204,
          "dco": 690,
          "txt": "ausgegangen"
        },
        {
          "si": 5,
          "sti": 36,
          "dti": 119,
          "sco": 216,
          "dco": 702,
          "txt": "war"
        },
        {
          "si": 5,
          "sti": 37,
          "dti": 120,
          "sco": 219,
          "dco": 705,
          "txt": "."
        },
        {
          "si": 6,
          "sti": 0,
          "dti": 121,
          "sco": 0,
          "dco": 707,
          "txt": "Obwohl"
        },
        {
          "si": 6,
          "sti": 1,
          "dti": 122,
          "sco": 7,
          "dco": 714,
          "txt": "Tausende"
        },
        {
          "si": 6,
          "sti": 2,
          "dti": 123,
          "sco": 16,
          "dco": 723,
          "txt": "von"
        },
        {
          "si": 6,
          "sti": 3,
          "dti": 124,
          "sco": 20,
          "dco": 727,
          "txt": "indonesischen"
        },
        {
          "si": 6,
          "sti": 4,
          "dti": 125,
          "sco": 34,
          "dco": 741,
          "txt": "Fans"
        },
        {
          "si": 6,
          "sti": 5,
          "dti": 126,
          "sco": 39,
          "dco": 746,
          "txt": "im"
        },
        {
          "si": 6,
          "sti": 6,
          "dti": 127,
          "sco": 42,
          "dco": 749,
          "txt": "feuchtwarmen"
        },
        {
          "si": 6,
          "sti": 7,
          "dti": 128,
          "sco": 55,
          "dco": 762,
          "txt": "Bung"
        },
        {
          "si": 6,
          "sti": 8,
          "dti": 129,
          "sco": 60,
          "dco": 767,
          "txt": "Karno"
        },
        {
          "si": 6,
          "sti": 9,
          "dti": 130,
          "sco": 65,
          "dco": 772,
          "txt": "-"
        },
        {
          "si": 6,
          "sti": 10,
          "dti": 131,
          "sco": 66,
          "dco": 773,
          "txt": "Stadion"
        },
        {
          "si": 6,
          "sti": 11,
          "dti": 132,
          "sco": 74,
          "dco": 781,
          "txt": "ihre"
        },
        {
          "si": 6,
          "sti": 12,
          "dti": 133,
          "sco": 79,
          "dco": 786,
          "txt": "Mannschaft"
        },
        {
          "si": 6,
          "sti": 13,
          "dti": 134,
          "sco": 90,
          "dco": 797,
          "txt": "mit"
        },
        {
          "si": 6,
          "sti": 14,
          "dti": 135,
          "sco": 94,
          "dco": 801,
          "txt": "Trommeln"
        },
        {
          "si": 6,
          "sti": 15,
          "dti": 136,
          "sco": 103,
          "dco": 810,
          "txt": "und"
        },
        {
          "si": 6,
          "sti": 16,
          "dti": 137,
          "sco": 107,
          "dco": 814,
          "txt": "Gesaengen"
        },
        {
          "si": 6,
          "sti": 17,
          "dti": 138,
          "sco": 117,
          "dco": 824,
          "txt": "anfeuerten"
        },
        {
          "si": 6,
          "sti": 18,
          "dti": 139,
          "sco": 127,
          "dco": 834,
          "txt": ","
        },
        {
          "si": 6,
          "sti": 19,
          "dti": 140,
          "sco": 129,
          "dco": 836,
          "txt": "gelang"
        },
        {
          "si": 6,
          "sti": 20,
          "dti": 141,
          "sco": 136,
          "dco": 843,
          "txt": "es"
        },
        {
          "si": 6,
          "sti": 21,
          "dti": 142,
          "sco": 139,
          "dco": 846,
          "txt": "der"
        },
        {
          "si": 6,
          "sti": 22,
          "dti": 143,
          "sco": 143,
          "dco": 850,
          "txt": "Mannschaft"
        },
        {
          "si": 6,
          "sti": 23,
          "dti": 144,
          "sco": 154,
          "dco": 861,
          "txt": "im"
        },
        {
          "si": 6,
          "sti": 24,
          "dti": 145,
          "sco": 157,
          "dco": 864,
          "txt": "weiteren"
        },
        {
          "si": 6,
          "sti": 25,
          "dti": 146,
          "sco": 166,
          "dco": 873,
          "txt": "Spielverlauf"
        },
        {
          "si": 6,
          "sti": 26,
          "dti": 147,
          "sco": 179,
          "dco": 886,
          "txt": "nicht"
        },
        {
          "si": 6,
          "sti": 27,
          "dti": 148,
          "sco": 184,
          "dco": 891,
          "txt": ","
        },
        {
          "si": 6,
          "sti": 28,
          "dti": 149,
          "sco": 186,
          "dco": 893,
          "txt": "eine"
        },
        {
          "si": 6,
          "sti": 29,
          "dti": 150,
          "sco": 191,
          "dco": 898,
          "txt": "Vielzahl"
        },
        {
          "si": 6,
          "sti": 30,
          "dti": 151,
          "sco": 200,
          "dco": 907,
          "txt": "von"
        },
        {
          "si": 6,
          "sti": 31,
          "dti": 152,
          "sco": 204,
          "dco": 911,
          "txt": "Grosschancen"
        },
        {
          "si": 6,
          "sti": 32,
          "dti": 153,
          "sco": 217,
          "dco": 924,
          "txt": "in"
        },
        {
          "si": 6,
          "sti": 33,
          "dti": 154,
          "sco": 220,
          "dco": 927,
          "txt": "Tore"
        },
        {
          "si": 6,
          "sti": 34,
          "dti": 155,
          "sco": 225,
          "dco": 932,
          "txt": "umzusetzen"
        },
        {
          "si": 6,
          "sti": 35,
          "dti": 156,
          "sco": 235,
          "dco": 942,
          "txt": "."
        },
        {
          "si": 7,
          "sti": 0,
          "dti": 157,
          "sco": 0,
          "dco": 944,
          "txt": "In"
        },
        {
          "si": 7,
          "sti": 1,
          "dti": 158,
          "sco": 3,
          "dco": 947,
          "txt": "der"
        },
        {
          "si": 7,
          "sti": 2,
          "dti": 159,
          "sco": 7,
          "dco": 951,
          "txt": "55"
        },
        {
          "si": 7,
          "sti": 3,
          "dti": 160,
          "sco": 9,
          "dco": 953,
          "txt": "."
        },
        {
          "si": 8,
          "sti": 0,
          "dti": 161,
          "sco": 0,
          "dco": 955,
          "txt": "Minute"
        },
        {
          "si": 8,
          "sti": 1,
          "dti": 162,
          "sco": 7,
          "dco": 962,
          "txt": "fand"
        },
        {
          "si": 8,
          "sti": 2,
          "dti": 163,
          "sco": 12,
          "dco": 967,
          "txt": "eine"
        },
        {
          "si": 8,
          "sti": 3,
          "dti": 164,
          "sco": 17,
          "dco": 972,
          "txt": "perfekt"
        },
        {
          "si": 8,
          "sti": 4,
          "dti": 165,
          "sco": 25,
          "dco": 980,
          "txt": "geschlagene"
        },
        {
          "si": 8,
          "sti": 5,
          "dti": 166,
          "sco": 37,
          "dco": 992,
          "txt": "Flanke"
        },
        {
          "si": 8,
          "sti": 6,
          "dti": 167,
          "sco": 44,
          "dco": 999,
          "txt": "von"
        },
        {
          "si": 8,
          "sti": 7,
          "dti": 168,
          "sco": 48,
          "dco": 1003,
          "txt": "Aiboy"
        },
        {
          "si": 8,
          "sti": 8,
          "dti": 169,
          "sco": 54,
          "dco": 1009,
          "txt": "keinen"
        },
        {
          "si": 8,
          "sti": 9,
          "dti": 170,
          "sco": 61,
          "dco": 1016,
          "txt": "Abnehmer"
        },
        {
          "si": 8,
          "sti": 10,
          "dti": 171,
          "sco": 70,
          "dco": 1025,
          "txt": "vor"
        },
        {
          "si": 8,
          "sti": 11,
          "dti": 172,
          "sco": 74,
          "dco": 1029,
          "txt": "dem"
        },
        {
          "si": 8,
          "sti": 12,
          "dti": 173,
          "sco": 78,
          "dco": 1033,
          "txt": "srilanesischen"
        },
        {
          "si": 8,
          "sti": 13,
          "dti": 174,
          "sco": 93,
          "dco": 1048,
          "txt": "Tor"
        },
        {
          "si": 8,
          "sti": 14,
          "dti": 175,
          "sco": 96,
          "dco": 1051,
          "txt": ";"
        },
        {
          "si": 8,
          "sti": 15,
          "dti": 176,
          "sco": 98,
          "dco": 1053,
          "txt": "dafuer"
        },
        {
          "si": 8,
          "sti": 16,
          "dti": 177,
          "sco": 105,
          "dco": 1060,
          "txt": "scheiterte"
        },
        {
          "si": 8,
          "sti": 17,
          "dti": 178,
          "sco": 116,
          "dco": 1071,
          "txt": "der"
        },
        {
          "si": 8,
          "sti": 18,
          "dti": 179,
          "sco": 120,
          "dco": 1075,
          "txt": "Stuermer"
        },
        {
          "si": 8,
          "sti": 19,
          "dti": 180,
          "sco": 129,
          "dco": 1084,
          "txt": "seinerseits"
        },
        {
          "si": 8,
          "sti": 20,
          "dti": 181,
          "sco": 141,
          "dco": 1096,
          "txt": "in"
        },
        {
          "si": 8,
          "sti": 21,
          "dti": 182,
          "sco": 144,
          "dco": 1099,
          "txt": "der"
        },
        {
          "si": 8,
          "sti": 22,
          "dti": 183,
          "sco": 148,
          "dco": 1103,
          "txt": "63"
        },
        {
          "si": 8,
          "sti": 23,
          "dti": 184,
          "sco": 150,
          "dco": 1105,
          "txt": "."
        },
        {
          "si": 9,
          "sti": 0,
          "dti": 185,
          "sco": 0,
          "dco": 1107,
          "txt": "Minute"
        },
        {
          "si": 9,
          "sti": 1,
          "dti": 186,
          "sco": 7,
          "dco": 1114,
          "txt": "mit"
        },
        {
          "si": 9,
          "sti": 2,
          "dti": 187,
          "sco": 11,
          "dco": 1118,
          "txt": "einem"
        },
        {
          "si": 9,
          "sti": 3,
          "dti": 188,
          "sco": 17,
          "dco": 1124,
          "txt": "Kopfball"
        },
        {
          "si": 9,
          "sti": 4,
          "dti": 189,
          "sco": 25,
          "dco": 1132,
          "txt": ","
        },
        {
          "si": 9,
          "sti": 5,
          "dti": 190,
          "sco": 27,
          "dco": 1134,
          "txt": "was"
        },
        {
          "si": 9,
          "sti": 6,
          "dti": 191,
          "sco": 31,
          "dco": 1138,
          "txt": "die"
        },
        {
          "si": 9,
          "sti": 7,
          "dti": 192,
          "sco": 35,
          "dco": 1142,
          "txt": "Menge"
        },
        {
          "si": 9,
          "sti": 8,
          "dti": 193,
          "sco": 41,
          "dco": 1148,
          "txt": "mit"
        },
        {
          "si": 9,
          "sti": 9,
          "dti": 194,
          "sco": 45,
          "dco": 1152,
          "txt": "einem"
        },
        {
          "si": 9,
          "sti": 10,
          "dti": 195,
          "sco": 51,
          "dco": 1158,
          "txt": "lauten"
        },
        {
          "si": 9,
          "sti": 11,
          "dti": 196,
          "sco": 58,
          "dco": 1165,
          "txt": "Seufzer"
        },
        {
          "si": 9,
          "sti": 12,
          "dti": 197,
          "sco": 66,
          "dco": 1173,
          "txt": "der"
        },
        {
          "si": 9,
          "sti": 13,
          "dti": 198,
          "sco": 70,
          "dco": 1177,
          "txt": "Enttaeuschung"
        },
        {
          "si": 9,
          "sti": 14,
          "dti": 199,
          "sco": 84,
          "dco": 1191,
          "txt": "quittierte"
        },
        {
          "si": 9,
          "sti": 15,
          "dti": 200,
          "sco": 94,
          "dco": 1201,
          "txt": "."
        },
        {
          "si": 10,
          "sti": 0,
          "dti": 201,
          "sco": 0,
          "dco": 1203,
          "txt": "Nach"
        },
        {
          "si": 10,
          "sti": 1,
          "dti": 202,
          "sco": 5,
          "dco": 1208,
          "txt": "einigen"
        },
        {
          "si": 10,
          "sti": 2,
          "dti": 203,
          "sco": 13,
          "dco": 1216,
          "txt": "weiteren"
        },
        {
          "si": 10,
          "sti": 3,
          "dti": 204,
          "sco": 22,
          "dco": 1225,
          "txt": "indonesischen"
        },
        {
          "si": 10,
          "sti": 4,
          "dti": 205,
          "sco": 36,
          "dco": 1239,
          "txt": "Grosschancen"
        },
        {
          "si": 10,
          "sti": 5,
          "dti": 206,
          "sco": 49,
          "dco": 1252,
          "txt": "und"
        },
        {
          "si": 10,
          "sti": 6,
          "dti": 207,
          "sco": 53,
          "dco": 1256,
          "txt": "einem"
        },
        {
          "si": 10,
          "sti": 7,
          "dti": 208,
          "sco": 59,
          "dco": 1262,
          "txt": "schwachen"
        },
        {
          "si": 10,
          "sti": 8,
          "dti": 209,
          "sco": 69,
          "dco": 1272,
          "txt": "Schuss"
        },
        {
          "si": 10,
          "sti": 9,
          "dti": 210,
          "sco": 76,
          "dco": 1279,
          "txt": "Sri"
        },
        {
          "si": 10,
          "sti": 10,
          "dti": 211,
          "sco": 80,
          "dco": 1283,
          "txt": "Lankas"
        },
        {
          "si": 10,
          "sti": 11,
          "dti": 212,
          "sco": 87,
          "dco": 1290,
          "txt": "auf"
        },
        {
          "si": 10,
          "sti": 12,
          "dti": 213,
          "sco": 91,
          "dco": 1294,
          "txt": "das"
        },
        {
          "si": 10,
          "sti": 13,
          "dti": 214,
          "sco": 95,
          "dco": 1298,
          "txt": "indonesische"
        },
        {
          "si": 10,
          "sti": 14,
          "dti": 215,
          "sco": 108,
          "dco": 1311,
          "txt": "Tor"
        },
        {
          "si": 10,
          "sti": 15,
          "dti": 216,
          "sco": 112,
          "dco": 1315,
          "txt": "neutralisierten"
        },
        {
          "si": 10,
          "sti": 16,
          "dti": 217,
          "sco": 128,
          "dco": 1331,
          "txt": "beide"
        },
        {
          "si": 10,
          "sti": 17,
          "dti": 218,
          "sco": 134,
          "dco": 1337,
          "txt": "Mannschaften"
        },
        {
          "si": 10,
          "sti": 18,
          "dti": 219,
          "sco": 147,
          "dco": 1350,
          "txt": "einander"
        },
        {
          "si": 10,
          "sti": 19,
          "dti": 220,
          "sco": 156,
          "dco": 1359,
          "txt": "im"
        },
        {
          "si": 10,
          "sti": 20,
          "dti": 221,
          "sco": 159,
          "dco": 1362,
          "txt": "Mittelfeld"
        },
        {
          "si": 10,
          "sti": 21,
          "dti": 222,
          "sco": 169,
          "dco": 1372,
          "txt": "."
        },
        {
          "si": 11,
          "sti": 0,
          "dti": 223,
          "sco": 0,
          "dco": 1374,
          "txt": "Erst"
        },
        {
          "si": 11,
          "sti": 1,
          "dti": 224,
          "sco": 5,
          "dco": 1379,
          "txt": "in"
        },
        {
          "si": 11,
          "sti": 2,
          "dti": 225,
          "sco": 8,
          "dco": 1382,
          "txt": "der"
        },
        {
          "si": 11,
          "sti": 3,
          "dti": 226,
          "sco": 12,
          "dco": 1386,
          "txt": "81"
        },
        {
          "si": 11,
          "sti": 4,
          "dti": 227,
          "sco": 14,
          "dco": 1388,
          "txt": "."
        },
        {
          "si": 12,
          "sti": 0,
          "dti": 228,
          "sco": 0,
          "dco": 1390,
          "txt": "Minute"
        },
        {
          "si": 12,
          "sti": 1,
          "dti": 229,
          "sco": 7,
          "dco": 1397,
          "txt": "kam"
        },
        {
          "si": 12,
          "sti": 2,
          "dti": 230,
          "sco": 11,
          "dco": 1401,
          "txt": "Indonesien"
        },
        {
          "si": 12,
          "sti": 3,
          "dti": 231,
          "sco": 22,
          "dco": 1412,
          "txt": "wieder"
        },
        {
          "si": 12,
          "sti": 4,
          "dti": 232,
          "sco": 29,
          "dco": 1419,
          "txt": "gefaehrlich"
        },
        {
          "si": 12,
          "sti": 5,
          "dti": 233,
          "sco": 41,
          "dco": 1431,
          "txt": "vor"
        },
        {
          "si": 12,
          "sti": 6,
          "dti": 234,
          "sco": 45,
          "dco": 1435,
          "txt": "das"
        },
        {
          "si": 12,
          "sti": 7,
          "dti": 235,
          "sco": 49,
          "dco": 1439,
          "txt": "gegnerische"
        },
        {
          "si": 12,
          "sti": 8,
          "dti": 236,
          "sco": 61,
          "dco": 1451,
          "txt": "Tor"
        },
        {
          "si": 12,
          "sti": 9,
          "dti": 237,
          "sco": 64,
          "dco": 1454,
          "txt": "."
        },
        {
          "si": 13,
          "sti": 0,
          "dti": 238,
          "sco": 0,
          "dco": 1456,
          "txt": "Der"
        },
        {
          "si": 13,
          "sti": 1,
          "dti": 239,
          "sco": 4,
          "dco": 1460,
          "txt": "fuer"
        },
        {
          "si": 13,
          "sti": 2,
          "dti": 240,
          "sco": 9,
          "dco": 1465,
          "txt": "Sudarsono"
        },
        {
          "si": 13,
          "sti": 3,
          "dti": 241,
          "sco": 19,
          "dco": 1475,
          "txt": "eingewechselte"
        },
        {
          "si": 13,
          "sti": 4,
          "dti": 242,
          "sco": 34,
          "dco": 1490,
          "txt": "Aliyudin"
        },
        {
          "si": 13,
          "sti": 5,
          "dti": 243,
          "sco": 43,
          "dco": 1499,
          "txt": "passte"
        },
        {
          "si": 13,
          "sti": 6,
          "dti": 244,
          "sco": 50,
          "dco": 1506,
          "txt": "auf"
        },
        {
          "si": 13,
          "sti": 7,
          "dti": 245,
          "sco": 54,
          "dco": 1510,
          "txt": "Aiboy"
        },
        {
          "si": 13,
          "sti": 8,
          "dti": 246,
          "sco": 59,
          "dco": 1515,
          "txt": ","
        },
        {
          "si": 13,
          "sti": 9,
          "dti": 247,
          "sco": 61,
          "dco": 1517,
          "txt": "dessen"
        },
        {
          "si": 13,
          "sti": 10,
          "dti": 248,
          "sco": 68,
          "dco": 1524,
          "txt": "Schuss"
        },
        {
          "si": 13,
          "sti": 11,
          "dti": 249,
          "sco": 75,
          "dco": 1531,
          "txt": "aber"
        },
        {
          "si": 13,
          "sti": 12,
          "dti": 250,
          "sco": 80,
          "dco": 1536,
          "txt": "knapp"
        },
        {
          "si": 13,
          "sti": 13,
          "dti": 251,
          "sco": 86,
          "dco": 1542,
          "txt": "an"
        },
        {
          "si": 13,
          "sti": 14,
          "dti": 252,
          "sco": 89,
          "dco": 1545,
          "txt": "der"
        },
        {
          "si": 13,
          "sti": 15,
          "dti": 253,
          "sco": 93,
          "dco": 1549,
          "txt": "oberen"
        },
        {
          "si": 13,
          "sti": 16,
          "dti": 254,
          "sco": 100,
          "dco": 1556,
          "txt": "rechten"
        },
        {
          "si": 13,
          "sti": 17,
          "dti": 255,
          "sco": 108,
          "dco": 1564,
          "txt": "Ecke"
        },
        {
          "si": 13,
          "sti": 18,
          "dti": 256,
          "sco": 113,
          "dco": 1569,
          "txt": "vorbeistrich"
        },
        {
          "si": 13,
          "sti": 19,
          "dti": 257,
          "sco": 125,
          "dco": 1581,
          "txt": "."
        },
        {
          "si": 14,
          "sti": 0,
          "dti": 258,
          "sco": 0,
          "dco": 1583,
          "txt": "Indonesien"
        },
        {
          "si": 14,
          "sti": 1,
          "dti": 259,
          "sco": 11,
          "dco": 1594,
          "txt": "hatte"
        },
        {
          "si": 14,
          "sti": 2,
          "dti": 260,
          "sco": 17,
          "dco": 1600,
          "txt": "seine"
        },
        {
          "si": 14,
          "sti": 3,
          "dti": 261,
          "sco": 23,
          "dco": 1606,
          "txt": "vorherigen"
        },
        {
          "si": 14,
          "sti": 4,
          "dti": 262,
          "sco": 34,
          "dco": 1617,
          "txt": "beiden"
        },
        {
          "si": 14,
          "sti": 5,
          "dti": 263,
          "sco": 41,
          "dco": 1624,
          "txt": "Qualifikationsspiele"
        },
        {
          "si": 14,
          "sti": 6,
          "dti": 264,
          "sco": 62,
          "dco": 1645,
          "txt": "verloren"
        },
        {
          "si": 14,
          "sti": 7,
          "dti": 265,
          "sco": 70,
          "dco": 1653,
          "txt": ":"
        },
        {
          "si": 14,
          "sti": 8,
          "dti": 266,
          "sco": 72,
          "dco": 1655,
          "txt": "Gegen"
        },
        {
          "si": 14,
          "sti": 9,
          "dti": 267,
          "sco": 78,
          "dco": 1661,
          "txt": "Turkmenistan"
        },
        {
          "si": 14,
          "sti": 10,
          "dti": 268,
          "sco": 91,
          "dco": 1674,
          "txt": "hiess"
        },
        {
          "si": 14,
          "sti": 11,
          "dti": 269,
          "sco": 97,
          "dco": 1680,
          "txt": "es"
        },
        {
          "si": 14,
          "sti": 12,
          "dti": 270,
          "sco": 100,
          "dco": 1683,
          "txt": "3"
        },
        {
          "si": 14,
          "sti": 13,
          "dti": 271,
          "sco": 101,
          "dco": 1684,
          "txt": ":"
        },
        {
          "si": 14,
          "sti": 14,
          "dti": 272,
          "sco": 102,
          "dco": 1685,
          "txt": "1"
        },
        {
          "si": 14,
          "sti": 15,
          "dti": 273,
          "sco": 103,
          "dco": 1686,
          "txt": ","
        },
        {
          "si": 14,
          "sti": 16,
          "dti": 274,
          "sco": 105,
          "dco": 1688,
          "txt": "und"
        },
        {
          "si": 14,
          "sti": 17,
          "dti": 275,
          "sco": 109,
          "dco": 1692,
          "txt": "gegen"
        },
        {
          "si": 14,
          "sti": 18,
          "dti": 276,
          "sco": 115,
          "dco": 1698,
          "txt": "Saudiarabien"
        },
        {
          "si": 14,
          "sti": 19,
          "dti": 277,
          "sco": 128,
          "dco": 1711,
          "txt": "unterlag"
        },
        {
          "si": 14,
          "sti": 20,
          "dti": 278,
          "sco": 137,
          "dco": 1720,
          "txt": "das"
        },
        {
          "si": 14,
          "sti": 21,
          "dti": 279,
          "sco": 141,
          "dco": 1724,
          "txt": "Team"
        },
        {
          "si": 14,
          "sti": 22,
          "dti": 280,
          "sco": 146,
          "dco": 1729,
          "txt": "mit"
        },
        {
          "si": 14,
          "sti": 23,
          "dti": 281,
          "sco": 150,
          "dco": 1733,
          "txt": "3"
        },
        {
          "si": 14,
          "sti": 24,
          "dti": 282,
          "sco": 151,
          "dco": 1734,
          "txt": ":"
        },
        {
          "si": 14,
          "sti": 25,
          "dti": 283,
          "sco": 152,
          "dco": 1735,
          "txt": "0"
        },
        {
          "si": 14,
          "sti": 26,
          "dti": 284,
          "sco": 153,
          "dco": 1736,
          "txt": "."
        }
      ]
    },
    "ganns": {
      "dla": [],
      "la": [],
      "ea": [],
      "eta": [
        {
          "ra": {
            "ea": {
              "etn": "Goal"
            }
          },
          "sfs": [
            [
              {
                "stn": "scoreTeamB"
              },
              {
                "ea": {
                  "etn": "0"
                }
              }
            ],
            [
              {
                "stn": "forTeam"
              },
              {
                "ea": {
                  "etn": "Indonesien"
                }
              }
            ],
            [
              {
                "stn": "scoreTeamA"
              },
              {
                "ea": {
                  "etn": "1"
                }
              }
            ],
            [
              {
                "stn": "minute"
              },
              {
                "ea": {
                  "etn": "30"
                }
              }
            ],
            [
              {
                "stn": "scorer"
              },
              {
                "ea": {
                  "etn": "Aiboi Elie"
                }
              }
            ]
          ],
          "mfs": {}
        },
        {
          "ra": {
            "ea": {
              "etn": "YellowCard"
            }
          },
          "sfs": [
            [
              {
                "stn": "cardForTeam"
              },
              {
                "ea": {
                  "etn": "Indonesien"
                }
              }
            ],
            [
              {
                "stn": "cardMinute"
              },
              {
                "ea": {
                  "etn": "62"
                }
              }
            ],
            [
              {
                "stn": "player"
              },
              {
                "ea": {
                  "etn": "Bachri Syamsul"
                }
              }
            ]
          ],
          "mfs": {}
        },
        {
          "ra": {
            "ea": {
              "etn": "YellowCard"
            }
          },
          "sfs": [
            [
              {
                "stn": "cardForTeam"
              },
              {
                "ea": {
                  "etn": "Sri Lanka"
                }
              }
            ],
            [
              {
                "stn": "cardMinute"
              },
              {
                "ea": {
                  "etn": "64"
                }
              }
            ],
            [
              {
                "stn": "player"
              },
              {
                "ea": {
                  "etn": "Weerarathna Kassun"
                }
              }
            ]
          ],
          "mfs": {}
        },
        {
          "ra": {
            "ea": {
              "etn": "YellowCard"
            }
          },
          "sfs": [
            [
              {
                "stn": "cardForTeam"
              },
              {
                "ea": {
                  "etn": "Indonesien"
                }
              }
            ],
            [
              {
                "stn": "cardMinute"
              },
              {
                "ea": {
                  "etn": "78"
                }
              }
            ],
            [
              {
                "stn": "player"
              },
              {
                "ea": {
                  "etn": "Setyabudi Agung"
                }
              }
            ]
          ],
          "mfs": {}
        },
        {
          "ra": {
            "ea": {
              "etn": "YellowCard"
            }
          },
          "sfs": [
            [
              {
                "stn": "cardForTeam"
              },
              {
                "ea": {
                  "etn": "Indonesien"
                }
              }
            ],
            [
              {
                "stn": "cardMinute"
              },
              {
                "ea": {
                  "etn": "83"
                }
              }
            ],
            [
              {
                "stn": "player"
              },
              {
                "ea": {
                  "etn": "Pamungkas Bambang"
                }
              }
            ]
          ],
          "mfs": {}
        },
        {
          "ra": {
            "ea": {
              "etn": "TeamStats"
            }
          },
          "sfs": [
            [
              {
                "stn": "finalScore"
              },
              {
                "ea": {
                  "etn": "1"
                }
              }
            ],
            [
              {
                "stn": "name"
              },
              {
                "ea": {
                  "etn": "Indonesien"
                }
              }
            ]
          ],
          "mfs": {}
        },
        {
          "ra": {
            "ea": {
              "etn": "TeamStats"
            }
          },
          "sfs": [
            [
              {
                "stn": "finalScore"
              },
              {
                "ea": {
                  "etn": "0"
                }
              }
            ],
            [
              {
                "stn": "name"
              },
              {
                "ea": {
                  "etn": "Sri Lanka"
                }
              }
            ]
          ],
          "mfs": {}
        }
      ]
    }
  }
]
