[
  {
    "context": "UNSPECIFIED",
    "doc": {
      "id": "de_mr36451_struct",
      "tl": [
        {
          "si": 0,
          "sti": 0,
          "dti": 0,
          "sco": 0,
          "dco": 0,
          "txt": "Klarer"
        },
        {
          "si": 0,
          "sti": 1,
          "dti": 1,
          "sco": 7,
          "dco": 7,
          "txt": "Sieg"
        },
        {
          "si": 0,
          "sti": 2,
          "dti": 2,
          "sco": 12,
          "dco": 12,
          "txt": "Libanons"
        },
        {
          "si": 0,
          "sti": 3,
          "dti": 3,
          "sco": 21,
          "dco": 21,
          "txt": "gegen"
        },
        {
          "si": 0,
          "sti": 4,
          "dti": 4,
          "sco": 27,
          "dco": 27,
          "txt": "Malediven"
        },
        {
          "si": 0,
          "sti": 5,
          "dti": 5,
          "sco": 36,
          "dco": 36,
          "txt": "."
        },
        {
          "si": 1,
          "sti": 0,
          "dti": 6,
          "sco": 0,
          "dco": 38,
          "txt": "In"
        },
        {
          "si": 1,
          "sti": 1,
          "dti": 7,
          "sco": 3,
          "dco": 41,
          "txt": "Gruppe"
        },
        {
          "si": 1,
          "sti": 2,
          "dti": 8,
          "sco": 10,
          "dco": 48,
          "txt": "7"
        },
        {
          "si": 1,
          "sti": 3,
          "dti": 9,
          "sco": 12,
          "dco": 50,
          "txt": "der"
        },
        {
          "si": 1,
          "sti": 4,
          "dti": 10,
          "sco": 16,
          "dco": 54,
          "txt": "WM"
        },
        {
          "si": 1,
          "sti": 5,
          "dti": 11,
          "sco": 18,
          "dco": 56,
          "txt": "-"
        },
        {
          "si": 1,
          "sti": 6,
          "dti": 12,
          "sco": 19,
          "dco": 57,
          "txt": "Qualifikation"
        },
        {
          "si": 1,
          "sti": 7,
          "dti": 13,
          "sco": 33,
          "dco": 71,
          "txt": "der"
        },
        {
          "si": 1,
          "sti": 8,
          "dti": 14,
          "sco": 37,
          "dco": 75,
          "txt": "Asien"
        },
        {
          "si": 1,
          "sti": 9,
          "dti": 15,
          "sco": 42,
          "dco": 80,
          "txt": "-"
        },
        {
          "si": 1,
          "sti": 10,
          "dti": 16,
          "sco": 43,
          "dco": 81,
          "txt": "Zone"
        },
        {
          "si": 1,
          "sti": 11,
          "dti": 17,
          "sco": 48,
          "dco": 86,
          "txt": "besiegte"
        },
        {
          "si": 1,
          "sti": 12,
          "dti": 18,
          "sco": 57,
          "dco": 95,
          "txt": "am"
        },
        {
          "si": 1,
          "sti": 13,
          "dti": 19,
          "sco": 60,
          "dco": 98,
          "txt": "Mittwoch"
        },
        {
          "si": 1,
          "sti": 14,
          "dti": 20,
          "sco": 69,
          "dco": 107,
          "txt": "der"
        },
        {
          "si": 1,
          "sti": 15,
          "dti": 21,
          "sco": 73,
          "dco": 111,
          "txt": "Libanon"
        },
        {
          "si": 1,
          "sti": 16,
          "dti": 22,
          "sco": 81,
          "dco": 119,
          "txt": "die"
        },
        {
          "si": 1,
          "sti": 17,
          "dti": 23,
          "sco": 85,
          "dco": 123,
          "txt": "Mannschaft"
        },
        {
          "si": 1,
          "sti": 18,
          "dti": 24,
          "sco": 96,
          "dco": 134,
          "txt": "der"
        },
        {
          "si": 1,
          "sti": 19,
          "dti": 25,
          "sco": 100,
          "dco": 138,
          "txt": "Malediven"
        },
        {
          "si": 1,
          "sti": 20,
          "dti": 26,
          "sco": 110,
          "dco": 148,
          "txt": "mit"
        },
        {
          "si": 1,
          "sti": 21,
          "dti": 27,
          "sco": 114,
          "dco": 152,
          "txt": "3"
        },
        {
          "si": 1,
          "sti": 22,
          "dti": 28,
          "sco": 115,
          "dco": 153,
          "txt": ":"
        },
        {
          "si": 1,
          "sti": 23,
          "dti": 29,
          "sco": 116,
          "dco": 154,
          "txt": "0"
        },
        {
          "si": 1,
          "sti": 24,
          "dti": 30,
          "sco": 117,
          "dco": 155,
          "txt": "."
        },
        {
          "si": 2,
          "sti": 0,
          "dti": 31,
          "sco": 0,
          "dco": 157,
          "txt": "Dabei"
        },
        {
          "si": 2,
          "sti": 1,
          "dti": 32,
          "sco": 6,
          "dco": 163,
          "txt": "mussten"
        },
        {
          "si": 2,
          "sti": 2,
          "dti": 33,
          "sco": 14,
          "dco": 171,
          "txt": "die"
        },
        {
          "si": 2,
          "sti": 3,
          "dti": 34,
          "sco": 18,
          "dco": 175,
          "txt": "Malediver"
        },
        {
          "si": 2,
          "sti": 4,
          "dti": 35,
          "sco": 28,
          "dco": 185,
          "txt": "fast"
        },
        {
          "si": 2,
          "sti": 5,
          "dti": 36,
          "sco": 33,
          "dco": 190,
          "txt": "die"
        },
        {
          "si": 2,
          "sti": 6,
          "dti": 37,
          "sco": 37,
          "dco": 194,
          "txt": "Haelfte"
        },
        {
          "si": 2,
          "sti": 7,
          "dti": 38,
          "sco": 45,
          "dco": 202,
          "txt": "des"
        },
        {
          "si": 2,
          "sti": 8,
          "dti": 39,
          "sco": 49,
          "dco": 206,
          "txt": "Spiels"
        },
        {
          "si": 2,
          "sti": 9,
          "dti": 40,
          "sco": 56,
          "dco": 213,
          "txt": "mit"
        },
        {
          "si": 2,
          "sti": 10,
          "dti": 41,
          "sco": 60,
          "dco": 217,
          "txt": "zehn"
        },
        {
          "si": 2,
          "sti": 11,
          "dti": 42,
          "sco": 65,
          "dco": 222,
          "txt": "Spielern"
        },
        {
          "si": 2,
          "sti": 12,
          "dti": 43,
          "sco": 74,
          "dco": 231,
          "txt": "auskommen"
        },
        {
          "si": 2,
          "sti": 13,
          "dti": 44,
          "sco": 83,
          "dco": 240,
          "txt": ","
        },
        {
          "si": 2,
          "sti": 14,
          "dti": 45,
          "sco": 85,
          "dco": 242,
          "txt": "nachdem"
        },
        {
          "si": 2,
          "sti": 15,
          "dti": 46,
          "sco": 93,
          "dco": 250,
          "txt": "kurz"
        },
        {
          "si": 2,
          "sti": 16,
          "dti": 47,
          "sco": 98,
          "dco": 255,
          "txt": "nach"
        },
        {
          "si": 2,
          "sti": 17,
          "dti": 48,
          "sco": 103,
          "dco": 260,
          "txt": "Beginn"
        },
        {
          "si": 2,
          "sti": 18,
          "dti": 49,
          "sco": 110,
          "dco": 267,
          "txt": "der"
        },
        {
          "si": 2,
          "sti": 19,
          "dti": 50,
          "sco": 114,
          "dco": 271,
          "txt": "zweiten"
        },
        {
          "si": 2,
          "sti": 20,
          "dti": 51,
          "sco": 122,
          "dco": 279,
          "txt": "Halbzeit"
        },
        {
          "si": 2,
          "sti": 21,
          "dti": 52,
          "sco": 131,
          "dco": 288,
          "txt": "in"
        },
        {
          "si": 2,
          "sti": 22,
          "dti": 53,
          "sco": 134,
          "dco": 291,
          "txt": "Beirut"
        },
        {
          "si": 2,
          "sti": 23,
          "dti": 54,
          "sco": 141,
          "dco": 298,
          "txt": "Ali"
        },
        {
          "si": 2,
          "sti": 24,
          "dti": 55,
          "sco": 145,
          "dco": 302,
          "txt": "Ashfaq"
        },
        {
          "si": 2,
          "sti": 25,
          "dti": 56,
          "sco": 152,
          "dco": 309,
          "txt": "vom"
        },
        {
          "si": 2,
          "sti": 26,
          "dti": 57,
          "sco": 156,
          "dco": 313,
          "txt": "irakischen"
        },
        {
          "si": 2,
          "sti": 27,
          "dti": 58,
          "sco": 167,
          "dco": 324,
          "txt": "Schiedsrichter"
        },
        {
          "si": 2,
          "sti": 28,
          "dti": 59,
          "sco": 182,
          "dco": 339,
          "txt": "vom"
        },
        {
          "si": 2,
          "sti": 29,
          "dti": 60,
          "sco": 186,
          "dco": 343,
          "txt": "Platz"
        },
        {
          "si": 2,
          "sti": 30,
          "dti": 61,
          "sco": 192,
          "dco": 349,
          "txt": "gestellt"
        },
        {
          "si": 2,
          "sti": 31,
          "dti": 62,
          "sco": 201,
          "dco": 358,
          "txt": "worden"
        },
        {
          "si": 2,
          "sti": 32,
          "dti": 63,
          "sco": 208,
          "dco": 365,
          "txt": "war"
        },
        {
          "si": 2,
          "sti": 33,
          "dti": 64,
          "sco": 211,
          "dco": 368,
          "txt": "."
        },
        {
          "si": 3,
          "sti": 0,
          "dti": 65,
          "sco": 0,
          "dco": 370,
          "txt": "In"
        },
        {
          "si": 3,
          "sti": 1,
          "dti": 66,
          "sco": 3,
          "dco": 373,
          "txt": "der"
        },
        {
          "si": 3,
          "sti": 2,
          "dti": 67,
          "sco": 7,
          "dco": 377,
          "txt": "21"
        },
        {
          "si": 3,
          "sti": 3,
          "dti": 68,
          "sco": 9,
          "dco": 379,
          "txt": "."
        },
        {
          "si": 4,
          "sti": 0,
          "dti": 69,
          "sco": 0,
          "dco": 381,
          "txt": "Minute"
        },
        {
          "si": 4,
          "sti": 1,
          "dti": 70,
          "sco": 7,
          "dco": 388,
          "txt": "hatte"
        },
        {
          "si": 4,
          "sti": 2,
          "dti": 71,
          "sco": 13,
          "dco": 394,
          "txt": "Stuermer"
        },
        {
          "si": 4,
          "sti": 3,
          "dti": 72,
          "sco": 22,
          "dco": 403,
          "txt": "Haitham"
        },
        {
          "si": 4,
          "sti": 4,
          "dti": 73,
          "sco": 30,
          "dco": 411,
          "txt": "Zein"
        },
        {
          "si": 4,
          "sti": 5,
          "dti": 74,
          "sco": 35,
          "dco": 416,
          "txt": "mit"
        },
        {
          "si": 4,
          "sti": 6,
          "dti": 75,
          "sco": 39,
          "dco": 420,
          "txt": "einem"
        },
        {
          "si": 4,
          "sti": 7,
          "dti": 76,
          "sco": 45,
          "dco": 426,
          "txt": "Strafstoss"
        },
        {
          "si": 4,
          "sti": 8,
          "dti": 77,
          "sco": 56,
          "dco": 437,
          "txt": "das"
        },
        {
          "si": 4,
          "sti": 9,
          "dti": 78,
          "sco": 60,
          "dco": 441,
          "txt": "erste"
        },
        {
          "si": 4,
          "sti": 10,
          "dti": 79,
          "sco": 66,
          "dco": 447,
          "txt": "Tor"
        },
        {
          "si": 4,
          "sti": 11,
          "dti": 80,
          "sco": 70,
          "dco": 451,
          "txt": "der"
        },
        {
          "si": 4,
          "sti": 12,
          "dti": 81,
          "sco": 74,
          "dco": 455,
          "txt": "Gastgeber"
        },
        {
          "si": 4,
          "sti": 13,
          "dti": 82,
          "sco": 84,
          "dco": 465,
          "txt": "erzielt"
        },
        {
          "si": 4,
          "sti": 14,
          "dti": 83,
          "sco": 91,
          "dco": 472,
          "txt": "."
        },
        {
          "si": 5,
          "sti": 0,
          "dti": 84,
          "sco": 0,
          "dco": 474,
          "txt": "Libanons"
        },
        {
          "si": 5,
          "sti": 1,
          "dti": 85,
          "sco": 9,
          "dco": 483,
          "txt": "bundesligaerfahrener"
        },
        {
          "si": 5,
          "sti": 2,
          "dti": 86,
          "sco": 30,
          "dco": 504,
          "txt": "Stuermer"
        },
        {
          "si": 5,
          "sti": 3,
          "dti": 87,
          "sco": 39,
          "dco": 513,
          "txt": "Roda"
        },
        {
          "si": 5,
          "sti": 4,
          "dti": 88,
          "sco": 44,
          "dco": 518,
          "txt": "Antar"
        },
        {
          "si": 5,
          "sti": 5,
          "dti": 89,
          "sco": 50,
          "dco": 524,
          "txt": "brachte"
        },
        {
          "si": 5,
          "sti": 6,
          "dti": 90,
          "sco": 58,
          "dco": 532,
          "txt": "in"
        },
        {
          "si": 5,
          "sti": 7,
          "dti": 91,
          "sco": 61,
          "dco": 535,
          "txt": "der"
        },
        {
          "si": 5,
          "sti": 8,
          "dti": 92,
          "sco": 65,
          "dco": 539,
          "txt": "ersten"
        },
        {
          "si": 5,
          "sti": 9,
          "dti": 93,
          "sco": 72,
          "dco": 546,
          "txt": "Halbzeit"
        },
        {
          "si": 5,
          "sti": 10,
          "dti": 94,
          "sco": 81,
          "dco": 555,
          "txt": "einige"
        },
        {
          "si": 5,
          "sti": 11,
          "dti": 95,
          "sco": 88,
          "dco": 562,
          "txt": "Male"
        },
        {
          "si": 5,
          "sti": 12,
          "dti": 96,
          "sco": 93,
          "dco": 567,
          "txt": "das"
        },
        {
          "si": 5,
          "sti": 13,
          "dti": 97,
          "sco": 97,
          "dco": 571,
          "txt": "Tor"
        },
        {
          "si": 5,
          "sti": 14,
          "dti": 98,
          "sco": 101,
          "dco": 575,
          "txt": "der"
        },
        {
          "si": 5,
          "sti": 15,
          "dti": 99,
          "sco": 105,
          "dco": 579,
          "txt": "Malediven"
        },
        {
          "si": 5,
          "sti": 16,
          "dti": 100,
          "sco": 115,
          "dco": 589,
          "txt": "in"
        },
        {
          "si": 5,
          "sti": 17,
          "dti": 101,
          "sco": 118,
          "dco": 592,
          "txt": "Gefahr"
        },
        {
          "si": 5,
          "sti": 18,
          "dti": 102,
          "sco": 124,
          "dco": 598,
          "txt": ","
        },
        {
          "si": 5,
          "sti": 19,
          "dti": 103,
          "sco": 126,
          "dco": 600,
          "txt": "konnte"
        },
        {
          "si": 5,
          "sti": 20,
          "dti": 104,
          "sco": 133,
          "dco": 607,
          "txt": "jedoch"
        },
        {
          "si": 5,
          "sti": 21,
          "dti": 105,
          "sco": 140,
          "dco": 614,
          "txt": "keinen"
        },
        {
          "si": 5,
          "sti": 22,
          "dti": 106,
          "sco": 147,
          "dco": 621,
          "txt": "Treffer"
        },
        {
          "si": 5,
          "sti": 23,
          "dti": 107,
          "sco": 155,
          "dco": 629,
          "txt": "erzielen"
        },
        {
          "si": 5,
          "sti": 24,
          "dti": 108,
          "sco": 163,
          "dco": 637,
          "txt": "."
        },
        {
          "si": 6,
          "sti": 0,
          "dti": 109,
          "sco": 0,
          "dco": 639,
          "txt": "In"
        },
        {
          "si": 6,
          "sti": 1,
          "dti": 110,
          "sco": 3,
          "dco": 642,
          "txt": "der"
        },
        {
          "si": 6,
          "sti": 2,
          "dti": 111,
          "sco": 7,
          "dco": 646,
          "txt": "86"
        },
        {
          "si": 6,
          "sti": 3,
          "dti": 112,
          "sco": 9,
          "dco": 648,
          "txt": "."
        },
        {
          "si": 7,
          "sti": 0,
          "dti": 113,
          "sco": 0,
          "dco": 650,
          "txt": "Minute"
        },
        {
          "si": 7,
          "sti": 1,
          "dti": 114,
          "sco": 7,
          "dco": 657,
          "txt": "war"
        },
        {
          "si": 7,
          "sti": 2,
          "dti": 115,
          "sco": 11,
          "dco": 661,
          "txt": "es"
        },
        {
          "si": 7,
          "sti": 3,
          "dti": 116,
          "sco": 14,
          "dco": 664,
          "txt": "dann"
        },
        {
          "si": 7,
          "sti": 4,
          "dti": 117,
          "sco": 19,
          "dco": 669,
          "txt": "endlich"
        },
        {
          "si": 7,
          "sti": 5,
          "dti": 118,
          "sco": 27,
          "dco": 677,
          "txt": "soweit"
        },
        {
          "si": 7,
          "sti": 6,
          "dti": 119,
          "sco": 33,
          "dco": 683,
          "txt": "."
        },
        {
          "si": 8,
          "sti": 0,
          "dti": 120,
          "sco": 0,
          "dco": 685,
          "txt": "Sein"
        },
        {
          "si": 8,
          "sti": 1,
          "dti": 121,
          "sco": 5,
          "dco": 690,
          "txt": "Kopfball"
        },
        {
          "si": 8,
          "sti": 2,
          "dti": 122,
          "sco": 14,
          "dco": 699,
          "txt": "brachte"
        },
        {
          "si": 8,
          "sti": 3,
          "dti": 123,
          "sco": 22,
          "dco": 707,
          "txt": "die"
        },
        {
          "si": 8,
          "sti": 4,
          "dti": 124,
          "sco": 26,
          "dco": 711,
          "txt": "2"
        },
        {
          "si": 8,
          "sti": 5,
          "dti": 125,
          "sco": 27,
          "dco": 712,
          "txt": ":"
        },
        {
          "si": 8,
          "sti": 6,
          "dti": 126,
          "sco": 28,
          "dco": 713,
          "txt": "0"
        },
        {
          "si": 8,
          "sti": 7,
          "dti": 127,
          "sco": 29,
          "dco": 714,
          "txt": "-"
        },
        {
          "si": 8,
          "sti": 8,
          "dti": 128,
          "sco": 30,
          "dco": 715,
          "txt": "Fuehrung"
        },
        {
          "si": 8,
          "sti": 9,
          "dti": 129,
          "sco": 39,
          "dco": 724,
          "txt": "fuer"
        },
        {
          "si": 8,
          "sti": 10,
          "dti": 130,
          "sco": 44,
          "dco": 729,
          "txt": "den"
        },
        {
          "si": 8,
          "sti": 11,
          "dti": 131,
          "sco": 48,
          "dco": 733,
          "txt": "Libanon"
        },
        {
          "si": 8,
          "sti": 12,
          "dti": 132,
          "sco": 55,
          "dco": 740,
          "txt": "."
        },
        {
          "si": 9,
          "sti": 0,
          "dti": 133,
          "sco": 0,
          "dco": 742,
          "txt": "In"
        },
        {
          "si": 9,
          "sti": 1,
          "dti": 134,
          "sco": 3,
          "dco": 745,
          "txt": "der"
        },
        {
          "si": 9,
          "sti": 2,
          "dti": 135,
          "sco": 7,
          "dco": 749,
          "txt": "92"
        },
        {
          "si": 9,
          "sti": 3,
          "dti": 136,
          "sco": 9,
          "dco": 751,
          "txt": "."
        },
        {
          "si": 10,
          "sti": 0,
          "dti": 137,
          "sco": 0,
          "dco": 753,
          "txt": "Minute"
        },
        {
          "si": 10,
          "sti": 1,
          "dti": 138,
          "sco": 7,
          "dco": 760,
          "txt": "erzielte"
        },
        {
          "si": 10,
          "sti": 2,
          "dti": 139,
          "sco": 16,
          "dco": 769,
          "txt": "dann"
        },
        {
          "si": 10,
          "sti": 3,
          "dti": 140,
          "sco": 21,
          "dco": 774,
          "txt": "Ali"
        },
        {
          "si": 10,
          "sti": 4,
          "dti": 141,
          "sco": 25,
          "dco": 778,
          "txt": "Nasereddine"
        },
        {
          "si": 10,
          "sti": 5,
          "dti": 142,
          "sco": 37,
          "dco": 790,
          "txt": "nach"
        },
        {
          "si": 10,
          "sti": 6,
          "dti": 143,
          "sco": 42,
          "dco": 795,
          "txt": "einem"
        },
        {
          "si": 10,
          "sti": 7,
          "dti": 144,
          "sco": 48,
          "dco": 801,
          "txt": "Zuspiel"
        },
        {
          "si": 10,
          "sti": 8,
          "dti": 145,
          "sco": 56,
          "dco": 809,
          "txt": "Antars"
        },
        {
          "si": 10,
          "sti": 9,
          "dti": 146,
          "sco": 63,
          "dco": 816,
          "txt": "das"
        },
        {
          "si": 10,
          "sti": 10,
          "dti": 147,
          "sco": 67,
          "dco": 820,
          "txt": "dritte"
        },
        {
          "si": 10,
          "sti": 11,
          "dti": 148,
          "sco": 74,
          "dco": 827,
          "txt": "Tor"
        },
        {
          "si": 10,
          "sti": 12,
          "dti": 149,
          "sco": 77,
          "dco": 830,
          "txt": "."
        },
        {
          "si": 11,
          "sti": 0,
          "dti": 150,
          "sco": 0,
          "dco": 832,
          "txt": "Nach"
        },
        {
          "si": 11,
          "sti": 1,
          "dti": 151,
          "sco": 5,
          "dco": 837,
          "txt": "dem"
        },
        {
          "si": 11,
          "sti": 2,
          "dti": 152,
          "sco": 9,
          "dco": 841,
          "txt": "Sieg"
        },
        {
          "si": 11,
          "sti": 3,
          "dti": 153,
          "sco": 14,
          "dco": 846,
          "txt": "liegt"
        },
        {
          "si": 11,
          "sti": 4,
          "dti": 154,
          "sco": 20,
          "dco": 852,
          "txt": "der"
        },
        {
          "si": 11,
          "sti": 5,
          "dti": 155,
          "sco": 24,
          "dco": 856,
          "txt": "Libanon"
        },
        {
          "si": 11,
          "sti": 6,
          "dti": 156,
          "sco": 32,
          "dco": 864,
          "txt": "nun"
        },
        {
          "si": 11,
          "sti": 7,
          "dti": 157,
          "sco": 36,
          "dco": 868,
          "txt": "mit"
        },
        {
          "si": 11,
          "sti": 8,
          "dti": 158,
          "sco": 40,
          "dco": 872,
          "txt": "sechs"
        },
        {
          "si": 11,
          "sti": 9,
          "dti": 159,
          "sco": 46,
          "dco": 878,
          "txt": "Punkten"
        },
        {
          "si": 11,
          "sti": 10,
          "dti": 160,
          "sco": 54,
          "dco": 886,
          "txt": "an"
        },
        {
          "si": 11,
          "sti": 11,
          "dti": 161,
          "sco": 57,
          "dco": 889,
          "txt": "zweiter"
        },
        {
          "si": 11,
          "sti": 12,
          "dti": 162,
          "sco": 65,
          "dco": 897,
          "txt": "Stelle"
        },
        {
          "si": 11,
          "sti": 13,
          "dti": 163,
          "sco": 72,
          "dco": 904,
          "txt": "in"
        },
        {
          "si": 11,
          "sti": 14,
          "dti": 164,
          "sco": 75,
          "dco": 907,
          "txt": "Gruppe"
        },
        {
          "si": 11,
          "sti": 15,
          "dti": 165,
          "sco": 82,
          "dco": 914,
          "txt": "7"
        },
        {
          "si": 11,
          "sti": 16,
          "dti": 166,
          "sco": 83,
          "dco": 915,
          "txt": ","
        },
        {
          "si": 11,
          "sti": 17,
          "dti": 167,
          "sco": 85,
          "dco": 917,
          "txt": "einen"
        },
        {
          "si": 11,
          "sti": 18,
          "dti": 168,
          "sco": 91,
          "dco": 923,
          "txt": "Zaehler"
        },
        {
          "si": 11,
          "sti": 19,
          "dti": 169,
          "sco": 99,
          "dco": 931,
          "txt": "hinter"
        },
        {
          "si": 11,
          "sti": 20,
          "dti": 170,
          "sco": 106,
          "dco": 938,
          "txt": "Tabellenfuehrer"
        },
        {
          "si": 11,
          "sti": 21,
          "dti": 171,
          "sco": 122,
          "dco": 954,
          "txt": "Suedkorea"
        },
        {
          "si": 11,
          "sti": 22,
          "dti": 172,
          "sco": 131,
          "dco": 963,
          "txt": "."
        },
        {
          "si": 12,
          "sti": 0,
          "dti": 173,
          "sco": 0,
          "dco": 965,
          "txt": "Vietnam"
        },
        {
          "si": 12,
          "sti": 1,
          "dti": 174,
          "sco": 8,
          "dco": 973,
          "txt": "hat"
        },
        {
          "si": 12,
          "sti": 2,
          "dti": 175,
          "sco": 12,
          "dco": 977,
          "txt": "drei"
        },
        {
          "si": 12,
          "sti": 3,
          "dti": 176,
          "sco": 17,
          "dco": 982,
          "txt": "Punkte"
        },
        {
          "si": 12,
          "sti": 4,
          "dti": 177,
          "sco": 23,
          "dco": 988,
          "txt": ","
        },
        {
          "si": 12,
          "sti": 5,
          "dti": 178,
          "sco": 25,
          "dco": 990,
          "txt": "waehrend"
        },
        {
          "si": 12,
          "sti": 6,
          "dti": 179,
          "sco": 34,
          "dco": 999,
          "txt": "die"
        },
        {
          "si": 12,
          "sti": 7,
          "dti": 180,
          "sco": 38,
          "dco": 1003,
          "txt": "Malediven"
        },
        {
          "si": 12,
          "sti": 8,
          "dti": 181,
          "sco": 48,
          "dco": 1013,
          "txt": "bisher"
        },
        {
          "si": 12,
          "sti": 9,
          "dti": 182,
          "sco": 55,
          "dco": 1020,
          "txt": "erst"
        },
        {
          "si": 12,
          "sti": 10,
          "dti": 183,
          "sco": 60,
          "dco": 1025,
          "txt": "einen"
        },
        {
          "si": 12,
          "sti": 11,
          "dti": 184,
          "sco": 66,
          "dco": 1031,
          "txt": "Punkt"
        },
        {
          "si": 12,
          "sti": 12,
          "dti": 185,
          "sco": 72,
          "dco": 1037,
          "txt": "holen"
        },
        {
          "si": 12,
          "sti": 13,
          "dti": 186,
          "sco": 78,
          "dco": 1043,
          "txt": "konnten"
        },
        {
          "si": 12,
          "sti": 14,
          "dti": 187,
          "sco": 85,
          "dco": 1050,
          "txt": "."
        },
        {
          "si": 13,
          "sti": 0,
          "dti": 188,
          "sco": 0,
          "dco": 1052,
          "txt": "Nur"
        },
        {
          "si": 13,
          "sti": 1,
          "dti": 189,
          "sco": 4,
          "dco": 1056,
          "txt": "der"
        },
        {
          "si": 13,
          "sti": 2,
          "dti": 190,
          "sco": 8,
          "dco": 1060,
          "txt": "Gruppensieger"
        },
        {
          "si": 13,
          "sti": 3,
          "dti": 191,
          "sco": 22,
          "dco": 1074,
          "txt": "gelangt"
        },
        {
          "si": 13,
          "sti": 4,
          "dti": 192,
          "sco": 30,
          "dco": 1082,
          "txt": "in"
        },
        {
          "si": 13,
          "sti": 5,
          "dti": 193,
          "sco": 33,
          "dco": 1085,
          "txt": "die"
        },
        {
          "si": 13,
          "sti": 6,
          "dti": 194,
          "sco": 37,
          "dco": 1089,
          "txt": "naechste"
        },
        {
          "si": 13,
          "sti": 7,
          "dti": 195,
          "sco": 46,
          "dco": 1098,
          "txt": "Qualifikationsrunde"
        },
        {
          "si": 13,
          "sti": 8,
          "dti": 196,
          "sco": 65,
          "dco": 1117,
          "txt": "."
        }
      ]
    },
    "ganns": {
      "dla": [],
      "la": [],
      "ea": [],
      "eta": [
        {
          "ra": {
            "ea": {
              "etn": "Goal"
            }
          },
          "sfs": [
            [
              {
                "stn": "scoreTeamB"
              },
              {
                "ea": {
                  "etn": "0"
                }
              }
            ],
            [
              {
                "stn": "forTeam"
              },
              {
                "ea": {
                  "etn": "Libanon"
                }
              }
            ],
            [
              {
                "stn": "scoreTeamA"
              },
              {
                "ea": {
                  "etn": "1"
                }
              }
            ],
            [
              {
                "stn": "minute"
              },
              {
                "ea": {
                  "etn": "21"
                }
              }
            ],
            [
              {
                "stn": "scorer"
              },
              {
                "ea": {
                  "etn": "Zein Haitham"
                }
              }
            ]
          ],
          "mfs": {}
        },
        {
          "ra": {
            "ea": {
              "etn": "Goal"
            }
          },
          "sfs": [
            [
              {
                "stn": "scoreTeamB"
              },
              {
                "ea": {
                  "etn": "0"
                }
              }
            ],
            [
              {
                "stn": "forTeam"
              },
              {
                "ea": {
                  "etn": "Libanon"
                }
              }
            ],
            [
              {
                "stn": "scoreTeamA"
              },
              {
                "ea": {
                  "etn": "2"
                }
              }
            ],
            [
              {
                "stn": "minute"
              },
              {
                "ea": {
                  "etn": "87"
                }
              }
            ],
            [
              {
                "stn": "scorer"
              },
              {
                "ea": {
                  "etn": "Antar Roda"
                }
              }
            ]
          ],
          "mfs": {}
        },
        {
          "ra": {
            "ea": {
              "etn": "Goal"
            }
          },
          "sfs": [
            [
              {
                "stn": "scoreTeamB"
              },
              {
                "ea": {
                  "etn": "0"
                }
              }
            ],
            [
              {
                "stn": "forTeam"
              },
              {
                "ea": {
                  "etn": "Libanon"
                }
              }
            ],
            [
              {
                "stn": "scoreTeamA"
              },
              {
                "ea": {
                  "etn": "3"
                }
              }
            ],
            [
              {
                "stn": "minute"
              },
              {
                "ea": {
                  "etn": "93"
                }
              }
            ],
            [
              {
                "stn": "scorer"
              },
              {
                "ea": {
                  "etn": "Nasseredine Ali"
                }
              }
            ]
          ],
          "mfs": {}
        }
      ]
    }
  }
]
