[
  {
    "context": "UNSPECIFIED",
    "doc": {
      "id": "de_mr36661_struct",
      "tl": [
        {
          "si": 0,
          "sti": 0,
          "dti": 0,
          "sco": 0,
          "dco": 0,
          "txt": "Spanien"
        },
        {
          "si": 0,
          "sti": 1,
          "dti": 1,
          "sco": 8,
          "dco": 8,
          "txt": "wieder"
        },
        {
          "si": 0,
          "sti": 2,
          "dti": 2,
          "sco": 15,
          "dco": 15,
          "txt": "auf"
        },
        {
          "si": 0,
          "sti": 3,
          "dti": 3,
          "sco": 19,
          "dco": 19,
          "txt": "Kurs"
        },
        {
          "si": 0,
          "sti": 4,
          "dti": 4,
          "sco": 23,
          "dco": 23,
          "txt": "."
        },
        {
          "si": 1,
          "sti": 0,
          "dti": 5,
          "sco": 0,
          "dco": 25,
          "txt": "Nur"
        },
        {
          "si": 1,
          "sti": 1,
          "dti": 6,
          "sco": 4,
          "dco": 29,
          "txt": "mit"
        },
        {
          "si": 1,
          "sti": 2,
          "dti": 7,
          "sco": 8,
          "dco": 33,
          "txt": "Muehe"
        },
        {
          "si": 1,
          "sti": 3,
          "dti": 8,
          "sco": 14,
          "dco": 39,
          "txt": "kam"
        },
        {
          "si": 1,
          "sti": 4,
          "dti": 9,
          "sco": 18,
          "dco": 43,
          "txt": "Spanien"
        },
        {
          "si": 1,
          "sti": 5,
          "dti": 10,
          "sco": 26,
          "dco": 51,
          "txt": "am"
        },
        {
          "si": 1,
          "sti": 6,
          "dti": 11,
          "sco": 29,
          "dco": 54,
          "txt": "Samstag"
        },
        {
          "si": 1,
          "sti": 7,
          "dti": 12,
          "sco": 37,
          "dco": 62,
          "txt": "in"
        },
        {
          "si": 1,
          "sti": 8,
          "dti": 13,
          "sco": 40,
          "dco": 65,
          "txt": "Gruppe"
        },
        {
          "si": 1,
          "sti": 9,
          "dti": 14,
          "sco": 47,
          "dco": 72,
          "txt": "7"
        },
        {
          "si": 1,
          "sti": 10,
          "dti": 15,
          "sco": 49,
          "dco": 74,
          "txt": "der"
        },
        {
          "si": 1,
          "sti": 11,
          "dti": 16,
          "sco": 53,
          "dco": 78,
          "txt": "Europa"
        },
        {
          "si": 1,
          "sti": 12,
          "dti": 17,
          "sco": 59,
          "dco": 84,
          "txt": "-"
        },
        {
          "si": 1,
          "sti": 13,
          "dti": 18,
          "sco": 60,
          "dco": 85,
          "txt": "Zone"
        },
        {
          "si": 1,
          "sti": 14,
          "dti": 19,
          "sco": 65,
          "dco": 90,
          "txt": "zu"
        },
        {
          "si": 1,
          "sti": 15,
          "dti": 20,
          "sco": 68,
          "dco": 93,
          "txt": "einem"
        },
        {
          "si": 1,
          "sti": 16,
          "dti": 21,
          "sco": 74,
          "dco": 99,
          "txt": "knappen"
        },
        {
          "si": 1,
          "sti": 17,
          "dti": 22,
          "sco": 82,
          "dco": 107,
          "txt": "1"
        },
        {
          "si": 1,
          "sti": 18,
          "dti": 23,
          "sco": 83,
          "dco": 108,
          "txt": ":"
        },
        {
          "si": 1,
          "sti": 19,
          "dti": 24,
          "sco": 84,
          "dco": 109,
          "txt": "0"
        },
        {
          "si": 1,
          "sti": 20,
          "dti": 25,
          "sco": 86,
          "dco": 111,
          "txt": "gegen"
        },
        {
          "si": 1,
          "sti": 21,
          "dti": 26,
          "sco": 92,
          "dco": 117,
          "txt": "Litauen"
        },
        {
          "si": 1,
          "sti": 22,
          "dti": 27,
          "sco": 99,
          "dco": 124,
          "txt": "."
        },
        {
          "si": 2,
          "sti": 0,
          "dti": 28,
          "sco": 0,
          "dco": 126,
          "txt": "Durch"
        },
        {
          "si": 2,
          "sti": 1,
          "dti": 29,
          "sco": 6,
          "dco": 132,
          "txt": "diesen"
        },
        {
          "si": 2,
          "sti": 2,
          "dti": 30,
          "sco": 13,
          "dco": 139,
          "txt": "Sieg"
        },
        {
          "si": 2,
          "sti": 3,
          "dti": 31,
          "sco": 18,
          "dco": 144,
          "txt": "im"
        },
        {
          "si": 2,
          "sti": 4,
          "dti": 32,
          "sco": 21,
          "dco": 147,
          "txt": "wichtigen"
        },
        {
          "si": 2,
          "sti": 5,
          "dti": 33,
          "sco": 31,
          "dco": 157,
          "txt": "Qualifikationsspiel"
        },
        {
          "si": 2,
          "sti": 6,
          "dti": 34,
          "sco": 51,
          "dco": 177,
          "txt": "zur"
        },
        {
          "si": 2,
          "sti": 7,
          "dti": 35,
          "sco": 55,
          "dco": 181,
          "txt": "FIFA"
        },
        {
          "si": 2,
          "sti": 8,
          "dti": 36,
          "sco": 60,
          "dco": 186,
          "txt": "Fussball"
        },
        {
          "si": 2,
          "sti": 9,
          "dti": 37,
          "sco": 68,
          "dco": 194,
          "txt": "-"
        },
        {
          "si": 2,
          "sti": 10,
          "dti": 38,
          "sco": 69,
          "dco": 195,
          "txt": "Weltmeisterschaft"
        },
        {
          "si": 2,
          "sti": 11,
          "dti": 39,
          "sco": 87,
          "dco": 213,
          "txt": "Deutschland"
        },
        {
          "si": 2,
          "sti": 12,
          "dti": 40,
          "sco": 99,
          "dco": 225,
          "txt": "2006"
        },
        {
          "si": 2,
          "sti": 13,
          "dti": 41,
          "sco": 104,
          "dco": 230,
          "txt": "sind"
        },
        {
          "si": 2,
          "sti": 14,
          "dti": 42,
          "sco": 109,
          "dco": 235,
          "txt": "die"
        },
        {
          "si": 2,
          "sti": 15,
          "dti": 43,
          "sco": 113,
          "dco": 239,
          "txt": "Iberer"
        },
        {
          "si": 2,
          "sti": 16,
          "dti": 44,
          "sco": 120,
          "dco": 246,
          "txt": "jetzt"
        },
        {
          "si": 2,
          "sti": 17,
          "dti": 45,
          "sco": 126,
          "dco": 252,
          "txt": "wieder"
        },
        {
          "si": 2,
          "sti": 18,
          "dti": 46,
          "sco": 133,
          "dco": 259,
          "txt": "auf"
        },
        {
          "si": 2,
          "sti": 19,
          "dti": 47,
          "sco": 137,
          "dco": 263,
          "txt": "Endrundenkurs"
        },
        {
          "si": 2,
          "sti": 20,
          "dti": 48,
          "sco": 150,
          "dco": 276,
          "txt": "."
        },
        {
          "si": 3,
          "sti": 0,
          "dti": 49,
          "sco": 0,
          "dco": 278,
          "txt": "Das"
        },
        {
          "si": 3,
          "sti": 1,
          "dti": 50,
          "sco": 4,
          "dco": 282,
          "txt": "Siegtor"
        },
        {
          "si": 3,
          "sti": 2,
          "dti": 51,
          "sco": 12,
          "dco": 290,
          "txt": "in"
        },
        {
          "si": 3,
          "sti": 3,
          "dti": 52,
          "sco": 15,
          "dco": 293,
          "txt": "der"
        },
        {
          "si": 3,
          "sti": 4,
          "dti": 53,
          "sco": 19,
          "dco": 297,
          "txt": "68"
        },
        {
          "si": 3,
          "sti": 5,
          "dti": 54,
          "sco": 21,
          "dco": 299,
          "txt": "."
        },
        {
          "si": 4,
          "sti": 0,
          "dti": 55,
          "sco": 0,
          "dco": 301,
          "txt": "Minute"
        },
        {
          "si": 4,
          "sti": 1,
          "dti": 56,
          "sco": 7,
          "dco": 308,
          "txt": "war"
        },
        {
          "si": 4,
          "sti": 2,
          "dti": 57,
          "sco": 11,
          "dco": 312,
          "txt": "Albert"
        },
        {
          "si": 4,
          "sti": 3,
          "dti": 58,
          "sco": 18,
          "dco": 319,
          "txt": "Luque"
        },
        {
          "si": 4,
          "sti": 4,
          "dti": 59,
          "sco": 24,
          "dco": 325,
          "txt": "vorbehalten"
        },
        {
          "si": 4,
          "sti": 5,
          "dti": 60,
          "sco": 35,
          "dco": 336,
          "txt": "."
        },
        {
          "si": 5,
          "sti": 0,
          "dti": 61,
          "sco": 0,
          "dco": 338,
          "txt": "Ihm"
        },
        {
          "si": 5,
          "sti": 1,
          "dti": 62,
          "sco": 4,
          "dco": 342,
          "txt": "gelang"
        },
        {
          "si": 5,
          "sti": 2,
          "dti": 63,
          "sco": 10,
          "dco": 348,
          "txt": ","
        },
        {
          "si": 5,
          "sti": 3,
          "dti": 64,
          "sco": 12,
          "dco": 350,
          "txt": "was"
        },
        {
          "si": 5,
          "sti": 4,
          "dti": 65,
          "sco": 16,
          "dco": 354,
          "txt": "Ral"
        },
        {
          "si": 5,
          "sti": 5,
          "dti": 66,
          "sco": 20,
          "dco": 358,
          "txt": "und"
        },
        {
          "si": 5,
          "sti": 6,
          "dti": 67,
          "sco": 24,
          "dco": 362,
          "txt": "Fernando"
        },
        {
          "si": 5,
          "sti": 7,
          "dti": 68,
          "sco": 33,
          "dco": 371,
          "txt": "Torres"
        },
        {
          "si": 5,
          "sti": 8,
          "dti": 69,
          "sco": 40,
          "dco": 378,
          "txt": "zuvor"
        },
        {
          "si": 5,
          "sti": 9,
          "dti": 70,
          "sco": 46,
          "dco": 384,
          "txt": "trotz"
        },
        {
          "si": 5,
          "sti": 10,
          "dti": 71,
          "sco": 52,
          "dco": 390,
          "txt": "hervorragender"
        },
        {
          "si": 5,
          "sti": 11,
          "dti": 72,
          "sco": 67,
          "dco": 405,
          "txt": "Unterstuetzung"
        },
        {
          "si": 5,
          "sti": 12,
          "dti": 73,
          "sco": 82,
          "dco": 420,
          "txt": "aus"
        },
        {
          "si": 5,
          "sti": 13,
          "dti": 74,
          "sco": 86,
          "dco": 424,
          "txt": "dem"
        },
        {
          "si": 5,
          "sti": 14,
          "dti": 75,
          "sco": 90,
          "dco": 428,
          "txt": "Mittelfeld"
        },
        {
          "si": 5,
          "sti": 15,
          "dti": 76,
          "sco": 101,
          "dco": 439,
          "txt": "vor"
        },
        {
          "si": 5,
          "sti": 16,
          "dti": 77,
          "sco": 105,
          "dco": 443,
          "txt": "allem"
        },
        {
          "si": 5,
          "sti": 17,
          "dti": 78,
          "sco": 111,
          "dco": 449,
          "txt": "durch"
        },
        {
          "si": 5,
          "sti": 18,
          "dti": 79,
          "sco": 117,
          "dco": 455,
          "txt": "Xavi"
        },
        {
          "si": 5,
          "sti": 19,
          "dti": 80,
          "sco": 122,
          "dco": 460,
          "txt": "Hernndez"
        },
        {
          "si": 5,
          "sti": 20,
          "dti": 81,
          "sco": 131,
          "dco": 469,
          "txt": "und"
        },
        {
          "si": 5,
          "sti": 21,
          "dti": 82,
          "sco": 135,
          "dco": 473,
          "txt": "Vicente"
        },
        {
          "si": 5,
          "sti": 22,
          "dti": 83,
          "sco": 143,
          "dco": 481,
          "txt": "partout"
        },
        {
          "si": 5,
          "sti": 23,
          "dti": 84,
          "sco": 151,
          "dco": 489,
          "txt": "nicht"
        },
        {
          "si": 5,
          "sti": 24,
          "dti": 85,
          "sco": 157,
          "dco": 495,
          "txt": "hatte"
        },
        {
          "si": 5,
          "sti": 25,
          "dti": 86,
          "sco": 163,
          "dco": 501,
          "txt": "gluecken"
        },
        {
          "si": 5,
          "sti": 26,
          "dti": 87,
          "sco": 172,
          "dco": 510,
          "txt": "wollen"
        },
        {
          "si": 5,
          "sti": 27,
          "dti": 88,
          "sco": 178,
          "dco": 516,
          "txt": "."
        },
        {
          "si": 6,
          "sti": 0,
          "dti": 89,
          "sco": 0,
          "dco": 518,
          "txt": "Die"
        },
        {
          "si": 6,
          "sti": 1,
          "dti": 90,
          "sco": 4,
          "dco": 522,
          "txt": "spanische"
        },
        {
          "si": 6,
          "sti": 2,
          "dti": 91,
          "sco": 14,
          "dco": 532,
          "txt": "Ueberlegenheit"
        },
        {
          "si": 6,
          "sti": 3,
          "dti": 92,
          "sco": 29,
          "dco": 547,
          "txt": "war"
        },
        {
          "si": 6,
          "sti": 4,
          "dti": 93,
          "sco": 33,
          "dco": 551,
          "txt": "deutlich"
        },
        {
          "si": 6,
          "sti": 5,
          "dti": 94,
          "sco": 41,
          "dco": 559,
          "txt": ","
        },
        {
          "si": 6,
          "sti": 6,
          "dti": 95,
          "sco": 43,
          "dco": 561,
          "txt": "aber"
        },
        {
          "si": 6,
          "sti": 7,
          "dti": 96,
          "sco": 48,
          "dco": 566,
          "txt": "die"
        },
        {
          "si": 6,
          "sti": 8,
          "dti": 97,
          "sco": 52,
          "dco": 570,
          "txt": "Litauer"
        },
        {
          "si": 6,
          "sti": 9,
          "dti": 98,
          "sco": 60,
          "dco": 578,
          "txt": "liessen"
        },
        {
          "si": 6,
          "sti": 10,
          "dti": 99,
          "sco": 68,
          "dco": 586,
          "txt": "sich"
        },
        {
          "si": 6,
          "sti": 11,
          "dti": 100,
          "sco": 73,
          "dco": 591,
          "txt": "nicht"
        },
        {
          "si": 6,
          "sti": 12,
          "dti": 101,
          "sco": 79,
          "dco": 597,
          "txt": "einschuechtern"
        },
        {
          "si": 6,
          "sti": 13,
          "dti": 102,
          "sco": 93,
          "dco": 611,
          "txt": "."
        },
        {
          "si": 7,
          "sti": 0,
          "dti": 103,
          "sco": 0,
          "dco": 613,
          "txt": "Ja"
        },
        {
          "si": 7,
          "sti": 1,
          "dti": 104,
          "sco": 2,
          "dco": 615,
          "txt": ","
        },
        {
          "si": 7,
          "sti": 2,
          "dti": 105,
          "sco": 4,
          "dco": 617,
          "txt": "mit"
        },
        {
          "si": 7,
          "sti": 3,
          "dti": 106,
          "sco": 8,
          "dco": 621,
          "txt": "ihrem"
        },
        {
          "si": 7,
          "sti": 4,
          "dti": 107,
          "sco": 14,
          "dco": 627,
          "txt": "ersten"
        },
        {
          "si": 7,
          "sti": 5,
          "dti": 108,
          "sco": 21,
          "dco": 634,
          "txt": "Schuss"
        },
        {
          "si": 7,
          "sti": 6,
          "dti": 109,
          "sco": 28,
          "dco": 641,
          "txt": "aufs"
        },
        {
          "si": 7,
          "sti": 7,
          "dti": 110,
          "sco": 33,
          "dco": 646,
          "txt": "Tor"
        },
        {
          "si": 7,
          "sti": 8,
          "dti": 111,
          "sco": 37,
          "dco": 650,
          "txt": "gelang"
        },
        {
          "si": 7,
          "sti": 9,
          "dti": 112,
          "sco": 44,
          "dco": 657,
          "txt": "ihnen"
        },
        {
          "si": 7,
          "sti": 10,
          "dti": 113,
          "sco": 50,
          "dco": 663,
          "txt": "sogar"
        },
        {
          "si": 7,
          "sti": 11,
          "dti": 114,
          "sco": 56,
          "dco": 669,
          "txt": "kurzzeitig"
        },
        {
          "si": 7,
          "sti": 12,
          "dti": 115,
          "sco": 67,
          "dco": 680,
          "txt": "die"
        },
        {
          "si": 7,
          "sti": 13,
          "dti": 116,
          "sco": 71,
          "dco": 684,
          "txt": "Ueberraschung"
        },
        {
          "si": 7,
          "sti": 14,
          "dti": 117,
          "sco": 84,
          "dco": 697,
          "txt": ","
        },
        {
          "si": 7,
          "sti": 15,
          "dti": 118,
          "sco": 86,
          "dco": 699,
          "txt": "aber"
        },
        {
          "si": 7,
          "sti": 16,
          "dti": 119,
          "sco": 91,
          "dco": 704,
          "txt": "der"
        },
        {
          "si": 7,
          "sti": 17,
          "dti": 120,
          "sco": 95,
          "dco": 708,
          "txt": "vermeintliche"
        },
        {
          "si": 7,
          "sti": 18,
          "dti": 121,
          "sco": 109,
          "dco": 722,
          "txt": "Treffer"
        },
        {
          "si": 7,
          "sti": 19,
          "dti": 122,
          "sco": 117,
          "dco": 730,
          "txt": "von"
        },
        {
          "si": 7,
          "sti": 20,
          "dti": 123,
          "sco": 121,
          "dco": 734,
          "txt": "Poskus"
        },
        {
          "si": 7,
          "sti": 21,
          "dti": 124,
          "sco": 128,
          "dco": 741,
          "txt": "wurde"
        },
        {
          "si": 7,
          "sti": 22,
          "dti": 125,
          "sco": 134,
          "dco": 747,
          "txt": "vom"
        },
        {
          "si": 7,
          "sti": 23,
          "dti": 126,
          "sco": 138,
          "dco": 751,
          "txt": "italienischen"
        },
        {
          "si": 7,
          "sti": 24,
          "dti": 127,
          "sco": 152,
          "dco": 765,
          "txt": "Schiedsrichter"
        },
        {
          "si": 7,
          "sti": 25,
          "dti": 128,
          "sco": 167,
          "dco": 780,
          "txt": "wegen"
        },
        {
          "si": 7,
          "sti": 26,
          "dti": 129,
          "sco": 173,
          "dco": 786,
          "txt": "Abseits"
        },
        {
          "si": 7,
          "sti": 27,
          "dti": 130,
          "sco": 181,
          "dco": 794,
          "txt": "nicht"
        },
        {
          "si": 7,
          "sti": 28,
          "dti": 131,
          "sco": 187,
          "dco": 800,
          "txt": "anerkannt"
        },
        {
          "si": 7,
          "sti": 29,
          "dti": 132,
          "sco": 196,
          "dco": 809,
          "txt": "."
        },
        {
          "si": 8,
          "sti": 0,
          "dti": 133,
          "sco": 0,
          "dco": 811,
          "txt": "Nach"
        },
        {
          "si": 8,
          "sti": 1,
          "dti": 134,
          "sco": 5,
          "dco": 816,
          "txt": "einer"
        },
        {
          "si": 8,
          "sti": 2,
          "dti": 135,
          "sco": 11,
          "dco": 822,
          "txt": "Stunde"
        },
        {
          "si": 8,
          "sti": 3,
          "dti": 136,
          "sco": 18,
          "dco": 829,
          "txt": "setzte"
        },
        {
          "si": 8,
          "sti": 4,
          "dti": 137,
          "sco": 25,
          "dco": 836,
          "txt": "Trainer"
        },
        {
          "si": 8,
          "sti": 5,
          "dti": 138,
          "sco": 33,
          "dco": 844,
          "txt": "Luis"
        },
        {
          "si": 8,
          "sti": 6,
          "dti": 139,
          "sco": 38,
          "dco": 849,
          "txt": "Aragones"
        },
        {
          "si": 8,
          "sti": 7,
          "dti": 140,
          "sco": 47,
          "dco": 858,
          "txt": "mit"
        },
        {
          "si": 8,
          "sti": 8,
          "dti": 141,
          "sco": 51,
          "dco": 862,
          "txt": "seinen"
        },
        {
          "si": 8,
          "sti": 9,
          "dti": 142,
          "sco": 58,
          "dco": 869,
          "txt": "Einwechslungen"
        },
        {
          "si": 8,
          "sti": 10,
          "dti": 143,
          "sco": 73,
          "dco": 884,
          "txt": "ein"
        },
        {
          "si": 8,
          "sti": 11,
          "dti": 144,
          "sco": 77,
          "dco": 888,
          "txt": "deutliches"
        },
        {
          "si": 8,
          "sti": 12,
          "dti": 145,
          "sco": 88,
          "dco": 899,
          "txt": "Zeichen"
        },
        {
          "si": 8,
          "sti": 13,
          "dti": 146,
          "sco": 95,
          "dco": 906,
          "txt": ":"
        },
        {
          "si": 8,
          "sti": 14,
          "dti": 147,
          "sco": 97,
          "dco": 908,
          "txt": "Luis"
        },
        {
          "si": 8,
          "sti": 15,
          "dti": 148,
          "sco": 102,
          "dco": 913,
          "txt": "Garcia"
        },
        {
          "si": 8,
          "sti": 16,
          "dti": 149,
          "sco": 109,
          "dco": 920,
          "txt": "und"
        },
        {
          "si": 8,
          "sti": 17,
          "dti": 150,
          "sco": 113,
          "dco": 924,
          "txt": "Luque"
        },
        {
          "si": 8,
          "sti": 18,
          "dti": 151,
          "sco": 119,
          "dco": 930,
          "txt": "ersetzten"
        },
        {
          "si": 8,
          "sti": 19,
          "dti": 152,
          "sco": 129,
          "dco": 940,
          "txt": "das"
        },
        {
          "si": 8,
          "sti": 20,
          "dti": 153,
          "sco": 133,
          "dco": 944,
          "txt": "Tandem"
        },
        {
          "si": 8,
          "sti": 21,
          "dti": 154,
          "sco": 140,
          "dco": 951,
          "txt": "aus"
        },
        {
          "si": 8,
          "sti": 22,
          "dti": 155,
          "sco": 144,
          "dco": 955,
          "txt": "Del"
        },
        {
          "si": 8,
          "sti": 23,
          "dti": 156,
          "sco": 148,
          "dco": 959,
          "txt": "Horno"
        },
        {
          "si": 8,
          "sti": 24,
          "dti": 157,
          "sco": 154,
          "dco": 965,
          "txt": "und"
        },
        {
          "si": 8,
          "sti": 25,
          "dti": 158,
          "sco": 158,
          "dco": 969,
          "txt": "Torres"
        },
        {
          "si": 8,
          "sti": 26,
          "dti": 159,
          "sco": 165,
          "dco": 976,
          "txt": "auf"
        },
        {
          "si": 8,
          "sti": 27,
          "dti": 160,
          "sco": 169,
          "dco": 980,
          "txt": "der"
        },
        {
          "si": 8,
          "sti": 28,
          "dti": 161,
          "sco": 173,
          "dco": 984,
          "txt": "rechten"
        },
        {
          "si": 8,
          "sti": 29,
          "dti": 162,
          "sco": 181,
          "dco": 992,
          "txt": "Seite"
        },
        {
          "si": 8,
          "sti": 30,
          "dti": 163,
          "sco": 186,
          "dco": 997,
          "txt": "."
        },
        {
          "si": 9,
          "sti": 0,
          "dti": 164,
          "sco": 0,
          "dco": 999,
          "txt": "Wenige"
        },
        {
          "si": 9,
          "sti": 1,
          "dti": 165,
          "sco": 7,
          "dco": 1006,
          "txt": "Minuten"
        },
        {
          "si": 9,
          "sti": 2,
          "dti": 166,
          "sco": 15,
          "dco": 1014,
          "txt": "nach"
        },
        {
          "si": 9,
          "sti": 3,
          "dti": 167,
          "sco": 20,
          "dco": 1019,
          "txt": "seiner"
        },
        {
          "si": 9,
          "sti": 4,
          "dti": 168,
          "sco": 27,
          "dco": 1026,
          "txt": "Einwechslung"
        },
        {
          "si": 9,
          "sti": 5,
          "dti": 169,
          "sco": 40,
          "dco": 1039,
          "txt": "bedankte"
        },
        {
          "si": 9,
          "sti": 6,
          "dti": 170,
          "sco": 49,
          "dco": 1048,
          "txt": "sich"
        },
        {
          "si": 9,
          "sti": 7,
          "dti": 171,
          "sco": 54,
          "dco": 1053,
          "txt": "besagter"
        },
        {
          "si": 9,
          "sti": 8,
          "dti": 172,
          "sco": 63,
          "dco": 1062,
          "txt": "Luque"
        },
        {
          "si": 9,
          "sti": 9,
          "dti": 173,
          "sco": 69,
          "dco": 1068,
          "txt": "dann"
        },
        {
          "si": 9,
          "sti": 10,
          "dti": 174,
          "sco": 74,
          "dco": 1073,
          "txt": "mit"
        },
        {
          "si": 9,
          "sti": 11,
          "dti": 175,
          "sco": 78,
          "dco": 1077,
          "txt": "dem"
        },
        {
          "si": 9,
          "sti": 12,
          "dti": 176,
          "sco": 82,
          "dco": 1081,
          "txt": "Siegtor"
        },
        {
          "si": 9,
          "sti": 13,
          "dti": 177,
          "sco": 89,
          "dco": 1088,
          "txt": ","
        },
        {
          "si": 9,
          "sti": 14,
          "dti": 178,
          "sco": 91,
          "dco": 1090,
          "txt": "wobei"
        },
        {
          "si": 9,
          "sti": 15,
          "dti": 179,
          "sco": 97,
          "dco": 1096,
          "txt": "er"
        },
        {
          "si": 9,
          "sti": 16,
          "dti": 180,
          "sco": 100,
          "dco": 1099,
          "txt": "von"
        },
        {
          "si": 9,
          "sti": 17,
          "dti": 181,
          "sco": 104,
          "dco": 1103,
          "txt": "seinem"
        },
        {
          "si": 9,
          "sti": 18,
          "dti": 182,
          "sco": 111,
          "dco": 1110,
          "txt": "Mannschaftskapitaen"
        },
        {
          "si": 9,
          "sti": 19,
          "dti": 183,
          "sco": 131,
          "dco": 1130,
          "txt": "Ral"
        },
        {
          "si": 9,
          "sti": 20,
          "dti": 184,
          "sco": 135,
          "dco": 1134,
          "txt": "herausragend"
        },
        {
          "si": 9,
          "sti": 21,
          "dti": 185,
          "sco": 148,
          "dco": 1147,
          "txt": "unterstuetzt"
        },
        {
          "si": 9,
          "sti": 22,
          "dti": 186,
          "sco": 161,
          "dco": 1160,
          "txt": "wurde"
        },
        {
          "si": 9,
          "sti": 23,
          "dti": 187,
          "sco": 166,
          "dco": 1165,
          "txt": "."
        },
        {
          "si": 10,
          "sti": 0,
          "dti": 188,
          "sco": 0,
          "dco": 1167,
          "txt": "Spanien"
        },
        {
          "si": 10,
          "sti": 1,
          "dti": 189,
          "sco": 8,
          "dco": 1175,
          "txt": "verlegte"
        },
        {
          "si": 10,
          "sti": 2,
          "dti": 190,
          "sco": 17,
          "dco": 1184,
          "txt": "sich"
        },
        {
          "si": 10,
          "sti": 3,
          "dti": 191,
          "sco": 22,
          "dco": 1189,
          "txt": "in"
        },
        {
          "si": 10,
          "sti": 4,
          "dti": 192,
          "sco": 25,
          "dco": 1192,
          "txt": "der"
        },
        {
          "si": 10,
          "sti": 5,
          "dti": 193,
          "sco": 29,
          "dco": 1196,
          "txt": "Folgezeit"
        },
        {
          "si": 10,
          "sti": 6,
          "dti": 194,
          "sco": 39,
          "dco": 1206,
          "txt": "auf"
        },
        {
          "si": 10,
          "sti": 7,
          "dti": 195,
          "sco": 43,
          "dco": 1210,
          "txt": "die"
        },
        {
          "si": 10,
          "sti": 8,
          "dti": 196,
          "sco": 47,
          "dco": 1214,
          "txt": "Defensive"
        },
        {
          "si": 10,
          "sti": 9,
          "dti": 197,
          "sco": 56,
          "dco": 1223,
          "txt": ","
        },
        {
          "si": 10,
          "sti": 10,
          "dti": 198,
          "sco": 58,
          "dco": 1225,
          "txt": "und"
        },
        {
          "si": 10,
          "sti": 11,
          "dti": 199,
          "sco": 62,
          "dco": 1229,
          "txt": "die"
        },
        {
          "si": 10,
          "sti": 12,
          "dti": 200,
          "sco": 66,
          "dco": 1233,
          "txt": "Litauer"
        },
        {
          "si": 10,
          "sti": 13,
          "dti": 201,
          "sco": 74,
          "dco": 1241,
          "txt": "haetten"
        },
        {
          "si": 10,
          "sti": 14,
          "dti": 202,
          "sco": 82,
          "dco": 1249,
          "txt": "in"
        },
        {
          "si": 10,
          "sti": 15,
          "dti": 203,
          "sco": 85,
          "dco": 1252,
          "txt": "der"
        },
        {
          "si": 10,
          "sti": 16,
          "dti": 204,
          "sco": 89,
          "dco": 1256,
          "txt": "90"
        },
        {
          "si": 10,
          "sti": 17,
          "dti": 205,
          "sco": 91,
          "dco": 1258,
          "txt": "."
        },
        {
          "si": 11,
          "sti": 0,
          "dti": 206,
          "sco": 0,
          "dco": 1260,
          "txt": "Minute"
        },
        {
          "si": 11,
          "sti": 1,
          "dti": 207,
          "sco": 7,
          "dco": 1267,
          "txt": "durch"
        },
        {
          "si": 11,
          "sti": 2,
          "dti": 208,
          "sco": 13,
          "dco": 1273,
          "txt": "Poskus"
        },
        {
          "si": 11,
          "sti": 3,
          "dti": 209,
          "sco": 20,
          "dco": 1280,
          "txt": "durchaus"
        },
        {
          "si": 11,
          "sti": 4,
          "dti": 210,
          "sco": 29,
          "dco": 1289,
          "txt": "noch"
        },
        {
          "si": 11,
          "sti": 5,
          "dti": 211,
          "sco": 34,
          "dco": 1294,
          "txt": "zum"
        },
        {
          "si": 11,
          "sti": 6,
          "dti": 212,
          "sco": 38,
          "dco": 1298,
          "txt": "Ausgleich"
        },
        {
          "si": 11,
          "sti": 7,
          "dti": 213,
          "sco": 48,
          "dco": 1308,
          "txt": "kommen"
        },
        {
          "si": 11,
          "sti": 8,
          "dti": 214,
          "sco": 55,
          "dco": 1315,
          "txt": "koennen"
        },
        {
          "si": 11,
          "sti": 9,
          "dti": 215,
          "sco": 62,
          "dco": 1322,
          "txt": ","
        },
        {
          "si": 11,
          "sti": 10,
          "dti": 216,
          "sco": 64,
          "dco": 1324,
          "txt": "aber"
        },
        {
          "si": 11,
          "sti": 11,
          "dti": 217,
          "sco": 69,
          "dco": 1329,
          "txt": "Casillas"
        },
        {
          "si": 11,
          "sti": 12,
          "dti": 218,
          "sco": 78,
          "dco": 1338,
          "txt": "lenkte"
        },
        {
          "si": 11,
          "sti": 13,
          "dti": 219,
          "sco": 85,
          "dco": 1345,
          "txt": "den"
        },
        {
          "si": 11,
          "sti": 14,
          "dti": 220,
          "sco": 89,
          "dco": 1349,
          "txt": "Ball"
        },
        {
          "si": 11,
          "sti": 15,
          "dti": 221,
          "sco": 94,
          "dco": 1354,
          "txt": "noch"
        },
        {
          "si": 11,
          "sti": 16,
          "dti": 222,
          "sco": 99,
          "dco": 1359,
          "txt": "zur"
        },
        {
          "si": 11,
          "sti": 17,
          "dti": 223,
          "sco": 103,
          "dco": 1363,
          "txt": "Ecke"
        },
        {
          "si": 11,
          "sti": 18,
          "dti": 224,
          "sco": 107,
          "dco": 1367,
          "txt": "."
        },
        {
          "si": 12,
          "sti": 0,
          "dti": 225,
          "sco": 0,
          "dco": 1369,
          "txt": "Auch"
        },
        {
          "si": 12,
          "sti": 1,
          "dti": 226,
          "sco": 5,
          "dco": 1374,
          "txt": "am"
        },
        {
          "si": 12,
          "sti": 2,
          "dti": 227,
          "sco": 8,
          "dco": 1377,
          "txt": "Mittwoch"
        },
        {
          "si": 12,
          "sti": 3,
          "dti": 228,
          "sco": 17,
          "dco": 1386,
          "txt": "treten"
        },
        {
          "si": 12,
          "sti": 4,
          "dti": 229,
          "sco": 24,
          "dco": 1393,
          "txt": "die"
        },
        {
          "si": 12,
          "sti": 5,
          "dti": 230,
          "sco": 28,
          "dco": 1397,
          "txt": "Spanier"
        },
        {
          "si": 12,
          "sti": 6,
          "dti": 231,
          "sco": 36,
          "dco": 1405,
          "txt": "wieder"
        },
        {
          "si": 12,
          "sti": 7,
          "dti": 232,
          "sco": 43,
          "dco": 1412,
          "txt": "im"
        },
        {
          "si": 12,
          "sti": 8,
          "dti": 233,
          "sco": 46,
          "dco": 1415,
          "txt": "Stadion"
        },
        {
          "si": 12,
          "sti": 9,
          "dti": 234,
          "sco": 54,
          "dco": 1423,
          "txt": "Mestalla"
        },
        {
          "si": 12,
          "sti": 10,
          "dti": 235,
          "sco": 63,
          "dco": 1432,
          "txt": "zu"
        },
        {
          "si": 12,
          "sti": 11,
          "dti": 236,
          "sco": 66,
          "dco": 1435,
          "txt": "Valencia"
        },
        {
          "si": 12,
          "sti": 12,
          "dti": 237,
          "sco": 75,
          "dco": 1444,
          "txt": "an"
        },
        {
          "si": 12,
          "sti": 13,
          "dti": 238,
          "sco": 77,
          "dco": 1446,
          "txt": ","
        },
        {
          "si": 12,
          "sti": 14,
          "dti": 239,
          "sco": 79,
          "dco": 1448,
          "txt": "um"
        },
        {
          "si": 12,
          "sti": 15,
          "dti": 240,
          "sco": 82,
          "dco": 1451,
          "txt": "gegen"
        },
        {
          "si": 12,
          "sti": 16,
          "dti": 241,
          "sco": 88,
          "dco": 1457,
          "txt": "Bosnien"
        },
        {
          "si": 12,
          "sti": 17,
          "dti": 242,
          "sco": 95,
          "dco": 1464,
          "txt": "-"
        },
        {
          "si": 12,
          "sti": 18,
          "dti": 243,
          "sco": 96,
          "dco": 1465,
          "txt": "Herzegowina"
        },
        {
          "si": 12,
          "sti": 19,
          "dti": 244,
          "sco": 108,
          "dco": 1477,
          "txt": "zu"
        },
        {
          "si": 12,
          "sti": 20,
          "dti": 245,
          "sco": 111,
          "dco": 1480,
          "txt": "spielen"
        },
        {
          "si": 12,
          "sti": 21,
          "dti": 246,
          "sco": 118,
          "dco": 1487,
          "txt": "."
        }
      ]
    },
    "ganns": {
      "dla": [],
      "la": [],
      "ea": [],
      "eta": [
        {
          "ra": {
            "ea": {
              "etn": "Goal"
            }
          },
          "sfs": [
            [
              {
                "stn": "scoreTeamB"
              },
              {
                "ea": {
                  "etn": "0"
                }
              }
            ],
            [
              {
                "stn": "forTeam"
              },
              {
                "ea": {
                  "etn": "Spanien"
                }
              }
            ],
            [
              {
                "stn": "scoreTeamA"
              },
              {
                "ea": {
                  "etn": "1"
                }
              }
            ],
            [
              {
                "stn": "minute"
              },
              {
                "ea": {
                  "etn": "68"
                }
              }
            ],
            [
              {
                "stn": "scorer"
              },
              {
                "ea": {
                  "etn": "Luque"
                }
              }
            ]
          ],
          "mfs": {}
        }
      ]
    }
  }
]
