[
  {
    "context": "UNSPECIFIED",
    "doc": {
      "id": "de_mr33882_struct",
      "tl": [
        {
          "si": 0,
          "sti": 0,
          "dti": 0,
          "sco": 0,
          "dco": 0,
          "txt": "WM"
        },
        {
          "si": 0,
          "sti": 1,
          "dti": 1,
          "sco": 2,
          "dco": 2,
          "txt": "-"
        },
        {
          "si": 0,
          "sti": 2,
          "dti": 2,
          "sco": 3,
          "dco": 3,
          "txt": "Traum"
        },
        {
          "si": 0,
          "sti": 3,
          "dti": 3,
          "sco": 9,
          "dco": 9,
          "txt": "geht"
        },
        {
          "si": 0,
          "sti": 4,
          "dti": 4,
          "sco": 14,
          "dco": 14,
          "txt": "weiter"
        },
        {
          "si": 0,
          "sti": 5,
          "dti": 5,
          "sco": 20,
          "dco": 20,
          "txt": ":"
        },
        {
          "si": 0,
          "sti": 6,
          "dti": 6,
          "sco": 22,
          "dco": 22,
          "txt": "Chile"
        },
        {
          "si": 0,
          "sti": 7,
          "dti": 7,
          "sco": 28,
          "dco": 28,
          "txt": "besiegt"
        },
        {
          "si": 0,
          "sti": 8,
          "dti": 8,
          "sco": 36,
          "dco": 36,
          "txt": "Venezuela"
        },
        {
          "si": 0,
          "sti": 9,
          "dti": 9,
          "sco": 45,
          "dco": 45,
          "txt": "."
        },
        {
          "si": 1,
          "sti": 0,
          "dti": 10,
          "sco": 0,
          "dco": 47,
          "txt": "SANTIAGO"
        },
        {
          "si": 1,
          "sti": 1,
          "dti": 11,
          "sco": 8,
          "dco": 55,
          "txt": ","
        },
        {
          "si": 1,
          "sti": 2,
          "dti": 12,
          "sco": 10,
          "dco": 57,
          "txt": "8"
        },
        {
          "si": 1,
          "sti": 3,
          "dti": 13,
          "sco": 11,
          "dco": 58,
          "txt": "."
        },
        {
          "si": 2,
          "sti": 0,
          "dti": 14,
          "sco": 0,
          "dco": 60,
          "txt": "Juni"
        },
        {
          "si": 2,
          "sti": 1,
          "dti": 15,
          "sco": 5,
          "dco": 65,
          "txt": "("
        },
        {
          "si": 2,
          "sti": 2,
          "dti": 16,
          "sco": 6,
          "dco": 66,
          "txt": "AFP"
        },
        {
          "si": 2,
          "sti": 3,
          "dti": 17,
          "sco": 9,
          "dco": 69,
          "txt": ")"
        },
        {
          "si": 2,
          "sti": 4,
          "dti": 18,
          "sco": 12,
          "dco": 72,
          "txt": "In"
        },
        {
          "si": 2,
          "sti": 5,
          "dti": 19,
          "sco": 15,
          "dco": 75,
          "txt": "einer"
        },
        {
          "si": 2,
          "sti": 6,
          "dti": 20,
          "sco": 21,
          "dco": 81,
          "txt": "Partie"
        },
        {
          "si": 2,
          "sti": 7,
          "dti": 21,
          "sco": 28,
          "dco": 88,
          "txt": "der"
        },
        {
          "si": 2,
          "sti": 8,
          "dti": 22,
          "sco": 32,
          "dco": 92,
          "txt": "Suedamerika"
        },
        {
          "si": 2,
          "sti": 9,
          "dti": 23,
          "sco": 43,
          "dco": 103,
          "txt": "-"
        },
        {
          "si": 2,
          "sti": 10,
          "dti": 24,
          "sco": 44,
          "dco": 104,
          "txt": "Qualifikation"
        },
        {
          "si": 2,
          "sti": 11,
          "dti": 25,
          "sco": 58,
          "dco": 118,
          "txt": "fuer"
        },
        {
          "si": 2,
          "sti": 12,
          "dti": 26,
          "sco": 63,
          "dco": 123,
          "txt": "die"
        },
        {
          "si": 2,
          "sti": 13,
          "dti": 27,
          "sco": 67,
          "dco": 127,
          "txt": "FIFA"
        },
        {
          "si": 2,
          "sti": 14,
          "dti": 28,
          "sco": 72,
          "dco": 132,
          "txt": "Fussball"
        },
        {
          "si": 2,
          "sti": 15,
          "dti": 29,
          "sco": 80,
          "dco": 140,
          "txt": "-"
        },
        {
          "si": 2,
          "sti": 16,
          "dti": 30,
          "sco": 81,
          "dco": 141,
          "txt": "Weltmeisterschaft"
        },
        {
          "si": 2,
          "sti": 17,
          "dti": 31,
          "sco": 99,
          "dco": 159,
          "txt": "Deutschland"
        },
        {
          "si": 2,
          "sti": 18,
          "dti": 32,
          "sco": 111,
          "dco": 171,
          "txt": "2006"
        },
        {
          "si": 2,
          "sti": 19,
          "dti": 33,
          "sco": 116,
          "dco": 176,
          "txt": "besiegte"
        },
        {
          "si": 2,
          "sti": 20,
          "dti": 34,
          "sco": 125,
          "dco": 185,
          "txt": "Chile"
        },
        {
          "si": 2,
          "sti": 21,
          "dti": 35,
          "sco": 131,
          "dco": 191,
          "txt": "am"
        },
        {
          "si": 2,
          "sti": 22,
          "dti": 36,
          "sco": 134,
          "dco": 194,
          "txt": "Mittwochabend"
        },
        {
          "si": 2,
          "sti": 23,
          "dti": 37,
          "sco": 148,
          "dco": 208,
          "txt": "die"
        },
        {
          "si": 2,
          "sti": 24,
          "dti": 38,
          "sco": 152,
          "dco": 212,
          "txt": "Auswahl"
        },
        {
          "si": 2,
          "sti": 25,
          "dti": 39,
          "sco": 160,
          "dco": 220,
          "txt": "Venezuelas"
        },
        {
          "si": 2,
          "sti": 26,
          "dti": 40,
          "sco": 171,
          "dco": 231,
          "txt": "im"
        },
        {
          "si": 2,
          "sti": 27,
          "dti": 41,
          "sco": 174,
          "dco": 234,
          "txt": "Nationalstadion"
        },
        {
          "si": 2,
          "sti": 28,
          "dti": 42,
          "sco": 190,
          "dco": 250,
          "txt": "von"
        },
        {
          "si": 2,
          "sti": 29,
          "dti": 43,
          "sco": 194,
          "dco": 254,
          "txt": "Santiago"
        },
        {
          "si": 2,
          "sti": 30,
          "dti": 44,
          "sco": 203,
          "dco": 263,
          "txt": "mit"
        },
        {
          "si": 2,
          "sti": 31,
          "dti": 45,
          "sco": 207,
          "dco": 267,
          "txt": "2"
        },
        {
          "si": 2,
          "sti": 32,
          "dti": 46,
          "sco": 208,
          "dco": 268,
          "txt": ":"
        },
        {
          "si": 2,
          "sti": 33,
          "dti": 47,
          "sco": 209,
          "dco": 269,
          "txt": "1"
        },
        {
          "si": 2,
          "sti": 34,
          "dti": 48,
          "sco": 210,
          "dco": 270,
          "txt": "."
        },
        {
          "si": 3,
          "sti": 0,
          "dti": 49,
          "sco": 0,
          "dco": 272,
          "txt": "Die"
        },
        {
          "si": 3,
          "sti": 1,
          "dti": 50,
          "sco": 4,
          "dco": 276,
          "txt": "Tore"
        },
        {
          "si": 3,
          "sti": 2,
          "dti": 51,
          "sco": 9,
          "dco": 281,
          "txt": "fuer"
        },
        {
          "si": 3,
          "sti": 3,
          "dti": 52,
          "sco": 14,
          "dco": 286,
          "txt": "die"
        },
        {
          "si": 3,
          "sti": 4,
          "dti": 53,
          "sco": 18,
          "dco": 290,
          "txt": "Chilenen"
        },
        {
          "si": 3,
          "sti": 5,
          "dti": 54,
          "sco": 27,
          "dco": 299,
          "txt": "erzielte"
        },
        {
          "si": 3,
          "sti": 6,
          "dti": 55,
          "sco": 36,
          "dco": 308,
          "txt": "Luis"
        },
        {
          "si": 3,
          "sti": 7,
          "dti": 56,
          "sco": 41,
          "dco": 313,
          "txt": "Jimnez"
        },
        {
          "si": 3,
          "sti": 8,
          "dti": 57,
          "sco": 48,
          "dco": 320,
          "txt": "in"
        },
        {
          "si": 3,
          "sti": 9,
          "dti": 58,
          "sco": 51,
          "dco": 323,
          "txt": "der"
        },
        {
          "si": 3,
          "sti": 10,
          "dti": 59,
          "sco": 55,
          "dco": 327,
          "txt": "30"
        },
        {
          "si": 3,
          "sti": 11,
          "dti": 60,
          "sco": 57,
          "dco": 329,
          "txt": "."
        },
        {
          "si": 3,
          "sti": 12,
          "dti": 61,
          "sco": 59,
          "dco": 331,
          "txt": "und"
        },
        {
          "si": 3,
          "sti": 13,
          "dti": 62,
          "sco": 63,
          "dco": 335,
          "txt": "in"
        },
        {
          "si": 3,
          "sti": 14,
          "dti": 63,
          "sco": 66,
          "dco": 338,
          "txt": "der"
        },
        {
          "si": 3,
          "sti": 15,
          "dti": 64,
          "sco": 70,
          "dco": 342,
          "txt": "59"
        },
        {
          "si": 3,
          "sti": 16,
          "dti": 65,
          "sco": 72,
          "dco": 344,
          "txt": "."
        },
        {
          "si": 4,
          "sti": 0,
          "dti": 66,
          "sco": 0,
          "dco": 346,
          "txt": "Minute"
        },
        {
          "si": 4,
          "sti": 1,
          "dti": 67,
          "sco": 6,
          "dco": 352,
          "txt": "."
        },
        {
          "si": 5,
          "sti": 0,
          "dti": 68,
          "sco": 0,
          "dco": 354,
          "txt": "Der"
        },
        {
          "si": 5,
          "sti": 1,
          "dti": 69,
          "sco": 4,
          "dco": 358,
          "txt": "Treffer"
        },
        {
          "si": 5,
          "sti": 2,
          "dti": 70,
          "sco": 12,
          "dco": 366,
          "txt": "der"
        },
        {
          "si": 5,
          "sti": 3,
          "dti": 71,
          "sco": 16,
          "dco": 370,
          "txt": "Venezolaner"
        },
        {
          "si": 5,
          "sti": 4,
          "dti": 72,
          "sco": 28,
          "dco": 382,
          "txt": "ging"
        },
        {
          "si": 5,
          "sti": 5,
          "dti": 73,
          "sco": 33,
          "dco": 387,
          "txt": "auf"
        },
        {
          "si": 5,
          "sti": 6,
          "dti": 74,
          "sco": 37,
          "dco": 391,
          "txt": "das"
        },
        {
          "si": 5,
          "sti": 7,
          "dti": 75,
          "sco": 41,
          "dco": 395,
          "txt": "Konto"
        },
        {
          "si": 5,
          "sti": 8,
          "dti": 76,
          "sco": 47,
          "dco": 401,
          "txt": "von"
        },
        {
          "si": 5,
          "sti": 9,
          "dti": 77,
          "sco": 51,
          "dco": 405,
          "txt": "Ruberth"
        },
        {
          "si": 5,
          "sti": 10,
          "dti": 78,
          "sco": 59,
          "dco": 413,
          "txt": "Morn"
        },
        {
          "si": 5,
          "sti": 11,
          "dti": 79,
          "sco": 64,
          "dco": 418,
          "txt": "("
        },
        {
          "si": 5,
          "sti": 12,
          "dti": 80,
          "sco": 65,
          "dco": 419,
          "txt": "82"
        },
        {
          "si": 5,
          "sti": 13,
          "dti": 81,
          "sco": 67,
          "dco": 421,
          "txt": "."
        },
        {
          "si": 5,
          "sti": 14,
          "dti": 82,
          "sco": 68,
          "dco": 422,
          "txt": ")"
        },
        {
          "si": 5,
          "sti": 15,
          "dti": 83,
          "sco": 69,
          "dco": 423,
          "txt": "."
        },
        {
          "si": 6,
          "sti": 0,
          "dti": 84,
          "sco": 0,
          "dco": 425,
          "txt": "Die"
        },
        {
          "si": 6,
          "sti": 1,
          "dti": 85,
          "sco": 4,
          "dco": 429,
          "txt": "Mannschaft"
        },
        {
          "si": 6,
          "sti": 2,
          "dti": 86,
          "sco": 15,
          "dco": 440,
          "txt": "hat"
        },
        {
          "si": 6,
          "sti": 3,
          "dti": 87,
          "sco": 19,
          "dco": 444,
          "txt": "heute"
        },
        {
          "si": 6,
          "sti": 4,
          "dti": 88,
          "sco": 25,
          "dco": 450,
          "txt": "im"
        },
        {
          "si": 6,
          "sti": 5,
          "dti": 89,
          "sco": 28,
          "dco": 453,
          "txt": "Verlauf"
        },
        {
          "si": 6,
          "sti": 6,
          "dti": 90,
          "sco": 36,
          "dco": 461,
          "txt": "des"
        },
        {
          "si": 6,
          "sti": 7,
          "dti": 91,
          "sco": 40,
          "dco": 465,
          "txt": "Spiels"
        },
        {
          "si": 6,
          "sti": 8,
          "dti": 92,
          "sco": 47,
          "dco": 472,
          "txt": "wirklich"
        },
        {
          "si": 6,
          "sti": 9,
          "dti": 93,
          "sco": 56,
          "dco": 481,
          "txt": "alles"
        },
        {
          "si": 6,
          "sti": 10,
          "dti": 94,
          "sco": 62,
          "dco": 487,
          "txt": "gegeben"
        },
        {
          "si": 6,
          "sti": 11,
          "dti": 95,
          "sco": 69,
          "dco": 494,
          "txt": "."
        },
        {
          "si": 7,
          "sti": 0,
          "dti": 96,
          "sco": 0,
          "dco": 496,
          "txt": "Die"
        },
        {
          "si": 7,
          "sti": 1,
          "dti": 97,
          "sco": 4,
          "dco": 500,
          "txt": "Spieler"
        },
        {
          "si": 7,
          "sti": 2,
          "dti": 98,
          "sco": 12,
          "dco": 508,
          "txt": "haben"
        },
        {
          "si": 7,
          "sti": 3,
          "dti": 99,
          "sco": 18,
          "dco": 514,
          "txt": "gut"
        },
        {
          "si": 7,
          "sti": 4,
          "dti": 100,
          "sco": 22,
          "dco": 518,
          "txt": "gearbeitet"
        },
        {
          "si": 7,
          "sti": 5,
          "dti": 101,
          "sco": 32,
          "dco": 528,
          "txt": ","
        },
        {
          "si": 7,
          "sti": 6,
          "dti": 102,
          "sco": 34,
          "dco": 530,
          "txt": "waren"
        },
        {
          "si": 7,
          "sti": 7,
          "dti": 103,
          "sco": 40,
          "dco": 536,
          "txt": "in"
        },
        {
          "si": 7,
          "sti": 8,
          "dti": 104,
          "sco": 43,
          "dco": 539,
          "txt": "diesem"
        },
        {
          "si": 7,
          "sti": 9,
          "dti": 105,
          "sco": 50,
          "dco": 546,
          "txt": "engen"
        },
        {
          "si": 7,
          "sti": 10,
          "dti": 106,
          "sco": 56,
          "dco": 552,
          "txt": "Spiel"
        },
        {
          "si": 7,
          "sti": 11,
          "dti": 107,
          "sco": 62,
          "dco": 558,
          "txt": "genau"
        },
        {
          "si": 7,
          "sti": 12,
          "dti": 108,
          "sco": 68,
          "dco": 564,
          "txt": "im"
        },
        {
          "si": 7,
          "sti": 13,
          "dti": 109,
          "sco": 71,
          "dco": 567,
          "txt": "Soll"
        },
        {
          "si": 7,
          "sti": 14,
          "dti": 110,
          "sco": 75,
          "dco": 571,
          "txt": ","
        },
        {
          "si": 7,
          "sti": 15,
          "dti": 111,
          "sco": 77,
          "dco": 573,
          "txt": "bis"
        },
        {
          "si": 7,
          "sti": 16,
          "dti": 112,
          "sco": 81,
          "dco": 577,
          "txt": "es"
        },
        {
          "si": 7,
          "sti": 17,
          "dti": 113,
          "sco": 84,
          "dco": 580,
          "txt": "bei"
        },
        {
          "si": 7,
          "sti": 18,
          "dti": 114,
          "sco": 88,
          "dco": 584,
          "txt": "einem"
        },
        {
          "si": 7,
          "sti": 19,
          "dti": 115,
          "sco": 94,
          "dco": 590,
          "txt": "ruhenden"
        },
        {
          "si": 7,
          "sti": 20,
          "dti": 116,
          "sco": 103,
          "dco": 599,
          "txt": "Ball"
        },
        {
          "si": 7,
          "sti": 21,
          "dti": 117,
          "sco": 108,
          "dco": 604,
          "txt": "Verwirrung"
        },
        {
          "si": 7,
          "sti": 22,
          "dti": 118,
          "sco": 119,
          "dco": 615,
          "txt": "gab"
        },
        {
          "si": 7,
          "sti": 23,
          "dti": 119,
          "sco": 122,
          "dco": 618,
          "txt": "."
        },
        {
          "si": 8,
          "sti": 0,
          "dti": 120,
          "sco": 0,
          "dco": 620,
          "txt": "Da"
        },
        {
          "si": 8,
          "sti": 1,
          "dti": 121,
          "sco": 3,
          "dco": 623,
          "txt": "haben"
        },
        {
          "si": 8,
          "sti": 2,
          "dti": 122,
          "sco": 9,
          "dco": 629,
          "txt": "wir"
        },
        {
          "si": 8,
          "sti": 3,
          "dti": 123,
          "sco": 13,
          "dco": 633,
          "txt": "dem"
        },
        {
          "si": 8,
          "sti": 4,
          "dti": 124,
          "sco": 17,
          "dco": 637,
          "txt": "Gegner"
        },
        {
          "si": 8,
          "sti": 5,
          "dti": 125,
          "sco": 24,
          "dco": 644,
          "txt": "eine"
        },
        {
          "si": 8,
          "sti": 6,
          "dti": 126,
          "sco": 29,
          "dco": 649,
          "txt": "unnoetige"
        },
        {
          "si": 8,
          "sti": 7,
          "dti": 127,
          "sco": 39,
          "dco": 659,
          "txt": "Chance"
        },
        {
          "si": 8,
          "sti": 8,
          "dti": 128,
          "sco": 46,
          "dco": 666,
          "txt": "eingeraeumt"
        },
        {
          "si": 8,
          "sti": 9,
          "dti": 129,
          "sco": 58,
          "dco": 678,
          "txt": "und"
        },
        {
          "si": 8,
          "sti": 10,
          "dti": 130,
          "sco": 62,
          "dco": 682,
          "txt": "dann"
        },
        {
          "si": 8,
          "sti": 11,
          "dti": 131,
          "sco": 67,
          "dco": 687,
          "txt": "das"
        },
        {
          "si": 8,
          "sti": 12,
          "dti": 132,
          "sco": 71,
          "dco": 691,
          "txt": "erste"
        },
        {
          "si": 8,
          "sti": 13,
          "dti": 133,
          "sco": 77,
          "dco": 697,
          "txt": "Tor"
        },
        {
          "si": 8,
          "sti": 14,
          "dti": 134,
          "sco": 81,
          "dco": 701,
          "txt": "kassiert"
        },
        {
          "si": 8,
          "sti": 15,
          "dti": 135,
          "sco": 89,
          "dco": 709,
          "txt": ","
        },
        {
          "si": 8,
          "sti": 16,
          "dti": 136,
          "sco": 91,
          "dco": 711,
          "txt": "erklaerte"
        },
        {
          "si": 8,
          "sti": 17,
          "dti": 137,
          "sco": 101,
          "dco": 721,
          "txt": "Venezuelas"
        },
        {
          "si": 8,
          "sti": 18,
          "dti": 138,
          "sco": 112,
          "dco": 732,
          "txt": "Teamchef"
        },
        {
          "si": 8,
          "sti": 19,
          "dti": 139,
          "sco": 121,
          "dco": 741,
          "txt": "Richard"
        },
        {
          "si": 8,
          "sti": 20,
          "dti": 140,
          "sco": 129,
          "dco": 749,
          "txt": "Pez"
        },
        {
          "si": 8,
          "sti": 21,
          "dti": 141,
          "sco": 132,
          "dco": 752,
          "txt": "."
        },
        {
          "si": 9,
          "sti": 0,
          "dti": 142,
          "sco": 0,
          "dco": 754,
          "txt": "Beim"
        },
        {
          "si": 9,
          "sti": 1,
          "dti": 143,
          "sco": 5,
          "dco": 759,
          "txt": "zweiten"
        },
        {
          "si": 9,
          "sti": 2,
          "dti": 144,
          "sco": 13,
          "dco": 767,
          "txt": "Tor"
        },
        {
          "si": 9,
          "sti": 3,
          "dti": 145,
          "sco": 17,
          "dco": 771,
          "txt": "der"
        },
        {
          "si": 9,
          "sti": 4,
          "dti": 146,
          "sco": 21,
          "dco": 775,
          "txt": "Chilenen"
        },
        {
          "si": 9,
          "sti": 5,
          "dti": 147,
          "sco": 30,
          "dco": 784,
          "txt": "gab"
        },
        {
          "si": 9,
          "sti": 6,
          "dti": 148,
          "sco": 34,
          "dco": 788,
          "txt": "es"
        },
        {
          "si": 9,
          "sti": 7,
          "dti": 149,
          "sco": 37,
          "dco": 791,
          "txt": "dann"
        },
        {
          "si": 9,
          "sti": 8,
          "dti": 150,
          "sco": 42,
          "dco": 796,
          "txt": "wieder"
        },
        {
          "si": 9,
          "sti": 9,
          "dti": 151,
          "sco": 49,
          "dco": 803,
          "txt": "ein"
        },
        {
          "si": 9,
          "sti": 10,
          "dti": 152,
          "sco": 53,
          "dco": 807,
          "txt": "Durcheinander"
        },
        {
          "si": 9,
          "sti": 11,
          "dti": 153,
          "sco": 66,
          "dco": 820,
          "txt": ","
        },
        {
          "si": 9,
          "sti": 12,
          "dti": 154,
          "sco": 68,
          "dco": 822,
          "txt": "sie"
        },
        {
          "si": 9,
          "sti": 13,
          "dti": 155,
          "sco": 72,
          "dco": 826,
          "txt": "schossen"
        },
        {
          "si": 9,
          "sti": 14,
          "dti": 156,
          "sco": 81,
          "dco": 835,
          "txt": "aufs"
        },
        {
          "si": 9,
          "sti": 15,
          "dti": 157,
          "sco": 86,
          "dco": 840,
          "txt": "Tor"
        },
        {
          "si": 9,
          "sti": 16,
          "dti": 158,
          "sco": 89,
          "dco": 843,
          "txt": ","
        },
        {
          "si": 9,
          "sti": 17,
          "dti": 159,
          "sco": 91,
          "dco": 845,
          "txt": "irgendein"
        },
        {
          "si": 9,
          "sti": 18,
          "dti": 160,
          "sco": 101,
          "dco": 855,
          "txt": "Verteidiger"
        },
        {
          "si": 9,
          "sti": 19,
          "dti": 161,
          "sco": 113,
          "dco": 867,
          "txt": "irritierte"
        },
        {
          "si": 9,
          "sti": 20,
          "dti": 162,
          "sco": 124,
          "dco": 878,
          "txt": "unseren"
        },
        {
          "si": 9,
          "sti": 21,
          "dti": 163,
          "sco": 132,
          "dco": 886,
          "txt": "Keeper"
        },
        {
          "si": 9,
          "sti": 22,
          "dti": 164,
          "sco": 139,
          "dco": 893,
          "txt": "und"
        },
        {
          "si": 9,
          "sti": 23,
          "dti": 165,
          "sco": 143,
          "dco": 897,
          "txt": "schon"
        },
        {
          "si": 9,
          "sti": 24,
          "dti": 166,
          "sco": 149,
          "dco": 903,
          "txt": "stand"
        },
        {
          "si": 9,
          "sti": 25,
          "dti": 167,
          "sco": 155,
          "dco": 909,
          "txt": "es"
        },
        {
          "si": 9,
          "sti": 26,
          "dti": 168,
          "sco": 158,
          "dco": 912,
          "txt": "2"
        },
        {
          "si": 9,
          "sti": 27,
          "dti": 169,
          "sco": 159,
          "dco": 913,
          "txt": ":"
        },
        {
          "si": 9,
          "sti": 28,
          "dti": 170,
          "sco": 160,
          "dco": 914,
          "txt": "0"
        },
        {
          "si": 9,
          "sti": 29,
          "dti": 171,
          "sco": 161,
          "dco": 915,
          "txt": "."
        },
        {
          "si": 10,
          "sti": 0,
          "dti": 172,
          "sco": 0,
          "dco": 917,
          "txt": "Der"
        },
        {
          "si": 10,
          "sti": 1,
          "dti": 173,
          "sco": 4,
          "dco": 921,
          "txt": "Trainer"
        },
        {
          "si": 10,
          "sti": 2,
          "dti": 174,
          "sco": 12,
          "dco": 929,
          "txt": "hob"
        },
        {
          "si": 10,
          "sti": 3,
          "dti": 175,
          "sco": 16,
          "dco": 933,
          "txt": "hervor"
        },
        {
          "si": 10,
          "sti": 4,
          "dti": 176,
          "sco": 22,
          "dco": 939,
          "txt": ","
        },
        {
          "si": 10,
          "sti": 5,
          "dti": 177,
          "sco": 24,
          "dco": 941,
          "txt": "dass"
        },
        {
          "si": 10,
          "sti": 6,
          "dti": 178,
          "sco": 29,
          "dco": 946,
          "txt": "Venezuela"
        },
        {
          "si": 10,
          "sti": 7,
          "dti": 179,
          "sco": 39,
          "dco": 956,
          "txt": "noch"
        },
        {
          "si": 10,
          "sti": 8,
          "dti": 180,
          "sco": 44,
          "dco": 961,
          "txt": "die"
        },
        {
          "si": 10,
          "sti": 9,
          "dti": 181,
          "sco": 48,
          "dco": 965,
          "txt": "Faehigkeit"
        },
        {
          "si": 10,
          "sti": 10,
          "dti": 182,
          "sco": 59,
          "dco": 976,
          "txt": "hatte"
        },
        {
          "si": 10,
          "sti": 11,
          "dti": 183,
          "sco": 64,
          "dco": 981,
          "txt": ","
        },
        {
          "si": 10,
          "sti": 12,
          "dti": 184,
          "sco": 66,
          "dco": 983,
          "txt": "darauf"
        },
        {
          "si": 10,
          "sti": 13,
          "dti": 185,
          "sco": 73,
          "dco": 990,
          "txt": "zu"
        },
        {
          "si": 10,
          "sti": 14,
          "dti": 186,
          "sco": 76,
          "dco": 993,
          "txt": "reagieren"
        },
        {
          "si": 10,
          "sti": 15,
          "dti": 187,
          "sco": 85,
          "dco": 1002,
          "txt": "."
        },
        {
          "si": 11,
          "sti": 0,
          "dti": 188,
          "sco": 0,
          "dco": 1004,
          "txt": "Nach"
        },
        {
          "si": 11,
          "sti": 1,
          "dti": 189,
          "sco": 5,
          "dco": 1009,
          "txt": "dem"
        },
        {
          "si": 11,
          "sti": 2,
          "dti": 190,
          "sco": 9,
          "dco": 1013,
          "txt": "1"
        },
        {
          "si": 11,
          "sti": 3,
          "dti": 191,
          "sco": 10,
          "dco": 1014,
          "txt": ":"
        },
        {
          "si": 11,
          "sti": 4,
          "dti": 192,
          "sco": 11,
          "dco": 1015,
          "txt": "2"
        },
        {
          "si": 11,
          "sti": 5,
          "dti": 193,
          "sco": 13,
          "dco": 1017,
          "txt": "wurde"
        },
        {
          "si": 11,
          "sti": 6,
          "dti": 194,
          "sco": 19,
          "dco": 1023,
          "txt": "das"
        },
        {
          "si": 11,
          "sti": 7,
          "dti": 195,
          "sco": 23,
          "dco": 1027,
          "txt": "Spiel"
        },
        {
          "si": 11,
          "sti": 8,
          "dti": 196,
          "sco": 29,
          "dco": 1033,
          "txt": "noch"
        },
        {
          "si": 11,
          "sti": 9,
          "dti": 197,
          "sco": 34,
          "dco": 1038,
          "txt": "einmal"
        },
        {
          "si": 11,
          "sti": 10,
          "dti": 198,
          "sco": 41,
          "dco": 1045,
          "txt": "richtig"
        },
        {
          "si": 11,
          "sti": 11,
          "dti": 199,
          "sco": 49,
          "dco": 1053,
          "txt": "kompliziert"
        },
        {
          "si": 11,
          "sti": 12,
          "dti": 200,
          "sco": 61,
          "dco": 1065,
          "txt": "fuer"
        },
        {
          "si": 11,
          "sti": 13,
          "dti": 201,
          "sco": 66,
          "dco": 1070,
          "txt": "Chile"
        },
        {
          "si": 11,
          "sti": 14,
          "dti": 202,
          "sco": 71,
          "dco": 1075,
          "txt": ","
        },
        {
          "si": 11,
          "sti": 15,
          "dti": 203,
          "sco": 73,
          "dco": 1077,
          "txt": "so"
        },
        {
          "si": 11,
          "sti": 16,
          "dti": 204,
          "sco": 76,
          "dco": 1080,
          "txt": "dass"
        },
        {
          "si": 11,
          "sti": 17,
          "dti": 205,
          "sco": 81,
          "dco": 1085,
          "txt": "die"
        },
        {
          "si": 11,
          "sti": 18,
          "dti": 206,
          "sco": 85,
          "dco": 1089,
          "txt": "Zuschauer"
        },
        {
          "si": 11,
          "sti": 19,
          "dti": 207,
          "sco": 95,
          "dco": 1099,
          "txt": "am"
        },
        {
          "si": 11,
          "sti": 20,
          "dti": 208,
          "sco": 98,
          "dco": 1102,
          "txt": "Ende"
        },
        {
          "si": 11,
          "sti": 21,
          "dti": 209,
          "sco": 103,
          "dco": 1107,
          "txt": "den"
        },
        {
          "si": 11,
          "sti": 22,
          "dti": 210,
          "sco": 107,
          "dco": 1111,
          "txt": "Schlusspfiff"
        },
        {
          "si": 11,
          "sti": 23,
          "dti": 211,
          "sco": 120,
          "dco": 1124,
          "txt": "herbei"
        },
        {
          "si": 11,
          "sti": 24,
          "dti": 212,
          "sco": 127,
          "dco": 1131,
          "txt": "sehnten"
        },
        {
          "si": 11,
          "sti": 25,
          "dti": 213,
          "sco": 134,
          "dco": 1138,
          "txt": "."
        },
        {
          "si": 12,
          "sti": 0,
          "dti": 214,
          "sco": 0,
          "dco": 1140,
          "txt": "Chiles"
        },
        {
          "si": 12,
          "sti": 1,
          "dti": 215,
          "sco": 7,
          "dco": 1147,
          "txt": "Trainer"
        },
        {
          "si": 12,
          "sti": 2,
          "dti": 216,
          "sco": 15,
          "dco": 1155,
          "txt": "Nelson"
        },
        {
          "si": 12,
          "sti": 3,
          "dti": 217,
          "sco": 22,
          "dco": 1162,
          "txt": "Acosta"
        },
        {
          "si": 12,
          "sti": 4,
          "dti": 218,
          "sco": 29,
          "dco": 1169,
          "txt": "erklaerte"
        },
        {
          "si": 12,
          "sti": 5,
          "dti": 219,
          "sco": 39,
          "dco": 1179,
          "txt": "seinerseits"
        },
        {
          "si": 12,
          "sti": 6,
          "dti": 220,
          "sco": 50,
          "dco": 1190,
          "txt": ","
        },
        {
          "si": 12,
          "sti": 7,
          "dti": 221,
          "sco": 52,
          "dco": 1192,
          "txt": "dass"
        },
        {
          "si": 12,
          "sti": 8,
          "dti": 222,
          "sco": 57,
          "dco": 1197,
          "txt": "wir"
        },
        {
          "si": 12,
          "sti": 9,
          "dti": 223,
          "sco": 61,
          "dco": 1201,
          "txt": "unsere"
        },
        {
          "si": 12,
          "sti": 10,
          "dti": 224,
          "sco": 68,
          "dco": 1208,
          "txt": "Aufgabe"
        },
        {
          "si": 12,
          "sti": 11,
          "dti": 225,
          "sco": 76,
          "dco": 1216,
          "txt": "erledigt"
        },
        {
          "si": 12,
          "sti": 12,
          "dti": 226,
          "sco": 85,
          "dco": 1225,
          "txt": "haben"
        },
        {
          "si": 12,
          "sti": 13,
          "dti": 227,
          "sco": 90,
          "dco": 1230,
          "txt": "."
        },
        {
          "si": 13,
          "sti": 0,
          "dti": 228,
          "sco": 0,
          "dco": 1232,
          "txt": "Es"
        },
        {
          "si": 13,
          "sti": 1,
          "dti": 229,
          "sco": 3,
          "dco": 1235,
          "txt": "bleibt"
        },
        {
          "si": 13,
          "sti": 2,
          "dti": 230,
          "sco": 10,
          "dco": 1242,
          "txt": "jedoch"
        },
        {
          "si": 13,
          "sti": 3,
          "dti": 231,
          "sco": 17,
          "dco": 1249,
          "txt": "ein"
        },
        {
          "si": 13,
          "sti": 4,
          "dti": 232,
          "sco": 21,
          "dco": 1253,
          "txt": "bitterer"
        },
        {
          "si": 13,
          "sti": 5,
          "dti": 233,
          "sco": 30,
          "dco": 1262,
          "txt": "Beigeschmack"
        },
        {
          "si": 13,
          "sti": 6,
          "dti": 234,
          "sco": 42,
          "dco": 1274,
          "txt": ","
        },
        {
          "si": 13,
          "sti": 7,
          "dti": 235,
          "sco": 44,
          "dco": 1276,
          "txt": "denn"
        },
        {
          "si": 13,
          "sti": 8,
          "dti": 236,
          "sco": 49,
          "dco": 1281,
          "txt": "in"
        },
        {
          "si": 13,
          "sti": 9,
          "dti": 237,
          "sco": 52,
          "dco": 1284,
          "txt": "den"
        },
        {
          "si": 13,
          "sti": 10,
          "dti": 238,
          "sco": 56,
          "dco": 1288,
          "txt": "ersten"
        },
        {
          "si": 13,
          "sti": 11,
          "dti": 239,
          "sco": 63,
          "dco": 1295,
          "txt": "fuenfzehn"
        },
        {
          "si": 13,
          "sti": 12,
          "dti": 240,
          "sco": 73,
          "dco": 1305,
          "txt": "Minuten"
        },
        {
          "si": 13,
          "sti": 13,
          "dti": 241,
          "sco": 81,
          "dco": 1313,
          "txt": "der"
        },
        {
          "si": 13,
          "sti": 14,
          "dti": 242,
          "sco": 85,
          "dco": 1317,
          "txt": "zweiten"
        },
        {
          "si": 13,
          "sti": 15,
          "dti": 243,
          "sco": 93,
          "dco": 1325,
          "txt": "Halbzeit"
        },
        {
          "si": 13,
          "sti": 16,
          "dti": 244,
          "sco": 102,
          "dco": 1334,
          "txt": "haetten"
        },
        {
          "si": 13,
          "sti": 17,
          "dti": 245,
          "sco": 110,
          "dco": 1342,
          "txt": "wir"
        },
        {
          "si": 13,
          "sti": 18,
          "dti": 246,
          "sco": 114,
          "dco": 1346,
          "txt": "zwei"
        },
        {
          "si": 13,
          "sti": 19,
          "dti": 247,
          "sco": 119,
          "dco": 1351,
          "txt": "oder"
        },
        {
          "si": 13,
          "sti": 20,
          "dti": 248,
          "sco": 124,
          "dco": 1356,
          "txt": "drei"
        },
        {
          "si": 13,
          "sti": 21,
          "dti": 249,
          "sco": 129,
          "dco": 1361,
          "txt": "Tore"
        },
        {
          "si": 13,
          "sti": 22,
          "dti": 250,
          "sco": 134,
          "dco": 1366,
          "txt": "schiessen"
        },
        {
          "si": 13,
          "sti": 23,
          "dti": 251,
          "sco": 144,
          "dco": 1376,
          "txt": "und"
        },
        {
          "si": 13,
          "sti": 24,
          "dti": 252,
          "sco": 148,
          "dco": 1380,
          "txt": "damit"
        },
        {
          "si": 13,
          "sti": 25,
          "dti": 253,
          "sco": 154,
          "dco": 1386,
          "txt": "die"
        },
        {
          "si": 13,
          "sti": 26,
          "dti": 254,
          "sco": 158,
          "dco": 1390,
          "txt": "Partie"
        },
        {
          "si": 13,
          "sti": 27,
          "dti": 255,
          "sco": 165,
          "dco": 1397,
          "txt": "vorzeitig"
        },
        {
          "si": 13,
          "sti": 28,
          "dti": 256,
          "sco": 175,
          "dco": 1407,
          "txt": "entscheiden"
        },
        {
          "si": 13,
          "sti": 29,
          "dti": 257,
          "sco": 187,
          "dco": 1419,
          "txt": "muessen"
        },
        {
          "si": 13,
          "sti": 30,
          "dti": 258,
          "sco": 194,
          "dco": 1426,
          "txt": "."
        },
        {
          "si": 14,
          "sti": 0,
          "dti": 259,
          "sco": 0,
          "dco": 1428,
          "txt": "Der"
        },
        {
          "si": 14,
          "sti": 1,
          "dti": 260,
          "sco": 4,
          "dco": 1432,
          "txt": "uruguayische"
        },
        {
          "si": 14,
          "sti": 2,
          "dti": 261,
          "sco": 17,
          "dco": 1445,
          "txt": "Trainer"
        },
        {
          "si": 14,
          "sti": 3,
          "dti": 262,
          "sco": 24,
          "dco": 1452,
          "txt": ","
        },
        {
          "si": 14,
          "sti": 4,
          "dti": 263,
          "sco": 26,
          "dco": 1454,
          "txt": "mittlerweile"
        },
        {
          "si": 14,
          "sti": 5,
          "dti": 264,
          "sco": 39,
          "dco": 1467,
          "txt": "eingebuergerter"
        },
        {
          "si": 14,
          "sti": 6,
          "dti": 265,
          "sco": 55,
          "dco": 1483,
          "txt": "Chilene"
        },
        {
          "si": 14,
          "sti": 7,
          "dti": 266,
          "sco": 62,
          "dco": 1490,
          "txt": ","
        },
        {
          "si": 14,
          "sti": 8,
          "dti": 267,
          "sco": 64,
          "dco": 1492,
          "txt": "fuhr"
        },
        {
          "si": 14,
          "sti": 9,
          "dti": 268,
          "sco": 69,
          "dco": 1497,
          "txt": "fort"
        },
        {
          "si": 14,
          "sti": 10,
          "dti": 269,
          "sco": 73,
          "dco": 1501,
          "txt": ":"
        },
        {
          "si": 14,
          "sti": 11,
          "dti": 270,
          "sco": 75,
          "dco": 1503,
          "txt": "Am"
        },
        {
          "si": 14,
          "sti": 12,
          "dti": 271,
          "sco": 78,
          "dco": 1506,
          "txt": "Ende"
        },
        {
          "si": 14,
          "sti": 13,
          "dti": 272,
          "sco": 83,
          "dco": 1511,
          "txt": "mussten"
        },
        {
          "si": 14,
          "sti": 14,
          "dti": 273,
          "sco": 91,
          "dco": 1519,
          "txt": "wir"
        },
        {
          "si": 14,
          "sti": 15,
          "dti": 274,
          "sco": 95,
          "dco": 1523,
          "txt": "noch"
        },
        {
          "si": 14,
          "sti": 16,
          "dti": 275,
          "sco": 100,
          "dco": 1528,
          "txt": "zittern"
        },
        {
          "si": 14,
          "sti": 17,
          "dti": 276,
          "sco": 107,
          "dco": 1535,
          "txt": "."
        },
        {
          "si": 15,
          "sti": 0,
          "dti": 277,
          "sco": 0,
          "dco": 1537,
          "txt": "Statt"
        },
        {
          "si": 15,
          "sti": 1,
          "dti": 278,
          "sco": 6,
          "dco": 1543,
          "txt": "nur"
        },
        {
          "si": 15,
          "sti": 2,
          "dti": 279,
          "sco": 10,
          "dco": 1547,
          "txt": "schoen"
        },
        {
          "si": 15,
          "sti": 3,
          "dti": 280,
          "sco": 17,
          "dco": 1554,
          "txt": "zu"
        },
        {
          "si": 15,
          "sti": 4,
          "dti": 281,
          "sco": 20,
          "dco": 1557,
          "txt": "spielen"
        },
        {
          "si": 15,
          "sti": 5,
          "dti": 282,
          "sco": 27,
          "dco": 1564,
          "txt": ","
        },
        {
          "si": 15,
          "sti": 6,
          "dti": 283,
          "sco": 29,
          "dco": 1566,
          "txt": "haben"
        },
        {
          "si": 15,
          "sti": 7,
          "dti": 284,
          "sco": 35,
          "dco": 1572,
          "txt": "wir"
        },
        {
          "si": 15,
          "sti": 8,
          "dti": 285,
          "sco": 39,
          "dco": 1576,
          "txt": "dann"
        },
        {
          "si": 15,
          "sti": 9,
          "dti": 286,
          "sco": 44,
          "dco": 1581,
          "txt": "aber"
        },
        {
          "si": 15,
          "sti": 10,
          "dti": 287,
          "sco": 49,
          "dco": 1586,
          "txt": "auch"
        },
        {
          "si": 15,
          "sti": 11,
          "dti": 288,
          "sco": 54,
          "dco": 1591,
          "txt": "sehr"
        },
        {
          "si": 15,
          "sti": 12,
          "dti": 289,
          "sco": 59,
          "dco": 1596,
          "txt": "guten"
        },
        {
          "si": 15,
          "sti": 13,
          "dti": 290,
          "sco": 65,
          "dco": 1602,
          "txt": "Kampfgeist"
        },
        {
          "si": 15,
          "sti": 14,
          "dti": 291,
          "sco": 76,
          "dco": 1613,
          "txt": "bewiesen"
        },
        {
          "si": 15,
          "sti": 15,
          "dti": 292,
          "sco": 84,
          "dco": 1621,
          "txt": "."
        },
        {
          "si": 16,
          "sti": 0,
          "dti": 293,
          "sco": 0,
          "dco": 1623,
          "txt": "Nach"
        },
        {
          "si": 16,
          "sti": 1,
          "dti": 294,
          "sco": 5,
          "dco": 1628,
          "txt": "diesem"
        },
        {
          "si": 16,
          "sti": 2,
          "dti": 295,
          "sco": 12,
          "dco": 1635,
          "txt": "Sieg"
        },
        {
          "si": 16,
          "sti": 3,
          "dti": 296,
          "sco": 17,
          "dco": 1640,
          "txt": "liegt"
        },
        {
          "si": 16,
          "sti": 4,
          "dti": 297,
          "sco": 23,
          "dco": 1646,
          "txt": "Chile"
        },
        {
          "si": 16,
          "sti": 5,
          "dti": 298,
          "sco": 29,
          "dco": 1652,
          "txt": "zusammen"
        },
        {
          "si": 16,
          "sti": 6,
          "dti": 299,
          "sco": 38,
          "dco": 1661,
          "txt": "mit"
        },
        {
          "si": 16,
          "sti": 7,
          "dti": 300,
          "sco": 42,
          "dco": 1665,
          "txt": "Kolumbien"
        },
        {
          "si": 16,
          "sti": 8,
          "dti": 301,
          "sco": 52,
          "dco": 1675,
          "txt": "mit"
        },
        {
          "si": 16,
          "sti": 9,
          "dti": 302,
          "sco": 56,
          "dco": 1679,
          "txt": "20"
        },
        {
          "si": 16,
          "sti": 10,
          "dti": 303,
          "sco": 59,
          "dco": 1682,
          "txt": "Punkten"
        },
        {
          "si": 16,
          "sti": 11,
          "dti": 304,
          "sco": 67,
          "dco": 1690,
          "txt": "auf"
        },
        {
          "si": 16,
          "sti": 12,
          "dti": 305,
          "sco": 71,
          "dco": 1694,
          "txt": "dem"
        },
        {
          "si": 16,
          "sti": 13,
          "dti": 306,
          "sco": 75,
          "dco": 1698,
          "txt": "fuenften"
        },
        {
          "si": 16,
          "sti": 14,
          "dti": 307,
          "sco": 84,
          "dco": 1707,
          "txt": "Platz"
        },
        {
          "si": 16,
          "sti": 15,
          "dti": 308,
          "sco": 90,
          "dco": 1713,
          "txt": "der"
        },
        {
          "si": 16,
          "sti": 16,
          "dti": 309,
          "sco": 94,
          "dco": 1717,
          "txt": "Qualifikationsgruppe"
        },
        {
          "si": 16,
          "sti": 17,
          "dti": 310,
          "sco": 115,
          "dco": 1738,
          "txt": "und"
        },
        {
          "si": 16,
          "sti": 18,
          "dti": 311,
          "sco": 119,
          "dco": 1742,
          "txt": "darf"
        },
        {
          "si": 16,
          "sti": 19,
          "dti": 312,
          "sco": 124,
          "dco": 1747,
          "txt": "nach"
        },
        {
          "si": 16,
          "sti": 20,
          "dti": 313,
          "sco": 129,
          "dco": 1752,
          "txt": "wie"
        },
        {
          "si": 16,
          "sti": 21,
          "dti": 314,
          "sco": 133,
          "dco": 1756,
          "txt": "vor"
        },
        {
          "si": 16,
          "sti": 22,
          "dti": 315,
          "sco": 137,
          "dco": 1760,
          "txt": "von"
        },
        {
          "si": 16,
          "sti": 23,
          "dti": 316,
          "sco": 141,
          "dco": 1764,
          "txt": "einer"
        },
        {
          "si": 16,
          "sti": 24,
          "dti": 317,
          "sco": 147,
          "dco": 1770,
          "txt": "WM"
        },
        {
          "si": 16,
          "sti": 25,
          "dti": 318,
          "sco": 149,
          "dco": 1772,
          "txt": "-"
        },
        {
          "si": 16,
          "sti": 26,
          "dti": 319,
          "sco": 150,
          "dco": 1773,
          "txt": "Teilnahme"
        },
        {
          "si": 16,
          "sti": 27,
          "dti": 320,
          "sco": 160,
          "dco": 1783,
          "txt": "traeumen"
        },
        {
          "si": 16,
          "sti": 28,
          "dti": 321,
          "sco": 168,
          "dco": 1791,
          "txt": "."
        },
        {
          "si": 17,
          "sti": 0,
          "dti": 322,
          "sco": 0,
          "dco": 1793,
          "txt": "Zwei"
        },
        {
          "si": 17,
          "sti": 1,
          "dti": 323,
          "sco": 5,
          "dco": 1798,
          "txt": "Zaehler"
        },
        {
          "si": 17,
          "sti": 2,
          "dti": 324,
          "sco": 13,
          "dco": 1806,
          "txt": "liegt"
        },
        {
          "si": 17,
          "sti": 3,
          "dti": 325,
          "sco": 19,
          "dco": 1812,
          "txt": "man"
        },
        {
          "si": 17,
          "sti": 4,
          "dti": 326,
          "sco": 23,
          "dco": 1816,
          "txt": "nun"
        },
        {
          "si": 17,
          "sti": 5,
          "dti": 327,
          "sco": 27,
          "dco": 1820,
          "txt": "hinter"
        },
        {
          "si": 17,
          "sti": 6,
          "dti": 328,
          "sco": 34,
          "dco": 1827,
          "txt": "dem"
        },
        {
          "si": 17,
          "sti": 7,
          "dti": 329,
          "sco": 38,
          "dco": 1831,
          "txt": "Viertplatzierten"
        },
        {
          "si": 17,
          "sti": 8,
          "dti": 330,
          "sco": 55,
          "dco": 1848,
          "txt": "Paraguay"
        },
        {
          "si": 17,
          "sti": 9,
          "dti": 331,
          "sco": 64,
          "dco": 1857,
          "txt": "und"
        },
        {
          "si": 17,
          "sti": 10,
          "dti": 332,
          "sco": 68,
          "dco": 1861,
          "txt": "zwei"
        },
        {
          "si": 17,
          "sti": 11,
          "dti": 333,
          "sco": 73,
          "dco": 1866,
          "txt": "vor"
        },
        {
          "si": 17,
          "sti": 12,
          "dti": 334,
          "sco": 77,
          "dco": 1870,
          "txt": "Uruguay"
        },
        {
          "si": 17,
          "sti": 13,
          "dti": 335,
          "sco": 84,
          "dco": 1877,
          "txt": ","
        },
        {
          "si": 17,
          "sti": 14,
          "dti": 336,
          "sco": 86,
          "dco": 1879,
          "txt": "das"
        },
        {
          "si": 17,
          "sti": 15,
          "dti": 337,
          "sco": 90,
          "dco": 1883,
          "txt": "an"
        },
        {
          "si": 17,
          "sti": 16,
          "dti": 338,
          "sco": 93,
          "dco": 1886,
          "txt": "siebter"
        },
        {
          "si": 17,
          "sti": 17,
          "dti": 339,
          "sco": 101,
          "dco": 1894,
          "txt": "Stelle"
        },
        {
          "si": 17,
          "sti": 18,
          "dti": 340,
          "sco": 108,
          "dco": 1901,
          "txt": "rangiert"
        },
        {
          "si": 17,
          "sti": 19,
          "dti": 341,
          "sco": 116,
          "dco": 1909,
          "txt": "."
        },
        {
          "si": 18,
          "sti": 0,
          "dti": 342,
          "sco": 0,
          "dco": 1911,
          "txt": "Die"
        },
        {
          "si": 18,
          "sti": 1,
          "dti": 343,
          "sco": 4,
          "dco": 1915,
          "txt": "Heimmannschaft"
        },
        {
          "si": 18,
          "sti": 2,
          "dti": 344,
          "sco": 19,
          "dco": 1930,
          "txt": "bestimmte"
        },
        {
          "si": 18,
          "sti": 3,
          "dti": 345,
          "sco": 29,
          "dco": 1940,
          "txt": "die"
        },
        {
          "si": 18,
          "sti": 4,
          "dti": 346,
          "sco": 33,
          "dco": 1944,
          "txt": "Partie"
        },
        {
          "si": 18,
          "sti": 5,
          "dti": 347,
          "sco": 40,
          "dco": 1951,
          "txt": "ueber"
        },
        {
          "si": 18,
          "sti": 6,
          "dti": 348,
          "sco": 46,
          "dco": 1957,
          "txt": "weite"
        },
        {
          "si": 18,
          "sti": 7,
          "dti": 349,
          "sco": 52,
          "dco": 1963,
          "txt": "Teile"
        },
        {
          "si": 18,
          "sti": 8,
          "dti": 350,
          "sco": 58,
          "dco": 1969,
          "txt": "und"
        },
        {
          "si": 18,
          "sti": 9,
          "dti": 351,
          "sco": 62,
          "dco": 1973,
          "txt": "hatte"
        },
        {
          "si": 18,
          "sti": 10,
          "dti": 352,
          "sco": 68,
          "dco": 1979,
          "txt": "ihren"
        },
        {
          "si": 18,
          "sti": 11,
          "dti": 353,
          "sco": 74,
          "dco": 1985,
          "txt": "besten"
        },
        {
          "si": 18,
          "sti": 12,
          "dti": 354,
          "sco": 81,
          "dco": 1992,
          "txt": "Spieler"
        },
        {
          "si": 18,
          "sti": 13,
          "dti": 355,
          "sco": 89,
          "dco": 2000,
          "txt": "in"
        },
        {
          "si": 18,
          "sti": 14,
          "dti": 356,
          "sco": 92,
          "dco": 2003,
          "txt": "Luis"
        },
        {
          "si": 18,
          "sti": 15,
          "dti": 357,
          "sco": 97,
          "dco": 2008,
          "txt": "Jimnez"
        },
        {
          "si": 18,
          "sti": 16,
          "dti": 358,
          "sco": 103,
          "dco": 2014,
          "txt": ","
        },
        {
          "si": 18,
          "sti": 17,
          "dti": 359,
          "sco": 105,
          "dco": 2016,
          "txt": "einem"
        },
        {
          "si": 18,
          "sti": 18,
          "dti": 360,
          "sco": 111,
          "dco": 2022,
          "txt": "vielversprechenden"
        },
        {
          "si": 18,
          "sti": 19,
          "dti": 361,
          "sco": 130,
          "dco": 2041,
          "txt": "Zwanzigjaehrigen"
        },
        {
          "si": 18,
          "sti": 20,
          "dti": 362,
          "sco": 147,
          "dco": 2058,
          "txt": "aus"
        },
        {
          "si": 18,
          "sti": 21,
          "dti": 363,
          "sco": 151,
          "dco": 2062,
          "txt": "Ternana"
        },
        {
          "si": 18,
          "sti": 22,
          "dti": 364,
          "sco": 159,
          "dco": 2070,
          "txt": "in"
        },
        {
          "si": 18,
          "sti": 23,
          "dti": 365,
          "sco": 162,
          "dco": 2073,
          "txt": "Italien"
        },
        {
          "si": 18,
          "sti": 24,
          "dti": 366,
          "sco": 169,
          "dco": 2080,
          "txt": ","
        },
        {
          "si": 18,
          "sti": 25,
          "dti": 367,
          "sco": 171,
          "dco": 2082,
          "txt": "der"
        },
        {
          "si": 18,
          "sti": 26,
          "dti": 368,
          "sco": 175,
          "dco": 2086,
          "txt": "mit"
        },
        {
          "si": 18,
          "sti": 27,
          "dti": 369,
          "sco": 179,
          "dco": 2090,
          "txt": "seinen"
        },
        {
          "si": 18,
          "sti": 28,
          "dti": 370,
          "sco": 186,
          "dco": 2097,
          "txt": "zwei"
        },
        {
          "si": 18,
          "sti": 29,
          "dti": 371,
          "sco": 191,
          "dco": 2102,
          "txt": "Geniestreichen"
        },
        {
          "si": 18,
          "sti": 30,
          "dti": 372,
          "sco": 206,
          "dco": 2117,
          "txt": "Chiles"
        },
        {
          "si": 18,
          "sti": 31,
          "dti": 373,
          "sco": 213,
          "dco": 2124,
          "txt": "WM"
        },
        {
          "si": 18,
          "sti": 32,
          "dti": 374,
          "sco": 215,
          "dco": 2126,
          "txt": "-"
        },
        {
          "si": 18,
          "sti": 33,
          "dti": 375,
          "sco": 216,
          "dco": 2127,
          "txt": "Traum"
        },
        {
          "si": 18,
          "sti": 34,
          "dti": 376,
          "sco": 222,
          "dco": 2133,
          "txt": "am"
        },
        {
          "si": 18,
          "sti": 35,
          "dti": 377,
          "sco": 225,
          "dco": 2136,
          "txt": "Leben"
        },
        {
          "si": 18,
          "sti": 36,
          "dti": 378,
          "sco": 231,
          "dco": 2142,
          "txt": "erhielt"
        },
        {
          "si": 18,
          "sti": 37,
          "dti": 379,
          "sco": 238,
          "dco": 2149,
          "txt": "."
        },
        {
          "si": 19,
          "sti": 0,
          "dti": 380,
          "sco": 0,
          "dco": 2151,
          "txt": "Den"
        },
        {
          "si": 19,
          "sti": 1,
          "dti": 381,
          "sco": 4,
          "dco": 2155,
          "txt": "Gastgebern"
        },
        {
          "si": 19,
          "sti": 2,
          "dti": 382,
          "sco": 15,
          "dco": 2166,
          "txt": "boten"
        },
        {
          "si": 19,
          "sti": 3,
          "dti": 383,
          "sco": 21,
          "dco": 2172,
          "txt": "sich"
        },
        {
          "si": 19,
          "sti": 4,
          "dti": 384,
          "sco": 26,
          "dco": 2177,
          "txt": "einige"
        },
        {
          "si": 19,
          "sti": 5,
          "dti": 385,
          "sco": 33,
          "dco": 2184,
          "txt": "weitere"
        },
        {
          "si": 19,
          "sti": 6,
          "dti": 386,
          "sco": 41,
          "dco": 2192,
          "txt": "klare"
        },
        {
          "si": 19,
          "sti": 7,
          "dti": 387,
          "sco": 47,
          "dco": 2198,
          "txt": "Torchancen"
        },
        {
          "si": 19,
          "sti": 8,
          "dti": 388,
          "sco": 57,
          "dco": 2208,
          "txt": ","
        },
        {
          "si": 19,
          "sti": 9,
          "dti": 389,
          "sco": 59,
          "dco": 2210,
          "txt": "unter"
        },
        {
          "si": 19,
          "sti": 10,
          "dti": 390,
          "sco": 65,
          "dco": 2216,
          "txt": "anderem"
        },
        {
          "si": 19,
          "sti": 11,
          "dti": 391,
          "sco": 73,
          "dco": 2224,
          "txt": "bei"
        },
        {
          "si": 19,
          "sti": 12,
          "dti": 392,
          "sco": 77,
          "dco": 2228,
          "txt": "einem"
        },
        {
          "si": 19,
          "sti": 13,
          "dti": 393,
          "sco": 83,
          "dco": 2234,
          "txt": "Schuss"
        },
        {
          "si": 19,
          "sti": 14,
          "dti": 394,
          "sco": 90,
          "dco": 2241,
          "txt": "von"
        },
        {
          "si": 19,
          "sti": 15,
          "dti": 395,
          "sco": 94,
          "dco": 2245,
          "txt": "Claudio"
        },
        {
          "si": 19,
          "sti": 16,
          "dti": 396,
          "sco": 102,
          "dco": 2253,
          "txt": "Maldonado"
        },
        {
          "si": 19,
          "sti": 17,
          "dti": 397,
          "sco": 111,
          "dco": 2262,
          "txt": ","
        },
        {
          "si": 19,
          "sti": 18,
          "dti": 398,
          "sco": 113,
          "dco": 2264,
          "txt": "der"
        },
        {
          "si": 19,
          "sti": 19,
          "dti": 399,
          "sco": 117,
          "dco": 2268,
          "txt": "in"
        },
        {
          "si": 19,
          "sti": 20,
          "dti": 400,
          "sco": 120,
          "dco": 2271,
          "txt": "der"
        },
        {
          "si": 19,
          "sti": 21,
          "dti": 401,
          "sco": 124,
          "dco": 2275,
          "txt": "89"
        },
        {
          "si": 19,
          "sti": 22,
          "dti": 402,
          "sco": 126,
          "dco": 2277,
          "txt": "."
        },
        {
          "si": 20,
          "sti": 0,
          "dti": 403,
          "sco": 0,
          "dco": 2279,
          "txt": "Minute"
        },
        {
          "si": 20,
          "sti": 1,
          "dti": 404,
          "sco": 7,
          "dco": 2286,
          "txt": "noch"
        },
        {
          "si": 20,
          "sti": 2,
          "dti": 405,
          "sco": 12,
          "dco": 2291,
          "txt": "an"
        },
        {
          "si": 20,
          "sti": 3,
          "dti": 406,
          "sco": 15,
          "dco": 2294,
          "txt": "den"
        },
        {
          "si": 20,
          "sti": 4,
          "dti": 407,
          "sco": 19,
          "dco": 2298,
          "txt": "linken"
        },
        {
          "si": 20,
          "sti": 5,
          "dti": 408,
          "sco": 26,
          "dco": 2305,
          "txt": "Pfosten"
        },
        {
          "si": 20,
          "sti": 6,
          "dti": 409,
          "sco": 34,
          "dco": 2313,
          "txt": "des"
        },
        {
          "si": 20,
          "sti": 7,
          "dti": 410,
          "sco": 38,
          "dco": 2317,
          "txt": "von"
        },
        {
          "si": 20,
          "sti": 8,
          "dti": 411,
          "sco": 42,
          "dco": 2321,
          "txt": "Rafael"
        },
        {
          "si": 20,
          "sti": 9,
          "dti": 412,
          "sco": 49,
          "dco": 2328,
          "txt": "Dudamel"
        },
        {
          "si": 20,
          "sti": 10,
          "dti": 413,
          "sco": 57,
          "dco": 2336,
          "txt": "gehueteten"
        },
        {
          "si": 20,
          "sti": 11,
          "dti": 414,
          "sco": 68,
          "dco": 2347,
          "txt": "Tores"
        },
        {
          "si": 20,
          "sti": 12,
          "dti": 415,
          "sco": 74,
          "dco": 2353,
          "txt": "ging"
        },
        {
          "si": 20,
          "sti": 13,
          "dti": 416,
          "sco": 78,
          "dco": 2357,
          "txt": "."
        },
        {
          "si": 21,
          "sti": 0,
          "dti": 417,
          "sco": 0,
          "dco": 2359,
          "txt": "Venezuela"
        },
        {
          "si": 21,
          "sti": 1,
          "dti": 418,
          "sco": 10,
          "dco": 2369,
          "txt": "erwies"
        },
        {
          "si": 21,
          "sti": 2,
          "dti": 419,
          "sco": 17,
          "dco": 2376,
          "txt": "sich"
        },
        {
          "si": 21,
          "sti": 3,
          "dti": 420,
          "sco": 22,
          "dco": 2381,
          "txt": "seinerseits"
        },
        {
          "si": 21,
          "sti": 4,
          "dti": 421,
          "sco": 34,
          "dco": 2393,
          "txt": "als"
        },
        {
          "si": 21,
          "sti": 5,
          "dti": 422,
          "sco": 38,
          "dco": 2397,
          "txt": "der"
        },
        {
          "si": 21,
          "sti": 6,
          "dti": 423,
          "sco": 42,
          "dco": 2401,
          "txt": "erwartete"
        },
        {
          "si": 21,
          "sti": 7,
          "dti": 424,
          "sco": 52,
          "dco": 2411,
          "txt": "harte"
        },
        {
          "si": 21,
          "sti": 8,
          "dti": 425,
          "sco": 58,
          "dco": 2417,
          "txt": "Gegner"
        },
        {
          "si": 21,
          "sti": 9,
          "dti": 426,
          "sco": 64,
          "dco": 2423,
          "txt": ","
        },
        {
          "si": 21,
          "sti": 10,
          "dti": 427,
          "sco": 66,
          "dco": 2425,
          "txt": "der"
        },
        {
          "si": 21,
          "sti": 11,
          "dti": 428,
          "sco": 70,
          "dco": 2429,
          "txt": "nach"
        },
        {
          "si": 21,
          "sti": 12,
          "dti": 429,
          "sco": 75,
          "dco": 2434,
          "txt": "82"
        },
        {
          "si": 21,
          "sti": 13,
          "dti": 430,
          "sco": 78,
          "dco": 2437,
          "txt": "Minuten"
        },
        {
          "si": 21,
          "sti": 14,
          "dti": 431,
          "sco": 86,
          "dco": 2445,
          "txt": "durch"
        },
        {
          "si": 21,
          "sti": 15,
          "dti": 432,
          "sco": 92,
          "dco": 2451,
          "txt": "ein"
        },
        {
          "si": 21,
          "sti": 16,
          "dti": 433,
          "sco": 96,
          "dco": 2455,
          "txt": "Tor"
        },
        {
          "si": 21,
          "sti": 17,
          "dti": 434,
          "sco": 100,
          "dco": 2459,
          "txt": "von"
        },
        {
          "si": 21,
          "sti": 18,
          "dti": 435,
          "sco": 104,
          "dco": 2463,
          "txt": "Morn"
        },
        {
          "si": 21,
          "sti": 19,
          "dti": 436,
          "sco": 109,
          "dco": 2468,
          "txt": "die"
        },
        {
          "si": 21,
          "sti": 20,
          "dti": 437,
          "sco": 113,
          "dco": 2472,
          "txt": "Sache"
        },
        {
          "si": 21,
          "sti": 21,
          "dti": 438,
          "sco": 119,
          "dco": 2478,
          "txt": "noch"
        },
        {
          "si": 21,
          "sti": 22,
          "dti": 439,
          "sco": 124,
          "dco": 2483,
          "txt": "einmal"
        },
        {
          "si": 21,
          "sti": 23,
          "dti": 440,
          "sco": 131,
          "dco": 2490,
          "txt": "spannend"
        },
        {
          "si": 21,
          "sti": 24,
          "dti": 441,
          "sco": 140,
          "dco": 2499,
          "txt": "machte"
        },
        {
          "si": 21,
          "sti": 25,
          "dti": 442,
          "sco": 146,
          "dco": 2505,
          "txt": "."
        },
        {
          "si": 22,
          "sti": 0,
          "dti": 443,
          "sco": 0,
          "dco": 2507,
          "txt": "Nach"
        },
        {
          "si": 22,
          "sti": 1,
          "dti": 444,
          "sco": 5,
          "dco": 2512,
          "txt": "einer"
        },
        {
          "si": 22,
          "sti": 2,
          "dti": 445,
          "sco": 11,
          "dco": 2518,
          "txt": "Flanke"
        },
        {
          "si": 22,
          "sti": 3,
          "dti": 446,
          "sco": 18,
          "dco": 2525,
          "txt": "von"
        },
        {
          "si": 22,
          "sti": 4,
          "dti": 447,
          "sco": 22,
          "dco": 2529,
          "txt": "Jonay"
        },
        {
          "si": 22,
          "sti": 5,
          "dti": 448,
          "sco": 28,
          "dco": 2535,
          "txt": "Hernndez"
        },
        {
          "si": 22,
          "sti": 6,
          "dti": 449,
          "sco": 37,
          "dco": 2544,
          "txt": "liess"
        },
        {
          "si": 22,
          "sti": 7,
          "dti": 450,
          "sco": 43,
          "dco": 2550,
          "txt": "er"
        },
        {
          "si": 22,
          "sti": 8,
          "dti": 451,
          "sco": 46,
          "dco": 2553,
          "txt": "mit"
        },
        {
          "si": 22,
          "sti": 9,
          "dti": 452,
          "sco": 50,
          "dco": 2557,
          "txt": "seinem"
        },
        {
          "si": 22,
          "sti": 10,
          "dti": 453,
          "sco": 57,
          "dco": 2564,
          "txt": "Kopfball"
        },
        {
          "si": 22,
          "sti": 11,
          "dti": 454,
          "sco": 66,
          "dco": 2573,
          "txt": "dem"
        },
        {
          "si": 22,
          "sti": 12,
          "dti": 455,
          "sco": 70,
          "dco": 2577,
          "txt": "chilenischen"
        },
        {
          "si": 22,
          "sti": 13,
          "dti": 456,
          "sco": 83,
          "dco": 2590,
          "txt": "Keeper"
        },
        {
          "si": 22,
          "sti": 14,
          "dti": 457,
          "sco": 90,
          "dco": 2597,
          "txt": "Nelson"
        },
        {
          "si": 22,
          "sti": 15,
          "dti": 458,
          "sco": 97,
          "dco": 2604,
          "txt": "Tapia"
        },
        {
          "si": 22,
          "sti": 16,
          "dti": 459,
          "sco": 103,
          "dco": 2610,
          "txt": "keine"
        },
        {
          "si": 22,
          "sti": 17,
          "dti": 460,
          "sco": 109,
          "dco": 2616,
          "txt": "Chance"
        },
        {
          "si": 22,
          "sti": 18,
          "dti": 461,
          "sco": 115,
          "dco": 2622,
          "txt": "."
        },
        {
          "si": 23,
          "sti": 0,
          "dti": 462,
          "sco": 0,
          "dco": 2624,
          "txt": "Die"
        },
        {
          "si": 23,
          "sti": 1,
          "dti": 463,
          "sco": 4,
          "dco": 2628,
          "txt": "letzten"
        },
        {
          "si": 23,
          "sti": 2,
          "dti": 464,
          "sco": 12,
          "dco": 2636,
          "txt": "Minuten"
        },
        {
          "si": 23,
          "sti": 3,
          "dti": 465,
          "sco": 20,
          "dco": 2644,
          "txt": "der"
        },
        {
          "si": 23,
          "sti": 4,
          "dti": 466,
          "sco": 24,
          "dco": 2648,
          "txt": "Partie"
        },
        {
          "si": 23,
          "sti": 5,
          "dti": 467,
          "sco": 31,
          "dco": 2655,
          "txt": "waren"
        },
        {
          "si": 23,
          "sti": 6,
          "dti": 468,
          "sco": 37,
          "dco": 2661,
          "txt": "von"
        },
        {
          "si": 23,
          "sti": 7,
          "dti": 469,
          "sco": 41,
          "dco": 2665,
          "txt": "aeusserster"
        },
        {
          "si": 23,
          "sti": 8,
          "dti": 470,
          "sco": 53,
          "dco": 2677,
          "txt": "Spannung"
        },
        {
          "si": 23,
          "sti": 9,
          "dti": 471,
          "sco": 62,
          "dco": 2686,
          "txt": "gepraegt"
        },
        {
          "si": 23,
          "sti": 10,
          "dti": 472,
          "sco": 71,
          "dco": 2695,
          "txt": "und"
        },
        {
          "si": 23,
          "sti": 11,
          "dti": 473,
          "sco": 75,
          "dco": 2699,
          "txt": "die"
        },
        {
          "si": 23,
          "sti": 12,
          "dti": 474,
          "sco": 79,
          "dco": 2703,
          "txt": "38"
        },
        {
          "si": 23,
          "sti": 13,
          "dti": 475,
          "sco": 81,
          "dco": 2705,
          "txt": "."
        },
        {
          "si": 23,
          "sti": 14,
          "dti": 476,
          "sco": 82,
          "dco": 2706,
          "txt": "000"
        },
        {
          "si": 23,
          "sti": 15,
          "dti": 477,
          "sco": 86,
          "dco": 2710,
          "txt": "Zuschauer"
        },
        {
          "si": 23,
          "sti": 16,
          "dti": 478,
          "sco": 96,
          "dco": 2720,
          "txt": "mussten"
        },
        {
          "si": 23,
          "sti": 17,
          "dti": 479,
          "sco": 104,
          "dco": 2728,
          "txt": "bis"
        },
        {
          "si": 23,
          "sti": 18,
          "dti": 480,
          "sco": 108,
          "dco": 2732,
          "txt": "zum"
        },
        {
          "si": 23,
          "sti": 19,
          "dti": 481,
          "sco": 112,
          "dco": 2736,
          "txt": "Schlusspfiff"
        },
        {
          "si": 23,
          "sti": 20,
          "dti": 482,
          "sco": 125,
          "dco": 2749,
          "txt": "des"
        },
        {
          "si": 23,
          "sti": 21,
          "dti": 483,
          "sco": 129,
          "dco": 2753,
          "txt": "paraguayischen"
        },
        {
          "si": 23,
          "sti": 22,
          "dti": 484,
          "sco": 144,
          "dco": 2768,
          "txt": "Unparteiischen"
        },
        {
          "si": 23,
          "sti": 23,
          "dti": 485,
          "sco": 159,
          "dco": 2783,
          "txt": "Carlos"
        },
        {
          "si": 23,
          "sti": 24,
          "dti": 486,
          "sco": 166,
          "dco": 2790,
          "txt": "Torres"
        },
        {
          "si": 23,
          "sti": 25,
          "dti": 487,
          "sco": 173,
          "dco": 2797,
          "txt": "leiden"
        },
        {
          "si": 23,
          "sti": 26,
          "dti": 488,
          "sco": 179,
          "dco": 2803,
          "txt": ","
        },
        {
          "si": 23,
          "sti": 27,
          "dti": 489,
          "sco": 181,
          "dco": 2805,
          "txt": "der"
        },
        {
          "si": 23,
          "sti": 28,
          "dti": 490,
          "sco": 185,
          "dco": 2809,
          "txt": "die"
        },
        {
          "si": 23,
          "sti": 29,
          "dti": 491,
          "sco": 189,
          "dco": 2813,
          "txt": "Begegnung"
        },
        {
          "si": 23,
          "sti": 30,
          "dti": 492,
          "sco": 199,
          "dco": 2823,
          "txt": "erst"
        },
        {
          "si": 23,
          "sti": 31,
          "dti": 493,
          "sco": 204,
          "dco": 2828,
          "txt": "nach"
        },
        {
          "si": 23,
          "sti": 32,
          "dti": 494,
          "sco": 209,
          "dco": 2833,
          "txt": "drei"
        },
        {
          "si": 23,
          "sti": 33,
          "dti": 495,
          "sco": 214,
          "dco": 2838,
          "txt": "Minuten"
        },
        {
          "si": 23,
          "sti": 34,
          "dti": 496,
          "sco": 222,
          "dco": 2846,
          "txt": "Nachspielzeit"
        },
        {
          "si": 23,
          "sti": 35,
          "dti": 497,
          "sco": 236,
          "dco": 2860,
          "txt": "abpfiff"
        },
        {
          "si": 23,
          "sti": 36,
          "dti": 498,
          "sco": 243,
          "dco": 2867,
          "txt": "."
        }
      ]
    },
    "ganns": {
      "dla": [],
      "la": [],
      "ea": [],
      "eta": [
        {
          "ra": {
            "ea": {
              "etn": "Goal"
            }
          },
          "sfs": [
            [
              {
                "stn": "scoreTeamB"
              },
              {
                "ea": {
                  "etn": "0"
                }
              }
            ],
            [
              {
                "stn": "forTeam"
              },
              {
                "ea": {
                  "etn": "Chile"
                }
              }
            ],
            [
              {
                "stn": "scoreTeamA"
              },
              {
                "ea": {
                  "etn": "1"
                }
              }
            ],
            [
              {
                "stn": "minute"
              },
              {
                "ea": {
                  "etn": "31"
                }
              }
            ],
            [
              {
                "stn": "scorer"
              },
              {
                "ea": {
                  "etn": "Jimenez Luis"
                }
              }
            ]
          ],
          "mfs": {}
        },
        {
          "ra": {
            "ea": {
              "etn": "Goal"
            }
          },
          "sfs": [
            [
              {
                "stn": "scoreTeamB"
              },
              {
                "ea": {
                  "etn": "0"
                }
              }
            ],
            [
              {
                "stn": "forTeam"
              },
              {
                "ea": {
                  "etn": "Chile"
                }
              }
            ],
            [
              {
                "stn": "scoreTeamA"
              },
              {
                "ea": {
                  "etn": "2"
                }
              }
            ],
            [
              {
                "stn": "minute"
              },
              {
                "ea": {
                  "etn": "60"
                }
              }
            ],
            [
              {
                "stn": "scorer"
              },
              {
                "ea": {
                  "etn": "Jimenez Luis"
                }
              }
            ]
          ],
          "mfs": {}
        },
        {
          "ra": {
            "ea": {
              "etn": "Goal"
            }
          },
          "sfs": [
            [
              {
                "stn": "scoreTeamB"
              },
              {
                "ea": {
                  "etn": "1"
                }
              }
            ],
            [
              {
                "stn": "forTeam"
              },
              {
                "ea": {
                  "etn": "Venezuela"
                }
              }
            ],
            [
              {
                "stn": "scoreTeamA"
              },
              {
                "ea": {
                  "etn": "2"
                }
              }
            ],
            [
              {
                "stn": "minute"
              },
              {
                "ea": {
                  "etn": "82"
                }
              }
            ],
            [
              {
                "stn": "scorer"
              },
              {
                "ea": {
                  "etn": "Moran Ruberth"
                }
              }
            ]
          ],
          "mfs": {}
        }
      ]
    }
  }
]
