[
  {
    "context": "UNSPECIFIED",
    "doc": {
      "id": "de_mr36712_struct",
      "tl": [
        {
          "si": 0,
          "sti": 0,
          "dti": 0,
          "sco": 0,
          "dco": 0,
          "txt": "Bulgariens"
        },
        {
          "si": 0,
          "sti": 1,
          "dti": 1,
          "sco": 11,
          "dco": 11,
          "txt": "WM"
        },
        {
          "si": 0,
          "sti": 2,
          "dti": 2,
          "sco": 13,
          "dco": 13,
          "txt": "-"
        },
        {
          "si": 0,
          "sti": 3,
          "dti": 3,
          "sco": 14,
          "dco": 14,
          "txt": "Chancen"
        },
        {
          "si": 0,
          "sti": 4,
          "dti": 4,
          "sco": 22,
          "dco": 22,
          "txt": "geschrumpft"
        },
        {
          "si": 0,
          "sti": 5,
          "dti": 5,
          "sco": 34,
          "dco": 34,
          "txt": "-"
        },
        {
          "si": 0,
          "sti": 6,
          "dti": 6,
          "sco": 36,
          "dco": 36,
          "txt": "klarer"
        },
        {
          "si": 0,
          "sti": 7,
          "dti": 7,
          "sco": 43,
          "dco": 43,
          "txt": "Sieg"
        },
        {
          "si": 0,
          "sti": 8,
          "dti": 8,
          "sco": 48,
          "dco": 48,
          "txt": "der"
        },
        {
          "si": 0,
          "sti": 9,
          "dti": 9,
          "sco": 52,
          "dco": 52,
          "txt": "Schweden"
        },
        {
          "si": 0,
          "sti": 10,
          "dti": 10,
          "sco": 60,
          "dco": 60,
          "txt": "."
        },
        {
          "si": 1,
          "sti": 0,
          "dti": 11,
          "sco": 0,
          "dco": 62,
          "txt": "Bulgarien"
        },
        {
          "si": 1,
          "sti": 1,
          "dti": 12,
          "sco": 10,
          "dco": 72,
          "txt": "kann"
        },
        {
          "si": 1,
          "sti": 2,
          "dti": 13,
          "sco": 15,
          "dco": 77,
          "txt": "eine"
        },
        {
          "si": 1,
          "sti": 3,
          "dti": 14,
          "sco": 20,
          "dco": 82,
          "txt": "Teilnahme"
        },
        {
          "si": 1,
          "sti": 4,
          "dti": 15,
          "sco": 30,
          "dco": 92,
          "txt": "bei"
        },
        {
          "si": 1,
          "sti": 5,
          "dti": 16,
          "sco": 34,
          "dco": 96,
          "txt": "den"
        },
        {
          "si": 1,
          "sti": 6,
          "dti": 17,
          "sco": 38,
          "dco": 100,
          "txt": "Weltmeisterschaften"
        },
        {
          "si": 1,
          "sti": 7,
          "dti": 18,
          "sco": 58,
          "dco": 120,
          "txt": "2006"
        },
        {
          "si": 1,
          "sti": 8,
          "dti": 19,
          "sco": 63,
          "dco": 125,
          "txt": "in"
        },
        {
          "si": 1,
          "sti": 9,
          "dti": 20,
          "sco": 66,
          "dco": 128,
          "txt": "Deutschland"
        },
        {
          "si": 1,
          "sti": 10,
          "dti": 21,
          "sco": 78,
          "dco": 140,
          "txt": "wohl"
        },
        {
          "si": 1,
          "sti": 11,
          "dti": 22,
          "sco": 83,
          "dco": 145,
          "txt": "endgueltig"
        },
        {
          "si": 1,
          "sti": 12,
          "dti": 23,
          "sco": 94,
          "dco": 156,
          "txt": "abschreiben"
        },
        {
          "si": 1,
          "sti": 13,
          "dti": 24,
          "sco": 105,
          "dco": 167,
          "txt": "."
        },
        {
          "si": 2,
          "sti": 0,
          "dti": 25,
          "sco": 0,
          "dco": 169,
          "txt": "Das"
        },
        {
          "si": 2,
          "sti": 1,
          "dti": 26,
          "sco": 4,
          "dco": 173,
          "txt": "Team"
        },
        {
          "si": 2,
          "sti": 2,
          "dti": 27,
          "sco": 9,
          "dco": 178,
          "txt": "von"
        },
        {
          "si": 2,
          "sti": 3,
          "dti": 28,
          "sco": 13,
          "dco": 182,
          "txt": "Bundesliga"
        },
        {
          "si": 2,
          "sti": 4,
          "dti": 29,
          "sco": 23,
          "dco": 192,
          "txt": "-"
        },
        {
          "si": 2,
          "sti": 5,
          "dti": 30,
          "sco": 24,
          "dco": 193,
          "txt": "Legionaer"
        },
        {
          "si": 2,
          "sti": 6,
          "dti": 31,
          "sco": 34,
          "dco": 203,
          "txt": "Dimitar"
        },
        {
          "si": 2,
          "sti": 7,
          "dti": 32,
          "sco": 42,
          "dco": 211,
          "txt": "Berbatow"
        },
        {
          "si": 2,
          "sti": 8,
          "dti": 33,
          "sco": 51,
          "dco": 220,
          "txt": "hatte"
        },
        {
          "si": 2,
          "sti": 9,
          "dti": 34,
          "sco": 57,
          "dco": 226,
          "txt": "bei"
        },
        {
          "si": 2,
          "sti": 10,
          "dti": 35,
          "sco": 61,
          "dco": 230,
          "txt": "der"
        },
        {
          "si": 2,
          "sti": 11,
          "dti": 36,
          "sco": 65,
          "dco": 234,
          "txt": "0"
        },
        {
          "si": 2,
          "sti": 12,
          "dti": 37,
          "sco": 66,
          "dco": 235,
          "txt": ":"
        },
        {
          "si": 2,
          "sti": 13,
          "dti": 38,
          "sco": 67,
          "dco": 236,
          "txt": "3"
        },
        {
          "si": 2,
          "sti": 14,
          "dti": 39,
          "sco": 69,
          "dco": 238,
          "txt": "("
        },
        {
          "si": 2,
          "sti": 15,
          "dti": 40,
          "sco": 70,
          "dco": 239,
          "txt": "0"
        },
        {
          "si": 2,
          "sti": 16,
          "dti": 41,
          "sco": 71,
          "dco": 240,
          "txt": ":"
        },
        {
          "si": 2,
          "sti": 17,
          "dti": 42,
          "sco": 72,
          "dco": 241,
          "txt": "0"
        },
        {
          "si": 2,
          "sti": 18,
          "dti": 43,
          "sco": 73,
          "dco": 242,
          "txt": ")"
        },
        {
          "si": 2,
          "sti": 19,
          "dti": 44,
          "sco": 74,
          "dco": 243,
          "txt": "-"
        },
        {
          "si": 2,
          "sti": 20,
          "dti": 45,
          "sco": 75,
          "dco": 244,
          "txt": "Niederlage"
        },
        {
          "si": 2,
          "sti": 21,
          "dti": 46,
          "sco": 86,
          "dco": 255,
          "txt": "gegen"
        },
        {
          "si": 2,
          "sti": 22,
          "dti": 47,
          "sco": 92,
          "dco": 261,
          "txt": "Schweden"
        },
        {
          "si": 2,
          "sti": 23,
          "dti": 48,
          "sco": 101,
          "dco": 270,
          "txt": "in"
        },
        {
          "si": 2,
          "sti": 24,
          "dti": 49,
          "sco": 104,
          "dco": 273,
          "txt": "Stockholm"
        },
        {
          "si": 2,
          "sti": 25,
          "dti": 50,
          "sco": 114,
          "dco": 283,
          "txt": "dem"
        },
        {
          "si": 2,
          "sti": 26,
          "dti": 51,
          "sco": 118,
          "dco": 287,
          "txt": "nicht"
        },
        {
          "si": 2,
          "sti": 27,
          "dti": 52,
          "sco": 124,
          "dco": 293,
          "txt": "den"
        },
        {
          "si": 2,
          "sti": 28,
          "dti": 53,
          "sco": 128,
          "dco": 297,
          "txt": "Hauch"
        },
        {
          "si": 2,
          "sti": 29,
          "dti": 54,
          "sco": 134,
          "dco": 303,
          "txt": "einer"
        },
        {
          "si": 2,
          "sti": 30,
          "dti": 55,
          "sco": 140,
          "dco": 309,
          "txt": "Chance"
        },
        {
          "si": 2,
          "sti": 31,
          "dti": 56,
          "sco": 146,
          "dco": 315,
          "txt": "."
        },
        {
          "si": 3,
          "sti": 0,
          "dti": 57,
          "sco": 0,
          "dco": 317,
          "txt": "Nach"
        },
        {
          "si": 3,
          "sti": 1,
          "dti": 58,
          "sco": 5,
          "dco": 322,
          "txt": "der"
        },
        {
          "si": 3,
          "sti": 2,
          "dti": 59,
          "sco": 9,
          "dco": 326,
          "txt": "dritten"
        },
        {
          "si": 3,
          "sti": 3,
          "dti": 60,
          "sco": 17,
          "dco": 334,
          "txt": "Niederlage"
        },
        {
          "si": 3,
          "sti": 4,
          "dti": 61,
          "sco": 28,
          "dco": 345,
          "txt": "in"
        },
        {
          "si": 3,
          "sti": 5,
          "dti": 62,
          "sco": 31,
          "dco": 348,
          "txt": "der"
        },
        {
          "si": 3,
          "sti": 6,
          "dti": 63,
          "sco": 35,
          "dco": 352,
          "txt": "WM"
        },
        {
          "si": 3,
          "sti": 7,
          "dti": 64,
          "sco": 37,
          "dco": 354,
          "txt": "-"
        },
        {
          "si": 3,
          "sti": 8,
          "dti": 65,
          "sco": 38,
          "dco": 355,
          "txt": "Qualifikation"
        },
        {
          "si": 3,
          "sti": 9,
          "dti": 66,
          "sco": 52,
          "dco": 369,
          "txt": "kann"
        },
        {
          "si": 3,
          "sti": 10,
          "dti": 67,
          "sco": 57,
          "dco": 374,
          "txt": "die"
        },
        {
          "si": 3,
          "sti": 11,
          "dti": 68,
          "sco": 61,
          "dco": 378,
          "txt": "Mannschaft"
        },
        {
          "si": 3,
          "sti": 12,
          "dti": 69,
          "sco": 72,
          "dco": 389,
          "txt": "von"
        },
        {
          "si": 3,
          "sti": 13,
          "dti": 70,
          "sco": 76,
          "dco": 393,
          "txt": "Trainer"
        },
        {
          "si": 3,
          "sti": 14,
          "dti": 71,
          "sco": 84,
          "dco": 401,
          "txt": "Christo"
        },
        {
          "si": 3,
          "sti": 15,
          "dti": 72,
          "sco": 92,
          "dco": 409,
          "txt": "Stojtschkow"
        },
        {
          "si": 3,
          "sti": 16,
          "dti": 73,
          "sco": 104,
          "dco": 421,
          "txt": "den"
        },
        {
          "si": 3,
          "sti": 17,
          "dti": 74,
          "sco": 108,
          "dco": 425,
          "txt": "ersten"
        },
        {
          "si": 3,
          "sti": 18,
          "dti": 75,
          "sco": 115,
          "dco": 432,
          "txt": "Platz"
        },
        {
          "si": 3,
          "sti": 19,
          "dti": 76,
          "sco": 121,
          "dco": 438,
          "txt": "schon"
        },
        {
          "si": 3,
          "sti": 20,
          "dti": 77,
          "sco": 127,
          "dco": 444,
          "txt": "nicht"
        },
        {
          "si": 3,
          "sti": 21,
          "dti": 78,
          "sco": 133,
          "dco": 450,
          "txt": "mehr"
        },
        {
          "si": 3,
          "sti": 22,
          "dti": 79,
          "sco": 138,
          "dco": 455,
          "txt": "erreichen"
        },
        {
          "si": 3,
          "sti": 23,
          "dti": 80,
          "sco": 147,
          "dco": 464,
          "txt": "."
        },
        {
          "si": 4,
          "sti": 0,
          "dti": 81,
          "sco": 0,
          "dco": 466,
          "txt": "Auch"
        },
        {
          "si": 4,
          "sti": 1,
          "dti": 82,
          "sco": 5,
          "dco": 471,
          "txt": "das"
        },
        {
          "si": 4,
          "sti": 2,
          "dti": 83,
          "sco": 9,
          "dco": 475,
          "txt": "Erreichen"
        },
        {
          "si": 4,
          "sti": 3,
          "dti": 84,
          "sco": 19,
          "dco": 485,
          "txt": "des"
        },
        {
          "si": 4,
          "sti": 4,
          "dti": 85,
          "sco": 23,
          "dco": 489,
          "txt": "zweiten"
        },
        {
          "si": 4,
          "sti": 5,
          "dti": 86,
          "sco": 31,
          "dco": 497,
          "txt": "Ranges"
        },
        {
          "si": 4,
          "sti": 6,
          "dti": 87,
          "sco": 38,
          "dco": 504,
          "txt": "ist"
        },
        {
          "si": 4,
          "sti": 7,
          "dti": 88,
          "sco": 42,
          "dco": 508,
          "txt": "nur"
        },
        {
          "si": 4,
          "sti": 8,
          "dti": 89,
          "sco": 46,
          "dco": 512,
          "txt": "noch"
        },
        {
          "si": 4,
          "sti": 9,
          "dti": 90,
          "sco": 51,
          "dco": 517,
          "txt": "theoretisch"
        },
        {
          "si": 4,
          "sti": 10,
          "dti": 91,
          "sco": 63,
          "dco": 529,
          "txt": "moeglich"
        },
        {
          "si": 4,
          "sti": 11,
          "dti": 92,
          "sco": 71,
          "dco": 537,
          "txt": "."
        },
        {
          "si": 4,
          "sti": 12,
          "dti": 93,
          "sco": 73,
          "dco": 539,
          "txt": "1994"
        },
        {
          "si": 4,
          "sti": 13,
          "dti": 94,
          "sco": 78,
          "dco": 544,
          "txt": "hatte"
        },
        {
          "si": 4,
          "sti": 14,
          "dti": 95,
          "sco": 84,
          "dco": 550,
          "txt": "Bulgarien"
        },
        {
          "si": 4,
          "sti": 15,
          "dti": 96,
          "sco": 94,
          "dco": 560,
          "txt": "mit"
        },
        {
          "si": 4,
          "sti": 16,
          "dti": 97,
          "sco": 98,
          "dco": 564,
          "txt": "Stojtschkow"
        },
        {
          "si": 4,
          "sti": 17,
          "dti": 98,
          "sco": 110,
          "dco": 576,
          "txt": "noch"
        },
        {
          "si": 4,
          "sti": 18,
          "dti": 99,
          "sco": 115,
          "dco": 581,
          "txt": "Titelverteidiger"
        },
        {
          "si": 4,
          "sti": 19,
          "dti": 100,
          "sco": 132,
          "dco": 598,
          "txt": "Deutschland"
        },
        {
          "si": 4,
          "sti": 20,
          "dti": 101,
          "sco": 144,
          "dco": 610,
          "txt": "im"
        },
        {
          "si": 4,
          "sti": 21,
          "dti": 102,
          "sco": 147,
          "dco": 613,
          "txt": "Viertelfinale"
        },
        {
          "si": 4,
          "sti": 22,
          "dti": 103,
          "sco": 161,
          "dco": 627,
          "txt": "ausgeschaltet"
        },
        {
          "si": 4,
          "sti": 23,
          "dti": 104,
          "sco": 174,
          "dco": 640,
          "txt": "."
        },
        {
          "si": 5,
          "sti": 0,
          "dti": 105,
          "sco": 0,
          "dco": 642,
          "txt": "Schweden"
        },
        {
          "si": 5,
          "sti": 1,
          "dti": 106,
          "sco": 9,
          "dco": 651,
          "txt": "hingegen"
        },
        {
          "si": 5,
          "sti": 2,
          "dti": 107,
          "sco": 18,
          "dco": 660,
          "txt": "darf"
        },
        {
          "si": 5,
          "sti": 3,
          "dti": 108,
          "sco": 23,
          "dco": 665,
          "txt": "dank"
        },
        {
          "si": 5,
          "sti": 4,
          "dti": 109,
          "sco": 28,
          "dco": 670,
          "txt": "der"
        },
        {
          "si": 5,
          "sti": 5,
          "dti": 110,
          "sco": 32,
          "dco": 674,
          "txt": "Tore"
        },
        {
          "si": 5,
          "sti": 6,
          "dti": 111,
          "sco": 37,
          "dco": 679,
          "txt": "von"
        },
        {
          "si": 5,
          "sti": 7,
          "dti": 112,
          "sco": 41,
          "dco": 683,
          "txt": "Fredrik"
        },
        {
          "si": 5,
          "sti": 8,
          "dti": 113,
          "sco": 49,
          "dco": 691,
          "txt": "Ljungberg"
        },
        {
          "si": 5,
          "sti": 9,
          "dti": 114,
          "sco": 59,
          "dco": 701,
          "txt": "("
        },
        {
          "si": 5,
          "sti": 10,
          "dti": 115,
          "sco": 60,
          "dco": 702,
          "txt": "Arsenal"
        },
        {
          "si": 5,
          "sti": 11,
          "dti": 116,
          "sco": 68,
          "dco": 710,
          "txt": "London"
        },
        {
          "si": 5,
          "sti": 12,
          "dti": 117,
          "sco": 74,
          "dco": 716,
          "txt": ")"
        },
        {
          "si": 5,
          "sti": 13,
          "dti": 118,
          "sco": 75,
          "dco": 717,
          "txt": ","
        },
        {
          "si": 5,
          "sti": 14,
          "dti": 119,
          "sco": 77,
          "dco": 719,
          "txt": "Olof"
        },
        {
          "si": 5,
          "sti": 15,
          "dti": 120,
          "sco": 82,
          "dco": 724,
          "txt": "Mjellberg"
        },
        {
          "si": 5,
          "sti": 16,
          "dti": 121,
          "sco": 92,
          "dco": 734,
          "txt": "("
        },
        {
          "si": 5,
          "sti": 17,
          "dti": 122,
          "sco": 93,
          "dco": 735,
          "txt": "Aston"
        },
        {
          "si": 5,
          "sti": 18,
          "dti": 123,
          "sco": 99,
          "dco": 741,
          "txt": "Villa"
        },
        {
          "si": 5,
          "sti": 19,
          "dti": 124,
          "sco": 104,
          "dco": 746,
          "txt": ")"
        },
        {
          "si": 5,
          "sti": 20,
          "dti": 125,
          "sco": 106,
          "dco": 748,
          "txt": "und"
        },
        {
          "si": 5,
          "sti": 21,
          "dti": 126,
          "sco": 110,
          "dco": 752,
          "txt": "Zlatan"
        },
        {
          "si": 5,
          "sti": 22,
          "dti": 127,
          "sco": 117,
          "dco": 759,
          "txt": "Ibrahimovic"
        },
        {
          "si": 5,
          "sti": 23,
          "dti": 128,
          "sco": 129,
          "dco": 771,
          "txt": "("
        },
        {
          "si": 5,
          "sti": 24,
          "dti": 129,
          "sco": 130,
          "dco": 772,
          "txt": "Juventus"
        },
        {
          "si": 5,
          "sti": 25,
          "dti": 130,
          "sco": 139,
          "dco": 781,
          "txt": "Turin"
        },
        {
          "si": 5,
          "sti": 26,
          "dti": 131,
          "sco": 144,
          "dco": 786,
          "txt": ")"
        },
        {
          "si": 5,
          "sti": 27,
          "dti": 132,
          "sco": 146,
          "dco": 788,
          "txt": "weiter"
        },
        {
          "si": 5,
          "sti": 28,
          "dti": 133,
          "sco": 153,
          "dco": 795,
          "txt": "von"
        },
        {
          "si": 5,
          "sti": 29,
          "dti": 134,
          "sco": 157,
          "dco": 799,
          "txt": "der"
        },
        {
          "si": 5,
          "sti": 30,
          "dti": 135,
          "sco": 161,
          "dco": 803,
          "txt": "Endrunde"
        },
        {
          "si": 5,
          "sti": 31,
          "dti": 136,
          "sco": 170,
          "dco": 812,
          "txt": "in"
        },
        {
          "si": 5,
          "sti": 32,
          "dti": 137,
          "sco": 173,
          "dco": 815,
          "txt": "Deutschland"
        },
        {
          "si": 5,
          "sti": 33,
          "dti": 138,
          "sco": 185,
          "dco": 827,
          "txt": "traeumen"
        },
        {
          "si": 5,
          "sti": 34,
          "dti": 139,
          "sco": 193,
          "dco": 835,
          "txt": "."
        },
        {
          "si": 6,
          "sti": 0,
          "dti": 140,
          "sco": 0,
          "dco": 837,
          "txt": "Die"
        },
        {
          "si": 6,
          "sti": 1,
          "dti": 141,
          "sco": 4,
          "dco": 841,
          "txt": "Tre"
        },
        {
          "si": 6,
          "sti": 2,
          "dti": 142,
          "sco": 8,
          "dco": 845,
          "txt": "Kronors"
        },
        {
          "si": 6,
          "sti": 3,
          "dti": 143,
          "sco": 16,
          "dco": 853,
          "txt": "weisen"
        },
        {
          "si": 6,
          "sti": 4,
          "dti": 144,
          "sco": 23,
          "dco": 860,
          "txt": "nach"
        },
        {
          "si": 6,
          "sti": 5,
          "dti": 145,
          "sco": 28,
          "dco": 865,
          "txt": "dem"
        },
        {
          "si": 6,
          "sti": 6,
          "dti": 146,
          "sco": 32,
          "dco": 869,
          "txt": "sechsten"
        },
        {
          "si": 6,
          "sti": 7,
          "dti": 147,
          "sco": 41,
          "dco": 878,
          "txt": "Sieg"
        },
        {
          "si": 6,
          "sti": 8,
          "dti": 148,
          "sco": 46,
          "dco": 883,
          "txt": "im"
        },
        {
          "si": 6,
          "sti": 9,
          "dti": 149,
          "sco": 49,
          "dco": 886,
          "txt": "siebten"
        },
        {
          "si": 6,
          "sti": 10,
          "dti": 150,
          "sco": 57,
          "dco": 894,
          "txt": "Spiel"
        },
        {
          "si": 6,
          "sti": 11,
          "dti": 151,
          "sco": 63,
          "dco": 900,
          "txt": "18"
        },
        {
          "si": 6,
          "sti": 12,
          "dti": 152,
          "sco": 66,
          "dco": 903,
          "txt": "Punkte"
        },
        {
          "si": 6,
          "sti": 13,
          "dti": 153,
          "sco": 73,
          "dco": 910,
          "txt": "auf"
        },
        {
          "si": 6,
          "sti": 14,
          "dti": 154,
          "sco": 77,
          "dco": 914,
          "txt": "und"
        },
        {
          "si": 6,
          "sti": 15,
          "dti": 155,
          "sco": 81,
          "dco": 918,
          "txt": "treffen"
        },
        {
          "si": 6,
          "sti": 16,
          "dti": 156,
          "sco": 89,
          "dco": 926,
          "txt": "am"
        },
        {
          "si": 6,
          "sti": 17,
          "dti": 157,
          "sco": 92,
          "dco": 929,
          "txt": "kommenden"
        },
        {
          "si": 6,
          "sti": 18,
          "dti": 158,
          "sco": 102,
          "dco": 939,
          "txt": "Mittwoch"
        },
        {
          "si": 6,
          "sti": 19,
          "dti": 159,
          "sco": 111,
          "dco": 948,
          "txt": "in"
        },
        {
          "si": 6,
          "sti": 20,
          "dti": 160,
          "sco": 114,
          "dco": 951,
          "txt": "Budapest"
        },
        {
          "si": 6,
          "sti": 21,
          "dti": 161,
          "sco": 123,
          "dco": 960,
          "txt": "auf"
        },
        {
          "si": 6,
          "sti": 22,
          "dti": 162,
          "sco": 127,
          "dco": 964,
          "txt": "Lothar"
        },
        {
          "si": 6,
          "sti": 23,
          "dti": 163,
          "sco": 134,
          "dco": 971,
          "txt": "Matthaeus"
        },
        {
          "si": 6,
          "sti": 24,
          "dti": 164,
          "sco": 144,
          "dco": 981,
          "txt": "und"
        },
        {
          "si": 6,
          "sti": 25,
          "dti": 165,
          "sco": 148,
          "dco": 985,
          "txt": "Ungarn"
        },
        {
          "si": 6,
          "sti": 26,
          "dti": 166,
          "sco": 154,
          "dco": 991,
          "txt": "."
        },
        {
          "si": 7,
          "sti": 0,
          "dti": 167,
          "sco": 0,
          "dco": 993,
          "txt": "Direkter"
        },
        {
          "si": 7,
          "sti": 1,
          "dti": 168,
          "sco": 9,
          "dco": 1002,
          "txt": "Konkurrent"
        },
        {
          "si": 7,
          "sti": 2,
          "dti": 169,
          "sco": 20,
          "dco": 1013,
          "txt": "im"
        },
        {
          "si": 7,
          "sti": 3,
          "dti": 170,
          "sco": 23,
          "dco": 1016,
          "txt": "Kampf"
        },
        {
          "si": 7,
          "sti": 4,
          "dti": 171,
          "sco": 29,
          "dco": 1022,
          "txt": "um"
        },
        {
          "si": 7,
          "sti": 5,
          "dti": 172,
          "sco": 32,
          "dco": 1025,
          "txt": "den"
        },
        {
          "si": 7,
          "sti": 6,
          "dti": 173,
          "sco": 36,
          "dco": 1029,
          "txt": "Gruppensieg"
        },
        {
          "si": 7,
          "sti": 7,
          "dti": 174,
          "sco": 48,
          "dco": 1041,
          "txt": "ist"
        },
        {
          "si": 7,
          "sti": 8,
          "dti": 175,
          "sco": 52,
          "dco": 1045,
          "txt": "Kroatien"
        },
        {
          "si": 7,
          "sti": 9,
          "dti": 176,
          "sco": 61,
          "dco": 1054,
          "txt": "("
        },
        {
          "si": 7,
          "sti": 10,
          "dti": 177,
          "sco": 62,
          "dco": 1055,
          "txt": "16"
        },
        {
          "si": 7,
          "sti": 11,
          "dti": 178,
          "sco": 65,
          "dco": 1058,
          "txt": "Punkte"
        },
        {
          "si": 7,
          "sti": 12,
          "dti": 179,
          "sco": 71,
          "dco": 1064,
          "txt": ")"
        },
        {
          "si": 7,
          "sti": 13,
          "dti": 180,
          "sco": 72,
          "dco": 1065,
          "txt": ","
        },
        {
          "si": 7,
          "sti": 14,
          "dti": 181,
          "sco": 74,
          "dco": 1067,
          "txt": "das"
        },
        {
          "si": 7,
          "sti": 15,
          "dti": 182,
          "sco": 78,
          "dco": 1071,
          "txt": "am"
        },
        {
          "si": 7,
          "sti": 16,
          "dti": 183,
          "sco": 81,
          "dco": 1074,
          "txt": "Samstagabend"
        },
        {
          "si": 7,
          "sti": 17,
          "dti": 184,
          "sco": 94,
          "dco": 1087,
          "txt": "auf"
        },
        {
          "si": 7,
          "sti": 18,
          "dti": 185,
          "sco": 98,
          "dco": 1091,
          "txt": "Island"
        },
        {
          "si": 7,
          "sti": 19,
          "dti": 186,
          "sco": 105,
          "dco": 1098,
          "txt": "spielte"
        },
        {
          "si": 7,
          "sti": 20,
          "dti": 187,
          "sco": 112,
          "dco": 1105,
          "txt": "."
        }
      ]
    },
    "ganns": {
      "dla": [],
      "la": [],
      "ea": [],
      "eta": [
        {
          "ra": {
            "ea": {
              "etn": "Goal"
            }
          },
          "sfs": [
            [
              {
                "stn": "scoreTeamB"
              },
              {
                "ea": {
                  "etn": "0"
                }
              }
            ],
            [
              {
                "stn": "forTeam"
              },
              {
                "ea": {
                  "etn": "Schweden"
                }
              }
            ],
            [
              {
                "stn": "scoreTeamA"
              },
              {
                "ea": {
                  "etn": "1"
                }
              }
            ],
            [
              {
                "stn": "minute"
              },
              {
                "ea": {
                  "etn": "60"
                }
              }
            ],
            [
              {
                "stn": "scorer"
              },
              {
                "ea": {
                  "etn": "Ljungberg Fredrik"
                }
              }
            ]
          ],
          "mfs": {}
        },
        {
          "ra": {
            "ea": {
              "etn": "Goal"
            }
          },
          "sfs": [
            [
              {
                "stn": "scoreTeamB"
              },
              {
                "ea": {
                  "etn": "0"
                }
              }
            ],
            [
              {
                "stn": "forTeam"
              },
              {
                "ea": {
                  "etn": "Schweden"
                }
              }
            ],
            [
              {
                "stn": "scoreTeamA"
              },
              {
                "ea": {
                  "etn": "2"
                }
              }
            ],
            [
              {
                "stn": "minute"
              },
              {
                "ea": {
                  "etn": "75"
                }
              }
            ],
            [
              {
                "stn": "scorer"
              },
              {
                "ea": {
                  "etn": "Mellberg Olof"
                }
              }
            ]
          ],
          "mfs": {}
        },
        {
          "ra": {
            "ea": {
              "etn": "Goal"
            }
          },
          "sfs": [
            [
              {
                "stn": "scoreTeamB"
              },
              {
                "ea": {
                  "etn": "0"
                }
              }
            ],
            [
              {
                "stn": "forTeam"
              },
              {
                "ea": {
                  "etn": "Schweden"
                }
              }
            ],
            [
              {
                "stn": "scoreTeamA"
              },
              {
                "ea": {
                  "etn": "3"
                }
              }
            ],
            [
              {
                "stn": "minute"
              },
              {
                "ea": {
                  "etn": "90"
                }
              }
            ],
            [
              {
                "stn": "scorer"
              },
              {
                "ea": {
                  "etn": "Ibrahimovic Zlatan"
                }
              }
            ]
          ],
          "mfs": {}
        },
        {
          "ra": {
            "ea": {
              "etn": "RedCard"
            }
          },
          "sfs": [
            [
              {
                "stn": "cardForTeam"
              },
              {
                "ea": {
                  "etn": "Bulgarien"
                }
              }
            ],
            [
              {
                "stn": "cardMinute"
              },
              {
                "ea": {
                  "etn": "48"
                }
              }
            ],
            [
              {
                "stn": "player"
              },
              {
                "ea": {
                  "etn": "Georgiev Blagoy"
                }
              }
            ]
          ],
          "mfs": {}
        },
        {
          "ra": {
            "ea": {
              "etn": "YellowCard"
            }
          },
          "sfs": [
            [
              {
                "stn": "cardForTeam"
              },
              {
                "ea": {
                  "etn": "Bulgarien"
                }
              }
            ],
            [
              {
                "stn": "cardMinute"
              },
              {
                "ea": {
                  "etn": "22"
                }
              }
            ],
            [
              {
                "stn": "player"
              },
              {
                "ea": {
                  "etn": "Georgiev Blagoy"
                }
              }
            ]
          ],
          "mfs": {}
        },
        {
          "ra": {
            "ea": {
              "etn": "YellowCard"
            }
          },
          "sfs": [
            [
              {
                "stn": "cardForTeam"
              },
              {
                "ea": {
                  "etn": "Bulgarien"
                }
              }
            ],
            [
              {
                "stn": "cardMinute"
              },
              {
                "ea": {
                  "etn": "48"
                }
              }
            ],
            [
              {
                "stn": "player"
              },
              {
                "ea": {
                  "etn": "Georgiev Blagoy"
                }
              }
            ]
          ],
          "mfs": {}
        },
        {
          "ra": {
            "ea": {
              "etn": "YellowCard"
            }
          },
          "sfs": [
            [
              {
                "stn": "cardForTeam"
              },
              {
                "ea": {
                  "etn": "Bulgarien"
                }
              }
            ],
            [
              {
                "stn": "cardMinute"
              },
              {
                "ea": {
                  "etn": "52"
                }
              }
            ],
            [
              {
                "stn": "player"
              },
              {
                "ea": {
                  "etn": "Petrov Martin"
                }
              }
            ]
          ],
          "mfs": {}
        },
        {
          "ra": {
            "ea": {
              "etn": "YellowCard"
            }
          },
          "sfs": [
            [
              {
                "stn": "cardForTeam"
              },
              {
                "ea": {
                  "etn": "Schweden"
                }
              }
            ],
            [
              {
                "stn": "cardMinute"
              },
              {
                "ea": {
                  "etn": "67"
                }
              }
            ],
            [
              {
                "stn": "player"
              },
              {
                "ea": {
                  "etn": "Wilhelmsson Christian"
                }
              }
            ]
          ],
          "mfs": {}
        },
        {
          "ra": {
            "ea": {
              "etn": "TeamStats"
            }
          },
          "sfs": [
            [
              {
                "stn": "finalScore"
              },
              {
                "ea": {
                  "etn": "3"
                }
              }
            ],
            [
              {
                "stn": "name"
              },
              {
                "ea": {
                  "etn": "Schweden"
                }
              }
            ]
          ],
          "mfs": {}
        },
        {
          "ra": {
            "ea": {
              "etn": "TeamStats"
            }
          },
          "sfs": [
            [
              {
                "stn": "finalScore"
              },
              {
                "ea": {
                  "etn": "0"
                }
              }
            ],
            [
              {
                "stn": "name"
              },
              {
                "ea": {
                  "etn": "Bulgarien"
                }
              }
            ]
          ],
          "mfs": {}
        }
      ]
    }
  }
]
