[
  {
    "context": "UNSPECIFIED",
    "doc": {
      "id": "de_mr38014_struct",
      "tl": [
        {
          "si": 0,
          "sti": 0,
          "dti": 0,
          "sco": 0,
          "dco": 0,
          "txt": "Mexiko"
        },
        {
          "si": 0,
          "sti": 1,
          "dti": 1,
          "sco": 7,
          "dco": 7,
          "txt": "besiegt"
        },
        {
          "si": 0,
          "sti": 2,
          "dti": 2,
          "sco": 15,
          "dco": 15,
          "txt": "in"
        },
        {
          "si": 0,
          "sti": 3,
          "dti": 3,
          "sco": 18,
          "dco": 18,
          "txt": "der"
        },
        {
          "si": 0,
          "sti": 4,
          "dti": 4,
          "sco": 22,
          "dco": 22,
          "txt": "CONCACAF"
        },
        {
          "si": 0,
          "sti": 5,
          "dti": 5,
          "sco": 30,
          "dco": 30,
          "txt": "-"
        },
        {
          "si": 0,
          "sti": 6,
          "dti": 6,
          "sco": 31,
          "dco": 31,
          "txt": "Qualifikation"
        },
        {
          "si": 0,
          "sti": 7,
          "dti": 7,
          "sco": 45,
          "dco": 45,
          "txt": "St"
        },
        {
          "si": 0,
          "sti": 8,
          "dti": 8,
          "sco": 47,
          "dco": 47,
          "txt": "."
        },
        {
          "si": 1,
          "sti": 0,
          "dti": 9,
          "sco": 0,
          "dco": 49,
          "txt": "Kitts"
        },
        {
          "si": 1,
          "sti": 1,
          "dti": 10,
          "sco": 6,
          "dco": 55,
          "txt": "und"
        },
        {
          "si": 1,
          "sti": 2,
          "dti": 11,
          "sco": 10,
          "dco": 59,
          "txt": "Nevis"
        },
        {
          "si": 1,
          "sti": 3,
          "dti": 12,
          "sco": 16,
          "dco": 65,
          "txt": "mit"
        },
        {
          "si": 1,
          "sti": 4,
          "dti": 13,
          "sco": 20,
          "dco": 69,
          "txt": "5"
        },
        {
          "si": 1,
          "sti": 5,
          "dti": 14,
          "sco": 21,
          "dco": 70,
          "txt": ":"
        },
        {
          "si": 1,
          "sti": 6,
          "dti": 15,
          "sco": 22,
          "dco": 71,
          "txt": "0"
        },
        {
          "si": 1,
          "sti": 7,
          "dti": 16,
          "sco": 23,
          "dco": 72,
          "txt": "."
        },
        {
          "si": 2,
          "sti": 0,
          "dti": 17,
          "sco": 0,
          "dco": 74,
          "txt": "Am"
        },
        {
          "si": 2,
          "sti": 1,
          "dti": 18,
          "sco": 3,
          "dco": 77,
          "txt": "Samstagabend"
        },
        {
          "si": 2,
          "sti": 2,
          "dti": 19,
          "sco": 16,
          "dco": 90,
          "txt": "besiegte"
        },
        {
          "si": 2,
          "sti": 3,
          "dti": 20,
          "sco": 25,
          "dco": 99,
          "txt": "Mexiko"
        },
        {
          "si": 2,
          "sti": 4,
          "dti": 21,
          "sco": 32,
          "dco": 106,
          "txt": "die"
        },
        {
          "si": 2,
          "sti": 5,
          "dti": 22,
          "sco": 36,
          "dco": 110,
          "txt": "Elf"
        },
        {
          "si": 2,
          "sti": 6,
          "dti": 23,
          "sco": 40,
          "dco": 114,
          "txt": "von"
        },
        {
          "si": 2,
          "sti": 7,
          "dti": 24,
          "sco": 44,
          "dco": 118,
          "txt": "St"
        },
        {
          "si": 2,
          "sti": 8,
          "dti": 25,
          "sco": 46,
          "dco": 120,
          "txt": "."
        },
        {
          "si": 3,
          "sti": 0,
          "dti": 26,
          "sco": 0,
          "dco": 122,
          "txt": "Kitts"
        },
        {
          "si": 3,
          "sti": 1,
          "dti": 27,
          "sco": 6,
          "dco": 128,
          "txt": "und"
        },
        {
          "si": 3,
          "sti": 2,
          "dti": 28,
          "sco": 10,
          "dco": 132,
          "txt": "Nevis"
        },
        {
          "si": 3,
          "sti": 3,
          "dti": 29,
          "sco": 16,
          "dco": 138,
          "txt": "in"
        },
        {
          "si": 3,
          "sti": 4,
          "dti": 30,
          "sco": 19,
          "dco": 141,
          "txt": "Gruppe"
        },
        {
          "si": 3,
          "sti": 5,
          "dti": 31,
          "sco": 26,
          "dco": 148,
          "txt": "C"
        },
        {
          "si": 3,
          "sti": 6,
          "dti": 32,
          "sco": 28,
          "dco": 150,
          "txt": "der"
        },
        {
          "si": 3,
          "sti": 7,
          "dti": 33,
          "sco": 32,
          "dco": 154,
          "txt": "CONCACAF"
        },
        {
          "si": 3,
          "sti": 8,
          "dti": 34,
          "sco": 40,
          "dco": 162,
          "txt": "-"
        },
        {
          "si": 3,
          "sti": 9,
          "dti": 35,
          "sco": 41,
          "dco": 163,
          "txt": "Qualifikation"
        },
        {
          "si": 3,
          "sti": 10,
          "dti": 36,
          "sco": 55,
          "dco": 177,
          "txt": "zur"
        },
        {
          "si": 3,
          "sti": 11,
          "dti": 37,
          "sco": 59,
          "dco": 181,
          "txt": "FIFA"
        },
        {
          "si": 3,
          "sti": 12,
          "dti": 38,
          "sco": 64,
          "dco": 186,
          "txt": "Fussball"
        },
        {
          "si": 3,
          "sti": 13,
          "dti": 39,
          "sco": 72,
          "dco": 194,
          "txt": "-"
        },
        {
          "si": 3,
          "sti": 14,
          "dti": 40,
          "sco": 73,
          "dco": 195,
          "txt": "Weltmeisterschaft"
        },
        {
          "si": 3,
          "sti": 15,
          "dti": 41,
          "sco": 91,
          "dco": 213,
          "txt": "Deutschland"
        },
        {
          "si": 3,
          "sti": 16,
          "dti": 42,
          "sco": 103,
          "dco": 225,
          "txt": "2006"
        },
        {
          "si": 3,
          "sti": 17,
          "dti": 43,
          "sco": 108,
          "dco": 230,
          "txt": "mit"
        },
        {
          "si": 3,
          "sti": 18,
          "dti": 44,
          "sco": 112,
          "dco": 234,
          "txt": "5"
        },
        {
          "si": 3,
          "sti": 19,
          "dti": 45,
          "sco": 113,
          "dco": 235,
          "txt": ":"
        },
        {
          "si": 3,
          "sti": 20,
          "dti": 46,
          "sco": 114,
          "dco": 236,
          "txt": "0"
        },
        {
          "si": 3,
          "sti": 21,
          "dti": 47,
          "sco": 115,
          "dco": 237,
          "txt": "."
        },
        {
          "si": 4,
          "sti": 0,
          "dti": 48,
          "sco": 0,
          "dco": 239,
          "txt": "In"
        },
        {
          "si": 4,
          "sti": 1,
          "dti": 49,
          "sco": 3,
          "dco": 242,
          "txt": "der"
        },
        {
          "si": 4,
          "sti": 2,
          "dti": 50,
          "sco": 7,
          "dco": 246,
          "txt": "Partie"
        },
        {
          "si": 4,
          "sti": 3,
          "dti": 51,
          "sco": 13,
          "dco": 252,
          "txt": ","
        },
        {
          "si": 4,
          "sti": 4,
          "dti": 52,
          "sco": 15,
          "dco": 254,
          "txt": "die"
        },
        {
          "si": 4,
          "sti": 5,
          "dti": 53,
          "sco": 19,
          "dco": 258,
          "txt": "nur"
        },
        {
          "si": 4,
          "sti": 6,
          "dti": 54,
          "sco": 23,
          "dco": 262,
          "txt": "noch"
        },
        {
          "si": 4,
          "sti": 7,
          "dti": 55,
          "sco": 28,
          "dco": 267,
          "txt": "Formsache"
        },
        {
          "si": 4,
          "sti": 8,
          "dti": 56,
          "sco": 38,
          "dco": 277,
          "txt": "war"
        },
        {
          "si": 4,
          "sti": 9,
          "dti": 57,
          "sco": 41,
          "dco": 280,
          "txt": ","
        },
        {
          "si": 4,
          "sti": 10,
          "dti": 58,
          "sco": 43,
          "dco": 282,
          "txt": "erzielten"
        },
        {
          "si": 4,
          "sti": 11,
          "dti": 59,
          "sco": 53,
          "dco": 292,
          "txt": "die"
        },
        {
          "si": 4,
          "sti": 12,
          "dti": 60,
          "sco": 57,
          "dco": 296,
          "txt": "Tore"
        },
        {
          "si": 4,
          "sti": 13,
          "dti": 61,
          "sco": 62,
          "dco": 301,
          "txt": "fuer"
        },
        {
          "si": 4,
          "sti": 14,
          "dti": 62,
          "sco": 67,
          "dco": 306,
          "txt": "die"
        },
        {
          "si": 4,
          "sti": 15,
          "dti": 63,
          "sco": 71,
          "dco": 310,
          "txt": "'"
        },
        {
          "si": 4,
          "sti": 16,
          "dti": 64,
          "sco": 72,
          "dco": 311,
          "txt": "Azteken"
        },
        {
          "si": 4,
          "sti": 17,
          "dti": 65,
          "sco": 79,
          "dco": 318,
          "txt": "'"
        },
        {
          "si": 4,
          "sti": 18,
          "dti": 66,
          "sco": 81,
          "dco": 320,
          "txt": "Hctor"
        },
        {
          "si": 4,
          "sti": 19,
          "dti": 67,
          "sco": 87,
          "dco": 326,
          "txt": "Altamirano"
        },
        {
          "si": 4,
          "sti": 20,
          "dti": 68,
          "sco": 98,
          "dco": 337,
          "txt": "("
        },
        {
          "si": 4,
          "sti": 21,
          "dti": 69,
          "sco": 99,
          "dco": 338,
          "txt": "30"
        },
        {
          "si": 4,
          "sti": 22,
          "dti": 70,
          "sco": 101,
          "dco": 340,
          "txt": "."
        },
        {
          "si": 4,
          "sti": 23,
          "dti": 71,
          "sco": 102,
          "dco": 341,
          "txt": ")"
        },
        {
          "si": 4,
          "sti": 24,
          "dti": 72,
          "sco": 103,
          "dco": 342,
          "txt": ","
        },
        {
          "si": 4,
          "sti": 25,
          "dti": 73,
          "sco": 105,
          "dco": 344,
          "txt": "Sergio"
        },
        {
          "si": 4,
          "sti": 26,
          "dti": 74,
          "sco": 112,
          "dco": 351,
          "txt": "Santana"
        },
        {
          "si": 4,
          "sti": 27,
          "dti": 75,
          "sco": 120,
          "dco": 359,
          "txt": "("
        },
        {
          "si": 4,
          "sti": 28,
          "dti": 76,
          "sco": 121,
          "dco": 360,
          "txt": "48"
        },
        {
          "si": 4,
          "sti": 29,
          "dti": 77,
          "sco": 123,
          "dco": 362,
          "txt": "."
        },
        {
          "si": 4,
          "sti": 30,
          "dti": 78,
          "sco": 124,
          "dco": 363,
          "txt": ")"
        },
        {
          "si": 4,
          "sti": 31,
          "dti": 79,
          "sco": 126,
          "dco": 365,
          "txt": "sowie"
        },
        {
          "si": 4,
          "sti": 32,
          "dti": 80,
          "sco": 132,
          "dco": 371,
          "txt": "drei"
        },
        {
          "si": 4,
          "sti": 33,
          "dti": 81,
          "sco": 137,
          "dco": 376,
          "txt": "Mal"
        },
        {
          "si": 4,
          "sti": 34,
          "dti": 82,
          "sco": 141,
          "dco": 380,
          "txt": "Jos"
        },
        {
          "si": 4,
          "sti": 35,
          "dti": 83,
          "sco": 145,
          "dco": 384,
          "txt": "Francisco"
        },
        {
          "si": 4,
          "sti": 36,
          "dti": 84,
          "sco": 155,
          "dco": 394,
          "txt": "Fonseca"
        },
        {
          "si": 4,
          "sti": 37,
          "dti": 85,
          "sco": 163,
          "dco": 402,
          "txt": "("
        },
        {
          "si": 4,
          "sti": 38,
          "dti": 86,
          "sco": 164,
          "dco": 403,
          "txt": "40"
        },
        {
          "si": 4,
          "sti": 39,
          "dti": 87,
          "sco": 166,
          "dco": 405,
          "txt": "."
        },
        {
          "si": 4,
          "sti": 40,
          "dti": 88,
          "sco": 167,
          "dco": 406,
          "txt": ","
        },
        {
          "si": 4,
          "sti": 41,
          "dti": 89,
          "sco": 169,
          "dco": 408,
          "txt": "56"
        },
        {
          "si": 4,
          "sti": 42,
          "dti": 90,
          "sco": 171,
          "dco": 410,
          "txt": "."
        },
        {
          "si": 4,
          "sti": 43,
          "dti": 91,
          "sco": 173,
          "dco": 412,
          "txt": "und"
        },
        {
          "si": 4,
          "sti": 44,
          "dti": 92,
          "sco": 177,
          "dco": 416,
          "txt": "90"
        },
        {
          "si": 4,
          "sti": 45,
          "dti": 93,
          "sco": 179,
          "dco": 418,
          "txt": "."
        },
        {
          "si": 5,
          "sti": 0,
          "dti": 94,
          "sco": 0,
          "dco": 420,
          "txt": "Min"
        },
        {
          "si": 5,
          "sti": 1,
          "dti": 95,
          "sco": 3,
          "dco": 423,
          "txt": "."
        },
        {
          "si": 5,
          "sti": 2,
          "dti": 96,
          "sco": 4,
          "dco": 424,
          "txt": ")"
        },
        {
          "si": 5,
          "sti": 3,
          "dti": 97,
          "sco": 5,
          "dco": 425,
          "txt": "."
        },
        {
          "si": 6,
          "sti": 0,
          "dti": 98,
          "sco": 0,
          "dco": 427,
          "txt": "Das"
        },
        {
          "si": 6,
          "sti": 1,
          "dti": 99,
          "sco": 4,
          "dco": 431,
          "txt": "Rueckspiel"
        },
        {
          "si": 6,
          "sti": 2,
          "dti": 100,
          "sco": 15,
          "dco": 442,
          "txt": "findet"
        },
        {
          "si": 6,
          "sti": 3,
          "dti": 101,
          "sco": 22,
          "dco": 449,
          "txt": "am"
        },
        {
          "si": 6,
          "sti": 4,
          "dti": 102,
          "sco": 25,
          "dco": 452,
          "txt": "Mittwoch"
        },
        {
          "si": 6,
          "sti": 5,
          "dti": 103,
          "sco": 33,
          "dco": 460,
          "txt": ","
        },
        {
          "si": 6,
          "sti": 6,
          "dti": 104,
          "sco": 35,
          "dco": 462,
          "txt": "dem"
        },
        {
          "si": 6,
          "sti": 7,
          "dti": 105,
          "sco": 39,
          "dco": 466,
          "txt": "17"
        },
        {
          "si": 6,
          "sti": 8,
          "dti": 106,
          "sco": 41,
          "dco": 468,
          "txt": "."
        },
        {
          "si": 7,
          "sti": 0,
          "dti": 107,
          "sco": 0,
          "dco": 470,
          "txt": "November"
        },
        {
          "si": 7,
          "sti": 1,
          "dti": 108,
          "sco": 8,
          "dco": 478,
          "txt": ","
        },
        {
          "si": 7,
          "sti": 2,
          "dti": 109,
          "sco": 10,
          "dco": 480,
          "txt": "in"
        },
        {
          "si": 7,
          "sti": 3,
          "dti": 110,
          "sco": 13,
          "dco": 483,
          "txt": "einer"
        },
        {
          "si": 7,
          "sti": 4,
          "dti": 111,
          "sco": 19,
          "dco": 489,
          "txt": "mexikanischen"
        },
        {
          "si": 7,
          "sti": 5,
          "dti": 112,
          "sco": 33,
          "dco": 503,
          "txt": "Stadt"
        },
        {
          "si": 7,
          "sti": 6,
          "dti": 113,
          "sco": 39,
          "dco": 509,
          "txt": "statt"
        },
        {
          "si": 7,
          "sti": 7,
          "dti": 114,
          "sco": 44,
          "dco": 514,
          "txt": "."
        },
        {
          "si": 8,
          "sti": 0,
          "dti": 115,
          "sco": 0,
          "dco": 516,
          "txt": "Das"
        },
        {
          "si": 8,
          "sti": 1,
          "dti": 116,
          "sco": 4,
          "dco": 520,
          "txt": "mexikanische"
        },
        {
          "si": 8,
          "sti": 2,
          "dti": 117,
          "sco": 17,
          "dco": 533,
          "txt": "Team"
        },
        {
          "si": 8,
          "sti": 3,
          "dti": 118,
          "sco": 22,
          "dco": 538,
          "txt": "ist"
        },
        {
          "si": 8,
          "sti": 4,
          "dti": 119,
          "sco": 26,
          "dco": 542,
          "txt": "bereits"
        },
        {
          "si": 8,
          "sti": 5,
          "dti": 120,
          "sco": 34,
          "dco": 550,
          "txt": "fuer"
        },
        {
          "si": 8,
          "sti": 6,
          "dti": 121,
          "sco": 39,
          "dco": 555,
          "txt": "die"
        },
        {
          "si": 8,
          "sti": 7,
          "dti": 122,
          "sco": 43,
          "dco": 559,
          "txt": "Runde"
        },
        {
          "si": 8,
          "sti": 8,
          "dti": 123,
          "sco": 49,
          "dco": 565,
          "txt": "der"
        },
        {
          "si": 8,
          "sti": 9,
          "dti": 124,
          "sco": 53,
          "dco": 569,
          "txt": "letzten"
        },
        {
          "si": 8,
          "sti": 10,
          "dti": 125,
          "sco": 61,
          "dco": 577,
          "txt": "sechs"
        },
        {
          "si": 8,
          "sti": 11,
          "dti": 126,
          "sco": 67,
          "dco": 583,
          "txt": "in"
        },
        {
          "si": 8,
          "sti": 12,
          "dti": 127,
          "sco": 70,
          "dco": 586,
          "txt": "der"
        },
        {
          "si": 8,
          "sti": 13,
          "dti": 128,
          "sco": 74,
          "dco": 590,
          "txt": "letzten"
        },
        {
          "si": 8,
          "sti": 14,
          "dti": 129,
          "sco": 82,
          "dco": 598,
          "txt": "CONCACAF"
        },
        {
          "si": 8,
          "sti": 15,
          "dti": 130,
          "sco": 90,
          "dco": 606,
          "txt": "-"
        },
        {
          "si": 8,
          "sti": 16,
          "dti": 131,
          "sco": 91,
          "dco": 607,
          "txt": "Phase"
        },
        {
          "si": 8,
          "sti": 17,
          "dti": 132,
          "sco": 97,
          "dco": 613,
          "txt": "qualifiziert"
        },
        {
          "si": 8,
          "sti": 18,
          "dti": 133,
          "sco": 111,
          "dco": 627,
          "txt": "ebenso"
        },
        {
          "si": 8,
          "sti": 19,
          "dti": 134,
          "sco": 118,
          "dco": 634,
          "txt": "wie"
        },
        {
          "si": 8,
          "sti": 20,
          "dti": 135,
          "sco": 122,
          "dco": 638,
          "txt": "Guatemala"
        },
        {
          "si": 8,
          "sti": 21,
          "dti": 136,
          "sco": 132,
          "dco": 648,
          "txt": "und"
        },
        {
          "si": 8,
          "sti": 22,
          "dti": 137,
          "sco": 136,
          "dco": 652,
          "txt": "die"
        },
        {
          "si": 8,
          "sti": 23,
          "dti": 138,
          "sco": 140,
          "dco": 656,
          "txt": "Vereinigten"
        },
        {
          "si": 8,
          "sti": 24,
          "dti": 139,
          "sco": 152,
          "dco": 668,
          "txt": "Staaten"
        },
        {
          "si": 8,
          "sti": 25,
          "dti": 140,
          "sco": 159,
          "dco": 675,
          "txt": "."
        },
        {
          "si": 9,
          "sti": 0,
          "dti": 141,
          "sco": 0,
          "dco": 677,
          "txt": "Dieses"
        },
        {
          "si": 9,
          "sti": 1,
          "dti": 142,
          "sco": 7,
          "dco": 684,
          "txt": "Sechserturnier"
        },
        {
          "si": 9,
          "sti": 2,
          "dti": 143,
          "sco": 22,
          "dco": 699,
          "txt": "findet"
        },
        {
          "si": 9,
          "sti": 3,
          "dti": 144,
          "sco": 29,
          "dco": 706,
          "txt": "ab"
        },
        {
          "si": 9,
          "sti": 4,
          "dti": 145,
          "sco": 32,
          "dco": 709,
          "txt": "Februar"
        },
        {
          "si": 9,
          "sti": 5,
          "dti": 146,
          "sco": 40,
          "dco": 717,
          "txt": "naechsten"
        },
        {
          "si": 9,
          "sti": 6,
          "dti": 147,
          "sco": 50,
          "dco": 727,
          "txt": "Jahres"
        },
        {
          "si": 9,
          "sti": 7,
          "dti": 148,
          "sco": 57,
          "dco": 734,
          "txt": "statt"
        },
        {
          "si": 9,
          "sti": 8,
          "dti": 149,
          "sco": 62,
          "dco": 739,
          "txt": "."
        },
        {
          "si": 10,
          "sti": 0,
          "dti": 150,
          "sco": 0,
          "dco": 741,
          "txt": "Dabei"
        },
        {
          "si": 10,
          "sti": 1,
          "dti": 151,
          "sco": 6,
          "dco": 747,
          "txt": "werden"
        },
        {
          "si": 10,
          "sti": 2,
          "dti": 152,
          "sco": 13,
          "dco": 754,
          "txt": "drei"
        },
        {
          "si": 10,
          "sti": 3,
          "dti": 153,
          "sco": 18,
          "dco": 759,
          "txt": "Mannschaften"
        },
        {
          "si": 10,
          "sti": 4,
          "dti": 154,
          "sco": 31,
          "dco": 772,
          "txt": "ermittelt"
        },
        {
          "si": 10,
          "sti": 5,
          "dti": 155,
          "sco": 40,
          "dco": 781,
          "txt": ","
        },
        {
          "si": 10,
          "sti": 6,
          "dti": 156,
          "sco": 42,
          "dco": 783,
          "txt": "die"
        },
        {
          "si": 10,
          "sti": 7,
          "dti": 157,
          "sco": 46,
          "dco": 787,
          "txt": "sich"
        },
        {
          "si": 10,
          "sti": 8,
          "dti": 158,
          "sco": 51,
          "dco": 792,
          "txt": "direkt"
        },
        {
          "si": 10,
          "sti": 9,
          "dti": 159,
          "sco": 58,
          "dco": 799,
          "txt": "fuer"
        },
        {
          "si": 10,
          "sti": 10,
          "dti": 160,
          "sco": 63,
          "dco": 804,
          "txt": "die"
        },
        {
          "si": 10,
          "sti": 11,
          "dti": 161,
          "sco": 67,
          "dco": 808,
          "txt": "Weltmeisterschaft"
        },
        {
          "si": 10,
          "sti": 12,
          "dti": 162,
          "sco": 85,
          "dco": 826,
          "txt": "in"
        },
        {
          "si": 10,
          "sti": 13,
          "dti": 163,
          "sco": 88,
          "dco": 829,
          "txt": "Deutschland"
        },
        {
          "si": 10,
          "sti": 14,
          "dti": 164,
          "sco": 100,
          "dco": 841,
          "txt": "qualifizieren"
        },
        {
          "si": 10,
          "sti": 15,
          "dti": 165,
          "sco": 113,
          "dco": 854,
          "txt": ","
        },
        {
          "si": 10,
          "sti": 16,
          "dti": 166,
          "sco": 115,
          "dco": 856,
          "txt": "sowie"
        },
        {
          "si": 10,
          "sti": 17,
          "dti": 167,
          "sco": 121,
          "dco": 862,
          "txt": "ein"
        },
        {
          "si": 10,
          "sti": 18,
          "dti": 168,
          "sco": 125,
          "dco": 866,
          "txt": "viertes"
        },
        {
          "si": 10,
          "sti": 19,
          "dti": 169,
          "sco": 133,
          "dco": 874,
          "txt": "Team"
        },
        {
          "si": 10,
          "sti": 20,
          "dti": 170,
          "sco": 137,
          "dco": 878,
          "txt": ","
        },
        {
          "si": 10,
          "sti": 21,
          "dti": 171,
          "sco": 139,
          "dco": 880,
          "txt": "das"
        },
        {
          "si": 10,
          "sti": 22,
          "dti": 172,
          "sco": 143,
          "dco": 884,
          "txt": "in"
        },
        {
          "si": 10,
          "sti": 23,
          "dti": 173,
          "sco": 146,
          "dco": 887,
          "txt": "Play"
        },
        {
          "si": 10,
          "sti": 24,
          "dti": 174,
          "sco": 150,
          "dco": 891,
          "txt": "-"
        },
        {
          "si": 10,
          "sti": 25,
          "dti": 175,
          "sco": 151,
          "dco": 892,
          "txt": "Offs"
        },
        {
          "si": 10,
          "sti": 26,
          "dti": 176,
          "sco": 156,
          "dco": 897,
          "txt": "gegen"
        },
        {
          "si": 10,
          "sti": 27,
          "dti": 177,
          "sco": 162,
          "dco": 903,
          "txt": "eine"
        },
        {
          "si": 10,
          "sti": 28,
          "dti": 178,
          "sco": 167,
          "dco": 908,
          "txt": "Mannschaft"
        },
        {
          "si": 10,
          "sti": 29,
          "dti": 179,
          "sco": 178,
          "dco": 919,
          "txt": "aus"
        },
        {
          "si": 10,
          "sti": 30,
          "dti": 180,
          "sco": 182,
          "dco": 923,
          "txt": "Asien"
        },
        {
          "si": 10,
          "sti": 31,
          "dti": 181,
          "sco": 188,
          "dco": 929,
          "txt": "antritt"
        },
        {
          "si": 10,
          "sti": 32,
          "dti": 182,
          "sco": 195,
          "dco": 936,
          "txt": "."
        },
        {
          "si": 11,
          "sti": 0,
          "dti": 183,
          "sco": 0,
          "dco": 938,
          "txt": "Die"
        },
        {
          "si": 11,
          "sti": 1,
          "dti": 184,
          "sco": 4,
          "dco": 942,
          "txt": "Mexikaner"
        },
        {
          "si": 11,
          "sti": 2,
          "dti": 185,
          "sco": 14,
          "dco": 952,
          "txt": "waren"
        },
        {
          "si": 11,
          "sti": 3,
          "dti": 186,
          "sco": 20,
          "dco": 958,
          "txt": "mit"
        },
        {
          "si": 11,
          "sti": 4,
          "dti": 187,
          "sco": 24,
          "dco": 962,
          "txt": "bisher"
        },
        {
          "si": 11,
          "sti": 5,
          "dti": 188,
          "sco": 31,
          "dco": 969,
          "txt": "fuenf"
        },
        {
          "si": 11,
          "sti": 6,
          "dti": 189,
          "sco": 37,
          "dco": 975,
          "txt": "Siegen"
        },
        {
          "si": 11,
          "sti": 7,
          "dti": 190,
          "sco": 44,
          "dco": 982,
          "txt": "und"
        },
        {
          "si": 11,
          "sti": 8,
          "dti": 191,
          "sco": 48,
          "dco": 986,
          "txt": "19"
        },
        {
          "si": 11,
          "sti": 9,
          "dti": 192,
          "sco": 50,
          "dco": 988,
          "txt": ":"
        },
        {
          "si": 11,
          "sti": 10,
          "dti": 193,
          "sco": 51,
          "dco": 989,
          "txt": "1"
        },
        {
          "si": 11,
          "sti": 11,
          "dti": 194,
          "sco": 53,
          "dco": 991,
          "txt": "Toren"
        },
        {
          "si": 11,
          "sti": 12,
          "dti": 195,
          "sco": 59,
          "dco": 997,
          "txt": "durch"
        },
        {
          "si": 11,
          "sti": 13,
          "dti": 196,
          "sco": 65,
          "dco": 1003,
          "txt": "ihre"
        },
        {
          "si": 11,
          "sti": 14,
          "dti": 197,
          "sco": 70,
          "dco": 1008,
          "txt": "Gruppe"
        },
        {
          "si": 11,
          "sti": 15,
          "dti": 198,
          "sco": 77,
          "dco": 1015,
          "txt": "marschiert"
        },
        {
          "si": 11,
          "sti": 16,
          "dti": 199,
          "sco": 87,
          "dco": 1025,
          "txt": ","
        },
        {
          "si": 11,
          "sti": 17,
          "dti": 200,
          "sco": 89,
          "dco": 1027,
          "txt": "waehrend"
        },
        {
          "si": 11,
          "sti": 18,
          "dti": 201,
          "sco": 98,
          "dco": 1036,
          "txt": "ihr"
        },
        {
          "si": 11,
          "sti": 19,
          "dti": 202,
          "sco": 102,
          "dco": 1040,
          "txt": "Gegner"
        },
        {
          "si": 11,
          "sti": 20,
          "dti": 203,
          "sco": 109,
          "dco": 1047,
          "txt": "bei"
        },
        {
          "si": 11,
          "sti": 21,
          "dti": 204,
          "sco": 113,
          "dco": 1051,
          "txt": "einem"
        },
        {
          "si": 11,
          "sti": 22,
          "dti": 205,
          "sco": 119,
          "dco": 1057,
          "txt": "Torverhaeltnis"
        },
        {
          "si": 11,
          "sti": 23,
          "dti": 206,
          "sco": 134,
          "dco": 1072,
          "txt": "von"
        },
        {
          "si": 11,
          "sti": 24,
          "dti": 207,
          "sco": 138,
          "dco": 1076,
          "txt": "2"
        },
        {
          "si": 11,
          "sti": 25,
          "dti": 208,
          "sco": 139,
          "dco": 1077,
          "txt": ":"
        },
        {
          "si": 11,
          "sti": 26,
          "dti": 209,
          "sco": 140,
          "dco": 1078,
          "txt": "16"
        },
        {
          "si": 11,
          "sti": 27,
          "dti": 210,
          "sco": 143,
          "dco": 1081,
          "txt": "noch"
        },
        {
          "si": 11,
          "sti": 28,
          "dti": 211,
          "sco": 148,
          "dco": 1086,
          "txt": "keinen"
        },
        {
          "si": 11,
          "sti": 29,
          "dti": 212,
          "sco": 155,
          "dco": 1093,
          "txt": "Sieg"
        },
        {
          "si": 11,
          "sti": 30,
          "dti": 213,
          "sco": 160,
          "dco": 1098,
          "txt": "zu"
        },
        {
          "si": 11,
          "sti": 31,
          "dti": 214,
          "sco": 163,
          "dco": 1101,
          "txt": "verzeichnen"
        },
        {
          "si": 11,
          "sti": 32,
          "dti": 215,
          "sco": 175,
          "dco": 1113,
          "txt": "hatte"
        },
        {
          "si": 11,
          "sti": 33,
          "dti": 216,
          "sco": 180,
          "dco": 1118,
          "txt": "."
        },
        {
          "si": 12,
          "sti": 0,
          "dti": 217,
          "sco": 0,
          "dco": 1120,
          "txt": "Abwehrspieler"
        },
        {
          "si": 12,
          "sti": 1,
          "dti": 218,
          "sco": 14,
          "dco": 1134,
          "txt": "Altamirano"
        },
        {
          "si": 12,
          "sti": 2,
          "dti": 219,
          "sco": 25,
          "dco": 1145,
          "txt": "eroeffnete"
        },
        {
          "si": 12,
          "sti": 3,
          "dti": 220,
          "sco": 36,
          "dco": 1156,
          "txt": "den"
        },
        {
          "si": 12,
          "sti": 4,
          "dti": 221,
          "sco": 40,
          "dco": 1160,
          "txt": "Torreigen"
        },
        {
          "si": 12,
          "sti": 5,
          "dti": 222,
          "sco": 50,
          "dco": 1170,
          "txt": "durch"
        },
        {
          "si": 12,
          "sti": 6,
          "dti": 223,
          "sco": 56,
          "dco": 1176,
          "txt": "einen"
        },
        {
          "si": 12,
          "sti": 7,
          "dti": 224,
          "sco": 62,
          "dco": 1182,
          "txt": "gewaltigen"
        },
        {
          "si": 12,
          "sti": 8,
          "dti": 225,
          "sco": 73,
          "dco": 1193,
          "txt": "Freistoss"
        },
        {
          "si": 12,
          "sti": 9,
          "dti": 226,
          "sco": 83,
          "dco": 1203,
          "txt": "aus"
        },
        {
          "si": 12,
          "sti": 10,
          "dti": 227,
          "sco": 87,
          "dco": 1207,
          "txt": "30"
        },
        {
          "si": 12,
          "sti": 11,
          "dti": 228,
          "sco": 90,
          "dco": 1210,
          "txt": "Metern"
        },
        {
          "si": 12,
          "sti": 12,
          "dti": 229,
          "sco": 96,
          "dco": 1216,
          "txt": "."
        },
        {
          "si": 13,
          "sti": 0,
          "dti": 230,
          "sco": 0,
          "dco": 1218,
          "txt": "Den"
        },
        {
          "si": 13,
          "sti": 1,
          "dti": 231,
          "sco": 4,
          "dco": 1222,
          "txt": "Schuss"
        },
        {
          "si": 13,
          "sti": 2,
          "dti": 232,
          "sco": 11,
          "dco": 1229,
          "txt": "konnte"
        },
        {
          "si": 13,
          "sti": 3,
          "dti": 233,
          "sco": 18,
          "dco": 1236,
          "txt": "Keeper"
        },
        {
          "si": 13,
          "sti": 4,
          "dti": 234,
          "sco": 25,
          "dco": 1243,
          "txt": "Adolphous"
        },
        {
          "si": 13,
          "sti": 5,
          "dti": 235,
          "sco": 35,
          "dco": 1253,
          "txt": "Jones"
        },
        {
          "si": 13,
          "sti": 6,
          "dti": 236,
          "sco": 41,
          "dco": 1259,
          "txt": "zwar"
        },
        {
          "si": 13,
          "sti": 7,
          "dti": 237,
          "sco": 46,
          "dco": 1264,
          "txt": "noch"
        },
        {
          "si": 13,
          "sti": 8,
          "dti": 238,
          "sco": 51,
          "dco": 1269,
          "txt": "mit"
        },
        {
          "si": 13,
          "sti": 9,
          "dti": 239,
          "sco": 55,
          "dco": 1273,
          "txt": "der"
        },
        {
          "si": 13,
          "sti": 10,
          "dti": 240,
          "sco": 59,
          "dco": 1277,
          "txt": "Hand"
        },
        {
          "si": 13,
          "sti": 11,
          "dti": 241,
          "sco": 64,
          "dco": 1282,
          "txt": "beruehren"
        },
        {
          "si": 13,
          "sti": 12,
          "dti": 242,
          "sco": 73,
          "dco": 1291,
          "txt": ","
        },
        {
          "si": 13,
          "sti": 13,
          "dti": 243,
          "sco": 75,
          "dco": 1293,
          "txt": "doch"
        },
        {
          "si": 13,
          "sti": 14,
          "dti": 244,
          "sco": 80,
          "dco": 1298,
          "txt": "er"
        },
        {
          "si": 13,
          "sti": 15,
          "dti": 245,
          "sco": 83,
          "dco": 1301,
          "txt": "war"
        },
        {
          "si": 13,
          "sti": 16,
          "dti": 246,
          "sco": 87,
          "dco": 1305,
          "txt": "so"
        },
        {
          "si": 13,
          "sti": 17,
          "dti": 247,
          "sco": 90,
          "dco": 1308,
          "txt": "hart"
        },
        {
          "si": 13,
          "sti": 18,
          "dti": 248,
          "sco": 94,
          "dco": 1312,
          "txt": ","
        },
        {
          "si": 13,
          "sti": 19,
          "dti": 249,
          "sco": 96,
          "dco": 1314,
          "txt": "dass"
        },
        {
          "si": 13,
          "sti": 20,
          "dti": 250,
          "sco": 101,
          "dco": 1319,
          "txt": "seine"
        },
        {
          "si": 13,
          "sti": 21,
          "dti": 251,
          "sco": 107,
          "dco": 1325,
          "txt": "Flugbahn"
        },
        {
          "si": 13,
          "sti": 22,
          "dti": 252,
          "sco": 116,
          "dco": 1334,
          "txt": "kaum"
        },
        {
          "si": 13,
          "sti": 23,
          "dti": 253,
          "sco": 121,
          "dco": 1339,
          "txt": "veraendert"
        },
        {
          "si": 13,
          "sti": 24,
          "dti": 254,
          "sco": 132,
          "dco": 1350,
          "txt": "wurde"
        },
        {
          "si": 13,
          "sti": 25,
          "dti": 255,
          "sco": 138,
          "dco": 1356,
          "txt": "und"
        },
        {
          "si": 13,
          "sti": 26,
          "dti": 256,
          "sco": 142,
          "dco": 1360,
          "txt": "er"
        },
        {
          "si": 13,
          "sti": 27,
          "dti": 257,
          "sco": 145,
          "dco": 1363,
          "txt": "im"
        },
        {
          "si": 13,
          "sti": 28,
          "dti": 258,
          "sco": 148,
          "dco": 1366,
          "txt": "Tor"
        },
        {
          "si": 13,
          "sti": 29,
          "dti": 259,
          "sco": 152,
          "dco": 1370,
          "txt": "einschlug"
        },
        {
          "si": 13,
          "sti": 30,
          "dti": 260,
          "sco": 161,
          "dco": 1379,
          "txt": "."
        },
        {
          "si": 14,
          "sti": 0,
          "dti": 261,
          "sco": 0,
          "dco": 1381,
          "txt": "Nach"
        },
        {
          "si": 14,
          "sti": 1,
          "dti": 262,
          "sco": 5,
          "dco": 1386,
          "txt": "39"
        },
        {
          "si": 14,
          "sti": 2,
          "dti": 263,
          "sco": 8,
          "dco": 1389,
          "txt": "Minuten"
        },
        {
          "si": 14,
          "sti": 3,
          "dti": 264,
          "sco": 16,
          "dco": 1397,
          "txt": "gelangte"
        },
        {
          "si": 14,
          "sti": 4,
          "dti": 265,
          "sco": 25,
          "dco": 1406,
          "txt": "Fonseca"
        },
        {
          "si": 14,
          "sti": 5,
          "dti": 266,
          "sco": 33,
          "dco": 1414,
          "txt": "vor"
        },
        {
          "si": 14,
          "sti": 6,
          "dti": 267,
          "sco": 37,
          "dco": 1418,
          "txt": "das"
        },
        {
          "si": 14,
          "sti": 7,
          "dti": 268,
          "sco": 41,
          "dco": 1422,
          "txt": "gegnerische"
        },
        {
          "si": 14,
          "sti": 8,
          "dti": 269,
          "sco": 53,
          "dco": 1434,
          "txt": "Tor"
        },
        {
          "si": 14,
          "sti": 9,
          "dti": 270,
          "sco": 56,
          "dco": 1437,
          "txt": ","
        },
        {
          "si": 14,
          "sti": 10,
          "dti": 271,
          "sco": 58,
          "dco": 1439,
          "txt": "wo"
        },
        {
          "si": 14,
          "sti": 11,
          "dti": 272,
          "sco": 61,
          "dco": 1442,
          "txt": "er"
        },
        {
          "si": 14,
          "sti": 12,
          "dti": 273,
          "sco": 64,
          "dco": 1445,
          "txt": "vier"
        },
        {
          "si": 14,
          "sti": 13,
          "dti": 274,
          "sco": 69,
          "dco": 1450,
          "txt": "Verteidiger"
        },
        {
          "si": 14,
          "sti": 14,
          "dti": 275,
          "sco": 81,
          "dco": 1462,
          "txt": "umspielte"
        },
        {
          "si": 14,
          "sti": 15,
          "dti": 276,
          "sco": 91,
          "dco": 1472,
          "txt": "und"
        },
        {
          "si": 14,
          "sti": 16,
          "dti": 277,
          "sco": 95,
          "dco": 1476,
          "txt": "mit"
        },
        {
          "si": 14,
          "sti": 17,
          "dti": 278,
          "sco": 99,
          "dco": 1480,
          "txt": "einem"
        },
        {
          "si": 14,
          "sti": 18,
          "dti": 279,
          "sco": 105,
          "dco": 1486,
          "txt": "Heber"
        },
        {
          "si": 14,
          "sti": 19,
          "dti": 280,
          "sco": 111,
          "dco": 1492,
          "txt": "in"
        },
        {
          "si": 14,
          "sti": 20,
          "dti": 281,
          "sco": 114,
          "dco": 1495,
          "txt": "den"
        },
        {
          "si": 14,
          "sti": 21,
          "dti": 282,
          "sco": 118,
          "dco": 1499,
          "txt": "Winkel"
        },
        {
          "si": 14,
          "sti": 22,
          "dti": 283,
          "sco": 125,
          "dco": 1506,
          "txt": "Torhueter"
        },
        {
          "si": 14,
          "sti": 23,
          "dti": 284,
          "sco": 135,
          "dco": 1516,
          "txt": "Jones"
        },
        {
          "si": 14,
          "sti": 24,
          "dti": 285,
          "sco": 140,
          "dco": 1521,
          "txt": ","
        },
        {
          "si": 14,
          "sti": 25,
          "dti": 286,
          "sco": 142,
          "dco": 1523,
          "txt": "der"
        },
        {
          "si": 14,
          "sti": 26,
          "dti": 287,
          "sco": 146,
          "dco": 1527,
          "txt": "sich"
        },
        {
          "si": 14,
          "sti": 27,
          "dti": 288,
          "sco": 151,
          "dco": 1532,
          "txt": "vergeblich"
        },
        {
          "si": 14,
          "sti": 28,
          "dti": 289,
          "sco": 162,
          "dco": 1543,
          "txt": "streckte"
        },
        {
          "si": 14,
          "sti": 29,
          "dti": 290,
          "sco": 170,
          "dco": 1551,
          "txt": ","
        },
        {
          "si": 14,
          "sti": 30,
          "dti": 291,
          "sco": 172,
          "dco": 1553,
          "txt": "zum"
        },
        {
          "si": 14,
          "sti": 31,
          "dti": 292,
          "sco": 176,
          "dco": 1557,
          "txt": "zweiten"
        },
        {
          "si": 14,
          "sti": 32,
          "dti": 293,
          "sco": 184,
          "dco": 1565,
          "txt": "Treffer"
        },
        {
          "si": 14,
          "sti": 33,
          "dti": 294,
          "sco": 192,
          "dco": 1573,
          "txt": "des"
        },
        {
          "si": 14,
          "sti": 34,
          "dti": 295,
          "sco": 196,
          "dco": 1577,
          "txt": "mexikanischen"
        },
        {
          "si": 14,
          "sti": 35,
          "dti": 296,
          "sco": 210,
          "dco": 1591,
          "txt": "Teams"
        },
        {
          "si": 14,
          "sti": 36,
          "dti": 297,
          "sco": 216,
          "dco": 1597,
          "txt": "ueberlistete"
        },
        {
          "si": 14,
          "sti": 37,
          "dti": 298,
          "sco": 228,
          "dco": 1609,
          "txt": "."
        },
        {
          "si": 15,
          "sti": 0,
          "dti": 299,
          "sco": 0,
          "dco": 1611,
          "txt": "Nach"
        },
        {
          "si": 15,
          "sti": 1,
          "dti": 300,
          "sco": 5,
          "dco": 1616,
          "txt": "48"
        },
        {
          "si": 15,
          "sti": 2,
          "dti": 301,
          "sco": 8,
          "dco": 1619,
          "txt": "Minuten"
        },
        {
          "si": 15,
          "sti": 3,
          "dti": 302,
          "sco": 16,
          "dco": 1627,
          "txt": "erzielten"
        },
        {
          "si": 15,
          "sti": 4,
          "dti": 303,
          "sco": 26,
          "dco": 1637,
          "txt": "die"
        },
        {
          "si": 15,
          "sti": 5,
          "dti": 304,
          "sco": 30,
          "dco": 1641,
          "txt": "Mexikaner"
        },
        {
          "si": 15,
          "sti": 6,
          "dti": 305,
          "sco": 40,
          "dco": 1651,
          "txt": "nach"
        },
        {
          "si": 15,
          "sti": 7,
          "dti": 306,
          "sco": 45,
          "dco": 1656,
          "txt": "einem"
        },
        {
          "si": 15,
          "sti": 8,
          "dti": 307,
          "sco": 51,
          "dco": 1662,
          "txt": "herrlichen"
        },
        {
          "si": 15,
          "sti": 9,
          "dti": 308,
          "sco": 62,
          "dco": 1673,
          "txt": "Spielzug"
        },
        {
          "si": 15,
          "sti": 10,
          "dti": 309,
          "sco": 71,
          "dco": 1682,
          "txt": "das"
        },
        {
          "si": 15,
          "sti": 11,
          "dti": 310,
          "sco": 75,
          "dco": 1686,
          "txt": "3"
        },
        {
          "si": 15,
          "sti": 12,
          "dti": 311,
          "sco": 76,
          "dco": 1687,
          "txt": ":"
        },
        {
          "si": 15,
          "sti": 13,
          "dti": 312,
          "sco": 77,
          "dco": 1688,
          "txt": "0"
        },
        {
          "si": 15,
          "sti": 14,
          "dti": 313,
          "sco": 78,
          "dco": 1689,
          "txt": "."
        },
        {
          "si": 16,
          "sti": 0,
          "dti": 314,
          "sco": 0,
          "dco": 1691,
          "txt": "Rafael"
        },
        {
          "si": 16,
          "sti": 1,
          "dti": 315,
          "sco": 7,
          "dco": 1698,
          "txt": "Garca"
        },
        {
          "si": 16,
          "sti": 2,
          "dti": 316,
          "sco": 13,
          "dco": 1704,
          "txt": "hatte"
        },
        {
          "si": 16,
          "sti": 3,
          "dti": 317,
          "sco": 19,
          "dco": 1710,
          "txt": "einen"
        },
        {
          "si": 16,
          "sti": 4,
          "dti": 318,
          "sco": 25,
          "dco": 1716,
          "txt": "schoenen"
        },
        {
          "si": 16,
          "sti": 5,
          "dti": 319,
          "sco": 34,
          "dco": 1725,
          "txt": "Pass"
        },
        {
          "si": 16,
          "sti": 6,
          "dti": 320,
          "sco": 39,
          "dco": 1730,
          "txt": "auf"
        },
        {
          "si": 16,
          "sti": 7,
          "dti": 321,
          "sco": 43,
          "dco": 1734,
          "txt": "Fonseca"
        },
        {
          "si": 16,
          "sti": 8,
          "dti": 322,
          "sco": 51,
          "dco": 1742,
          "txt": "gespielt"
        },
        {
          "si": 16,
          "sti": 9,
          "dti": 323,
          "sco": 59,
          "dco": 1750,
          "txt": ","
        },
        {
          "si": 16,
          "sti": 10,
          "dti": 324,
          "sco": 61,
          "dco": 1752,
          "txt": "der"
        },
        {
          "si": 16,
          "sti": 11,
          "dti": 325,
          "sco": 65,
          "dco": 1756,
          "txt": "den"
        },
        {
          "si": 16,
          "sti": 12,
          "dti": 326,
          "sco": 69,
          "dco": 1760,
          "txt": "Ball"
        },
        {
          "si": 16,
          "sti": 13,
          "dti": 327,
          "sco": 74,
          "dco": 1765,
          "txt": "mit"
        },
        {
          "si": 16,
          "sti": 14,
          "dti": 328,
          "sco": 78,
          "dco": 1769,
          "txt": "dem"
        },
        {
          "si": 16,
          "sti": 15,
          "dti": 329,
          "sco": 82,
          "dco": 1773,
          "txt": "Kopf"
        },
        {
          "si": 16,
          "sti": 16,
          "dti": 330,
          "sco": 87,
          "dco": 1778,
          "txt": "auf"
        },
        {
          "si": 16,
          "sti": 17,
          "dti": 331,
          "sco": 91,
          "dco": 1782,
          "txt": "Santana"
        },
        {
          "si": 16,
          "sti": 18,
          "dti": 332,
          "sco": 99,
          "dco": 1790,
          "txt": "weiterleitete"
        },
        {
          "si": 16,
          "sti": 19,
          "dti": 333,
          "sco": 112,
          "dco": 1803,
          "txt": ","
        },
        {
          "si": 16,
          "sti": 20,
          "dti": 334,
          "sco": 114,
          "dco": 1805,
          "txt": "der"
        },
        {
          "si": 16,
          "sti": 21,
          "dti": 335,
          "sco": 118,
          "dco": 1809,
          "txt": "-"
        },
        {
          "si": 16,
          "sti": 22,
          "dti": 336,
          "sco": 120,
          "dco": 1811,
          "txt": "ebenfalls"
        },
        {
          "si": 16,
          "sti": 23,
          "dti": 337,
          "sco": 130,
          "dco": 1821,
          "txt": "per"
        },
        {
          "si": 16,
          "sti": 24,
          "dti": 338,
          "sco": 134,
          "dco": 1825,
          "txt": "Kopf"
        },
        {
          "si": 16,
          "sti": 25,
          "dti": 339,
          "sco": 139,
          "dco": 1830,
          "txt": "-"
        },
        {
          "si": 16,
          "sti": 26,
          "dti": 340,
          "sco": 141,
          "dco": 1832,
          "txt": "die"
        },
        {
          "si": 16,
          "sti": 27,
          "dti": 341,
          "sco": 145,
          "dco": 1836,
          "txt": "Kugel"
        },
        {
          "si": 16,
          "sti": 28,
          "dti": 342,
          "sco": 151,
          "dco": 1842,
          "txt": "in"
        },
        {
          "si": 16,
          "sti": 29,
          "dti": 343,
          "sco": 154,
          "dco": 1845,
          "txt": "die"
        },
        {
          "si": 16,
          "sti": 30,
          "dti": 344,
          "sco": 158,
          "dco": 1849,
          "txt": "Maschen"
        },
        {
          "si": 16,
          "sti": 31,
          "dti": 345,
          "sco": 166,
          "dco": 1857,
          "txt": "setzte"
        },
        {
          "si": 16,
          "sti": 32,
          "dti": 346,
          "sco": 172,
          "dco": 1863,
          "txt": "."
        },
        {
          "si": 17,
          "sti": 0,
          "dti": 347,
          "sco": 0,
          "dco": 1865,
          "txt": "Fonseca"
        },
        {
          "si": 17,
          "sti": 1,
          "dti": 348,
          "sco": 8,
          "dco": 1873,
          "txt": "konnte"
        },
        {
          "si": 17,
          "sti": 2,
          "dti": 349,
          "sco": 15,
          "dco": 1880,
          "txt": "sich"
        },
        {
          "si": 17,
          "sti": 3,
          "dti": 350,
          "sco": 20,
          "dco": 1885,
          "txt": "erneut"
        },
        {
          "si": 17,
          "sti": 4,
          "dti": 351,
          "sco": 27,
          "dco": 1892,
          "txt": "auszeichnen"
        },
        {
          "si": 17,
          "sti": 5,
          "dti": 352,
          "sco": 38,
          "dco": 1903,
          "txt": ","
        },
        {
          "si": 17,
          "sti": 6,
          "dti": 353,
          "sco": 40,
          "dco": 1905,
          "txt": "als"
        },
        {
          "si": 17,
          "sti": 7,
          "dti": 354,
          "sco": 44,
          "dco": 1909,
          "txt": "eine"
        },
        {
          "si": 17,
          "sti": 8,
          "dti": 355,
          "sco": 49,
          "dco": 1914,
          "txt": "Flanke"
        },
        {
          "si": 17,
          "sti": 9,
          "dti": 356,
          "sco": 56,
          "dco": 1921,
          "txt": "von"
        },
        {
          "si": 17,
          "sti": 10,
          "dti": 357,
          "sco": 60,
          "dco": 1925,
          "txt": "Francisco"
        },
        {
          "si": 17,
          "sti": 11,
          "dti": 358,
          "sco": 70,
          "dco": 1935,
          "txt": "Rodrguez"
        },
        {
          "si": 17,
          "sti": 12,
          "dti": 359,
          "sco": 79,
          "dco": 1944,
          "txt": "ihn"
        },
        {
          "si": 17,
          "sti": 13,
          "dti": 360,
          "sco": 83,
          "dco": 1948,
          "txt": "vor"
        },
        {
          "si": 17,
          "sti": 14,
          "dti": 361,
          "sco": 87,
          "dco": 1952,
          "txt": "dem"
        },
        {
          "si": 17,
          "sti": 15,
          "dti": 362,
          "sco": 91,
          "dco": 1956,
          "txt": "gegnerischen"
        },
        {
          "si": 17,
          "sti": 16,
          "dti": 363,
          "sco": 104,
          "dco": 1969,
          "txt": "Tor"
        },
        {
          "si": 17,
          "sti": 17,
          "dti": 364,
          "sco": 108,
          "dco": 1973,
          "txt": "fand"
        },
        {
          "si": 17,
          "sti": 18,
          "dti": 365,
          "sco": 112,
          "dco": 1977,
          "txt": ","
        },
        {
          "si": 17,
          "sti": 19,
          "dti": 366,
          "sco": 114,
          "dco": 1979,
          "txt": "wo"
        },
        {
          "si": 17,
          "sti": 20,
          "dti": 367,
          "sco": 117,
          "dco": 1982,
          "txt": "er"
        },
        {
          "si": 17,
          "sti": 21,
          "dti": 368,
          "sco": 120,
          "dco": 1985,
          "txt": "aus"
        },
        {
          "si": 17,
          "sti": 22,
          "dti": 369,
          "sco": 124,
          "dco": 1989,
          "txt": "naechster"
        },
        {
          "si": 17,
          "sti": 23,
          "dti": 370,
          "sco": 134,
          "dco": 1999,
          "txt": "Naehe"
        },
        {
          "si": 17,
          "sti": 24,
          "dti": 371,
          "sco": 140,
          "dco": 2005,
          "txt": "Torhueter"
        },
        {
          "si": 17,
          "sti": 25,
          "dti": 372,
          "sco": 150,
          "dco": 2015,
          "txt": "Jones"
        },
        {
          "si": 17,
          "sti": 26,
          "dti": 373,
          "sco": 156,
          "dco": 2021,
          "txt": "ueberwand"
        },
        {
          "si": 17,
          "sti": 27,
          "dti": 374,
          "sco": 166,
          "dco": 2031,
          "txt": "und"
        },
        {
          "si": 17,
          "sti": 28,
          "dti": 375,
          "sco": 170,
          "dco": 2035,
          "txt": "das"
        },
        {
          "si": 17,
          "sti": 29,
          "dti": 376,
          "sco": 174,
          "dco": 2039,
          "txt": "vierte"
        },
        {
          "si": 17,
          "sti": 30,
          "dti": 377,
          "sco": 181,
          "dco": 2046,
          "txt": "Tor"
        },
        {
          "si": 17,
          "sti": 31,
          "dti": 378,
          "sco": 185,
          "dco": 2050,
          "txt": "der"
        },
        {
          "si": 17,
          "sti": 32,
          "dti": 379,
          "sco": 189,
          "dco": 2054,
          "txt": "Mexikaner"
        },
        {
          "si": 17,
          "sti": 33,
          "dti": 380,
          "sco": 199,
          "dco": 2064,
          "txt": "erzielte"
        },
        {
          "si": 17,
          "sti": 34,
          "dti": 381,
          "sco": 207,
          "dco": 2072,
          "txt": "."
        },
        {
          "si": 18,
          "sti": 0,
          "dti": 382,
          "sco": 0,
          "dco": 2074,
          "txt": "In"
        },
        {
          "si": 18,
          "sti": 1,
          "dti": 383,
          "sco": 3,
          "dco": 2077,
          "txt": "der"
        },
        {
          "si": 18,
          "sti": 2,
          "dti": 384,
          "sco": 7,
          "dco": 2081,
          "txt": "90"
        },
        {
          "si": 18,
          "sti": 3,
          "dti": 385,
          "sco": 9,
          "dco": 2083,
          "txt": "."
        },
        {
          "si": 19,
          "sti": 0,
          "dti": 386,
          "sco": 0,
          "dco": 2085,
          "txt": "Minute"
        },
        {
          "si": 19,
          "sti": 1,
          "dti": 387,
          "sco": 7,
          "dco": 2092,
          "txt": "gelang"
        },
        {
          "si": 19,
          "sti": 2,
          "dti": 388,
          "sco": 14,
          "dco": 2099,
          "txt": "Fonseca"
        },
        {
          "si": 19,
          "sti": 3,
          "dti": 389,
          "sco": 22,
          "dco": 2107,
          "txt": "kurz"
        },
        {
          "si": 19,
          "sti": 4,
          "dti": 390,
          "sco": 27,
          "dco": 2112,
          "txt": "vor"
        },
        {
          "si": 19,
          "sti": 5,
          "dti": 391,
          "sco": 31,
          "dco": 2116,
          "txt": "dem"
        },
        {
          "si": 19,
          "sti": 6,
          "dti": 392,
          "sco": 35,
          "dco": 2120,
          "txt": "Schlusspfiff"
        },
        {
          "si": 19,
          "sti": 7,
          "dti": 393,
          "sco": 48,
          "dco": 2133,
          "txt": "noch"
        },
        {
          "si": 19,
          "sti": 8,
          "dti": 394,
          "sco": 53,
          "dco": 2138,
          "txt": "sein"
        },
        {
          "si": 19,
          "sti": 9,
          "dti": 395,
          "sco": 58,
          "dco": 2143,
          "txt": "dritter"
        },
        {
          "si": 19,
          "sti": 10,
          "dti": 396,
          "sco": 66,
          "dco": 2151,
          "txt": "Treffer"
        },
        {
          "si": 19,
          "sti": 11,
          "dti": 397,
          "sco": 74,
          "dco": 2159,
          "txt": "des"
        },
        {
          "si": 19,
          "sti": 12,
          "dti": 398,
          "sco": 78,
          "dco": 2163,
          "txt": "Spiels"
        },
        {
          "si": 19,
          "sti": 13,
          "dti": 399,
          "sco": 85,
          "dco": 2170,
          "txt": "mit"
        },
        {
          "si": 19,
          "sti": 14,
          "dti": 400,
          "sco": 89,
          "dco": 2174,
          "txt": "einem"
        },
        {
          "si": 19,
          "sti": 15,
          "dti": 401,
          "sco": 95,
          "dco": 2180,
          "txt": "Linksschuss"
        },
        {
          "si": 19,
          "sti": 16,
          "dti": 402,
          "sco": 106,
          "dco": 2191,
          "txt": ","
        },
        {
          "si": 19,
          "sti": 17,
          "dti": 403,
          "sco": 108,
          "dco": 2193,
          "txt": "der"
        },
        {
          "si": 19,
          "sti": 18,
          "dti": 404,
          "sco": 112,
          "dco": 2197,
          "txt": "rechts"
        },
        {
          "si": 19,
          "sti": 19,
          "dti": 405,
          "sco": 119,
          "dco": 2204,
          "txt": "vom"
        },
        {
          "si": 19,
          "sti": 20,
          "dti": 406,
          "sco": 123,
          "dco": 2208,
          "txt": "Torhueter"
        },
        {
          "si": 19,
          "sti": 21,
          "dti": 407,
          "sco": 133,
          "dco": 2218,
          "txt": "von"
        },
        {
          "si": 19,
          "sti": 22,
          "dti": 408,
          "sco": 137,
          "dco": 2222,
          "txt": "St"
        },
        {
          "si": 19,
          "sti": 23,
          "dti": 409,
          "sco": 139,
          "dco": 2224,
          "txt": "."
        },
        {
          "si": 20,
          "sti": 0,
          "dti": 410,
          "sco": 0,
          "dco": 2226,
          "txt": "Kitts"
        },
        {
          "si": 20,
          "sti": 1,
          "dti": 411,
          "sco": 6,
          "dco": 2232,
          "txt": "im"
        },
        {
          "si": 20,
          "sti": 2,
          "dti": 412,
          "sco": 9,
          "dco": 2235,
          "txt": "Netz"
        },
        {
          "si": 20,
          "sti": 3,
          "dti": 413,
          "sco": 14,
          "dco": 2240,
          "txt": "einschlug"
        },
        {
          "si": 20,
          "sti": 4,
          "dti": 414,
          "sco": 23,
          "dco": 2249,
          "txt": "."
        },
        {
          "si": 21,
          "sti": 0,
          "dti": 415,
          "sco": 0,
          "dco": 2251,
          "txt": "Besonders"
        },
        {
          "si": 21,
          "sti": 1,
          "dti": 416,
          "sco": 10,
          "dco": 2261,
          "txt": "in"
        },
        {
          "si": 21,
          "sti": 2,
          "dti": 417,
          "sco": 13,
          "dco": 2264,
          "txt": "den"
        },
        {
          "si": 21,
          "sti": 3,
          "dti": 418,
          "sco": 17,
          "dco": 2268,
          "txt": "ersten"
        },
        {
          "si": 21,
          "sti": 4,
          "dti": 419,
          "sco": 24,
          "dco": 2275,
          "txt": "zehn"
        },
        {
          "si": 21,
          "sti": 5,
          "dti": 420,
          "sco": 29,
          "dco": 2280,
          "txt": "Minuten"
        },
        {
          "si": 21,
          "sti": 6,
          "dti": 421,
          "sco": 37,
          "dco": 2288,
          "txt": "liessen"
        },
        {
          "si": 21,
          "sti": 7,
          "dti": 422,
          "sco": 45,
          "dco": 2296,
          "txt": "die"
        },
        {
          "si": 21,
          "sti": 8,
          "dti": 423,
          "sco": 49,
          "dco": 2300,
          "txt": "Mexikaner"
        },
        {
          "si": 21,
          "sti": 9,
          "dti": 424,
          "sco": 59,
          "dco": 2310,
          "txt": "den"
        },
        {
          "si": 21,
          "sti": 10,
          "dti": 425,
          "sco": 63,
          "dco": 2314,
          "txt": "Ball"
        },
        {
          "si": 21,
          "sti": 11,
          "dti": 426,
          "sco": 68,
          "dco": 2319,
          "txt": "und"
        },
        {
          "si": 21,
          "sti": 12,
          "dti": 427,
          "sco": 72,
          "dco": 2323,
          "txt": "den"
        },
        {
          "si": 21,
          "sti": 13,
          "dti": 428,
          "sco": 76,
          "dco": 2327,
          "txt": "Gegner"
        },
        {
          "si": 21,
          "sti": 14,
          "dti": 429,
          "sco": 83,
          "dco": 2334,
          "txt": "laufen"
        },
        {
          "si": 21,
          "sti": 15,
          "dti": 430,
          "sco": 89,
          "dco": 2340,
          "txt": "."
        },
        {
          "si": 22,
          "sti": 0,
          "dti": 431,
          "sco": 0,
          "dco": 2342,
          "txt": "Bei"
        },
        {
          "si": 22,
          "sti": 1,
          "dti": 432,
          "sco": 4,
          "dco": 2346,
          "txt": "den"
        },
        {
          "si": 22,
          "sti": 2,
          "dti": 433,
          "sco": 8,
          "dco": 2350,
          "txt": "wiederholten"
        },
        {
          "si": 22,
          "sti": 3,
          "dti": 434,
          "sco": 21,
          "dco": 2363,
          "txt": "Angriffen"
        },
        {
          "si": 22,
          "sti": 4,
          "dti": 435,
          "sco": 31,
          "dco": 2373,
          "txt": "auf"
        },
        {
          "si": 22,
          "sti": 5,
          "dti": 436,
          "sco": 35,
          "dco": 2377,
          "txt": "das"
        },
        {
          "si": 22,
          "sti": 6,
          "dti": 437,
          "sco": 39,
          "dco": 2381,
          "txt": "Tor"
        },
        {
          "si": 22,
          "sti": 7,
          "dti": 438,
          "sco": 43,
          "dco": 2385,
          "txt": "der"
        },
        {
          "si": 22,
          "sti": 8,
          "dti": 439,
          "sco": 47,
          "dco": 2389,
          "txt": "Mannschaft"
        },
        {
          "si": 22,
          "sti": 9,
          "dti": 440,
          "sco": 58,
          "dco": 2400,
          "txt": "von"
        },
        {
          "si": 22,
          "sti": 10,
          "dti": 441,
          "sco": 62,
          "dco": 2404,
          "txt": "der"
        },
        {
          "si": 22,
          "sti": 11,
          "dti": 442,
          "sco": 66,
          "dco": 2408,
          "txt": "Insel"
        },
        {
          "si": 22,
          "sti": 12,
          "dti": 443,
          "sco": 72,
          "dco": 2414,
          "txt": "konnte"
        },
        {
          "si": 22,
          "sti": 13,
          "dti": 444,
          "sco": 79,
          "dco": 2421,
          "txt": "sich"
        },
        {
          "si": 22,
          "sti": 14,
          "dti": 445,
          "sco": 84,
          "dco": 2426,
          "txt": "dabei"
        },
        {
          "si": 22,
          "sti": 15,
          "dti": 446,
          "sco": 90,
          "dco": 2432,
          "txt": "immer"
        },
        {
          "si": 22,
          "sti": 16,
          "dti": 447,
          "sco": 96,
          "dco": 2438,
          "txt": "wieder"
        },
        {
          "si": 22,
          "sti": 17,
          "dti": 448,
          "sco": 103,
          "dco": 2445,
          "txt": "deren"
        },
        {
          "si": 22,
          "sti": 18,
          "dti": 449,
          "sco": 109,
          "dco": 2451,
          "txt": "Torhueter"
        },
        {
          "si": 22,
          "sti": 19,
          "dti": 450,
          "sco": 119,
          "dco": 2461,
          "txt": "Jones"
        },
        {
          "si": 22,
          "sti": 20,
          "dti": 451,
          "sco": 125,
          "dco": 2467,
          "txt": "auszeichnen"
        },
        {
          "si": 22,
          "sti": 21,
          "dti": 452,
          "sco": 136,
          "dco": 2478,
          "txt": "."
        },
        {
          "si": 23,
          "sti": 0,
          "dti": 453,
          "sco": 0,
          "dco": 2480,
          "txt": "Mexiko"
        },
        {
          "si": 23,
          "sti": 1,
          "dti": 454,
          "sco": 7,
          "dco": 2487,
          "txt": "war"
        },
        {
          "si": 23,
          "sti": 2,
          "dti": 455,
          "sco": 11,
          "dco": 2491,
          "txt": "bereits"
        },
        {
          "si": 23,
          "sti": 3,
          "dti": 456,
          "sco": 19,
          "dco": 2499,
          "txt": "seit"
        },
        {
          "si": 23,
          "sti": 4,
          "dti": 457,
          "sco": 24,
          "dco": 2504,
          "txt": "dem"
        },
        {
          "si": 23,
          "sti": 5,
          "dti": 458,
          "sco": 28,
          "dco": 2508,
          "txt": "13"
        },
        {
          "si": 23,
          "sti": 6,
          "dti": 459,
          "sco": 30,
          "dco": 2510,
          "txt": "."
        },
        {
          "si": 24,
          "sti": 0,
          "dti": 460,
          "sco": 0,
          "dco": 2512,
          "txt": "Oktober"
        },
        {
          "si": 24,
          "sti": 1,
          "dti": 461,
          "sco": 8,
          "dco": 2520,
          "txt": "qualifiziert"
        },
        {
          "si": 24,
          "sti": 2,
          "dti": 462,
          "sco": 20,
          "dco": 2532,
          "txt": ","
        },
        {
          "si": 24,
          "sti": 3,
          "dti": 463,
          "sco": 22,
          "dco": 2534,
          "txt": "als"
        },
        {
          "si": 24,
          "sti": 4,
          "dti": 464,
          "sco": 26,
          "dco": 2538,
          "txt": "man"
        },
        {
          "si": 24,
          "sti": 5,
          "dti": 465,
          "sco": 30,
          "dco": 2542,
          "txt": "die"
        },
        {
          "si": 24,
          "sti": 6,
          "dti": 466,
          "sco": 34,
          "dco": 2546,
          "txt": "Auswahl"
        },
        {
          "si": 24,
          "sti": 7,
          "dti": 467,
          "sco": 42,
          "dco": 2554,
          "txt": "von"
        },
        {
          "si": 24,
          "sti": 8,
          "dti": 468,
          "sco": 46,
          "dco": 2558,
          "txt": "Trinidad"
        },
        {
          "si": 24,
          "sti": 9,
          "dti": 469,
          "sco": 55,
          "dco": 2567,
          "txt": "und"
        },
        {
          "si": 24,
          "sti": 10,
          "dti": 470,
          "sco": 59,
          "dco": 2571,
          "txt": "Tobago"
        },
        {
          "si": 24,
          "sti": 11,
          "dti": 471,
          "sco": 66,
          "dco": 2578,
          "txt": "in"
        },
        {
          "si": 24,
          "sti": 12,
          "dti": 472,
          "sco": 69,
          "dco": 2581,
          "txt": "Puebla"
        },
        {
          "si": 24,
          "sti": 13,
          "dti": 473,
          "sco": 76,
          "dco": 2588,
          "txt": "mit"
        },
        {
          "si": 24,
          "sti": 14,
          "dti": 474,
          "sco": 80,
          "dco": 2592,
          "txt": "3"
        },
        {
          "si": 24,
          "sti": 15,
          "dti": 475,
          "sco": 81,
          "dco": 2593,
          "txt": ":"
        },
        {
          "si": 24,
          "sti": 16,
          "dti": 476,
          "sco": 82,
          "dco": 2594,
          "txt": "0"
        },
        {
          "si": 24,
          "sti": 17,
          "dti": 477,
          "sco": 84,
          "dco": 2596,
          "txt": "besiegte"
        },
        {
          "si": 24,
          "sti": 18,
          "dti": 478,
          "sco": 92,
          "dco": 2604,
          "txt": "."
        },
        {
          "si": 25,
          "sti": 0,
          "dti": 479,
          "sco": 0,
          "dco": 2606,
          "txt": "Saint"
        },
        {
          "si": 25,
          "sti": 1,
          "dti": 480,
          "sco": 6,
          "dco": 2612,
          "txt": "Kitts"
        },
        {
          "si": 25,
          "sti": 2,
          "dti": 481,
          "sco": 12,
          "dco": 2618,
          "txt": "und"
        },
        {
          "si": 25,
          "sti": 3,
          "dti": 482,
          "sco": 16,
          "dco": 2622,
          "txt": "Nevis"
        },
        {
          "si": 25,
          "sti": 4,
          "dti": 483,
          "sco": 22,
          "dco": 2628,
          "txt": "waehlte"
        },
        {
          "si": 25,
          "sti": 5,
          "dti": 484,
          "sco": 30,
          "dco": 2636,
          "txt": "die"
        },
        {
          "si": 25,
          "sti": 6,
          "dti": 485,
          "sco": 34,
          "dco": 2640,
          "txt": "Stadt"
        },
        {
          "si": 25,
          "sti": 7,
          "dti": 486,
          "sco": 40,
          "dco": 2646,
          "txt": "Miami"
        },
        {
          "si": 25,
          "sti": 8,
          "dti": 487,
          "sco": 46,
          "dco": 2652,
          "txt": "als"
        },
        {
          "si": 25,
          "sti": 9,
          "dti": 488,
          "sco": 50,
          "dco": 2656,
          "txt": "Austragungsort"
        },
        {
          "si": 25,
          "sti": 10,
          "dti": 489,
          "sco": 64,
          "dco": 2670,
          "txt": ","
        },
        {
          "si": 25,
          "sti": 11,
          "dti": 490,
          "sco": 66,
          "dco": 2672,
          "txt": "da"
        },
        {
          "si": 25,
          "sti": 12,
          "dti": 491,
          "sco": 69,
          "dco": 2675,
          "txt": "die"
        },
        {
          "si": 25,
          "sti": 13,
          "dti": 492,
          "sco": 73,
          "dco": 2679,
          "txt": "Infrastruktur"
        },
        {
          "si": 25,
          "sti": 14,
          "dti": 493,
          "sco": 87,
          "dco": 2693,
          "txt": "des"
        },
        {
          "si": 25,
          "sti": 15,
          "dti": 494,
          "sco": 91,
          "dco": 2697,
          "txt": "Landes"
        },
        {
          "si": 25,
          "sti": 16,
          "dti": 495,
          "sco": 98,
          "dco": 2704,
          "txt": "durch"
        },
        {
          "si": 25,
          "sti": 17,
          "dti": 496,
          "sco": 104,
          "dco": 2710,
          "txt": "die"
        },
        {
          "si": 25,
          "sti": 18,
          "dti": 497,
          "sco": 108,
          "dco": 2714,
          "txt": "Wirbelstuerme"
        },
        {
          "si": 25,
          "sti": 19,
          "dti": 498,
          "sco": 122,
          "dco": 2728,
          "txt": "der"
        },
        {
          "si": 25,
          "sti": 20,
          "dti": 499,
          "sco": 126,
          "dco": 2732,
          "txt": "letzten"
        },
        {
          "si": 25,
          "sti": 21,
          "dti": 500,
          "sco": 134,
          "dco": 2740,
          "txt": "Wochen"
        },
        {
          "si": 25,
          "sti": 22,
          "dti": 501,
          "sco": 141,
          "dco": 2747,
          "txt": "erheblich"
        },
        {
          "si": 25,
          "sti": 23,
          "dti": 502,
          "sco": 151,
          "dco": 2757,
          "txt": "in"
        },
        {
          "si": 25,
          "sti": 24,
          "dti": 503,
          "sco": 154,
          "dco": 2760,
          "txt": "Mitleidenschaft"
        },
        {
          "si": 25,
          "sti": 25,
          "dti": 504,
          "sco": 170,
          "dco": 2776,
          "txt": "gezogen"
        },
        {
          "si": 25,
          "sti": 26,
          "dti": 505,
          "sco": 178,
          "dco": 2784,
          "txt": "worden"
        },
        {
          "si": 25,
          "sti": 27,
          "dti": 506,
          "sco": 185,
          "dco": 2791,
          "txt": "war"
        },
        {
          "si": 25,
          "sti": 28,
          "dti": 507,
          "sco": 188,
          "dco": 2794,
          "txt": "."
        },
        {
          "si": 26,
          "sti": 0,
          "dti": 508,
          "sco": 0,
          "dco": 2796,
          "txt": "Mexiko"
        },
        {
          "si": 26,
          "sti": 1,
          "dti": 509,
          "sco": 7,
          "dco": 2803,
          "txt": "schied"
        },
        {
          "si": 26,
          "sti": 2,
          "dti": 510,
          "sco": 14,
          "dco": 2810,
          "txt": "bei"
        },
        {
          "si": 26,
          "sti": 3,
          "dti": 511,
          "sco": 18,
          "dco": 2814,
          "txt": "den"
        },
        {
          "si": 26,
          "sti": 4,
          "dti": 512,
          "sco": 22,
          "dco": 2818,
          "txt": "beiden"
        },
        {
          "si": 26,
          "sti": 5,
          "dti": 513,
          "sco": 29,
          "dco": 2825,
          "txt": "FIFA"
        },
        {
          "si": 26,
          "sti": 6,
          "dti": 514,
          "sco": 34,
          "dco": 2830,
          "txt": "Weltpokal"
        },
        {
          "si": 26,
          "sti": 7,
          "dti": 515,
          "sco": 43,
          "dco": 2839,
          "txt": "-"
        },
        {
          "si": 26,
          "sti": 8,
          "dti": 516,
          "sco": 44,
          "dco": 2840,
          "txt": "Turnieren"
        },
        {
          "si": 26,
          "sti": 9,
          "dti": 517,
          "sco": 54,
          "dco": 2850,
          "txt": "1970"
        },
        {
          "si": 26,
          "sti": 10,
          "dti": 518,
          "sco": 59,
          "dco": 2855,
          "txt": "und"
        },
        {
          "si": 26,
          "sti": 11,
          "dti": 519,
          "sco": 63,
          "dco": 2859,
          "txt": "1986"
        },
        {
          "si": 26,
          "sti": 12,
          "dti": 520,
          "sco": 68,
          "dco": 2864,
          "txt": "im"
        },
        {
          "si": 26,
          "sti": 13,
          "dti": 521,
          "sco": 71,
          "dco": 2867,
          "txt": "eigenen"
        },
        {
          "si": 26,
          "sti": 14,
          "dti": 522,
          "sco": 79,
          "dco": 2875,
          "txt": "Land"
        },
        {
          "si": 26,
          "sti": 15,
          "dti": 523,
          "sco": 84,
          "dco": 2880,
          "txt": "jeweils"
        },
        {
          "si": 26,
          "sti": 16,
          "dti": 524,
          "sco": 92,
          "dco": 2888,
          "txt": "erst"
        },
        {
          "si": 26,
          "sti": 17,
          "dti": 525,
          "sco": 97,
          "dco": 2893,
          "txt": "im"
        },
        {
          "si": 26,
          "sti": 18,
          "dti": 526,
          "sco": 100,
          "dco": 2896,
          "txt": "Viertelfinale"
        },
        {
          "si": 26,
          "sti": 19,
          "dti": 527,
          "sco": 114,
          "dco": 2910,
          "txt": "aus"
        },
        {
          "si": 26,
          "sti": 20,
          "dti": 528,
          "sco": 117,
          "dco": 2913,
          "txt": "."
        },
        {
          "si": 27,
          "sti": 0,
          "dti": 529,
          "sco": 0,
          "dco": 2915,
          "txt": "Bei"
        },
        {
          "si": 27,
          "sti": 1,
          "dti": 530,
          "sco": 4,
          "dco": 2919,
          "txt": "USA"
        },
        {
          "si": 27,
          "sti": 2,
          "dti": 531,
          "sco": 8,
          "dco": 2923,
          "txt": "'"
        },
        {
          "si": 27,
          "sti": 3,
          "dti": 532,
          "sco": 9,
          "dco": 2924,
          "txt": "94"
        },
        {
          "si": 27,
          "sti": 4,
          "dti": 533,
          "sco": 11,
          "dco": 2926,
          "txt": ","
        },
        {
          "si": 27,
          "sti": 5,
          "dti": 534,
          "sco": 13,
          "dco": 2928,
          "txt": "Frankreich"
        },
        {
          "si": 27,
          "sti": 6,
          "dti": 535,
          "sco": 24,
          "dco": 2939,
          "txt": "'"
        },
        {
          "si": 27,
          "sti": 7,
          "dti": 536,
          "sco": 25,
          "dco": 2940,
          "txt": "98"
        },
        {
          "si": 27,
          "sti": 8,
          "dti": 537,
          "sco": 28,
          "dco": 2943,
          "txt": "und"
        },
        {
          "si": 27,
          "sti": 9,
          "dti": 538,
          "sco": 32,
          "dco": 2947,
          "txt": "Korea"
        },
        {
          "si": 27,
          "sti": 10,
          "dti": 539,
          "sco": 37,
          "dco": 2952,
          "txt": "/"
        },
        {
          "si": 27,
          "sti": 11,
          "dti": 540,
          "sco": 38,
          "dco": 2953,
          "txt": "Japan"
        },
        {
          "si": 27,
          "sti": 12,
          "dti": 541,
          "sco": 44,
          "dco": 2959,
          "txt": "2002"
        },
        {
          "si": 27,
          "sti": 13,
          "dti": 542,
          "sco": 49,
          "dco": 2964,
          "txt": "war"
        },
        {
          "si": 27,
          "sti": 14,
          "dti": 543,
          "sco": 53,
          "dco": 2968,
          "txt": "jeweils"
        },
        {
          "si": 27,
          "sti": 15,
          "dti": 544,
          "sco": 61,
          "dco": 2976,
          "txt": "in"
        },
        {
          "si": 27,
          "sti": 16,
          "dti": 545,
          "sco": 64,
          "dco": 2979,
          "txt": "der"
        },
        {
          "si": 27,
          "sti": 17,
          "dti": 546,
          "sco": 68,
          "dco": 2983,
          "txt": "zweiten"
        },
        {
          "si": 27,
          "sti": 18,
          "dti": 547,
          "sco": 76,
          "dco": 2991,
          "txt": "Runde"
        },
        {
          "si": 27,
          "sti": 19,
          "dti": 548,
          "sco": 82,
          "dco": 2997,
          "txt": "Endstation"
        },
        {
          "si": 27,
          "sti": 20,
          "dti": 549,
          "sco": 92,
          "dco": 3007,
          "txt": "."
        },
        {
          "si": 28,
          "sti": 0,
          "dti": 550,
          "sco": 0,
          "dco": 3009,
          "txt": "Beim"
        },
        {
          "si": 28,
          "sti": 1,
          "dti": 551,
          "sco": 5,
          "dco": 3014,
          "txt": "letzten"
        },
        {
          "si": 28,
          "sti": 2,
          "dti": 552,
          "sco": 13,
          "dco": 3022,
          "txt": "FIFA"
        },
        {
          "si": 28,
          "sti": 3,
          "dti": 553,
          "sco": 18,
          "dco": 3027,
          "txt": "Weltpokal"
        },
        {
          "si": 28,
          "sti": 4,
          "dti": 554,
          "sco": 27,
          "dco": 3036,
          "txt": "-"
        },
        {
          "si": 28,
          "sti": 5,
          "dti": 555,
          "sco": 28,
          "dco": 3037,
          "txt": "Turnier"
        },
        {
          "si": 28,
          "sti": 6,
          "dti": 556,
          "sco": 36,
          "dco": 3045,
          "txt": "unterlagen"
        },
        {
          "si": 28,
          "sti": 7,
          "dti": 557,
          "sco": 47,
          "dco": 3056,
          "txt": "die"
        },
        {
          "si": 28,
          "sti": 8,
          "dti": 558,
          "sco": 51,
          "dco": 3060,
          "txt": "Mexikaner"
        },
        {
          "si": 28,
          "sti": 9,
          "dti": 559,
          "sco": 61,
          "dco": 3070,
          "txt": "der"
        },
        {
          "si": 28,
          "sti": 10,
          "dti": 560,
          "sco": 65,
          "dco": 3074,
          "txt": "Mannschaft"
        },
        {
          "si": 28,
          "sti": 11,
          "dti": 561,
          "sco": 76,
          "dco": 3085,
          "txt": "der"
        },
        {
          "si": 28,
          "sti": 12,
          "dti": 562,
          "sco": 80,
          "dco": 3089,
          "txt": "USA"
        },
        {
          "si": 28,
          "sti": 13,
          "dti": 563,
          "sco": 84,
          "dco": 3093,
          "txt": "in"
        },
        {
          "si": 28,
          "sti": 14,
          "dti": 564,
          "sco": 87,
          "dco": 3096,
          "txt": "der"
        },
        {
          "si": 28,
          "sti": 15,
          "dti": 565,
          "sco": 91,
          "dco": 3100,
          "txt": "koreanischen"
        },
        {
          "si": 28,
          "sti": 16,
          "dti": 566,
          "sco": 104,
          "dco": 3113,
          "txt": "Stadt"
        },
        {
          "si": 28,
          "sti": 17,
          "dti": 567,
          "sco": 110,
          "dco": 3119,
          "txt": "Jeonju"
        },
        {
          "si": 28,
          "sti": 18,
          "dti": 568,
          "sco": 117,
          "dco": 3126,
          "txt": "mit"
        },
        {
          "si": 28,
          "sti": 19,
          "dti": 569,
          "sco": 121,
          "dco": 3130,
          "txt": "0"
        },
        {
          "si": 28,
          "sti": 20,
          "dti": 570,
          "sco": 122,
          "dco": 3131,
          "txt": ":"
        },
        {
          "si": 28,
          "sti": 21,
          "dti": 571,
          "sco": 123,
          "dco": 3132,
          "txt": "2"
        },
        {
          "si": 28,
          "sti": 22,
          "dti": 572,
          "sco": 124,
          "dco": 3133,
          "txt": "."
        }
      ]
    },
    "ganns": {
      "dla": [],
      "la": [],
      "ea": [],
      "eta": [
        {
          "ra": {
            "ea": {
              "etn": "Goal"
            }
          },
          "sfs": [
            [
              {
                "stn": "scoreTeamB"
              },
              {
                "ea": {
                  "etn": "1"
                }
              }
            ],
            [
              {
                "stn": "forTeam"
              },
              {
                "ea": {
                  "etn": "Mexiko"
                }
              }
            ],
            [
              {
                "stn": "scoreTeamA"
              },
              {
                "ea": {
                  "etn": "0"
                }
              }
            ],
            [
              {
                "stn": "minute"
              },
              {
                "ea": {
                  "etn": "31"
                }
              }
            ],
            [
              {
                "stn": "scorer"
              },
              {
                "ea": {
                  "etn": "Altamirano Hector"
                }
              }
            ]
          ],
          "mfs": {}
        },
        {
          "ra": {
            "ea": {
              "etn": "Goal"
            }
          },
          "sfs": [
            [
              {
                "stn": "scoreTeamB"
              },
              {
                "ea": {
                  "etn": "2"
                }
              }
            ],
            [
              {
                "stn": "forTeam"
              },
              {
                "ea": {
                  "etn": "Mexiko"
                }
              }
            ],
            [
              {
                "stn": "scoreTeamA"
              },
              {
                "ea": {
                  "etn": "0"
                }
              }
            ],
            [
              {
                "stn": "minute"
              },
              {
                "ea": {
                  "etn": "40"
                }
              }
            ],
            [
              {
                "stn": "scorer"
              },
              {
                "ea": {
                  "etn": "Fonseca Josã©"
                }
              }
            ]
          ],
          "mfs": {}
        },
        {
          "ra": {
            "ea": {
              "etn": "Goal"
            }
          },
          "sfs": [
            [
              {
                "stn": "scoreTeamB"
              },
              {
                "ea": {
                  "etn": "3"
                }
              }
            ],
            [
              {
                "stn": "forTeam"
              },
              {
                "ea": {
                  "etn": "Mexiko"
                }
              }
            ],
            [
              {
                "stn": "scoreTeamA"
              },
              {
                "ea": {
                  "etn": "0"
                }
              }
            ],
            [
              {
                "stn": "minute"
              },
              {
                "ea": {
                  "etn": "49"
                }
              }
            ],
            [
              {
                "stn": "scorer"
              },
              {
                "ea": {
                  "etn": "Santana Sergio"
                }
              }
            ]
          ],
          "mfs": {}
        },
        {
          "ra": {
            "ea": {
              "etn": "Goal"
            }
          },
          "sfs": [
            [
              {
                "stn": "scoreTeamB"
              },
              {
                "ea": {
                  "etn": "4"
                }
              }
            ],
            [
              {
                "stn": "forTeam"
              },
              {
                "ea": {
                  "etn": "Mexiko"
                }
              }
            ],
            [
              {
                "stn": "scoreTeamA"
              },
              {
                "ea": {
                  "etn": "0"
                }
              }
            ],
            [
              {
                "stn": "minute"
              },
              {
                "ea": {
                  "etn": "57"
                }
              }
            ],
            [
              {
                "stn": "scorer"
              },
              {
                "ea": {
                  "etn": "Fonseca Josã©"
                }
              }
            ]
          ],
          "mfs": {}
        },
        {
          "ra": {
            "ea": {
              "etn": "Goal"
            }
          },
          "sfs": [
            [
              {
                "stn": "scoreTeamB"
              },
              {
                "ea": {
                  "etn": "5"
                }
              }
            ],
            [
              {
                "stn": "forTeam"
              },
              {
                "ea": {
                  "etn": "Mexiko"
                }
              }
            ],
            [
              {
                "stn": "scoreTeamA"
              },
              {
                "ea": {
                  "etn": "0"
                }
              }
            ],
            [
              {
                "stn": "minute"
              },
              {
                "ea": {
                  "etn": "91"
                }
              }
            ],
            [
              {
                "stn": "scorer"
              },
              {
                "ea": {
                  "etn": "Santana Sergio"
                }
              }
            ]
          ],
          "mfs": {}
        }
      ]
    }
  }
]
