[
  {
    "context": "UNSPECIFIED",
    "doc": {
      "id": "en_mr36467_struct",
      "tl": [
        {
          "si": 0,
          "sti": 0,
          "dti": 0,
          "sco": 0,
          "dco": 0,
          "txt": "Saudi"
        },
        {
          "si": 0,
          "sti": 1,
          "dti": 1,
          "sco": 6,
          "dco": 6,
          "txt": "Arabia"
        },
        {
          "si": 0,
          "sti": 2,
          "dti": 2,
          "sco": 13,
          "dco": 13,
          "txt": "beat"
        },
        {
          "si": 0,
          "sti": 3,
          "dti": 3,
          "sco": 18,
          "dco": 18,
          "txt": "Indonesia"
        },
        {
          "si": 0,
          "sti": 4,
          "dti": 4,
          "sco": 28,
          "dco": 28,
          "txt": "3"
        },
        {
          "si": 0,
          "sti": 5,
          "dti": 5,
          "sco": 29,
          "dco": 29,
          "txt": "-"
        },
        {
          "si": 0,
          "sti": 6,
          "dti": 6,
          "sco": 30,
          "dco": 30,
          "txt": "1"
        },
        {
          "si": 0,
          "sti": 7,
          "dti": 7,
          "sco": 32,
          "dco": 32,
          "txt": "in"
        },
        {
          "si": 0,
          "sti": 8,
          "dti": 8,
          "sco": 35,
          "dco": 35,
          "txt": "FIFA"
        },
        {
          "si": 0,
          "sti": 9,
          "dti": 9,
          "sco": 40,
          "dco": 40,
          "txt": "World"
        },
        {
          "si": 0,
          "sti": 10,
          "dti": 10,
          "sco": 46,
          "dco": 46,
          "txt": "Cup"
        },
        {
          "si": 0,
          "sti": 11,
          "dti": 11,
          "sco": 50,
          "dco": 50,
          "txt": "qualifier"
        },
        {
          "si": 0,
          "sti": 12,
          "dti": 12,
          "sco": 59,
          "dco": 59,
          "txt": "."
        },
        {
          "si": 1,
          "sti": 0,
          "dti": 13,
          "sco": 0,
          "dco": 61,
          "txt": "Powerhouse"
        },
        {
          "si": 1,
          "sti": 1,
          "dti": 14,
          "sco": 11,
          "dco": 72,
          "txt": "Saudi"
        },
        {
          "si": 1,
          "sti": 2,
          "dti": 15,
          "sco": 17,
          "dco": 78,
          "txt": "Arabia"
        },
        {
          "si": 1,
          "sti": 3,
          "dti": 16,
          "sco": 24,
          "dco": 85,
          "txt": "barely"
        },
        {
          "si": 1,
          "sti": 4,
          "dti": 17,
          "sco": 31,
          "dco": 92,
          "txt": "worked"
        },
        {
          "si": 1,
          "sti": 5,
          "dti": 18,
          "sco": 38,
          "dco": 99,
          "txt": "up"
        },
        {
          "si": 1,
          "sti": 6,
          "dti": 19,
          "sco": 41,
          "dco": 102,
          "txt": "a"
        },
        {
          "si": 1,
          "sti": 7,
          "dti": 20,
          "sco": 43,
          "dco": 104,
          "txt": "sweat"
        },
        {
          "si": 1,
          "sti": 8,
          "dti": 21,
          "sco": 49,
          "dco": 110,
          "txt": "Tuesday"
        },
        {
          "si": 1,
          "sti": 9,
          "dti": 22,
          "sco": 57,
          "dco": 118,
          "txt": "as"
        },
        {
          "si": 1,
          "sti": 10,
          "dti": 23,
          "sco": 60,
          "dco": 121,
          "txt": "they"
        },
        {
          "si": 1,
          "sti": 11,
          "dti": 24,
          "sco": 65,
          "dco": 126,
          "txt": "defeated"
        },
        {
          "si": 1,
          "sti": 12,
          "dti": 25,
          "sco": 74,
          "dco": 135,
          "txt": "10"
        },
        {
          "si": 1,
          "sti": 13,
          "dti": 26,
          "sco": 76,
          "dco": 137,
          "txt": "-"
        },
        {
          "si": 1,
          "sti": 14,
          "dti": 27,
          "sco": 77,
          "dco": 138,
          "txt": "man"
        },
        {
          "si": 1,
          "sti": 15,
          "dti": 28,
          "sco": 81,
          "dco": 142,
          "txt": "Indonesia"
        },
        {
          "si": 1,
          "sti": 16,
          "dti": 29,
          "sco": 91,
          "dco": 152,
          "txt": "3"
        },
        {
          "si": 1,
          "sti": 17,
          "dti": 30,
          "sco": 92,
          "dco": 153,
          "txt": "-"
        },
        {
          "si": 1,
          "sti": 18,
          "dti": 31,
          "sco": 93,
          "dco": 154,
          "txt": "1"
        },
        {
          "si": 1,
          "sti": 19,
          "dti": 32,
          "sco": 95,
          "dco": 156,
          "txt": "in"
        },
        {
          "si": 1,
          "sti": 20,
          "dti": 33,
          "sco": 98,
          "dco": 159,
          "txt": "a"
        },
        {
          "si": 1,
          "sti": 21,
          "dti": 34,
          "sco": 100,
          "dco": 161,
          "txt": "World"
        },
        {
          "si": 1,
          "sti": 22,
          "dti": 35,
          "sco": 106,
          "dco": 167,
          "txt": "Cup"
        },
        {
          "si": 1,
          "sti": 23,
          "dti": 36,
          "sco": 110,
          "dco": 171,
          "txt": "Asian"
        },
        {
          "si": 1,
          "sti": 24,
          "dti": 37,
          "sco": 116,
          "dco": 177,
          "txt": "Zone"
        },
        {
          "si": 1,
          "sti": 25,
          "dti": 38,
          "sco": 121,
          "dco": 182,
          "txt": "qualifier"
        },
        {
          "si": 1,
          "sti": 26,
          "dti": 39,
          "sco": 131,
          "dco": 192,
          "txt": "here"
        },
        {
          "si": 1,
          "sti": 27,
          "dti": 40,
          "sco": 135,
          "dco": 196,
          "txt": "."
        },
        {
          "si": 2,
          "sti": 0,
          "dti": 41,
          "sco": 0,
          "dco": 198,
          "txt": "The"
        },
        {
          "si": 2,
          "sti": 1,
          "dti": 42,
          "sco": 4,
          "dco": 202,
          "txt": "Saudis"
        },
        {
          "si": 2,
          "sti": 2,
          "dti": 43,
          "sco": 10,
          "dco": 208,
          "txt": ","
        },
        {
          "si": 2,
          "sti": 3,
          "dti": 44,
          "sco": 12,
          "dco": 210,
          "txt": "undefeated"
        },
        {
          "si": 2,
          "sti": 4,
          "dti": 45,
          "sco": 23,
          "dco": 221,
          "txt": "in"
        },
        {
          "si": 2,
          "sti": 5,
          "dti": 46,
          "sco": 26,
          "dco": 224,
          "txt": "all"
        },
        {
          "si": 2,
          "sti": 6,
          "dti": 47,
          "sco": 30,
          "dco": 228,
          "txt": "five"
        },
        {
          "si": 2,
          "sti": 7,
          "dti": 48,
          "sco": 35,
          "dco": 233,
          "txt": "of"
        },
        {
          "si": 2,
          "sti": 8,
          "dti": 49,
          "sco": 38,
          "dco": 236,
          "txt": "their"
        },
        {
          "si": 2,
          "sti": 9,
          "dti": 50,
          "sco": 44,
          "dco": 242,
          "txt": "qualifiers"
        },
        {
          "si": 2,
          "sti": 10,
          "dti": 51,
          "sco": 54,
          "dco": 252,
          "txt": ","
        },
        {
          "si": 2,
          "sti": 11,
          "dti": 52,
          "sco": 56,
          "dco": 254,
          "txt": "are"
        },
        {
          "si": 2,
          "sti": 12,
          "dti": 53,
          "sco": 60,
          "dco": 258,
          "txt": "guaranteed"
        },
        {
          "si": 2,
          "sti": 13,
          "dti": 54,
          "sco": 71,
          "dco": 269,
          "txt": "to"
        },
        {
          "si": 2,
          "sti": 14,
          "dti": 55,
          "sco": 74,
          "dco": 272,
          "txt": "progress"
        },
        {
          "si": 2,
          "sti": 15,
          "dti": 56,
          "sco": 83,
          "dco": 281,
          "txt": "to"
        },
        {
          "si": 2,
          "sti": 16,
          "dti": 57,
          "sco": 86,
          "dco": 284,
          "txt": "the"
        },
        {
          "si": 2,
          "sti": 17,
          "dti": 58,
          "sco": 90,
          "dco": 288,
          "txt": "final"
        },
        {
          "si": 2,
          "sti": 18,
          "dti": 59,
          "sco": 96,
          "dco": 294,
          "txt": "qualifying"
        },
        {
          "si": 2,
          "sti": 19,
          "dti": 60,
          "sco": 107,
          "dco": 305,
          "txt": "round"
        },
        {
          "si": 2,
          "sti": 20,
          "dti": 61,
          "sco": 112,
          "dco": 310,
          "txt": "."
        },
        {
          "si": 3,
          "sti": 0,
          "dti": 62,
          "sco": 0,
          "dco": 312,
          "txt": "A"
        },
        {
          "si": 3,
          "sti": 1,
          "dti": 63,
          "sco": 2,
          "dco": 314,
          "txt": "left"
        },
        {
          "si": 3,
          "sti": 2,
          "dti": 64,
          "sco": 6,
          "dco": 318,
          "txt": "-"
        },
        {
          "si": 3,
          "sti": 3,
          "dti": 65,
          "sco": 7,
          "dco": 319,
          "txt": "footed"
        },
        {
          "si": 3,
          "sti": 4,
          "dti": 66,
          "sco": 14,
          "dco": 326,
          "txt": "shot"
        },
        {
          "si": 3,
          "sti": 5,
          "dti": 67,
          "sco": 19,
          "dco": 331,
          "txt": "from"
        },
        {
          "si": 3,
          "sti": 6,
          "dti": 68,
          "sco": 24,
          "dco": 336,
          "txt": "Al"
        },
        {
          "si": 3,
          "sti": 7,
          "dti": 69,
          "sco": 26,
          "dco": 338,
          "txt": "-"
        },
        {
          "si": 3,
          "sti": 8,
          "dti": 70,
          "sco": 27,
          "dco": 339,
          "txt": "Meshad"
        },
        {
          "si": 3,
          "sti": 9,
          "dti": 71,
          "sco": 34,
          "dco": 346,
          "txt": "Al"
        },
        {
          "si": 3,
          "sti": 10,
          "dti": 72,
          "sco": 36,
          "dco": 348,
          "txt": "-"
        },
        {
          "si": 3,
          "sti": 11,
          "dti": 73,
          "sco": 37,
          "dco": 349,
          "txt": "Said"
        },
        {
          "si": 3,
          "sti": 12,
          "dti": 74,
          "sco": 42,
          "dco": 354,
          "txt": "put"
        },
        {
          "si": 3,
          "sti": 13,
          "dti": 75,
          "sco": 46,
          "dco": 358,
          "txt": "the"
        },
        {
          "si": 3,
          "sti": 14,
          "dti": 76,
          "sco": 50,
          "dco": 362,
          "txt": "Saudis"
        },
        {
          "si": 3,
          "sti": 15,
          "dti": 77,
          "sco": 57,
          "dco": 369,
          "txt": "ahead"
        },
        {
          "si": 3,
          "sti": 16,
          "dti": 78,
          "sco": 63,
          "dco": 375,
          "txt": "in"
        },
        {
          "si": 3,
          "sti": 17,
          "dti": 79,
          "sco": 66,
          "dco": 378,
          "txt": "the"
        },
        {
          "si": 3,
          "sti": 18,
          "dti": 80,
          "sco": 70,
          "dco": 382,
          "txt": "eighth"
        },
        {
          "si": 3,
          "sti": 19,
          "dti": 81,
          "sco": 77,
          "dco": 389,
          "txt": "minute"
        },
        {
          "si": 3,
          "sti": 20,
          "dti": 82,
          "sco": 83,
          "dco": 395,
          "txt": "."
        },
        {
          "si": 4,
          "sti": 0,
          "dti": 83,
          "sco": 0,
          "dco": 397,
          "txt": "Four"
        },
        {
          "si": 4,
          "sti": 1,
          "dti": 84,
          "sco": 5,
          "dco": 402,
          "txt": "minutes"
        },
        {
          "si": 4,
          "sti": 2,
          "dti": 85,
          "sco": 13,
          "dco": 410,
          "txt": "later"
        },
        {
          "si": 4,
          "sti": 3,
          "dti": 86,
          "sco": 19,
          "dco": 416,
          "txt": "Sulaiman"
        },
        {
          "si": 4,
          "sti": 4,
          "dti": 87,
          "sco": 28,
          "dco": 425,
          "txt": "Omar"
        },
        {
          "si": 4,
          "sti": 5,
          "dti": 88,
          "sco": 33,
          "dco": 430,
          "txt": "doubled"
        },
        {
          "si": 4,
          "sti": 6,
          "dti": 89,
          "sco": 41,
          "dco": 438,
          "txt": "the"
        },
        {
          "si": 4,
          "sti": 7,
          "dti": 90,
          "sco": 45,
          "dco": 442,
          "txt": "visitors"
        },
        {
          "si": 4,
          "sti": 8,
          "dti": 91,
          "sco": 53,
          "dco": 450,
          "txt": "'"
        },
        {
          "si": 4,
          "sti": 9,
          "dti": 92,
          "sco": 55,
          "dco": 452,
          "txt": "lead"
        },
        {
          "si": 4,
          "sti": 10,
          "dti": 93,
          "sco": 60,
          "dco": 457,
          "txt": "as"
        },
        {
          "si": 4,
          "sti": 11,
          "dti": 94,
          "sco": 63,
          "dco": 460,
          "txt": "he"
        },
        {
          "si": 4,
          "sti": 12,
          "dti": 95,
          "sco": 66,
          "dco": 463,
          "txt": "drove"
        },
        {
          "si": 4,
          "sti": 13,
          "dti": 96,
          "sco": 72,
          "dco": 469,
          "txt": "a"
        },
        {
          "si": 4,
          "sti": 14,
          "dti": 97,
          "sco": 74,
          "dco": 471,
          "txt": "shot"
        },
        {
          "si": 4,
          "sti": 15,
          "dti": 98,
          "sco": 79,
          "dco": 476,
          "txt": "past"
        },
        {
          "si": 4,
          "sti": 16,
          "dti": 99,
          "sco": 84,
          "dco": 481,
          "txt": "Indonesian"
        },
        {
          "si": 4,
          "sti": 17,
          "dti": 100,
          "sco": 95,
          "dco": 492,
          "txt": "keeper"
        },
        {
          "si": 4,
          "sti": 18,
          "dti": 101,
          "sco": 102,
          "dco": 499,
          "txt": "Hendro"
        },
        {
          "si": 4,
          "sti": 19,
          "dti": 102,
          "sco": 109,
          "dco": 506,
          "txt": "Kartiko"
        },
        {
          "si": 4,
          "sti": 20,
          "dti": 103,
          "sco": 116,
          "dco": 513,
          "txt": "."
        },
        {
          "si": 5,
          "sti": 0,
          "dti": 104,
          "sco": 0,
          "dco": 515,
          "txt": "Indonesia"
        },
        {
          "si": 5,
          "sti": 1,
          "dti": 105,
          "sco": 10,
          "dco": 525,
          "txt": "worked"
        },
        {
          "si": 5,
          "sti": 2,
          "dti": 106,
          "sco": 17,
          "dco": 532,
          "txt": "hard"
        },
        {
          "si": 5,
          "sti": 3,
          "dti": 107,
          "sco": 22,
          "dco": 537,
          "txt": "but"
        },
        {
          "si": 5,
          "sti": 4,
          "dti": 108,
          "sco": 26,
          "dco": 541,
          "txt": "did"
        },
        {
          "si": 5,
          "sti": 5,
          "dti": 109,
          "sco": 30,
          "dco": 545,
          "txt": "not"
        },
        {
          "si": 5,
          "sti": 6,
          "dti": 110,
          "sco": 34,
          "dco": 549,
          "txt": "come"
        },
        {
          "si": 5,
          "sti": 7,
          "dti": 111,
          "sco": 39,
          "dco": 554,
          "txt": "close"
        },
        {
          "si": 5,
          "sti": 8,
          "dti": 112,
          "sco": 45,
          "dco": 560,
          "txt": "to"
        },
        {
          "si": 5,
          "sti": 9,
          "dti": 113,
          "sco": 48,
          "dco": 563,
          "txt": "scoring"
        },
        {
          "si": 5,
          "sti": 10,
          "dti": 114,
          "sco": 56,
          "dco": 571,
          "txt": "until"
        },
        {
          "si": 5,
          "sti": 11,
          "dti": 115,
          "sco": 62,
          "dco": 577,
          "txt": "the"
        },
        {
          "si": 5,
          "sti": 12,
          "dti": 116,
          "sco": 66,
          "dco": 581,
          "txt": "43"
        },
        {
          "si": 5,
          "sti": 13,
          "dti": 117,
          "sco": 68,
          "dco": 583,
          "txt": "rd"
        },
        {
          "si": 5,
          "sti": 14,
          "dti": 118,
          "sco": 71,
          "dco": 586,
          "txt": "minute"
        },
        {
          "si": 5,
          "sti": 15,
          "dti": 119,
          "sco": 77,
          "dco": 592,
          "txt": ","
        },
        {
          "si": 5,
          "sti": 16,
          "dti": 120,
          "sco": 79,
          "dco": 594,
          "txt": "when"
        },
        {
          "si": 5,
          "sti": 17,
          "dti": 121,
          "sco": 84,
          "dco": 599,
          "txt": "Ilham"
        },
        {
          "si": 5,
          "sti": 18,
          "dti": 122,
          "sco": 90,
          "dco": 605,
          "txt": "Jayakesuma"
        },
        {
          "si": 5,
          "sti": 19,
          "dti": 123,
          "sco": 100,
          "dco": 615,
          "txt": "'"
        },
        {
          "si": 5,
          "sti": 20,
          "dti": 124,
          "sco": 101,
          "dco": 616,
          "txt": "s"
        },
        {
          "si": 5,
          "sti": 21,
          "dti": 125,
          "sco": 103,
          "dco": 618,
          "txt": "shot"
        },
        {
          "si": 5,
          "sti": 22,
          "dti": 126,
          "sco": 108,
          "dco": 623,
          "txt": "just"
        },
        {
          "si": 5,
          "sti": 23,
          "dti": 127,
          "sco": 113,
          "dco": 628,
          "txt": "cleared"
        },
        {
          "si": 5,
          "sti": 24,
          "dti": 128,
          "sco": 121,
          "dco": 636,
          "txt": "the"
        },
        {
          "si": 5,
          "sti": 25,
          "dti": 129,
          "sco": 125,
          "dco": 640,
          "txt": "crossbar"
        },
        {
          "si": 5,
          "sti": 26,
          "dti": 130,
          "sco": 134,
          "dco": 649,
          "txt": "after"
        },
        {
          "si": 5,
          "sti": 27,
          "dti": 131,
          "sco": 140,
          "dco": 655,
          "txt": "a"
        },
        {
          "si": 5,
          "sti": 28,
          "dti": 132,
          "sco": 142,
          "dco": 657,
          "txt": "pass"
        },
        {
          "si": 5,
          "sti": 29,
          "dti": 133,
          "sco": 147,
          "dco": 662,
          "txt": "from"
        },
        {
          "si": 5,
          "sti": 30,
          "dti": 134,
          "sco": 152,
          "dco": 667,
          "txt": "Ponaryo"
        },
        {
          "si": 5,
          "sti": 31,
          "dti": 135,
          "sco": 160,
          "dco": 675,
          "txt": "Astaman"
        },
        {
          "si": 5,
          "sti": 32,
          "dti": 136,
          "sco": 167,
          "dco": 682,
          "txt": "."
        },
        {
          "si": 6,
          "sti": 0,
          "dti": 137,
          "sco": 0,
          "dco": 684,
          "txt": "When"
        },
        {
          "si": 6,
          "sti": 1,
          "dti": 138,
          "sco": 5,
          "dco": 689,
          "txt": "Ismed"
        },
        {
          "si": 6,
          "sti": 2,
          "dti": 139,
          "sco": 11,
          "dco": 695,
          "txt": "Sofyan"
        },
        {
          "si": 6,
          "sti": 3,
          "dti": 140,
          "sco": 18,
          "dco": 702,
          "txt": "was"
        },
        {
          "si": 6,
          "sti": 4,
          "dti": 141,
          "sco": 22,
          "dco": 706,
          "txt": "red"
        },
        {
          "si": 6,
          "sti": 5,
          "dti": 142,
          "sco": 25,
          "dco": 709,
          "txt": "-"
        },
        {
          "si": 6,
          "sti": 6,
          "dti": 143,
          "sco": 26,
          "dco": 710,
          "txt": "carded"
        },
        {
          "si": 6,
          "sti": 7,
          "dti": 144,
          "sco": 33,
          "dco": 717,
          "txt": "for"
        },
        {
          "si": 6,
          "sti": 8,
          "dti": 145,
          "sco": 37,
          "dco": 721,
          "txt": "a"
        },
        {
          "si": 6,
          "sti": 9,
          "dti": 146,
          "sco": 39,
          "dco": 723,
          "txt": "dangerous"
        },
        {
          "si": 6,
          "sti": 10,
          "dti": 147,
          "sco": 49,
          "dco": 733,
          "txt": "challenge"
        },
        {
          "si": 6,
          "sti": 11,
          "dti": 148,
          "sco": 59,
          "dco": 743,
          "txt": "in"
        },
        {
          "si": 6,
          "sti": 12,
          "dti": 149,
          "sco": 62,
          "dco": 746,
          "txt": "first"
        },
        {
          "si": 6,
          "sti": 13,
          "dti": 150,
          "sco": 67,
          "dco": 751,
          "txt": "-"
        },
        {
          "si": 6,
          "sti": 14,
          "dti": 151,
          "sco": 68,
          "dco": 752,
          "txt": "half"
        },
        {
          "si": 6,
          "sti": 15,
          "dti": 152,
          "sco": 73,
          "dco": 757,
          "txt": "injury"
        },
        {
          "si": 6,
          "sti": 16,
          "dti": 153,
          "sco": 80,
          "dco": 764,
          "txt": "time"
        },
        {
          "si": 6,
          "sti": 17,
          "dti": 154,
          "sco": 84,
          "dco": 768,
          "txt": ","
        },
        {
          "si": 6,
          "sti": 18,
          "dti": 155,
          "sco": 86,
          "dco": 770,
          "txt": "it"
        },
        {
          "si": 6,
          "sti": 19,
          "dti": 156,
          "sco": 89,
          "dco": 773,
          "txt": "looked"
        },
        {
          "si": 6,
          "sti": 20,
          "dti": 157,
          "sco": 96,
          "dco": 780,
          "txt": "all"
        },
        {
          "si": 6,
          "sti": 21,
          "dti": 158,
          "sco": 100,
          "dco": 784,
          "txt": "over"
        },
        {
          "si": 6,
          "sti": 22,
          "dti": 159,
          "sco": 105,
          "dco": 789,
          "txt": "for"
        },
        {
          "si": 6,
          "sti": 23,
          "dti": 160,
          "sco": 109,
          "dco": 793,
          "txt": "the"
        },
        {
          "si": 6,
          "sti": 24,
          "dti": 161,
          "sco": 113,
          "dco": 797,
          "txt": "hosts"
        },
        {
          "si": 6,
          "sti": 25,
          "dti": 162,
          "sco": 118,
          "dco": 802,
          "txt": "."
        },
        {
          "si": 7,
          "sti": 0,
          "dti": 163,
          "sco": 0,
          "dco": 804,
          "txt": "But"
        },
        {
          "si": 7,
          "sti": 1,
          "dti": 164,
          "sco": 4,
          "dco": 808,
          "txt": "despite"
        },
        {
          "si": 7,
          "sti": 2,
          "dti": 165,
          "sco": 12,
          "dco": 816,
          "txt": "being"
        },
        {
          "si": 7,
          "sti": 3,
          "dti": 166,
          "sco": 18,
          "dco": 822,
          "txt": "shorthanded"
        },
        {
          "si": 7,
          "sti": 4,
          "dti": 167,
          "sco": 30,
          "dco": 834,
          "txt": "Indonesia"
        },
        {
          "si": 7,
          "sti": 5,
          "dti": 168,
          "sco": 40,
          "dco": 844,
          "txt": "sparkled"
        },
        {
          "si": 7,
          "sti": 6,
          "dti": 169,
          "sco": 49,
          "dco": 853,
          "txt": "at"
        },
        {
          "si": 7,
          "sti": 7,
          "dti": 170,
          "sco": 52,
          "dco": 856,
          "txt": "times"
        },
        {
          "si": 7,
          "sti": 8,
          "dti": 171,
          "sco": 58,
          "dco": 862,
          "txt": "in"
        },
        {
          "si": 7,
          "sti": 9,
          "dti": 172,
          "sco": 61,
          "dco": 865,
          "txt": "the"
        },
        {
          "si": 7,
          "sti": 10,
          "dti": 173,
          "sco": 65,
          "dco": 869,
          "txt": "second"
        },
        {
          "si": 7,
          "sti": 11,
          "dti": 174,
          "sco": 72,
          "dco": 876,
          "txt": "half"
        },
        {
          "si": 7,
          "sti": 12,
          "dti": 175,
          "sco": 76,
          "dco": 880,
          "txt": ","
        },
        {
          "si": 7,
          "sti": 13,
          "dti": 176,
          "sco": 78,
          "dco": 882,
          "txt": "led"
        },
        {
          "si": 7,
          "sti": 14,
          "dti": 177,
          "sco": 82,
          "dco": 886,
          "txt": "by"
        },
        {
          "si": 7,
          "sti": 15,
          "dti": 178,
          "sco": 85,
          "dco": 889,
          "txt": "hard"
        },
        {
          "si": 7,
          "sti": 16,
          "dti": 179,
          "sco": 89,
          "dco": 893,
          "txt": "-"
        },
        {
          "si": 7,
          "sti": 17,
          "dti": 180,
          "sco": 90,
          "dco": 894,
          "txt": "working"
        },
        {
          "si": 7,
          "sti": 18,
          "dti": 181,
          "sco": 98,
          "dco": 902,
          "txt": "young"
        },
        {
          "si": 7,
          "sti": 19,
          "dti": 182,
          "sco": 104,
          "dco": 908,
          "txt": "striker"
        },
        {
          "si": 7,
          "sti": 20,
          "dti": 183,
          "sco": 112,
          "dco": 916,
          "txt": "Boas"
        },
        {
          "si": 7,
          "sti": 21,
          "dti": 184,
          "sco": 117,
          "dco": 921,
          "txt": "Salossa"
        },
        {
          "si": 7,
          "sti": 22,
          "dti": 185,
          "sco": 125,
          "dco": 929,
          "txt": "and"
        },
        {
          "si": 7,
          "sti": 23,
          "dti": 186,
          "sco": 129,
          "dco": 933,
          "txt": "Elie"
        },
        {
          "si": 7,
          "sti": 24,
          "dti": 187,
          "sco": 134,
          "dco": 938,
          "txt": "Aiboy"
        },
        {
          "si": 7,
          "sti": 25,
          "dti": 188,
          "sco": 139,
          "dco": 943,
          "txt": "."
        },
        {
          "si": 8,
          "sti": 0,
          "dti": 189,
          "sco": 0,
          "dco": 945,
          "txt": "In"
        },
        {
          "si": 8,
          "sti": 1,
          "dti": 190,
          "sco": 3,
          "dco": 948,
          "txt": "the"
        },
        {
          "si": 8,
          "sti": 2,
          "dti": 191,
          "sco": 7,
          "dco": 952,
          "txt": "49"
        },
        {
          "si": 8,
          "sti": 3,
          "dti": 192,
          "sco": 9,
          "dco": 954,
          "txt": "th"
        },
        {
          "si": 8,
          "sti": 4,
          "dti": 193,
          "sco": 12,
          "dco": 957,
          "txt": "minute"
        },
        {
          "si": 8,
          "sti": 5,
          "dti": 194,
          "sco": 19,
          "dco": 964,
          "txt": "their"
        },
        {
          "si": 8,
          "sti": 6,
          "dti": 195,
          "sco": 25,
          "dco": 970,
          "txt": "efforts"
        },
        {
          "si": 8,
          "sti": 7,
          "dti": 196,
          "sco": 33,
          "dco": 978,
          "txt": "paid"
        },
        {
          "si": 8,
          "sti": 8,
          "dti": 197,
          "sco": 38,
          "dco": 983,
          "txt": "off"
        },
        {
          "si": 8,
          "sti": 9,
          "dti": 198,
          "sco": 42,
          "dco": 987,
          "txt": "when"
        },
        {
          "si": 8,
          "sti": 10,
          "dti": 199,
          "sco": 47,
          "dco": 992,
          "txt": "Jayakesuma"
        },
        {
          "si": 8,
          "sti": 11,
          "dti": 200,
          "sco": 58,
          "dco": 1003,
          "txt": "connected"
        },
        {
          "si": 8,
          "sti": 12,
          "dti": 201,
          "sco": 68,
          "dco": 1013,
          "txt": "with"
        },
        {
          "si": 8,
          "sti": 13,
          "dti": 202,
          "sco": 73,
          "dco": 1018,
          "txt": "a"
        },
        {
          "si": 8,
          "sti": 14,
          "dti": 203,
          "sco": 75,
          "dco": 1020,
          "txt": "Salossa"
        },
        {
          "si": 8,
          "sti": 15,
          "dti": 204,
          "sco": 83,
          "dco": 1028,
          "txt": "corner"
        },
        {
          "si": 8,
          "sti": 16,
          "dti": 205,
          "sco": 90,
          "dco": 1035,
          "txt": "to"
        },
        {
          "si": 8,
          "sti": 17,
          "dti": 206,
          "sco": 93,
          "dco": 1038,
          "txt": "put"
        },
        {
          "si": 8,
          "sti": 18,
          "dti": 207,
          "sco": 97,
          "dco": 1042,
          "txt": "the"
        },
        {
          "si": 8,
          "sti": 19,
          "dti": 208,
          "sco": 101,
          "dco": 1046,
          "txt": "home"
        },
        {
          "si": 8,
          "sti": 20,
          "dti": 209,
          "sco": 106,
          "dco": 1051,
          "txt": "side"
        },
        {
          "si": 8,
          "sti": 21,
          "dti": 210,
          "sco": 111,
          "dco": 1056,
          "txt": "on"
        },
        {
          "si": 8,
          "sti": 22,
          "dti": 211,
          "sco": 114,
          "dco": 1059,
          "txt": "the"
        },
        {
          "si": 8,
          "sti": 23,
          "dti": 212,
          "sco": 118,
          "dco": 1063,
          "txt": "scoreboard"
        },
        {
          "si": 8,
          "sti": 24,
          "dti": 213,
          "sco": 128,
          "dco": 1073,
          "txt": "."
        },
        {
          "si": 9,
          "sti": 0,
          "dti": 214,
          "sco": 0,
          "dco": 1075,
          "txt": "Kurniawan"
        },
        {
          "si": 9,
          "sti": 1,
          "dti": 215,
          "sco": 10,
          "dco": 1085,
          "txt": "Dwi"
        },
        {
          "si": 9,
          "sti": 2,
          "dti": 216,
          "sco": 14,
          "dco": 1089,
          "txt": "Yulianto"
        },
        {
          "si": 9,
          "sti": 3,
          "dti": 217,
          "sco": 22,
          "dco": 1097,
          "txt": ","
        },
        {
          "si": 9,
          "sti": 4,
          "dti": 218,
          "sco": 24,
          "dco": 1099,
          "txt": "who"
        },
        {
          "si": 9,
          "sti": 5,
          "dti": 219,
          "sco": 28,
          "dco": 1103,
          "txt": "replaced"
        },
        {
          "si": 9,
          "sti": 6,
          "dti": 220,
          "sco": 37,
          "dco": 1112,
          "txt": "Jayakesuma"
        },
        {
          "si": 9,
          "sti": 7,
          "dti": 221,
          "sco": 47,
          "dco": 1122,
          "txt": ","
        },
        {
          "si": 9,
          "sti": 8,
          "dti": 222,
          "sco": 49,
          "dco": 1124,
          "txt": "came"
        },
        {
          "si": 9,
          "sti": 9,
          "dti": 223,
          "sco": 54,
          "dco": 1129,
          "txt": "close"
        },
        {
          "si": 9,
          "sti": 10,
          "dti": 224,
          "sco": 60,
          "dco": 1135,
          "txt": "with"
        },
        {
          "si": 9,
          "sti": 11,
          "dti": 225,
          "sco": 65,
          "dco": 1140,
          "txt": "a"
        },
        {
          "si": 9,
          "sti": 12,
          "dti": 226,
          "sco": 67,
          "dco": 1142,
          "txt": "diving"
        },
        {
          "si": 9,
          "sti": 13,
          "dti": 227,
          "sco": 74,
          "dco": 1149,
          "txt": "header"
        },
        {
          "si": 9,
          "sti": 14,
          "dti": 228,
          "sco": 81,
          "dco": 1156,
          "txt": "in"
        },
        {
          "si": 9,
          "sti": 15,
          "dti": 229,
          "sco": 84,
          "dco": 1159,
          "txt": "the"
        },
        {
          "si": 9,
          "sti": 16,
          "dti": 230,
          "sco": 88,
          "dco": 1163,
          "txt": "74"
        },
        {
          "si": 9,
          "sti": 17,
          "dti": 231,
          "sco": 90,
          "dco": 1165,
          "txt": "th"
        },
        {
          "si": 9,
          "sti": 18,
          "dti": 232,
          "sco": 93,
          "dco": 1168,
          "txt": "minute"
        },
        {
          "si": 9,
          "sti": 19,
          "dti": 233,
          "sco": 100,
          "dco": 1175,
          "txt": "but"
        },
        {
          "si": 9,
          "sti": 20,
          "dti": 234,
          "sco": 104,
          "dco": 1179,
          "txt": "Yasser"
        },
        {
          "si": 9,
          "sti": 21,
          "dti": 235,
          "sco": 111,
          "dco": 1186,
          "txt": "Al"
        },
        {
          "si": 9,
          "sti": 22,
          "dti": 236,
          "sco": 113,
          "dco": 1188,
          "txt": "-"
        },
        {
          "si": 9,
          "sti": 23,
          "dti": 237,
          "sco": 114,
          "dco": 1189,
          "txt": "Qahtani"
        },
        {
          "si": 9,
          "sti": 24,
          "dti": 238,
          "sco": 121,
          "dco": 1196,
          "txt": "'"
        },
        {
          "si": 9,
          "sti": 25,
          "dti": 239,
          "sco": 122,
          "dco": 1197,
          "txt": "s"
        },
        {
          "si": 9,
          "sti": 26,
          "dti": 240,
          "sco": 124,
          "dco": 1199,
          "txt": "strike"
        },
        {
          "si": 9,
          "sti": 27,
          "dti": 241,
          "sco": 131,
          "dco": 1206,
          "txt": "five"
        },
        {
          "si": 9,
          "sti": 28,
          "dti": 242,
          "sco": 136,
          "dco": 1211,
          "txt": "minutes"
        },
        {
          "si": 9,
          "sti": 29,
          "dti": 243,
          "sco": 144,
          "dco": 1219,
          "txt": "later"
        },
        {
          "si": 9,
          "sti": 30,
          "dti": 244,
          "sco": 150,
          "dco": 1225,
          "txt": "doused"
        },
        {
          "si": 9,
          "sti": 31,
          "dti": 245,
          "sco": 157,
          "dco": 1232,
          "txt": "the"
        },
        {
          "si": 9,
          "sti": 32,
          "dti": 246,
          "sco": 161,
          "dco": 1236,
          "txt": "Indonesians"
        },
        {
          "si": 9,
          "sti": 33,
          "dti": 247,
          "sco": 172,
          "dco": 1247,
          "txt": "'"
        },
        {
          "si": 9,
          "sti": 34,
          "dti": 248,
          "sco": 174,
          "dco": 1249,
          "txt": "fire"
        },
        {
          "si": 9,
          "sti": 35,
          "dti": 249,
          "sco": 178,
          "dco": 1253,
          "txt": "."
        },
        {
          "si": 10,
          "sti": 0,
          "dti": 250,
          "sco": 0,
          "dco": 1255,
          "txt": "A"
        },
        {
          "si": 10,
          "sti": 1,
          "dti": 251,
          "sco": 2,
          "dco": 1257,
          "txt": "1"
        },
        {
          "si": 10,
          "sti": 2,
          "dti": 252,
          "sco": 3,
          "dco": 1258,
          "txt": "-"
        },
        {
          "si": 10,
          "sti": 3,
          "dti": 253,
          "sco": 4,
          "dco": 1259,
          "txt": "0"
        },
        {
          "si": 10,
          "sti": 4,
          "dti": 254,
          "sco": 6,
          "dco": 1261,
          "txt": "victory"
        },
        {
          "si": 10,
          "sti": 5,
          "dti": 255,
          "sco": 14,
          "dco": 1269,
          "txt": "over"
        },
        {
          "si": 10,
          "sti": 6,
          "dti": 256,
          "sco": 19,
          "dco": 1274,
          "txt": "last"
        },
        {
          "si": 10,
          "sti": 7,
          "dti": 257,
          "sco": 23,
          "dco": 1278,
          "txt": "-"
        },
        {
          "si": 10,
          "sti": 8,
          "dti": 258,
          "sco": 24,
          "dco": 1279,
          "txt": "placed"
        },
        {
          "si": 10,
          "sti": 9,
          "dti": 259,
          "sco": 31,
          "dco": 1286,
          "txt": "Sri"
        },
        {
          "si": 10,
          "sti": 10,
          "dti": 260,
          "sco": 35,
          "dco": 1290,
          "txt": "Lanka"
        },
        {
          "si": 10,
          "sti": 11,
          "dti": 261,
          "sco": 41,
          "dco": 1296,
          "txt": "in"
        },
        {
          "si": 10,
          "sti": 12,
          "dti": 262,
          "sco": 44,
          "dco": 1299,
          "txt": "June"
        },
        {
          "si": 10,
          "sti": 13,
          "dti": 263,
          "sco": 49,
          "dco": 1304,
          "txt": "is"
        },
        {
          "si": 10,
          "sti": 14,
          "dti": 264,
          "sco": 52,
          "dco": 1307,
          "txt": "the"
        },
        {
          "si": 10,
          "sti": 15,
          "dti": 265,
          "sco": 56,
          "dco": 1311,
          "txt": "only"
        },
        {
          "si": 10,
          "sti": 16,
          "dti": 266,
          "sco": 61,
          "dco": 1316,
          "txt": "victory"
        },
        {
          "si": 10,
          "sti": 17,
          "dti": 267,
          "sco": 69,
          "dco": 1324,
          "txt": "in"
        },
        {
          "si": 10,
          "sti": 18,
          "dti": 268,
          "sco": 72,
          "dco": 1327,
          "txt": "four"
        },
        {
          "si": 10,
          "sti": 19,
          "dti": 269,
          "sco": 77,
          "dco": 1332,
          "txt": "previous"
        },
        {
          "si": 10,
          "sti": 20,
          "dti": 270,
          "sco": 86,
          "dco": 1341,
          "txt": "qualifiers"
        },
        {
          "si": 10,
          "sti": 21,
          "dti": 271,
          "sco": 97,
          "dco": 1352,
          "txt": "for"
        },
        {
          "si": 10,
          "sti": 22,
          "dti": 272,
          "sco": 101,
          "dco": 1356,
          "txt": "Indonesia"
        },
        {
          "si": 10,
          "sti": 23,
          "dti": 273,
          "sco": 110,
          "dco": 1365,
          "txt": ","
        },
        {
          "si": 10,
          "sti": 24,
          "dti": 274,
          "sco": 112,
          "dco": 1367,
          "txt": "who"
        },
        {
          "si": 10,
          "sti": 25,
          "dti": 275,
          "sco": 116,
          "dco": 1371,
          "txt": "were"
        },
        {
          "si": 10,
          "sti": 26,
          "dti": 276,
          "sco": 121,
          "dco": 1376,
          "txt": "beaten"
        },
        {
          "si": 10,
          "sti": 27,
          "dti": 277,
          "sco": 128,
          "dco": 1383,
          "txt": "3"
        },
        {
          "si": 10,
          "sti": 28,
          "dti": 278,
          "sco": 129,
          "dco": 1384,
          "txt": "-"
        },
        {
          "si": 10,
          "sti": 29,
          "dti": 279,
          "sco": 130,
          "dco": 1385,
          "txt": "0"
        },
        {
          "si": 10,
          "sti": 30,
          "dti": 280,
          "sco": 132,
          "dco": 1387,
          "txt": "by"
        },
        {
          "si": 10,
          "sti": 31,
          "dti": 281,
          "sco": 135,
          "dco": 1390,
          "txt": "Saudi"
        },
        {
          "si": 10,
          "sti": 32,
          "dti": 282,
          "sco": 141,
          "dco": 1396,
          "txt": "Arabia"
        },
        {
          "si": 10,
          "sti": 33,
          "dti": 283,
          "sco": 148,
          "dco": 1403,
          "txt": "in"
        },
        {
          "si": 10,
          "sti": 34,
          "dti": 284,
          "sco": 151,
          "dco": 1406,
          "txt": "Riyadh"
        },
        {
          "si": 10,
          "sti": 35,
          "dti": 285,
          "sco": 158,
          "dco": 1413,
          "txt": "in"
        },
        {
          "si": 10,
          "sti": 36,
          "dti": 286,
          "sco": 161,
          "dco": 1416,
          "txt": "February"
        },
        {
          "si": 10,
          "sti": 37,
          "dti": 287,
          "sco": 169,
          "dco": 1424,
          "txt": "."
        }
      ]
    },
    "ganns": {
      "dla": [],
      "la": [],
      "ea": [],
      "eta": [
        {
          "ra": {
            "ea": {
              "etn": "Goal"
            }
          },
          "sfs": [
            [
              {
                "stn": "scoreTeamB"
              },
              {
                "ea": {
                  "etn": "1"
                }
              }
            ],
            [
              {
                "stn": "forTeam"
              },
              {
                "ea": {
                  "etn": "Saudi Arabia"
                }
              }
            ],
            [
              {
                "stn": "scoreTeamA"
              },
              {
                "ea": {
                  "etn": "0"
                }
              }
            ],
            [
              {
                "stn": "minute"
              },
              {
                "ea": {
                  "etn": "9"
                }
              }
            ],
            [
              {
                "stn": "scorer"
              },
              {
                "ea": {
                  "etn": "Al Meshal Saeed"
                }
              }
            ]
          ],
          "mfs": {}
        },
        {
          "ra": {
            "ea": {
              "etn": "Goal"
            }
          },
          "sfs": [
            [
              {
                "stn": "scoreTeamB"
              },
              {
                "ea": {
                  "etn": "2"
                }
              }
            ],
            [
              {
                "stn": "forTeam"
              },
              {
                "ea": {
                  "etn": "Saudi Arabia"
                }
              }
            ],
            [
              {
                "stn": "scoreTeamA"
              },
              {
                "ea": {
                  "etn": "0"
                }
              }
            ],
            [
              {
                "stn": "minute"
              },
              {
                "ea": {
                  "etn": "13"
                }
              }
            ],
            [
              {
                "stn": "scorer"
              },
              {
                "ea": {
                  "etn": "Sulaimani Omar"
                }
              }
            ]
          ],
          "mfs": {}
        },
        {
          "ra": {
            "ea": {
              "etn": "Goal"
            }
          },
          "sfs": [
            [
              {
                "stn": "scoreTeamB"
              },
              {
                "ea": {
                  "etn": "2"
                }
              }
            ],
            [
              {
                "stn": "forTeam"
              },
              {
                "ea": {
                  "etn": "Indonesia"
                }
              }
            ],
            [
              {
                "stn": "scoreTeamA"
              },
              {
                "ea": {
                  "etn": "1"
                }
              }
            ],
            [
              {
                "stn": "minute"
              },
              {
                "ea": {
                  "etn": "50"
                }
              }
            ],
            [
              {
                "stn": "scorer"
              },
              {
                "ea": {
                  "etn": "Jaya Ilham"
                }
              }
            ]
          ],
          "mfs": {}
        },
        {
          "ra": {
            "ea": {
              "etn": "Goal"
            }
          },
          "sfs": [
            [
              {
                "stn": "scoreTeamB"
              },
              {
                "ea": {
                  "etn": "3"
                }
              }
            ],
            [
              {
                "stn": "forTeam"
              },
              {
                "ea": {
                  "etn": "Saudi Arabia"
                }
              }
            ],
            [
              {
                "stn": "scoreTeamA"
              },
              {
                "ea": {
                  "etn": "1"
                }
              }
            ],
            [
              {
                "stn": "minute"
              },
              {
                "ea": {
                  "etn": "80"
                }
              }
            ],
            [
              {
                "stn": "scorer"
              },
              {
                "ea": {
                  "etn": "Al Qahtani Saeed"
                }
              }
            ]
          ],
          "mfs": {}
        }
      ]
    }
  }
]
