[
  {
    "context": "UNSPECIFIED",
    "doc": {
      "id": "en_mr33880_struct",
      "tl": [
        {
          "si": 0,
          "sti": 0,
          "dti": 0,
          "sco": 0,
          "dco": 0,
          "txt": "Colombia"
        },
        {
          "si": 0,
          "sti": 1,
          "dti": 1,
          "sco": 9,
          "dco": 9,
          "txt": "hit"
        },
        {
          "si": 0,
          "sti": 2,
          "dti": 2,
          "sco": 13,
          "dco": 13,
          "txt": "five"
        },
        {
          "si": 0,
          "sti": 3,
          "dti": 3,
          "sco": 18,
          "dco": 18,
          "txt": "to"
        },
        {
          "si": 0,
          "sti": 4,
          "dti": 4,
          "sco": 21,
          "dco": 21,
          "txt": "revive"
        },
        {
          "si": 0,
          "sti": 5,
          "dti": 5,
          "sco": 28,
          "dco": 28,
          "txt": "hopes"
        },
        {
          "si": 0,
          "sti": 6,
          "dti": 6,
          "sco": 33,
          "dco": 33,
          "txt": "."
        },
        {
          "si": 1,
          "sti": 0,
          "dti": 7,
          "sco": 0,
          "dco": 35,
          "txt": "Colombia"
        },
        {
          "si": 1,
          "sti": 1,
          "dti": 8,
          "sco": 9,
          "dco": 44,
          "txt": "hammered"
        },
        {
          "si": 1,
          "sti": 2,
          "dti": 9,
          "sco": 18,
          "dco": 53,
          "txt": "Peru"
        },
        {
          "si": 1,
          "sti": 3,
          "dti": 10,
          "sco": 23,
          "dco": 58,
          "txt": "5"
        },
        {
          "si": 1,
          "sti": 4,
          "dti": 11,
          "sco": 24,
          "dco": 59,
          "txt": "-"
        },
        {
          "si": 1,
          "sti": 5,
          "dti": 12,
          "sco": 25,
          "dco": 60,
          "txt": "0"
        },
        {
          "si": 1,
          "sti": 6,
          "dti": 13,
          "sco": 27,
          "dco": 62,
          "txt": "in"
        },
        {
          "si": 1,
          "sti": 7,
          "dti": 14,
          "sco": 30,
          "dco": 65,
          "txt": "Barranquilla"
        },
        {
          "si": 1,
          "sti": 8,
          "dti": 15,
          "sco": 43,
          "dco": 78,
          "txt": "on"
        },
        {
          "si": 1,
          "sti": 9,
          "dti": 16,
          "sco": 46,
          "dco": 81,
          "txt": "Matchday"
        },
        {
          "si": 1,
          "sti": 10,
          "dti": 17,
          "sco": 55,
          "dco": 90,
          "txt": "14"
        },
        {
          "si": 1,
          "sti": 11,
          "dti": 18,
          "sco": 58,
          "dco": 93,
          "txt": "of"
        },
        {
          "si": 1,
          "sti": 12,
          "dti": 19,
          "sco": 61,
          "dco": 96,
          "txt": "the"
        },
        {
          "si": 1,
          "sti": 13,
          "dti": 20,
          "sco": 65,
          "dco": 100,
          "txt": "2006"
        },
        {
          "si": 1,
          "sti": 14,
          "dti": 21,
          "sco": 70,
          "dco": 105,
          "txt": "FIFA"
        },
        {
          "si": 1,
          "sti": 15,
          "dti": 22,
          "sco": 75,
          "dco": 110,
          "txt": "World"
        },
        {
          "si": 1,
          "sti": 16,
          "dti": 23,
          "sco": 81,
          "dco": 116,
          "txt": "Cup"
        },
        {
          "si": 1,
          "sti": 17,
          "dti": 24,
          "sco": 85,
          "dco": 120,
          "txt": "qualifiers"
        },
        {
          "si": 1,
          "sti": 18,
          "dti": 25,
          "sco": 96,
          "dco": 131,
          "txt": "in"
        },
        {
          "si": 1,
          "sti": 19,
          "dti": 26,
          "sco": 99,
          "dco": 134,
          "txt": "South"
        },
        {
          "si": 1,
          "sti": 20,
          "dti": 27,
          "sco": 105,
          "dco": 140,
          "txt": "America"
        },
        {
          "si": 1,
          "sti": 21,
          "dti": 28,
          "sco": 112,
          "dco": 147,
          "txt": "."
        },
        {
          "si": 2,
          "sti": 0,
          "dti": 29,
          "sco": 0,
          "dco": 149,
          "txt": "The"
        },
        {
          "si": 2,
          "sti": 1,
          "dti": 30,
          "sco": 4,
          "dco": 153,
          "txt": "comprehensive"
        },
        {
          "si": 2,
          "sti": 2,
          "dti": 31,
          "sco": 18,
          "dco": 167,
          "txt": "victory"
        },
        {
          "si": 2,
          "sti": 3,
          "dti": 32,
          "sco": 26,
          "dco": 175,
          "txt": "puts"
        },
        {
          "si": 2,
          "sti": 4,
          "dti": 33,
          "sco": 31,
          "dco": 180,
          "txt": "Colombia"
        },
        {
          "si": 2,
          "sti": 5,
          "dti": 34,
          "sco": 40,
          "dco": 189,
          "txt": "on"
        },
        {
          "si": 2,
          "sti": 6,
          "dti": 35,
          "sco": 43,
          "dco": 192,
          "txt": "17"
        },
        {
          "si": 2,
          "sti": 7,
          "dti": 36,
          "sco": 46,
          "dco": 195,
          "txt": "points"
        },
        {
          "si": 2,
          "sti": 8,
          "dti": 37,
          "sco": 53,
          "dco": 202,
          "txt": "and"
        },
        {
          "si": 2,
          "sti": 9,
          "dti": 38,
          "sco": 57,
          "dco": 206,
          "txt": "sees"
        },
        {
          "si": 2,
          "sti": 10,
          "dti": 39,
          "sco": 62,
          "dco": 211,
          "txt": "them"
        },
        {
          "si": 2,
          "sti": 11,
          "dti": 40,
          "sco": 67,
          "dco": 216,
          "txt": "leapfrog"
        },
        {
          "si": 2,
          "sti": 12,
          "dti": 41,
          "sco": 76,
          "dco": 225,
          "txt": "Uruguay"
        },
        {
          "si": 2,
          "sti": 13,
          "dti": 42,
          "sco": 84,
          "dco": 233,
          "txt": "into"
        },
        {
          "si": 2,
          "sti": 14,
          "dti": 43,
          "sco": 89,
          "dco": 238,
          "txt": "fifth"
        },
        {
          "si": 2,
          "sti": 15,
          "dti": 44,
          "sco": 95,
          "dco": 244,
          "txt": "place"
        },
        {
          "si": 2,
          "sti": 16,
          "dti": 45,
          "sco": 100,
          "dco": 249,
          "txt": "."
        },
        {
          "si": 3,
          "sti": 0,
          "dti": 46,
          "sco": 0,
          "dco": 251,
          "txt": "Peru"
        },
        {
          "si": 3,
          "sti": 1,
          "dti": 47,
          "sco": 5,
          "dco": 256,
          "txt": "lie"
        },
        {
          "si": 3,
          "sti": 2,
          "dti": 48,
          "sco": 9,
          "dco": 260,
          "txt": "ninth"
        },
        {
          "si": 3,
          "sti": 3,
          "dti": 49,
          "sco": 14,
          "dco": 265,
          "txt": ","
        },
        {
          "si": 3,
          "sti": 4,
          "dti": 50,
          "sco": 16,
          "dco": 267,
          "txt": "meanwhile"
        },
        {
          "si": 3,
          "sti": 5,
          "dti": 51,
          "sco": 25,
          "dco": 276,
          "txt": ","
        },
        {
          "si": 3,
          "sti": 6,
          "dti": 52,
          "sco": 27,
          "dco": 278,
          "txt": "on"
        },
        {
          "si": 3,
          "sti": 7,
          "dti": 53,
          "sco": 30,
          "dco": 281,
          "txt": "14"
        },
        {
          "si": 3,
          "sti": 8,
          "dti": 54,
          "sco": 33,
          "dco": 284,
          "txt": "points"
        },
        {
          "si": 3,
          "sti": 9,
          "dti": 55,
          "sco": 40,
          "dco": 291,
          "txt": "and"
        },
        {
          "si": 3,
          "sti": 10,
          "dti": 56,
          "sco": 44,
          "dco": 295,
          "txt": "their"
        },
        {
          "si": 3,
          "sti": 11,
          "dti": 57,
          "sco": 50,
          "dco": 301,
          "txt": "hopes"
        },
        {
          "si": 3,
          "sti": 12,
          "dti": 58,
          "sco": 56,
          "dco": 307,
          "txt": "of"
        },
        {
          "si": 3,
          "sti": 13,
          "dti": 59,
          "sco": 59,
          "dco": 310,
          "txt": "claiming"
        },
        {
          "si": 3,
          "sti": 14,
          "dti": 60,
          "sco": 68,
          "dco": 319,
          "txt": "a"
        },
        {
          "si": 3,
          "sti": 15,
          "dti": 61,
          "sco": 70,
          "dco": 321,
          "txt": "top"
        },
        {
          "si": 3,
          "sti": 16,
          "dti": 62,
          "sco": 73,
          "dco": 324,
          "txt": "-"
        },
        {
          "si": 3,
          "sti": 17,
          "dti": 63,
          "sco": 74,
          "dco": 325,
          "txt": "four"
        },
        {
          "si": 3,
          "sti": 18,
          "dti": 64,
          "sco": 79,
          "dco": 330,
          "txt": "finish"
        },
        {
          "si": 3,
          "sti": 19,
          "dti": 65,
          "sco": 86,
          "dco": 337,
          "txt": "or"
        },
        {
          "si": 3,
          "sti": 20,
          "dti": 66,
          "sco": 89,
          "dco": 340,
          "txt": "even"
        },
        {
          "si": 3,
          "sti": 21,
          "dti": 67,
          "sco": 94,
          "dco": 345,
          "txt": "fifth"
        },
        {
          "si": 3,
          "sti": 22,
          "dti": 68,
          "sco": 100,
          "dco": 351,
          "txt": "place"
        },
        {
          "si": 3,
          "sti": 23,
          "dti": 69,
          "sco": 106,
          "dco": 357,
          "txt": "and"
        },
        {
          "si": 3,
          "sti": 24,
          "dti": 70,
          "sco": 110,
          "dco": 361,
          "txt": "the"
        },
        {
          "si": 3,
          "sti": 25,
          "dti": 71,
          "sco": 114,
          "dco": 365,
          "txt": "right"
        },
        {
          "si": 3,
          "sti": 26,
          "dti": 72,
          "sco": 120,
          "dco": 371,
          "txt": "to"
        },
        {
          "si": 3,
          "sti": 27,
          "dti": 73,
          "sco": 123,
          "dco": 374,
          "txt": "face"
        },
        {
          "si": 3,
          "sti": 28,
          "dti": 74,
          "sco": 128,
          "dco": 379,
          "txt": "the"
        },
        {
          "si": 3,
          "sti": 29,
          "dti": 75,
          "sco": 132,
          "dco": 383,
          "txt": "winner"
        },
        {
          "si": 3,
          "sti": 30,
          "dti": 76,
          "sco": 139,
          "dco": 390,
          "txt": "of"
        },
        {
          "si": 3,
          "sti": 31,
          "dti": 77,
          "sco": 142,
          "dco": 393,
          "txt": "the"
        },
        {
          "si": 3,
          "sti": 32,
          "dti": 78,
          "sco": 146,
          "dco": 397,
          "txt": "Oceania"
        },
        {
          "si": 3,
          "sti": 33,
          "dti": 79,
          "sco": 154,
          "dco": 405,
          "txt": "group"
        },
        {
          "si": 3,
          "sti": 34,
          "dti": 80,
          "sco": 160,
          "dco": 411,
          "txt": "in"
        },
        {
          "si": 3,
          "sti": 35,
          "dti": 81,
          "sco": 163,
          "dco": 414,
          "txt": "a"
        },
        {
          "si": 3,
          "sti": 36,
          "dti": 82,
          "sco": 165,
          "dco": 416,
          "txt": "play"
        },
        {
          "si": 3,
          "sti": 37,
          "dti": 83,
          "sco": 169,
          "dco": 420,
          "txt": "-"
        },
        {
          "si": 3,
          "sti": 38,
          "dti": 84,
          "sco": 170,
          "dco": 421,
          "txt": "off"
        },
        {
          "si": 3,
          "sti": 39,
          "dti": 85,
          "sco": 174,
          "dco": 425,
          "txt": "are"
        },
        {
          "si": 3,
          "sti": 40,
          "dti": 86,
          "sco": 178,
          "dco": 429,
          "txt": "fading"
        },
        {
          "si": 3,
          "sti": 41,
          "dti": 87,
          "sco": 185,
          "dco": 436,
          "txt": "fast"
        },
        {
          "si": 3,
          "sti": 42,
          "dti": 88,
          "sco": 189,
          "dco": 440,
          "txt": "."
        },
        {
          "si": 4,
          "sti": 0,
          "dti": 89,
          "sco": 0,
          "dco": 442,
          "txt": "Colombia"
        },
        {
          "si": 4,
          "sti": 1,
          "dti": 90,
          "sco": 9,
          "dco": 451,
          "txt": "now"
        },
        {
          "si": 4,
          "sti": 2,
          "dti": 91,
          "sco": 13,
          "dco": 455,
          "txt": "face"
        },
        {
          "si": 4,
          "sti": 3,
          "dti": 92,
          "sco": 18,
          "dco": 460,
          "txt": "Ecuador"
        },
        {
          "si": 4,
          "sti": 4,
          "dti": 93,
          "sco": 26,
          "dco": 468,
          "txt": "on"
        },
        {
          "si": 4,
          "sti": 5,
          "dti": 94,
          "sco": 29,
          "dco": 471,
          "txt": "Wednesday"
        },
        {
          "si": 4,
          "sti": 6,
          "dti": 95,
          "sco": 39,
          "dco": 481,
          "txt": "and"
        },
        {
          "si": 4,
          "sti": 7,
          "dti": 96,
          "sco": 43,
          "dco": 485,
          "txt": "will"
        },
        {
          "si": 4,
          "sti": 8,
          "dti": 97,
          "sco": 48,
          "dco": 490,
          "txt": "be"
        },
        {
          "si": 4,
          "sti": 9,
          "dti": 98,
          "sco": 51,
          "dco": 493,
          "txt": "looking"
        },
        {
          "si": 4,
          "sti": 10,
          "dti": 99,
          "sco": 59,
          "dco": 501,
          "txt": "to"
        },
        {
          "si": 4,
          "sti": 11,
          "dti": 100,
          "sco": 62,
          "dco": 504,
          "txt": "follow"
        },
        {
          "si": 4,
          "sti": 12,
          "dti": 101,
          "sco": 69,
          "dco": 511,
          "txt": "up"
        },
        {
          "si": 4,
          "sti": 13,
          "dti": 102,
          "sco": 72,
          "dco": 514,
          "txt": "last"
        },
        {
          "si": 4,
          "sti": 14,
          "dti": 103,
          "sco": 77,
          "dco": 519,
          "txt": "night"
        },
        {
          "si": 4,
          "sti": 15,
          "dti": 104,
          "sco": 82,
          "dco": 524,
          "txt": "'"
        },
        {
          "si": 4,
          "sti": 16,
          "dti": 105,
          "sco": 83,
          "dco": 525,
          "txt": "s"
        },
        {
          "si": 4,
          "sti": 17,
          "dti": 106,
          "sco": 85,
          "dco": 527,
          "txt": "win"
        },
        {
          "si": 4,
          "sti": 18,
          "dti": 107,
          "sco": 89,
          "dco": 531,
          "txt": "to"
        },
        {
          "si": 4,
          "sti": 19,
          "dti": 108,
          "sco": 92,
          "dco": 534,
          "txt": "stay"
        },
        {
          "si": 4,
          "sti": 20,
          "dti": 109,
          "sco": 97,
          "dco": 539,
          "txt": "on"
        },
        {
          "si": 4,
          "sti": 21,
          "dti": 110,
          "sco": 100,
          "dco": 542,
          "txt": "course"
        },
        {
          "si": 4,
          "sti": 22,
          "dti": 111,
          "sco": 107,
          "dco": 549,
          "txt": "for"
        },
        {
          "si": 4,
          "sti": 23,
          "dti": 112,
          "sco": 111,
          "dco": 553,
          "txt": "Germany"
        },
        {
          "si": 4,
          "sti": 24,
          "dti": 113,
          "sco": 119,
          "dco": 561,
          "txt": "2006"
        },
        {
          "si": 4,
          "sti": 25,
          "dti": 114,
          "sco": 123,
          "dco": 565,
          "txt": "."
        },
        {
          "si": 5,
          "sti": 0,
          "dti": 115,
          "sco": 0,
          "dco": 567,
          "txt": "Anxious"
        },
        {
          "si": 5,
          "sti": 1,
          "dti": 116,
          "sco": 8,
          "dco": 575,
          "txt": "to"
        },
        {
          "si": 5,
          "sti": 2,
          "dti": 117,
          "sco": 11,
          "dco": 578,
          "txt": "assert"
        },
        {
          "si": 5,
          "sti": 3,
          "dti": 118,
          "sco": 18,
          "dco": 585,
          "txt": "their"
        },
        {
          "si": 5,
          "sti": 4,
          "dti": 119,
          "sco": 24,
          "dco": 591,
          "txt": "authority"
        },
        {
          "si": 5,
          "sti": 5,
          "dti": 120,
          "sco": 34,
          "dco": 601,
          "txt": "from"
        },
        {
          "si": 5,
          "sti": 6,
          "dti": 121,
          "sco": 39,
          "dco": 606,
          "txt": "the"
        },
        {
          "si": 5,
          "sti": 7,
          "dti": 122,
          "sco": 43,
          "dco": 610,
          "txt": "kick"
        },
        {
          "si": 5,
          "sti": 8,
          "dti": 123,
          "sco": 47,
          "dco": 614,
          "txt": "-"
        },
        {
          "si": 5,
          "sti": 9,
          "dti": 124,
          "sco": 48,
          "dco": 615,
          "txt": "off"
        },
        {
          "si": 5,
          "sti": 10,
          "dti": 125,
          "sco": 51,
          "dco": 618,
          "txt": ","
        },
        {
          "si": 5,
          "sti": 11,
          "dti": 126,
          "sco": 53,
          "dco": 620,
          "txt": "the"
        },
        {
          "si": 5,
          "sti": 12,
          "dti": 127,
          "sco": 57,
          "dco": 624,
          "txt": "Colombians"
        },
        {
          "si": 5,
          "sti": 13,
          "dti": 128,
          "sco": 68,
          "dco": 635,
          "txt": "bombarded"
        },
        {
          "si": 5,
          "sti": 14,
          "dti": 129,
          "sco": 78,
          "dco": 645,
          "txt": "the"
        },
        {
          "si": 5,
          "sti": 15,
          "dti": 130,
          "sco": 82,
          "dco": 649,
          "txt": "centre"
        },
        {
          "si": 5,
          "sti": 16,
          "dti": 131,
          "sco": 89,
          "dco": 656,
          "txt": "of"
        },
        {
          "si": 5,
          "sti": 17,
          "dti": 132,
          "sco": 92,
          "dco": 659,
          "txt": "the"
        },
        {
          "si": 5,
          "sti": 18,
          "dti": 133,
          "sco": 96,
          "dco": 663,
          "txt": "Peruvian"
        },
        {
          "si": 5,
          "sti": 19,
          "dti": 134,
          "sco": 105,
          "dco": 672,
          "txt": "defence"
        },
        {
          "si": 5,
          "sti": 20,
          "dti": 135,
          "sco": 113,
          "dco": 680,
          "txt": "and"
        },
        {
          "si": 5,
          "sti": 21,
          "dti": 136,
          "sco": 117,
          "dco": 684,
          "txt": "also"
        },
        {
          "si": 5,
          "sti": 22,
          "dti": 137,
          "sco": 122,
          "dco": 689,
          "txt": "launched"
        },
        {
          "si": 5,
          "sti": 23,
          "dti": 138,
          "sco": 131,
          "dco": 698,
          "txt": "the"
        },
        {
          "si": 5,
          "sti": 24,
          "dti": 139,
          "sco": 135,
          "dco": 702,
          "txt": "occasional"
        },
        {
          "si": 5,
          "sti": 25,
          "dti": 140,
          "sco": 146,
          "dco": 713,
          "txt": "raid"
        },
        {
          "si": 5,
          "sti": 26,
          "dti": 141,
          "sco": 151,
          "dco": 718,
          "txt": "down"
        },
        {
          "si": 5,
          "sti": 27,
          "dti": 142,
          "sco": 156,
          "dco": 723,
          "txt": "the"
        },
        {
          "si": 5,
          "sti": 28,
          "dti": 143,
          "sco": 160,
          "dco": 727,
          "txt": "flanks"
        },
        {
          "si": 5,
          "sti": 29,
          "dti": 144,
          "sco": 166,
          "dco": 733,
          "txt": "."
        },
        {
          "si": 6,
          "sti": 0,
          "dti": 145,
          "sco": 0,
          "dco": 735,
          "txt": "With"
        },
        {
          "si": 6,
          "sti": 1,
          "dti": 146,
          "sco": 5,
          "dco": 740,
          "txt": "the"
        },
        {
          "si": 6,
          "sti": 2,
          "dti": 147,
          "sco": 9,
          "dco": 744,
          "txt": "home"
        },
        {
          "si": 6,
          "sti": 3,
          "dti": 148,
          "sco": 14,
          "dco": 749,
          "txt": "team"
        },
        {
          "si": 6,
          "sti": 4,
          "dti": 149,
          "sco": 19,
          "dco": 754,
          "txt": "in"
        },
        {
          "si": 6,
          "sti": 5,
          "dti": 150,
          "sco": 22,
          "dco": 757,
          "txt": "attacking"
        },
        {
          "si": 6,
          "sti": 6,
          "dti": 151,
          "sco": 32,
          "dco": 767,
          "txt": "mood"
        },
        {
          "si": 6,
          "sti": 7,
          "dti": 152,
          "sco": 36,
          "dco": 771,
          "txt": ","
        },
        {
          "si": 6,
          "sti": 8,
          "dti": 153,
          "sco": 38,
          "dco": 773,
          "txt": "Peru"
        },
        {
          "si": 6,
          "sti": 9,
          "dti": 154,
          "sco": 42,
          "dco": 777,
          "txt": "'"
        },
        {
          "si": 6,
          "sti": 10,
          "dti": 155,
          "sco": 43,
          "dco": 778,
          "txt": "s"
        },
        {
          "si": 6,
          "sti": 11,
          "dti": 156,
          "sco": 45,
          "dco": 780,
          "txt": "forwards"
        },
        {
          "si": 6,
          "sti": 12,
          "dti": 157,
          "sco": 54,
          "dco": 789,
          "txt": "had"
        },
        {
          "si": 6,
          "sti": 13,
          "dti": 158,
          "sco": 58,
          "dco": 793,
          "txt": "plenty"
        },
        {
          "si": 6,
          "sti": 14,
          "dti": 159,
          "sco": 65,
          "dco": 800,
          "txt": "of"
        },
        {
          "si": 6,
          "sti": 15,
          "dti": 160,
          "sco": 68,
          "dco": 803,
          "txt": "space"
        },
        {
          "si": 6,
          "sti": 16,
          "dti": 161,
          "sco": 74,
          "dco": 809,
          "txt": "to"
        },
        {
          "si": 6,
          "sti": 17,
          "dti": 162,
          "sco": 77,
          "dco": 812,
          "txt": "operate"
        },
        {
          "si": 6,
          "sti": 18,
          "dti": 163,
          "sco": 85,
          "dco": 820,
          "txt": "in"
        },
        {
          "si": 6,
          "sti": 19,
          "dti": 164,
          "sco": 88,
          "dco": 823,
          "txt": "but"
        },
        {
          "si": 6,
          "sti": 20,
          "dti": 165,
          "sco": 92,
          "dco": 827,
          "txt": "failed"
        },
        {
          "si": 6,
          "sti": 21,
          "dti": 166,
          "sco": 99,
          "dco": 834,
          "txt": "to"
        },
        {
          "si": 6,
          "sti": 22,
          "dti": 167,
          "sco": 102,
          "dco": 837,
          "txt": "put"
        },
        {
          "si": 6,
          "sti": 23,
          "dti": 168,
          "sco": 106,
          "dco": 841,
          "txt": "Farid"
        },
        {
          "si": 6,
          "sti": 24,
          "dti": 169,
          "sco": 112,
          "dco": 847,
          "txt": "Mondragon"
        },
        {
          "si": 6,
          "sti": 25,
          "dti": 170,
          "sco": 122,
          "dco": 857,
          "txt": "under"
        },
        {
          "si": 6,
          "sti": 26,
          "dti": 171,
          "sco": 128,
          "dco": 863,
          "txt": "any"
        },
        {
          "si": 6,
          "sti": 27,
          "dti": 172,
          "sco": 132,
          "dco": 867,
          "txt": "serious"
        },
        {
          "si": 6,
          "sti": 28,
          "dti": 173,
          "sco": 140,
          "dco": 875,
          "txt": "pressure"
        },
        {
          "si": 6,
          "sti": 29,
          "dti": 174,
          "sco": 149,
          "dco": 884,
          "txt": "in"
        },
        {
          "si": 6,
          "sti": 30,
          "dti": 175,
          "sco": 152,
          "dco": 887,
          "txt": "the"
        },
        {
          "si": 6,
          "sti": 31,
          "dti": 176,
          "sco": 156,
          "dco": 891,
          "txt": "Colombia"
        },
        {
          "si": 6,
          "sti": 32,
          "dti": 177,
          "sco": 165,
          "dco": 900,
          "txt": "goal"
        },
        {
          "si": 6,
          "sti": 33,
          "dti": 178,
          "sco": 169,
          "dco": 904,
          "txt": "."
        },
        {
          "si": 7,
          "sti": 0,
          "dti": 179,
          "sco": 0,
          "dco": 906,
          "txt": "Reinaldo"
        },
        {
          "si": 7,
          "sti": 1,
          "dti": 180,
          "sco": 9,
          "dco": 915,
          "txt": "Rueda"
        },
        {
          "si": 7,
          "sti": 2,
          "dti": 181,
          "sco": 14,
          "dco": 920,
          "txt": "'"
        },
        {
          "si": 7,
          "sti": 3,
          "dti": 182,
          "sco": 15,
          "dco": 921,
          "txt": "s"
        },
        {
          "si": 7,
          "sti": 4,
          "dti": 183,
          "sco": 17,
          "dco": 923,
          "txt": "side"
        },
        {
          "si": 7,
          "sti": 5,
          "dti": 184,
          "sco": 22,
          "dco": 928,
          "txt": "should"
        },
        {
          "si": 7,
          "sti": 6,
          "dti": 185,
          "sco": 29,
          "dco": 935,
          "txt": "have"
        },
        {
          "si": 7,
          "sti": 7,
          "dti": 186,
          "sco": 34,
          "dco": 940,
          "txt": "opened"
        },
        {
          "si": 7,
          "sti": 8,
          "dti": 187,
          "sco": 41,
          "dco": 947,
          "txt": "the"
        },
        {
          "si": 7,
          "sti": 9,
          "dti": 188,
          "sco": 45,
          "dco": 951,
          "txt": "scoring"
        },
        {
          "si": 7,
          "sti": 10,
          "dti": 189,
          "sco": 53,
          "dco": 959,
          "txt": "from"
        },
        {
          "si": 7,
          "sti": 11,
          "dti": 190,
          "sco": 58,
          "dco": 964,
          "txt": "the"
        },
        {
          "si": 7,
          "sti": 12,
          "dti": 191,
          "sco": 62,
          "dco": 968,
          "txt": "penalty"
        },
        {
          "si": 7,
          "sti": 13,
          "dti": 192,
          "sco": 70,
          "dco": 976,
          "txt": "spot"
        },
        {
          "si": 7,
          "sti": 14,
          "dti": 193,
          "sco": 75,
          "dco": 981,
          "txt": "on"
        },
        {
          "si": 7,
          "sti": 15,
          "dti": 194,
          "sco": 78,
          "dco": 984,
          "txt": "20"
        },
        {
          "si": 7,
          "sti": 16,
          "dti": 195,
          "sco": 81,
          "dco": 987,
          "txt": "minutes"
        },
        {
          "si": 7,
          "sti": 17,
          "dti": 196,
          "sco": 89,
          "dco": 995,
          "txt": "but"
        },
        {
          "si": 7,
          "sti": 18,
          "dti": 197,
          "sco": 93,
          "dco": 999,
          "txt": "Juan"
        },
        {
          "si": 7,
          "sti": 19,
          "dti": 198,
          "sco": 98,
          "dco": 1004,
          "txt": "Flores"
        },
        {
          "si": 7,
          "sti": 20,
          "dti": 199,
          "sco": 105,
          "dco": 1011,
          "txt": "clawed"
        },
        {
          "si": 7,
          "sti": 21,
          "dti": 200,
          "sco": 112,
          "dco": 1018,
          "txt": "away"
        },
        {
          "si": 7,
          "sti": 22,
          "dti": 201,
          "sco": 117,
          "dco": 1023,
          "txt": "Mario"
        },
        {
          "si": 7,
          "sti": 23,
          "dti": 202,
          "sco": 123,
          "dco": 1029,
          "txt": "Yepes"
        },
        {
          "si": 7,
          "sti": 24,
          "dti": 203,
          "sco": 128,
          "dco": 1034,
          "txt": "'"
        },
        {
          "si": 7,
          "sti": 25,
          "dti": 204,
          "sco": 130,
          "dco": 1036,
          "txt": "waist"
        },
        {
          "si": 7,
          "sti": 26,
          "dti": 205,
          "sco": 135,
          "dco": 1041,
          "txt": "-"
        },
        {
          "si": 7,
          "sti": 27,
          "dti": 206,
          "sco": 136,
          "dco": 1042,
          "txt": "high"
        },
        {
          "si": 7,
          "sti": 28,
          "dti": 207,
          "sco": 141,
          "dco": 1047,
          "txt": "drive"
        },
        {
          "si": 7,
          "sti": 29,
          "dti": 208,
          "sco": 146,
          "dco": 1052,
          "txt": "."
        },
        {
          "si": 8,
          "sti": 0,
          "dti": 209,
          "sco": 0,
          "dco": 1054,
          "txt": "The"
        },
        {
          "si": 8,
          "sti": 1,
          "dti": 210,
          "sco": 4,
          "dco": 1058,
          "txt": "miss"
        },
        {
          "si": 8,
          "sti": 2,
          "dti": 211,
          "sco": 9,
          "dco": 1063,
          "txt": "seemed"
        },
        {
          "si": 8,
          "sti": 3,
          "dti": 212,
          "sco": 16,
          "dco": 1070,
          "txt": "to"
        },
        {
          "si": 8,
          "sti": 4,
          "dti": 213,
          "sco": 19,
          "dco": 1073,
          "txt": "deflate"
        },
        {
          "si": 8,
          "sti": 5,
          "dti": 214,
          "sco": 27,
          "dco": 1081,
          "txt": "the"
        },
        {
          "si": 8,
          "sti": 6,
          "dti": 215,
          "sco": 31,
          "dco": 1085,
          "txt": "home"
        },
        {
          "si": 8,
          "sti": 7,
          "dti": 216,
          "sco": 36,
          "dco": 1090,
          "txt": "side"
        },
        {
          "si": 8,
          "sti": 8,
          "dti": 217,
          "sco": 41,
          "dco": 1095,
          "txt": "momentarily"
        },
        {
          "si": 8,
          "sti": 9,
          "dti": 218,
          "sco": 53,
          "dco": 1107,
          "txt": "although"
        },
        {
          "si": 8,
          "sti": 10,
          "dti": 219,
          "sco": 62,
          "dco": 1116,
          "txt": "despondency"
        },
        {
          "si": 8,
          "sti": 11,
          "dti": 220,
          "sco": 74,
          "dco": 1128,
          "txt": "was"
        },
        {
          "si": 8,
          "sti": 12,
          "dti": 221,
          "sco": 78,
          "dco": 1132,
          "txt": "to"
        },
        {
          "si": 8,
          "sti": 13,
          "dti": 222,
          "sco": 81,
          "dco": 1135,
          "txt": "turn"
        },
        {
          "si": 8,
          "sti": 14,
          "dti": 223,
          "sco": 86,
          "dco": 1140,
          "txt": "to"
        },
        {
          "si": 8,
          "sti": 15,
          "dti": 224,
          "sco": 89,
          "dco": 1143,
          "txt": "jubilation"
        },
        {
          "si": 8,
          "sti": 16,
          "dti": 225,
          "sco": 100,
          "dco": 1154,
          "txt": "eight"
        },
        {
          "si": 8,
          "sti": 17,
          "dti": 226,
          "sco": 106,
          "dco": 1160,
          "txt": "minutes"
        },
        {
          "si": 8,
          "sti": 18,
          "dti": 227,
          "sco": 114,
          "dco": 1168,
          "txt": "later"
        },
        {
          "si": 8,
          "sti": 19,
          "dti": 228,
          "sco": 120,
          "dco": 1174,
          "txt": "when"
        },
        {
          "si": 8,
          "sti": 20,
          "dti": 229,
          "sco": 125,
          "dco": 1179,
          "txt": "Rey"
        },
        {
          "si": 8,
          "sti": 21,
          "dti": 230,
          "sco": 129,
          "dco": 1183,
          "txt": "headed"
        },
        {
          "si": 8,
          "sti": 22,
          "dti": 231,
          "sco": 136,
          "dco": 1190,
          "txt": "home"
        },
        {
          "si": 8,
          "sti": 23,
          "dti": 232,
          "sco": 141,
          "dco": 1195,
          "txt": "from"
        },
        {
          "si": 8,
          "sti": 24,
          "dti": 233,
          "sco": 146,
          "dco": 1200,
          "txt": "a"
        },
        {
          "si": 8,
          "sti": 25,
          "dti": 234,
          "sco": 148,
          "dco": 1202,
          "txt": "free"
        },
        {
          "si": 8,
          "sti": 26,
          "dti": 235,
          "sco": 152,
          "dco": 1206,
          "txt": "-"
        },
        {
          "si": 8,
          "sti": 27,
          "dti": 236,
          "sco": 153,
          "dco": 1207,
          "txt": "kick"
        },
        {
          "si": 8,
          "sti": 28,
          "dti": 237,
          "sco": 157,
          "dco": 1211,
          "txt": "."
        },
        {
          "si": 9,
          "sti": 0,
          "dti": 238,
          "sco": 0,
          "dco": 1213,
          "txt": "Having"
        },
        {
          "si": 9,
          "sti": 1,
          "dti": 239,
          "sco": 7,
          "dco": 1220,
          "txt": "made"
        },
        {
          "si": 9,
          "sti": 2,
          "dti": 240,
          "sco": 12,
          "dco": 1225,
          "txt": "the"
        },
        {
          "si": 9,
          "sti": 3,
          "dti": 241,
          "sco": 16,
          "dco": 1229,
          "txt": "breakthrough"
        },
        {
          "si": 9,
          "sti": 4,
          "dti": 242,
          "sco": 28,
          "dco": 1241,
          "txt": ","
        },
        {
          "si": 9,
          "sti": 5,
          "dti": 243,
          "sco": 30,
          "dco": 1243,
          "txt": "Colombia"
        },
        {
          "si": 9,
          "sti": 6,
          "dti": 244,
          "sco": 39,
          "dco": 1252,
          "txt": "poured"
        },
        {
          "si": 9,
          "sti": 7,
          "dti": 245,
          "sco": 46,
          "dco": 1259,
          "txt": "forward"
        },
        {
          "si": 9,
          "sti": 8,
          "dti": 246,
          "sco": 54,
          "dco": 1267,
          "txt": "in"
        },
        {
          "si": 9,
          "sti": 9,
          "dti": 247,
          "sco": 57,
          "dco": 1270,
          "txt": "search"
        },
        {
          "si": 9,
          "sti": 10,
          "dti": 248,
          "sco": 64,
          "dco": 1277,
          "txt": "of"
        },
        {
          "si": 9,
          "sti": 11,
          "dti": 249,
          "sco": 67,
          "dco": 1280,
          "txt": "a"
        },
        {
          "si": 9,
          "sti": 12,
          "dti": 250,
          "sco": 69,
          "dco": 1282,
          "txt": "second"
        },
        {
          "si": 9,
          "sti": 13,
          "dti": 251,
          "sco": 76,
          "dco": 1289,
          "txt": "as"
        },
        {
          "si": 9,
          "sti": 14,
          "dti": 252,
          "sco": 79,
          "dco": 1292,
          "txt": "the"
        },
        {
          "si": 9,
          "sti": 15,
          "dti": 253,
          "sco": 83,
          "dco": 1296,
          "txt": "Peruvians"
        },
        {
          "si": 9,
          "sti": 16,
          "dti": 254,
          "sco": 93,
          "dco": 1306,
          "txt": "visibly"
        },
        {
          "si": 9,
          "sti": 17,
          "dti": 255,
          "sco": 101,
          "dco": 1314,
          "txt": "tired"
        },
        {
          "si": 9,
          "sti": 18,
          "dti": 256,
          "sco": 107,
          "dco": 1320,
          "txt": "in"
        },
        {
          "si": 9,
          "sti": 19,
          "dti": 257,
          "sco": 110,
          "dco": 1323,
          "txt": "the"
        },
        {
          "si": 9,
          "sti": 20,
          "dti": 258,
          "sco": 114,
          "dco": 1327,
          "txt": "Barranquilla"
        },
        {
          "si": 9,
          "sti": 21,
          "dti": 259,
          "sco": 127,
          "dco": 1340,
          "txt": "heat"
        },
        {
          "si": 9,
          "sti": 22,
          "dti": 260,
          "sco": 131,
          "dco": 1344,
          "txt": ","
        },
        {
          "si": 9,
          "sti": 23,
          "dti": 261,
          "sco": 133,
          "dco": 1346,
          "txt": "and"
        },
        {
          "si": 9,
          "sti": 24,
          "dti": 262,
          "sco": 137,
          "dco": 1350,
          "txt": "the"
        },
        {
          "si": 9,
          "sti": 25,
          "dti": 263,
          "sco": 141,
          "dco": 1354,
          "txt": "visitors"
        },
        {
          "si": 9,
          "sti": 26,
          "dti": 264,
          "sco": 150,
          "dco": 1363,
          "txt": "were"
        },
        {
          "si": 9,
          "sti": 27,
          "dti": 265,
          "sco": 155,
          "dco": 1368,
          "txt": "fortunate"
        },
        {
          "si": 9,
          "sti": 28,
          "dti": 266,
          "sco": 165,
          "dco": 1378,
          "txt": "to"
        },
        {
          "si": 9,
          "sti": 29,
          "dti": 267,
          "sco": 168,
          "dco": 1381,
          "txt": "go"
        },
        {
          "si": 9,
          "sti": 30,
          "dti": 268,
          "sco": 171,
          "dco": 1384,
          "txt": "in"
        },
        {
          "si": 9,
          "sti": 31,
          "dti": 269,
          "sco": 174,
          "dco": 1387,
          "txt": "only"
        },
        {
          "si": 9,
          "sti": 32,
          "dti": 270,
          "sco": 179,
          "dco": 1392,
          "txt": "a"
        },
        {
          "si": 9,
          "sti": 33,
          "dti": 271,
          "sco": 181,
          "dco": 1394,
          "txt": "goal"
        },
        {
          "si": 9,
          "sti": 34,
          "dti": 272,
          "sco": 186,
          "dco": 1399,
          "txt": "down"
        },
        {
          "si": 9,
          "sti": 35,
          "dti": 273,
          "sco": 191,
          "dco": 1404,
          "txt": "at"
        },
        {
          "si": 9,
          "sti": 36,
          "dti": 274,
          "sco": 194,
          "dco": 1407,
          "txt": "half"
        },
        {
          "si": 9,
          "sti": 37,
          "dti": 275,
          "sco": 198,
          "dco": 1411,
          "txt": "-"
        },
        {
          "si": 9,
          "sti": 38,
          "dti": 276,
          "sco": 199,
          "dco": 1412,
          "txt": "time"
        },
        {
          "si": 9,
          "sti": 39,
          "dti": 277,
          "sco": 204,
          "dco": 1417,
          "txt": "in"
        },
        {
          "si": 9,
          "sti": 40,
          "dti": 278,
          "sco": 207,
          "dco": 1420,
          "txt": "a"
        },
        {
          "si": 9,
          "sti": 41,
          "dti": 279,
          "sco": 209,
          "dco": 1422,
          "txt": "virtually"
        },
        {
          "si": 9,
          "sti": 42,
          "dti": 280,
          "sco": 219,
          "dco": 1432,
          "txt": "deserted"
        },
        {
          "si": 9,
          "sti": 43,
          "dti": 281,
          "sco": 228,
          "dco": 1441,
          "txt": "Metropolitano"
        },
        {
          "si": 9,
          "sti": 44,
          "dti": 282,
          "sco": 242,
          "dco": 1455,
          "txt": "stadium"
        },
        {
          "si": 9,
          "sti": 45,
          "dti": 283,
          "sco": 249,
          "dco": 1462,
          "txt": "."
        },
        {
          "si": 10,
          "sti": 0,
          "dti": 284,
          "sco": 0,
          "dco": 1464,
          "txt": "Intent"
        },
        {
          "si": 10,
          "sti": 1,
          "dti": 285,
          "sco": 7,
          "dco": 1471,
          "txt": "on"
        },
        {
          "si": 10,
          "sti": 2,
          "dti": 286,
          "sco": 10,
          "dco": 1474,
          "txt": "restoring"
        },
        {
          "si": 10,
          "sti": 3,
          "dti": 287,
          "sco": 20,
          "dco": 1484,
          "txt": "parity"
        },
        {
          "si": 10,
          "sti": 4,
          "dti": 288,
          "sco": 26,
          "dco": 1490,
          "txt": ","
        },
        {
          "si": 10,
          "sti": 5,
          "dti": 289,
          "sco": 28,
          "dco": 1492,
          "txt": "Peru"
        },
        {
          "si": 10,
          "sti": 6,
          "dti": 290,
          "sco": 33,
          "dco": 1497,
          "txt": "dominated"
        },
        {
          "si": 10,
          "sti": 7,
          "dti": 291,
          "sco": 43,
          "dco": 1507,
          "txt": "possession"
        },
        {
          "si": 10,
          "sti": 8,
          "dti": 292,
          "sco": 54,
          "dco": 1518,
          "txt": "after"
        },
        {
          "si": 10,
          "sti": 9,
          "dti": 293,
          "sco": 60,
          "dco": 1524,
          "txt": "the"
        },
        {
          "si": 10,
          "sti": 10,
          "dti": 294,
          "sco": 64,
          "dco": 1528,
          "txt": "restart"
        },
        {
          "si": 10,
          "sti": 11,
          "dti": 295,
          "sco": 72,
          "dco": 1536,
          "txt": "but"
        },
        {
          "si": 10,
          "sti": 12,
          "dti": 296,
          "sco": 76,
          "dco": 1540,
          "txt": "failed"
        },
        {
          "si": 10,
          "sti": 13,
          "dti": 297,
          "sco": 83,
          "dco": 1547,
          "txt": "to"
        },
        {
          "si": 10,
          "sti": 14,
          "dti": 298,
          "sco": 86,
          "dco": 1550,
          "txt": "carve"
        },
        {
          "si": 10,
          "sti": 15,
          "dti": 299,
          "sco": 92,
          "dco": 1556,
          "txt": "out"
        },
        {
          "si": 10,
          "sti": 16,
          "dti": 300,
          "sco": 96,
          "dco": 1560,
          "txt": "a"
        },
        {
          "si": 10,
          "sti": 17,
          "dti": 301,
          "sco": 98,
          "dco": 1562,
          "txt": "single"
        },
        {
          "si": 10,
          "sti": 18,
          "dti": 302,
          "sco": 105,
          "dco": 1569,
          "txt": "chance"
        },
        {
          "si": 10,
          "sti": 19,
          "dti": 303,
          "sco": 112,
          "dco": 1576,
          "txt": "in"
        },
        {
          "si": 10,
          "sti": 20,
          "dti": 304,
          "sco": 115,
          "dco": 1579,
          "txt": "the"
        },
        {
          "si": 10,
          "sti": 21,
          "dti": 305,
          "sco": 119,
          "dco": 1583,
          "txt": "oppressive"
        },
        {
          "si": 10,
          "sti": 22,
          "dti": 306,
          "sco": 130,
          "dco": 1594,
          "txt": "heat"
        },
        {
          "si": 10,
          "sti": 23,
          "dti": 307,
          "sco": 134,
          "dco": 1598,
          "txt": "."
        },
        {
          "si": 11,
          "sti": 0,
          "dti": 308,
          "sco": 0,
          "dco": 1600,
          "txt": "As"
        },
        {
          "si": 11,
          "sti": 1,
          "dti": 309,
          "sco": 3,
          "dco": 1603,
          "txt": "their"
        },
        {
          "si": 11,
          "sti": 2,
          "dti": 310,
          "sco": 9,
          "dco": 1609,
          "txt": "opponents"
        },
        {
          "si": 11,
          "sti": 3,
          "dti": 311,
          "sco": 19,
          "dco": 1619,
          "txt": "wilted"
        },
        {
          "si": 11,
          "sti": 4,
          "dti": 312,
          "sco": 26,
          "dco": 1626,
          "txt": "once"
        },
        {
          "si": 11,
          "sti": 5,
          "dti": 313,
          "sco": 31,
          "dco": 1631,
          "txt": "more"
        },
        {
          "si": 11,
          "sti": 6,
          "dti": 314,
          "sco": 35,
          "dco": 1635,
          "txt": ","
        },
        {
          "si": 11,
          "sti": 7,
          "dti": 315,
          "sco": 37,
          "dco": 1637,
          "txt": "Colombia"
        },
        {
          "si": 11,
          "sti": 8,
          "dti": 316,
          "sco": 45,
          "dco": 1645,
          "txt": ","
        },
        {
          "si": 11,
          "sti": 9,
          "dti": 317,
          "sco": 47,
          "dco": 1647,
          "txt": "driven"
        },
        {
          "si": 11,
          "sti": 10,
          "dti": 318,
          "sco": 54,
          "dco": 1654,
          "txt": "forward"
        },
        {
          "si": 11,
          "sti": 11,
          "dti": 319,
          "sco": 62,
          "dco": 1662,
          "txt": "by"
        },
        {
          "si": 11,
          "sti": 12,
          "dti": 320,
          "sco": 65,
          "dco": 1665,
          "txt": "the"
        },
        {
          "si": 11,
          "sti": 13,
          "dti": 321,
          "sco": 69,
          "dco": 1669,
          "txt": "outstanding"
        },
        {
          "si": 11,
          "sti": 14,
          "dti": 322,
          "sco": 81,
          "dco": 1681,
          "txt": "Rey"
        },
        {
          "si": 11,
          "sti": 15,
          "dti": 323,
          "sco": 84,
          "dco": 1684,
          "txt": ","
        },
        {
          "si": 11,
          "sti": 16,
          "dti": 324,
          "sco": 86,
          "dco": 1686,
          "txt": "assumed"
        },
        {
          "si": 11,
          "sti": 17,
          "dti": 325,
          "sco": 94,
          "dco": 1694,
          "txt": "control"
        },
        {
          "si": 11,
          "sti": 18,
          "dti": 326,
          "sco": 102,
          "dco": 1702,
          "txt": "and"
        },
        {
          "si": 11,
          "sti": 19,
          "dti": 327,
          "sco": 106,
          "dco": 1706,
          "txt": "Soto"
        },
        {
          "si": 11,
          "sti": 20,
          "dti": 328,
          "sco": 111,
          "dco": 1711,
          "txt": "grabbed"
        },
        {
          "si": 11,
          "sti": 21,
          "dti": 329,
          "sco": 119,
          "dco": 1719,
          "txt": "a"
        },
        {
          "si": 11,
          "sti": 22,
          "dti": 330,
          "sco": 121,
          "dco": 1721,
          "txt": "second"
        },
        {
          "si": 11,
          "sti": 23,
          "dti": 331,
          "sco": 128,
          "dco": 1728,
          "txt": "on"
        },
        {
          "si": 11,
          "sti": 24,
          "dti": 332,
          "sco": 131,
          "dco": 1731,
          "txt": "55"
        },
        {
          "si": 11,
          "sti": 25,
          "dti": 333,
          "sco": 134,
          "dco": 1734,
          "txt": "minutes"
        },
        {
          "si": 11,
          "sti": 26,
          "dti": 334,
          "sco": 142,
          "dco": 1742,
          "txt": "with"
        },
        {
          "si": 11,
          "sti": 27,
          "dti": 335,
          "sco": 147,
          "dco": 1747,
          "txt": "a"
        },
        {
          "si": 11,
          "sti": 28,
          "dti": 336,
          "sco": 149,
          "dco": 1749,
          "txt": "powerful"
        },
        {
          "si": 11,
          "sti": 29,
          "dti": 337,
          "sco": 158,
          "dco": 1758,
          "txt": "strike"
        },
        {
          "si": 11,
          "sti": 30,
          "dti": 338,
          "sco": 165,
          "dco": 1765,
          "txt": "from"
        },
        {
          "si": 11,
          "sti": 31,
          "dti": 339,
          "sco": 170,
          "dco": 1770,
          "txt": "outside"
        },
        {
          "si": 11,
          "sti": 32,
          "dti": 340,
          "sco": 178,
          "dco": 1778,
          "txt": "the"
        },
        {
          "si": 11,
          "sti": 33,
          "dti": 341,
          "sco": 182,
          "dco": 1782,
          "txt": "box"
        },
        {
          "si": 11,
          "sti": 34,
          "dti": 342,
          "sco": 185,
          "dco": 1785,
          "txt": "."
        },
        {
          "si": 12,
          "sti": 0,
          "dti": 343,
          "sco": 0,
          "dco": 1787,
          "txt": "And"
        },
        {
          "si": 12,
          "sti": 1,
          "dti": 344,
          "sco": 4,
          "dco": 1791,
          "txt": "three"
        },
        {
          "si": 12,
          "sti": 2,
          "dti": 345,
          "sco": 10,
          "dco": 1797,
          "txt": "minutes"
        },
        {
          "si": 12,
          "sti": 3,
          "dti": 346,
          "sco": 18,
          "dco": 1805,
          "txt": "later"
        },
        {
          "si": 12,
          "sti": 4,
          "dti": 347,
          "sco": 23,
          "dco": 1810,
          "txt": ","
        },
        {
          "si": 12,
          "sti": 5,
          "dti": 348,
          "sco": 25,
          "dco": 1812,
          "txt": "Angel"
        },
        {
          "si": 12,
          "sti": 6,
          "dti": 349,
          "sco": 31,
          "dco": 1818,
          "txt": "sealed"
        },
        {
          "si": 12,
          "sti": 7,
          "dti": 350,
          "sco": 38,
          "dco": 1825,
          "txt": "victory"
        },
        {
          "si": 12,
          "sti": 8,
          "dti": 351,
          "sco": 46,
          "dco": 1833,
          "txt": "with"
        },
        {
          "si": 12,
          "sti": 9,
          "dti": 352,
          "sco": 51,
          "dco": 1838,
          "txt": "a"
        },
        {
          "si": 12,
          "sti": 10,
          "dti": 353,
          "sco": 53,
          "dco": 1840,
          "txt": "cool"
        },
        {
          "si": 12,
          "sti": 11,
          "dti": 354,
          "sco": 58,
          "dco": 1845,
          "txt": "finish"
        },
        {
          "si": 12,
          "sti": 12,
          "dti": 355,
          "sco": 65,
          "dco": 1852,
          "txt": "from"
        },
        {
          "si": 12,
          "sti": 13,
          "dti": 356,
          "sco": 70,
          "dco": 1857,
          "txt": "a"
        },
        {
          "si": 12,
          "sti": 14,
          "dti": 357,
          "sco": 72,
          "dco": 1859,
          "txt": "Palacio"
        },
        {
          "si": 12,
          "sti": 15,
          "dti": 358,
          "sco": 80,
          "dco": 1867,
          "txt": "pass"
        },
        {
          "si": 12,
          "sti": 16,
          "dti": 359,
          "sco": 84,
          "dco": 1871,
          "txt": "."
        },
        {
          "si": 13,
          "sti": 0,
          "dti": 360,
          "sco": 0,
          "dco": 1873,
          "txt": "With"
        },
        {
          "si": 13,
          "sti": 1,
          "dti": 361,
          "sco": 5,
          "dco": 1878,
          "txt": "their"
        },
        {
          "si": 13,
          "sti": 2,
          "dti": 362,
          "sco": 11,
          "dco": 1884,
          "txt": "hapless"
        },
        {
          "si": 13,
          "sti": 3,
          "dti": 363,
          "sco": 19,
          "dco": 1892,
          "txt": "opponents"
        },
        {
          "si": 13,
          "sti": 4,
          "dti": 364,
          "sco": 29,
          "dco": 1902,
          "txt": "on"
        },
        {
          "si": 13,
          "sti": 5,
          "dti": 365,
          "sco": 32,
          "dco": 1905,
          "txt": "the"
        },
        {
          "si": 13,
          "sti": 6,
          "dti": 366,
          "sco": 36,
          "dco": 1909,
          "txt": "canvas"
        },
        {
          "si": 13,
          "sti": 7,
          "dti": 367,
          "sco": 42,
          "dco": 1915,
          "txt": ","
        },
        {
          "si": 13,
          "sti": 8,
          "dti": 368,
          "sco": 44,
          "dco": 1917,
          "txt": "Colombia"
        },
        {
          "si": 13,
          "sti": 9,
          "dti": 369,
          "sco": 53,
          "dco": 1926,
          "txt": "then"
        },
        {
          "si": 13,
          "sti": 10,
          "dti": 370,
          "sco": 58,
          "dco": 1931,
          "txt": "turned"
        },
        {
          "si": 13,
          "sti": 11,
          "dti": 371,
          "sco": 65,
          "dco": 1938,
          "txt": "on"
        },
        {
          "si": 13,
          "sti": 12,
          "dti": 372,
          "sco": 68,
          "dco": 1941,
          "txt": "the"
        },
        {
          "si": 13,
          "sti": 13,
          "dti": 373,
          "sco": 72,
          "dco": 1945,
          "txt": "style"
        },
        {
          "si": 13,
          "sti": 14,
          "dti": 374,
          "sco": 78,
          "dco": 1951,
          "txt": "and"
        },
        {
          "si": 13,
          "sti": 15,
          "dti": 375,
          "sco": 82,
          "dco": 1955,
          "txt": "created"
        },
        {
          "si": 13,
          "sti": 16,
          "dti": 376,
          "sco": 90,
          "dco": 1963,
          "txt": "a"
        },
        {
          "si": 13,
          "sti": 17,
          "dti": 377,
          "sco": 92,
          "dco": 1965,
          "txt": "series"
        },
        {
          "si": 13,
          "sti": 18,
          "dti": 378,
          "sco": 99,
          "dco": 1972,
          "txt": "of"
        },
        {
          "si": 13,
          "sti": 19,
          "dti": 379,
          "sco": 102,
          "dco": 1975,
          "txt": "chances"
        },
        {
          "si": 13,
          "sti": 20,
          "dti": 380,
          "sco": 109,
          "dco": 1982,
          "txt": "."
        },
        {
          "si": 14,
          "sti": 0,
          "dti": 381,
          "sco": 0,
          "dco": 1984,
          "txt": "Restrepo"
        },
        {
          "si": 14,
          "sti": 1,
          "dti": 382,
          "sco": 9,
          "dco": 1993,
          "txt": "duly"
        },
        {
          "si": 14,
          "sti": 2,
          "dti": 383,
          "sco": 14,
          "dco": 1998,
          "txt": "made"
        },
        {
          "si": 14,
          "sti": 3,
          "dti": 384,
          "sco": 19,
          "dco": 2003,
          "txt": "it"
        },
        {
          "si": 14,
          "sti": 4,
          "dti": 385,
          "sco": 22,
          "dco": 2006,
          "txt": "4"
        },
        {
          "si": 14,
          "sti": 5,
          "dti": 386,
          "sco": 23,
          "dco": 2007,
          "txt": "-"
        },
        {
          "si": 14,
          "sti": 6,
          "dti": 387,
          "sco": 24,
          "dco": 2008,
          "txt": "0"
        },
        {
          "si": 14,
          "sti": 7,
          "dti": 388,
          "sco": 26,
          "dco": 2010,
          "txt": "on"
        },
        {
          "si": 14,
          "sti": 8,
          "dti": 389,
          "sco": 29,
          "dco": 2013,
          "txt": "75"
        },
        {
          "si": 14,
          "sti": 9,
          "dti": 390,
          "sco": 32,
          "dco": 2016,
          "txt": "minutes"
        },
        {
          "si": 14,
          "sti": 10,
          "dti": 391,
          "sco": 40,
          "dco": 2024,
          "txt": "when"
        },
        {
          "si": 14,
          "sti": 11,
          "dti": 392,
          "sco": 45,
          "dco": 2029,
          "txt": "he"
        },
        {
          "si": 14,
          "sti": 12,
          "dti": 393,
          "sco": 48,
          "dco": 2032,
          "txt": "picked"
        },
        {
          "si": 14,
          "sti": 13,
          "dti": 394,
          "sco": 55,
          "dco": 2039,
          "txt": "up"
        },
        {
          "si": 14,
          "sti": 14,
          "dti": 395,
          "sco": 58,
          "dco": 2042,
          "txt": "a"
        },
        {
          "si": 14,
          "sti": 15,
          "dti": 396,
          "sco": 60,
          "dco": 2044,
          "txt": "loose"
        },
        {
          "si": 14,
          "sti": 16,
          "dti": 397,
          "sco": 66,
          "dco": 2050,
          "txt": "ball"
        },
        {
          "si": 14,
          "sti": 17,
          "dti": 398,
          "sco": 70,
          "dco": 2054,
          "txt": ","
        },
        {
          "si": 14,
          "sti": 18,
          "dti": 399,
          "sco": 72,
          "dco": 2056,
          "txt": "flicked"
        },
        {
          "si": 14,
          "sti": 19,
          "dti": 400,
          "sco": 80,
          "dco": 2064,
          "txt": "it"
        },
        {
          "si": 14,
          "sti": 20,
          "dti": 401,
          "sco": 83,
          "dco": 2067,
          "txt": "over"
        },
        {
          "si": 14,
          "sti": 21,
          "dti": 402,
          "sco": 88,
          "dco": 2072,
          "txt": "Rebosio"
        },
        {
          "si": 14,
          "sti": 22,
          "dti": 403,
          "sco": 96,
          "dco": 2080,
          "txt": "and"
        },
        {
          "si": 14,
          "sti": 23,
          "dti": 404,
          "sco": 100,
          "dco": 2084,
          "txt": "calmly"
        },
        {
          "si": 14,
          "sti": 24,
          "dti": 405,
          "sco": 107,
          "dco": 2091,
          "txt": "beat"
        },
        {
          "si": 14,
          "sti": 25,
          "dti": 406,
          "sco": 112,
          "dco": 2096,
          "txt": "Flores"
        },
        {
          "si": 14,
          "sti": 26,
          "dti": 407,
          "sco": 119,
          "dco": 2103,
          "txt": "who"
        },
        {
          "si": 14,
          "sti": 27,
          "dti": 408,
          "sco": 123,
          "dco": 2107,
          "txt": "was"
        },
        {
          "si": 14,
          "sti": 28,
          "dti": 409,
          "sco": 127,
          "dco": 2111,
          "txt": "left"
        },
        {
          "si": 14,
          "sti": 29,
          "dti": 410,
          "sco": 132,
          "dco": 2116,
          "txt": "stranded"
        },
        {
          "si": 14,
          "sti": 30,
          "dti": 411,
          "sco": 140,
          "dco": 2124,
          "txt": "."
        },
        {
          "si": 15,
          "sti": 0,
          "dti": 412,
          "sco": 0,
          "dco": 2126,
          "txt": "Substitute"
        },
        {
          "si": 15,
          "sti": 1,
          "dti": 413,
          "sco": 11,
          "dco": 2137,
          "txt": "Perea"
        },
        {
          "si": 15,
          "sti": 2,
          "dti": 414,
          "sco": 17,
          "dco": 2143,
          "txt": "completed"
        },
        {
          "si": 15,
          "sti": 3,
          "dti": 415,
          "sco": 27,
          "dco": 2153,
          "txt": "a"
        },
        {
          "si": 15,
          "sti": 4,
          "dti": 416,
          "sco": 29,
          "dco": 2155,
          "txt": "miserable"
        },
        {
          "si": 15,
          "sti": 5,
          "dti": 417,
          "sco": 39,
          "dco": 2165,
          "txt": "night"
        },
        {
          "si": 15,
          "sti": 6,
          "dti": 418,
          "sco": 45,
          "dco": 2171,
          "txt": "for"
        },
        {
          "si": 15,
          "sti": 7,
          "dti": 419,
          "sco": 49,
          "dco": 2175,
          "txt": "the"
        },
        {
          "si": 15,
          "sti": 8,
          "dti": 420,
          "sco": 53,
          "dco": 2179,
          "txt": "Peruvians"
        },
        {
          "si": 15,
          "sti": 9,
          "dti": 421,
          "sco": 63,
          "dco": 2189,
          "txt": "when"
        },
        {
          "si": 15,
          "sti": 10,
          "dti": 422,
          "sco": 68,
          "dco": 2194,
          "txt": "he"
        },
        {
          "si": 15,
          "sti": 11,
          "dti": 423,
          "sco": 71,
          "dco": 2197,
          "txt": "headed"
        },
        {
          "si": 15,
          "sti": 12,
          "dti": 424,
          "sco": 78,
          "dco": 2204,
          "txt": "home"
        },
        {
          "si": 15,
          "sti": 13,
          "dti": 425,
          "sco": 83,
          "dco": 2209,
          "txt": "from"
        },
        {
          "si": 15,
          "sti": 14,
          "dti": 426,
          "sco": 88,
          "dco": 2214,
          "txt": "a"
        },
        {
          "si": 15,
          "sti": 15,
          "dti": 427,
          "sco": 90,
          "dco": 2216,
          "txt": "pinpoint"
        },
        {
          "si": 15,
          "sti": 16,
          "dti": 428,
          "sco": 99,
          "dco": 2225,
          "txt": "cross"
        },
        {
          "si": 15,
          "sti": 17,
          "dti": 429,
          "sco": 105,
          "dco": 2231,
          "txt": "12"
        },
        {
          "si": 15,
          "sti": 18,
          "dti": 430,
          "sco": 108,
          "dco": 2234,
          "txt": "minutes"
        },
        {
          "si": 15,
          "sti": 19,
          "dti": 431,
          "sco": 116,
          "dco": 2242,
          "txt": "from"
        },
        {
          "si": 15,
          "sti": 20,
          "dti": 432,
          "sco": 121,
          "dco": 2247,
          "txt": "time"
        },
        {
          "si": 15,
          "sti": 21,
          "dti": 433,
          "sco": 126,
          "dco": 2252,
          "txt": "to"
        },
        {
          "si": 15,
          "sti": 22,
          "dti": 434,
          "sco": 129,
          "dco": 2255,
          "txt": "make"
        },
        {
          "si": 15,
          "sti": 23,
          "dti": 435,
          "sco": 134,
          "dco": 2260,
          "txt": "it"
        },
        {
          "si": 15,
          "sti": 24,
          "dti": 436,
          "sco": 137,
          "dco": 2263,
          "txt": "5"
        },
        {
          "si": 15,
          "sti": 25,
          "dti": 437,
          "sco": 138,
          "dco": 2264,
          "txt": "-"
        },
        {
          "si": 15,
          "sti": 26,
          "dti": 438,
          "sco": 139,
          "dco": 2265,
          "txt": "0"
        },
        {
          "si": 15,
          "sti": 27,
          "dti": 439,
          "sco": 140,
          "dco": 2266,
          "txt": "."
        }
      ]
    },
    "ganns": {
      "dla": [],
      "la": [],
      "ea": [],
      "eta": [
        {
          "ra": {
            "ea": {
              "etn": "Goal"
            }
          },
          "sfs": [
            [
              {
                "stn": "scoreTeamB"
              },
              {
                "ea": {
                  "etn": "0"
                }
              }
            ],
            [
              {
                "stn": "forTeam"
              },
              {
                "ea": {
                  "etn": "Colombia"
                }
              }
            ],
            [
              {
                "stn": "scoreTeamA"
              },
              {
                "ea": {
                  "etn": "1"
                }
              }
            ],
            [
              {
                "stn": "minute"
              },
              {
                "ea": {
                  "etn": "29"
                }
              }
            ],
            [
              {
                "stn": "scorer"
              },
              {
                "ea": {
                  "etn": "Rey Luis"
                }
              }
            ]
          ],
          "mfs": {}
        },
        {
          "ra": {
            "ea": {
              "etn": "Goal"
            }
          },
          "sfs": [
            [
              {
                "stn": "scoreTeamB"
              },
              {
                "ea": {
                  "etn": "0"
                }
              }
            ],
            [
              {
                "stn": "forTeam"
              },
              {
                "ea": {
                  "etn": "Colombia"
                }
              }
            ],
            [
              {
                "stn": "scoreTeamA"
              },
              {
                "ea": {
                  "etn": "2"
                }
              }
            ],
            [
              {
                "stn": "minute"
              },
              {
                "ea": {
                  "etn": "55"
                }
              }
            ],
            [
              {
                "stn": "scorer"
              },
              {
                "ea": {
                  "etn": "Soto Elkin"
                }
              }
            ]
          ],
          "mfs": {}
        },
        {
          "ra": {
            "ea": {
              "etn": "Goal"
            }
          },
          "sfs": [
            [
              {
                "stn": "scoreTeamB"
              },
              {
                "ea": {
                  "etn": "0"
                }
              }
            ],
            [
              {
                "stn": "forTeam"
              },
              {
                "ea": {
                  "etn": "Colombia"
                }
              }
            ],
            [
              {
                "stn": "scoreTeamA"
              },
              {
                "ea": {
                  "etn": "3"
                }
              }
            ],
            [
              {
                "stn": "minute"
              },
              {
                "ea": {
                  "etn": "58"
                }
              }
            ],
            [
              {
                "stn": "scorer"
              },
              {
                "ea": {
                  "etn": "Angel Juan Pablo"
                }
              }
            ]
          ],
          "mfs": {}
        },
        {
          "ra": {
            "ea": {
              "etn": "Goal"
            }
          },
          "sfs": [
            [
              {
                "stn": "scoreTeamB"
              },
              {
                "ea": {
                  "etn": "0"
                }
              }
            ],
            [
              {
                "stn": "forTeam"
              },
              {
                "ea": {
                  "etn": "Colombia"
                }
              }
            ],
            [
              {
                "stn": "scoreTeamA"
              },
              {
                "ea": {
                  "etn": "4"
                }
              }
            ],
            [
              {
                "stn": "minute"
              },
              {
                "ea": {
                  "etn": "75"
                }
              }
            ],
            [
              {
                "stn": "scorer"
              },
              {
                "ea": {
                  "etn": "Restrepo John"
                }
              }
            ]
          ],
          "mfs": {}
        },
        {
          "ra": {
            "ea": {
              "etn": "Goal"
            }
          },
          "sfs": [
            [
              {
                "stn": "scoreTeamB"
              },
              {
                "ea": {
                  "etn": "0"
                }
              }
            ],
            [
              {
                "stn": "forTeam"
              },
              {
                "ea": {
                  "etn": "Colombia"
                }
              }
            ],
            [
              {
                "stn": "scoreTeamA"
              },
              {
                "ea": {
                  "etn": "5"
                }
              }
            ],
            [
              {
                "stn": "minute"
              },
              {
                "ea": {
                  "etn": "78"
                }
              }
            ],
            [
              {
                "stn": "scorer"
              },
              {
                "ea": {
                  "etn": "Perea Edixon"
                }
              }
            ]
          ],
          "mfs": {}
        }
      ]
    }
  }
]
