[
  {
    "context": "UNSPECIFIED",
    "doc": {
      "id": "en_mr39386_struct",
      "tl": [
        {
          "si": 0,
          "sti": 0,
          "dti": 0,
          "sco": 0,
          "dco": 0,
          "txt": "Soca"
        },
        {
          "si": 0,
          "sti": 1,
          "dti": 1,
          "sco": 5,
          "dco": 5,
          "txt": "Warriors"
        },
        {
          "si": 0,
          "sti": 2,
          "dti": 2,
          "sco": 14,
          "dco": 14,
          "txt": "take"
        },
        {
          "si": 0,
          "sti": 3,
          "dti": 3,
          "sco": 19,
          "dco": 19,
          "txt": "huge"
        },
        {
          "si": 0,
          "sti": 4,
          "dti": 4,
          "sco": 24,
          "dco": 24,
          "txt": "step"
        },
        {
          "si": 0,
          "sti": 5,
          "dti": 5,
          "sco": 29,
          "dco": 29,
          "txt": "towards"
        },
        {
          "si": 0,
          "sti": 6,
          "dti": 6,
          "sco": 37,
          "dco": 37,
          "txt": "Germany"
        },
        {
          "si": 0,
          "sti": 7,
          "dti": 7,
          "sco": 44,
          "dco": 44,
          "txt": "."
        },
        {
          "si": 1,
          "sti": 0,
          "dti": 8,
          "sco": 0,
          "dco": 46,
          "txt": "This"
        },
        {
          "si": 1,
          "sti": 1,
          "dti": 9,
          "sco": 5,
          "dco": 51,
          "txt": "was"
        },
        {
          "si": 1,
          "sti": 2,
          "dti": 10,
          "sco": 9,
          "dco": 55,
          "txt": "no"
        },
        {
          "si": 1,
          "sti": 3,
          "dti": 11,
          "sco": 12,
          "dco": 58,
          "txt": "formality"
        },
        {
          "si": 1,
          "sti": 4,
          "dti": 12,
          "sco": 22,
          "dco": 68,
          "txt": "for"
        },
        {
          "si": 1,
          "sti": 5,
          "dti": 13,
          "sco": 26,
          "dco": 72,
          "txt": "the"
        },
        {
          "si": 1,
          "sti": 6,
          "dti": 14,
          "sco": 30,
          "dco": 76,
          "txt": "Caribbean"
        },
        {
          "si": 1,
          "sti": 7,
          "dti": 15,
          "sco": 40,
          "dco": 86,
          "txt": "side"
        },
        {
          "si": 1,
          "sti": 8,
          "dti": 16,
          "sco": 44,
          "dco": 90,
          "txt": ","
        },
        {
          "si": 1,
          "sti": 9,
          "dti": 17,
          "sco": 46,
          "dco": 92,
          "txt": "however"
        },
        {
          "si": 1,
          "sti": 10,
          "dti": 18,
          "sco": 53,
          "dco": 99,
          "txt": ","
        },
        {
          "si": 1,
          "sti": 11,
          "dti": 19,
          "sco": 55,
          "dco": 101,
          "txt": "and"
        },
        {
          "si": 1,
          "sti": 12,
          "dti": 20,
          "sco": 59,
          "dco": 105,
          "txt": "although"
        },
        {
          "si": 1,
          "sti": 13,
          "dti": 21,
          "sco": 68,
          "dco": 114,
          "txt": "they"
        },
        {
          "si": 1,
          "sti": 14,
          "dti": 22,
          "sco": 73,
          "dco": 119,
          "txt": "dominated"
        },
        {
          "si": 1,
          "sti": 15,
          "dti": 23,
          "sco": 83,
          "dco": 129,
          "txt": "proceedings"
        },
        {
          "si": 1,
          "sti": 16,
          "dti": 24,
          "sco": 94,
          "dco": 140,
          "txt": ","
        },
        {
          "si": 1,
          "sti": 17,
          "dti": 25,
          "sco": 96,
          "dco": 142,
          "txt": "Leo"
        },
        {
          "si": 1,
          "sti": 18,
          "dti": 26,
          "sco": 100,
          "dco": 146,
          "txt": "Beenhakker"
        },
        {
          "si": 1,
          "sti": 19,
          "dti": 27,
          "sco": 110,
          "dco": 156,
          "txt": "'"
        },
        {
          "si": 1,
          "sti": 20,
          "dti": 28,
          "sco": 111,
          "dco": 157,
          "txt": "s"
        },
        {
          "si": 1,
          "sti": 21,
          "dti": 29,
          "sco": 113,
          "dco": 159,
          "txt": "side"
        },
        {
          "si": 1,
          "sti": 22,
          "dti": 30,
          "sco": 118,
          "dco": 164,
          "txt": "did"
        },
        {
          "si": 1,
          "sti": 23,
          "dti": 31,
          "sco": 122,
          "dco": 168,
          "txt": "things"
        },
        {
          "si": 1,
          "sti": 24,
          "dti": 32,
          "sco": 129,
          "dco": 175,
          "txt": "the"
        },
        {
          "si": 1,
          "sti": 25,
          "dti": 33,
          "sco": 133,
          "dco": 179,
          "txt": "hard"
        },
        {
          "si": 1,
          "sti": 26,
          "dti": 34,
          "sco": 138,
          "dco": 184,
          "txt": "way"
        },
        {
          "si": 1,
          "sti": 27,
          "dti": 35,
          "sco": 142,
          "dco": 188,
          "txt": "on"
        },
        {
          "si": 1,
          "sti": 28,
          "dti": 36,
          "sco": 145,
          "dco": 191,
          "txt": "a"
        },
        {
          "si": 1,
          "sti": 29,
          "dti": 37,
          "sco": 147,
          "dco": 193,
          "txt": "night"
        },
        {
          "si": 1,
          "sti": 30,
          "dti": 38,
          "sco": 153,
          "dco": 199,
          "txt": "of"
        },
        {
          "si": 1,
          "sti": 31,
          "dti": 39,
          "sco": 156,
          "dco": 202,
          "txt": "high"
        },
        {
          "si": 1,
          "sti": 32,
          "dti": 40,
          "sco": 161,
          "dco": 207,
          "txt": "tension"
        },
        {
          "si": 1,
          "sti": 33,
          "dti": 41,
          "sco": 169,
          "dco": 215,
          "txt": "in"
        },
        {
          "si": 1,
          "sti": 34,
          "dti": 42,
          "sco": 172,
          "dco": 218,
          "txt": "Port"
        },
        {
          "si": 1,
          "sti": 35,
          "dti": 43,
          "sco": 177,
          "dco": 223,
          "txt": "of"
        },
        {
          "si": 1,
          "sti": 36,
          "dti": 44,
          "sco": 180,
          "dco": 226,
          "txt": "Spain"
        },
        {
          "si": 1,
          "sti": 37,
          "dti": 45,
          "sco": 185,
          "dco": 231,
          "txt": "."
        },
        {
          "si": 2,
          "sti": 0,
          "dti": 46,
          "sco": 0,
          "dco": 233,
          "txt": "After"
        },
        {
          "si": 2,
          "sti": 1,
          "dti": 47,
          "sco": 6,
          "dco": 239,
          "txt": "a"
        },
        {
          "si": 2,
          "sti": 2,
          "dti": 48,
          "sco": 8,
          "dco": 241,
          "txt": "patient"
        },
        {
          "si": 2,
          "sti": 3,
          "dti": 49,
          "sco": 15,
          "dco": 248,
          "txt": ","
        },
        {
          "si": 2,
          "sti": 4,
          "dti": 50,
          "sco": 17,
          "dco": 250,
          "txt": "probing"
        },
        {
          "si": 2,
          "sti": 5,
          "dti": 51,
          "sco": 25,
          "dco": 258,
          "txt": "start"
        },
        {
          "si": 2,
          "sti": 6,
          "dti": 52,
          "sco": 30,
          "dco": 263,
          "txt": ","
        },
        {
          "si": 2,
          "sti": 7,
          "dti": 53,
          "sco": 32,
          "dco": 265,
          "txt": "TundT"
        },
        {
          "si": 2,
          "sti": 8,
          "dti": 54,
          "sco": 38,
          "dco": 271,
          "txt": "launched"
        },
        {
          "si": 2,
          "sti": 9,
          "dti": 55,
          "sco": 47,
          "dco": 280,
          "txt": "a"
        },
        {
          "si": 2,
          "sti": 10,
          "dti": 56,
          "sco": 49,
          "dco": 282,
          "txt": "full"
        },
        {
          "si": 2,
          "sti": 11,
          "dti": 57,
          "sco": 53,
          "dco": 286,
          "txt": "-"
        },
        {
          "si": 2,
          "sti": 12,
          "dti": 58,
          "sco": 54,
          "dco": 287,
          "txt": "frontal"
        },
        {
          "si": 2,
          "sti": 13,
          "dti": 59,
          "sco": 62,
          "dco": 295,
          "txt": "assault"
        },
        {
          "si": 2,
          "sti": 14,
          "dti": 60,
          "sco": 70,
          "dco": 303,
          "txt": "on"
        },
        {
          "si": 2,
          "sti": 15,
          "dti": 61,
          "sco": 73,
          "dco": 306,
          "txt": "Jesus"
        },
        {
          "si": 2,
          "sti": 16,
          "dti": 62,
          "sco": 79,
          "dco": 312,
          "txt": "Corona"
        },
        {
          "si": 2,
          "sti": 17,
          "dti": 63,
          "sco": 85,
          "dco": 318,
          "txt": "'"
        },
        {
          "si": 2,
          "sti": 18,
          "dti": 64,
          "sco": 86,
          "dco": 319,
          "txt": "s"
        },
        {
          "si": 2,
          "sti": 19,
          "dti": 65,
          "sco": 88,
          "dco": 321,
          "txt": "goal"
        },
        {
          "si": 2,
          "sti": 20,
          "dti": 66,
          "sco": 92,
          "dco": 325,
          "txt": "."
        },
        {
          "si": 3,
          "sti": 0,
          "dti": 67,
          "sco": 0,
          "dco": 327,
          "txt": "Dwight"
        },
        {
          "si": 3,
          "sti": 1,
          "dti": 68,
          "sco": 7,
          "dco": 334,
          "txt": "Yorke"
        },
        {
          "si": 3,
          "sti": 2,
          "dti": 69,
          "sco": 13,
          "dco": 340,
          "txt": "and"
        },
        {
          "si": 3,
          "sti": 3,
          "dti": 70,
          "sco": 17,
          "dco": 344,
          "txt": "Stern"
        },
        {
          "si": 3,
          "sti": 4,
          "dti": 71,
          "sco": 23,
          "dco": 350,
          "txt": "John"
        },
        {
          "si": 3,
          "sti": 5,
          "dti": 72,
          "sco": 28,
          "dco": 355,
          "txt": "powered"
        },
        {
          "si": 3,
          "sti": 6,
          "dti": 73,
          "sco": 36,
          "dco": 363,
          "txt": "in"
        },
        {
          "si": 3,
          "sti": 7,
          "dti": 74,
          "sco": 39,
          "dco": 366,
          "txt": "two"
        },
        {
          "si": 3,
          "sti": 8,
          "dti": 75,
          "sco": 43,
          "dco": 370,
          "txt": "fizzing"
        },
        {
          "si": 3,
          "sti": 9,
          "dti": 76,
          "sco": 51,
          "dco": 378,
          "txt": "drives"
        },
        {
          "si": 3,
          "sti": 10,
          "dti": 77,
          "sco": 58,
          "dco": 385,
          "txt": "from"
        },
        {
          "si": 3,
          "sti": 11,
          "dti": 78,
          "sco": 63,
          "dco": 390,
          "txt": "distance"
        },
        {
          "si": 3,
          "sti": 12,
          "dti": 79,
          "sco": 72,
          "dco": 399,
          "txt": "to"
        },
        {
          "si": 3,
          "sti": 13,
          "dti": 80,
          "sco": 75,
          "dco": 402,
          "txt": "set"
        },
        {
          "si": 3,
          "sti": 14,
          "dti": 81,
          "sco": 79,
          "dco": 406,
          "txt": "the"
        },
        {
          "si": 3,
          "sti": 15,
          "dti": 82,
          "sco": 83,
          "dco": 410,
          "txt": "rhythm"
        },
        {
          "si": 3,
          "sti": 16,
          "dti": 83,
          "sco": 90,
          "dco": 417,
          "txt": "as"
        },
        {
          "si": 3,
          "sti": 17,
          "dti": 84,
          "sco": 93,
          "dco": 420,
          "txt": "the"
        },
        {
          "si": 3,
          "sti": 18,
          "dti": 85,
          "sco": 97,
          "dco": 424,
          "txt": "hosts"
        },
        {
          "si": 3,
          "sti": 19,
          "dti": 86,
          "sco": 103,
          "dco": 430,
          "txt": "pushed"
        },
        {
          "si": 3,
          "sti": 20,
          "dti": 87,
          "sco": 110,
          "dco": 437,
          "txt": "forward"
        },
        {
          "si": 3,
          "sti": 21,
          "dti": 88,
          "sco": 118,
          "dco": 445,
          "txt": "in"
        },
        {
          "si": 3,
          "sti": 22,
          "dti": 89,
          "sco": 121,
          "dco": 448,
          "txt": "search"
        },
        {
          "si": 3,
          "sti": 23,
          "dti": 90,
          "sco": 128,
          "dco": 455,
          "txt": "of"
        },
        {
          "si": 3,
          "sti": 24,
          "dti": 91,
          "sco": 131,
          "dco": 458,
          "txt": "a"
        },
        {
          "si": 3,
          "sti": 25,
          "dti": 92,
          "sco": 133,
          "dco": 460,
          "txt": "historic"
        },
        {
          "si": 3,
          "sti": 26,
          "dti": 93,
          "sco": 142,
          "dco": 469,
          "txt": "victory"
        },
        {
          "si": 3,
          "sti": 27,
          "dti": 94,
          "sco": 149,
          "dco": 476,
          "txt": "."
        },
        {
          "si": 4,
          "sti": 0,
          "dti": 95,
          "sco": 0,
          "dco": 478,
          "txt": "The"
        },
        {
          "si": 4,
          "sti": 1,
          "dti": 96,
          "sco": 4,
          "dco": 482,
          "txt": "pressure"
        },
        {
          "si": 4,
          "sti": 2,
          "dti": 97,
          "sco": 13,
          "dco": 491,
          "txt": "looked"
        },
        {
          "si": 4,
          "sti": 3,
          "dti": 98,
          "sco": 20,
          "dco": 498,
          "txt": "to"
        },
        {
          "si": 4,
          "sti": 4,
          "dti": 99,
          "sco": 23,
          "dco": 501,
          "txt": "be"
        },
        {
          "si": 4,
          "sti": 5,
          "dti": 100,
          "sco": 26,
          "dco": 504,
          "txt": "paying"
        },
        {
          "si": 4,
          "sti": 6,
          "dti": 101,
          "sco": 33,
          "dco": 511,
          "txt": "dividends"
        },
        {
          "si": 4,
          "sti": 7,
          "dti": 102,
          "sco": 43,
          "dco": 521,
          "txt": "when"
        },
        {
          "si": 4,
          "sti": 8,
          "dti": 103,
          "sco": 47,
          "dco": 525,
          "txt": ","
        },
        {
          "si": 4,
          "sti": 9,
          "dti": 104,
          "sco": 49,
          "dco": 527,
          "txt": "on"
        },
        {
          "si": 4,
          "sti": 10,
          "dti": 105,
          "sco": 52,
          "dco": 530,
          "txt": "the"
        },
        {
          "si": 4,
          "sti": 11,
          "dti": 106,
          "sco": 56,
          "dco": 534,
          "txt": "half"
        },
        {
          "si": 4,
          "sti": 12,
          "dti": 107,
          "sco": 60,
          "dco": 538,
          "txt": "-"
        },
        {
          "si": 4,
          "sti": 13,
          "dti": 108,
          "sco": 61,
          "dco": 539,
          "txt": "hour"
        },
        {
          "si": 4,
          "sti": 14,
          "dti": 109,
          "sco": 66,
          "dco": 544,
          "txt": "mark"
        },
        {
          "si": 4,
          "sti": 15,
          "dti": 110,
          "sco": 70,
          "dco": 548,
          "txt": ","
        },
        {
          "si": 4,
          "sti": 16,
          "dti": 111,
          "sco": 72,
          "dco": 550,
          "txt": "young"
        },
        {
          "si": 4,
          "sti": 17,
          "dti": 112,
          "sco": 78,
          "dco": 556,
          "txt": "Mexico"
        },
        {
          "si": 4,
          "sti": 18,
          "dti": 113,
          "sco": 85,
          "dco": 563,
          "txt": "defender"
        },
        {
          "si": 4,
          "sti": 19,
          "dti": 114,
          "sco": 94,
          "dco": 572,
          "txt": "Joel"
        },
        {
          "si": 4,
          "sti": 20,
          "dti": 115,
          "sco": 99,
          "dco": 577,
          "txt": "Huiqui"
        },
        {
          "si": 4,
          "sti": 21,
          "dti": 116,
          "sco": 106,
          "dco": 584,
          "txt": "pulled"
        },
        {
          "si": 4,
          "sti": 22,
          "dti": 117,
          "sco": 113,
          "dco": 591,
          "txt": "Yorke"
        },
        {
          "si": 4,
          "sti": 23,
          "dti": 118,
          "sco": 119,
          "dco": 597,
          "txt": "back"
        },
        {
          "si": 4,
          "sti": 24,
          "dti": 119,
          "sco": 124,
          "dco": 602,
          "txt": "on"
        },
        {
          "si": 4,
          "sti": 25,
          "dti": 120,
          "sco": 127,
          "dco": 605,
          "txt": "the"
        },
        {
          "si": 4,
          "sti": 26,
          "dti": 121,
          "sco": 131,
          "dco": 609,
          "txt": "six"
        },
        {
          "si": 4,
          "sti": 27,
          "dti": 122,
          "sco": 134,
          "dco": 612,
          "txt": "-"
        },
        {
          "si": 4,
          "sti": 28,
          "dti": 123,
          "sco": 135,
          "dco": 613,
          "txt": "yard"
        },
        {
          "si": 4,
          "sti": 29,
          "dti": 124,
          "sco": 140,
          "dco": 618,
          "txt": "line"
        },
        {
          "si": 4,
          "sti": 30,
          "dti": 125,
          "sco": 145,
          "dco": 623,
          "txt": "and"
        },
        {
          "si": 4,
          "sti": 31,
          "dti": 126,
          "sco": 149,
          "dco": 627,
          "txt": "the"
        },
        {
          "si": 4,
          "sti": 32,
          "dti": 127,
          "sco": 153,
          "dco": 631,
          "txt": "referee"
        },
        {
          "si": 4,
          "sti": 33,
          "dti": 128,
          "sco": 161,
          "dco": 639,
          "txt": "pointed"
        },
        {
          "si": 4,
          "sti": 34,
          "dti": 129,
          "sco": 169,
          "dco": 647,
          "txt": "to"
        },
        {
          "si": 4,
          "sti": 35,
          "dti": 130,
          "sco": 172,
          "dco": 650,
          "txt": "the"
        },
        {
          "si": 4,
          "sti": 36,
          "dti": 131,
          "sco": 176,
          "dco": 654,
          "txt": "spot"
        },
        {
          "si": 4,
          "sti": 37,
          "dti": 132,
          "sco": 180,
          "dco": 658,
          "txt": "."
        },
        {
          "si": 5,
          "sti": 0,
          "dti": 133,
          "sco": 0,
          "dco": 660,
          "txt": "John"
        },
        {
          "si": 5,
          "sti": 1,
          "dti": 134,
          "sco": 5,
          "dco": 665,
          "txt": "strode"
        },
        {
          "si": 5,
          "sti": 2,
          "dti": 135,
          "sco": 12,
          "dco": 672,
          "txt": "up"
        },
        {
          "si": 5,
          "sti": 3,
          "dti": 136,
          "sco": 15,
          "dco": 675,
          "txt": "to"
        },
        {
          "si": 5,
          "sti": 4,
          "dti": 137,
          "sco": 18,
          "dco": 678,
          "txt": "take"
        },
        {
          "si": 5,
          "sti": 5,
          "dti": 138,
          "sco": 23,
          "dco": 683,
          "txt": "the"
        },
        {
          "si": 5,
          "sti": 6,
          "dti": 139,
          "sco": 27,
          "dco": 687,
          "txt": "kick"
        },
        {
          "si": 5,
          "sti": 7,
          "dti": 140,
          "sco": 31,
          "dco": 691,
          "txt": ","
        },
        {
          "si": 5,
          "sti": 8,
          "dti": 141,
          "sco": 33,
          "dco": 693,
          "txt": "but"
        },
        {
          "si": 5,
          "sti": 9,
          "dti": 142,
          "sco": 37,
          "dco": 697,
          "txt": "his"
        },
        {
          "si": 5,
          "sti": 10,
          "dti": 143,
          "sco": 41,
          "dco": 701,
          "txt": "tame"
        },
        {
          "si": 5,
          "sti": 11,
          "dti": 144,
          "sco": 45,
          "dco": 705,
          "txt": ","
        },
        {
          "si": 5,
          "sti": 12,
          "dti": 145,
          "sco": 47,
          "dco": 707,
          "txt": "telegraphed"
        },
        {
          "si": 5,
          "sti": 13,
          "dti": 146,
          "sco": 59,
          "dco": 719,
          "txt": "effort"
        },
        {
          "si": 5,
          "sti": 14,
          "dti": 147,
          "sco": 66,
          "dco": 726,
          "txt": "was"
        },
        {
          "si": 5,
          "sti": 15,
          "dti": 148,
          "sco": 70,
          "dco": 730,
          "txt": "easily"
        },
        {
          "si": 5,
          "sti": 16,
          "dti": 149,
          "sco": 77,
          "dco": 737,
          "txt": "held"
        },
        {
          "si": 5,
          "sti": 17,
          "dti": 150,
          "sco": 82,
          "dco": 742,
          "txt": "by"
        },
        {
          "si": 5,
          "sti": 18,
          "dti": 151,
          "sco": 85,
          "dco": 745,
          "txt": "Corona"
        },
        {
          "si": 5,
          "sti": 19,
          "dti": 152,
          "sco": 91,
          "dco": 751,
          "txt": "."
        },
        {
          "si": 6,
          "sti": 0,
          "dti": 153,
          "sco": 0,
          "dco": 753,
          "txt": "Things"
        },
        {
          "si": 6,
          "sti": 1,
          "dti": 154,
          "sco": 7,
          "dco": 760,
          "txt": "went"
        },
        {
          "si": 6,
          "sti": 2,
          "dti": 155,
          "sco": 12,
          "dco": 765,
          "txt": "from"
        },
        {
          "si": 6,
          "sti": 3,
          "dti": 156,
          "sco": 17,
          "dco": 770,
          "txt": "bad"
        },
        {
          "si": 6,
          "sti": 4,
          "dti": 157,
          "sco": 21,
          "dco": 774,
          "txt": "to"
        },
        {
          "si": 6,
          "sti": 5,
          "dti": 158,
          "sco": 24,
          "dco": 777,
          "txt": "worse"
        },
        {
          "si": 6,
          "sti": 6,
          "dti": 159,
          "sco": 30,
          "dco": 783,
          "txt": "for"
        },
        {
          "si": 6,
          "sti": 7,
          "dti": 160,
          "sco": 34,
          "dco": 787,
          "txt": "the"
        },
        {
          "si": 6,
          "sti": 8,
          "dti": 161,
          "sco": 38,
          "dco": 791,
          "txt": "home"
        },
        {
          "si": 6,
          "sti": 9,
          "dti": 162,
          "sco": 43,
          "dco": 796,
          "txt": "side"
        },
        {
          "si": 6,
          "sti": 10,
          "dti": 163,
          "sco": 48,
          "dco": 801,
          "txt": "when"
        },
        {
          "si": 6,
          "sti": 11,
          "dti": 164,
          "sco": 53,
          "dco": 806,
          "txt": "Mexico"
        },
        {
          "si": 6,
          "sti": 12,
          "dti": 165,
          "sco": 60,
          "dco": 813,
          "txt": "converted"
        },
        {
          "si": 6,
          "sti": 13,
          "dti": 166,
          "sco": 70,
          "dco": 823,
          "txt": "their"
        },
        {
          "si": 6,
          "sti": 14,
          "dti": 167,
          "sco": 76,
          "dco": 829,
          "txt": "only"
        },
        {
          "si": 6,
          "sti": 15,
          "dti": 168,
          "sco": 81,
          "dco": 834,
          "txt": "chance"
        },
        {
          "si": 6,
          "sti": 16,
          "dti": 169,
          "sco": 88,
          "dco": 841,
          "txt": "of"
        },
        {
          "si": 6,
          "sti": 17,
          "dti": 170,
          "sco": 91,
          "dco": 844,
          "txt": "the"
        },
        {
          "si": 6,
          "sti": 18,
          "dti": 171,
          "sco": 95,
          "dco": 848,
          "txt": "half"
        },
        {
          "si": 6,
          "sti": 19,
          "dti": 172,
          "sco": 100,
          "dco": 853,
          "txt": "seven"
        },
        {
          "si": 6,
          "sti": 20,
          "dti": 173,
          "sco": 106,
          "dco": 859,
          "txt": "minutes"
        },
        {
          "si": 6,
          "sti": 21,
          "dti": 174,
          "sco": 114,
          "dco": 867,
          "txt": "later"
        },
        {
          "si": 6,
          "sti": 22,
          "dti": 175,
          "sco": 119,
          "dco": 872,
          "txt": "."
        },
        {
          "si": 7,
          "sti": 0,
          "dti": 176,
          "sco": 0,
          "dco": 874,
          "txt": "Francisco"
        },
        {
          "si": 7,
          "sti": 1,
          "dti": 177,
          "sco": 10,
          "dco": 884,
          "txt": "Fonseca"
        },
        {
          "si": 7,
          "sti": 2,
          "dti": 178,
          "sco": 18,
          "dco": 892,
          "txt": "and"
        },
        {
          "si": 7,
          "sti": 3,
          "dti": 179,
          "sco": 22,
          "dco": 896,
          "txt": "Luis"
        },
        {
          "si": 7,
          "sti": 4,
          "dti": 180,
          "sco": 27,
          "dco": 901,
          "txt": "Perez"
        },
        {
          "si": 7,
          "sti": 5,
          "dti": 181,
          "sco": 33,
          "dco": 907,
          "txt": "combined"
        },
        {
          "si": 7,
          "sti": 6,
          "dti": 182,
          "sco": 42,
          "dco": 916,
          "txt": "well"
        },
        {
          "si": 7,
          "sti": 7,
          "dti": 183,
          "sco": 47,
          "dco": 921,
          "txt": "to"
        },
        {
          "si": 7,
          "sti": 8,
          "dti": 184,
          "sco": 50,
          "dco": 924,
          "txt": "set"
        },
        {
          "si": 7,
          "sti": 9,
          "dti": 185,
          "sco": 54,
          "dco": 928,
          "txt": "up"
        },
        {
          "si": 7,
          "sti": 10,
          "dti": 186,
          "sco": 57,
          "dco": 931,
          "txt": "Jaime"
        },
        {
          "si": 7,
          "sti": 11,
          "dti": 187,
          "sco": 63,
          "dco": 937,
          "txt": "Lozano"
        },
        {
          "si": 7,
          "sti": 12,
          "dti": 188,
          "sco": 69,
          "dco": 943,
          "txt": ","
        },
        {
          "si": 7,
          "sti": 13,
          "dti": 189,
          "sco": 71,
          "dco": 945,
          "txt": "who"
        },
        {
          "si": 7,
          "sti": 14,
          "dti": 190,
          "sco": 75,
          "dco": 949,
          "txt": "deftly"
        },
        {
          "si": 7,
          "sti": 15,
          "dti": 191,
          "sco": 82,
          "dco": 956,
          "txt": "lifted"
        },
        {
          "si": 7,
          "sti": 16,
          "dti": 192,
          "sco": 89,
          "dco": 963,
          "txt": "the"
        },
        {
          "si": 7,
          "sti": 17,
          "dti": 193,
          "sco": 93,
          "dco": 967,
          "txt": "ball"
        },
        {
          "si": 7,
          "sti": 18,
          "dti": 194,
          "sco": 98,
          "dco": 972,
          "txt": "over"
        },
        {
          "si": 7,
          "sti": 19,
          "dti": 195,
          "sco": 103,
          "dco": 977,
          "txt": "Kelvin"
        },
        {
          "si": 7,
          "sti": 20,
          "dti": 196,
          "sco": 110,
          "dco": 984,
          "txt": "Jack"
        },
        {
          "si": 7,
          "sti": 21,
          "dti": 197,
          "sco": 115,
          "dco": 989,
          "txt": "and"
        },
        {
          "si": 7,
          "sti": 22,
          "dti": 198,
          "sco": 119,
          "dco": 993,
          "txt": "into"
        },
        {
          "si": 7,
          "sti": 23,
          "dti": 199,
          "sco": 124,
          "dco": 998,
          "txt": "the"
        },
        {
          "si": 7,
          "sti": 24,
          "dti": 200,
          "sco": 128,
          "dco": 1002,
          "txt": "corner"
        },
        {
          "si": 7,
          "sti": 25,
          "dti": 201,
          "sco": 135,
          "dco": 1009,
          "txt": "of"
        },
        {
          "si": 7,
          "sti": 26,
          "dti": 202,
          "sco": 138,
          "dco": 1012,
          "txt": "the"
        },
        {
          "si": 7,
          "sti": 27,
          "dti": 203,
          "sco": 142,
          "dco": 1016,
          "txt": "net"
        },
        {
          "si": 7,
          "sti": 28,
          "dti": 204,
          "sco": 146,
          "dco": 1020,
          "txt": "from"
        },
        {
          "si": 7,
          "sti": 29,
          "dti": 205,
          "sco": 151,
          "dco": 1025,
          "txt": "a"
        },
        {
          "si": 7,
          "sti": 30,
          "dti": 206,
          "sco": 153,
          "dco": 1027,
          "txt": "tight"
        },
        {
          "si": 7,
          "sti": 31,
          "dti": 207,
          "sco": 159,
          "dco": 1033,
          "txt": "angle"
        },
        {
          "si": 7,
          "sti": 32,
          "dti": 208,
          "sco": 164,
          "dco": 1038,
          "txt": "."
        },
        {
          "si": 8,
          "sti": 0,
          "dti": 209,
          "sco": 0,
          "dco": 1040,
          "txt": "Although"
        },
        {
          "si": 8,
          "sti": 1,
          "dti": 210,
          "sco": 9,
          "dco": 1049,
          "txt": "fortune"
        },
        {
          "si": 8,
          "sti": 2,
          "dti": 211,
          "sco": 17,
          "dco": 1057,
          "txt": "was"
        },
        {
          "si": 8,
          "sti": 3,
          "dti": 212,
          "sco": 21,
          "dco": 1061,
          "txt": "hardly"
        },
        {
          "si": 8,
          "sti": 4,
          "dti": 213,
          "sco": 28,
          "dco": 1068,
          "txt": "favouring"
        },
        {
          "si": 8,
          "sti": 5,
          "dti": 214,
          "sco": 38,
          "dco": 1078,
          "txt": "the"
        },
        {
          "si": 8,
          "sti": 6,
          "dti": 215,
          "sco": 42,
          "dco": 1082,
          "txt": "brave"
        },
        {
          "si": 8,
          "sti": 7,
          "dti": 216,
          "sco": 47,
          "dco": 1087,
          "txt": ","
        },
        {
          "si": 8,
          "sti": 8,
          "dti": 217,
          "sco": 49,
          "dco": 1089,
          "txt": "the"
        },
        {
          "si": 8,
          "sti": 9,
          "dti": 218,
          "sco": 53,
          "dco": 1093,
          "txt": "fanatical"
        },
        {
          "si": 8,
          "sti": 10,
          "dti": 219,
          "sco": 63,
          "dco": 1103,
          "txt": "home"
        },
        {
          "si": 8,
          "sti": 11,
          "dti": 220,
          "sco": 68,
          "dco": 1108,
          "txt": "fans"
        },
        {
          "si": 8,
          "sti": 12,
          "dti": 221,
          "sco": 73,
          "dco": 1113,
          "txt": "continued"
        },
        {
          "si": 8,
          "sti": 13,
          "dti": 222,
          "sco": 83,
          "dco": 1123,
          "txt": "to"
        },
        {
          "si": 8,
          "sti": 14,
          "dti": 223,
          "sco": 86,
          "dco": 1126,
          "txt": "urge"
        },
        {
          "si": 8,
          "sti": 15,
          "dti": 224,
          "sco": 91,
          "dco": 1131,
          "txt": "their"
        },
        {
          "si": 8,
          "sti": 16,
          "dti": 225,
          "sco": 97,
          "dco": 1137,
          "txt": "heroes"
        },
        {
          "si": 8,
          "sti": 17,
          "dti": 226,
          "sco": 104,
          "dco": 1144,
          "txt": "on"
        },
        {
          "si": 8,
          "sti": 18,
          "dti": 227,
          "sco": 107,
          "dco": 1147,
          "txt": "and"
        },
        {
          "si": 8,
          "sti": 19,
          "dti": 228,
          "sco": 111,
          "dco": 1151,
          "txt": "were"
        },
        {
          "si": 8,
          "sti": 20,
          "dti": 229,
          "sco": 116,
          "dco": 1156,
          "txt": "rewarded"
        },
        {
          "si": 8,
          "sti": 21,
          "dti": 230,
          "sco": 125,
          "dco": 1165,
          "txt": "with"
        },
        {
          "si": 8,
          "sti": 22,
          "dti": 231,
          "sco": 130,
          "dco": 1170,
          "txt": "an"
        },
        {
          "si": 8,
          "sti": 23,
          "dti": 232,
          "sco": 133,
          "dco": 1173,
          "txt": "equaliser"
        },
        {
          "si": 8,
          "sti": 24,
          "dti": 233,
          "sco": 143,
          "dco": 1183,
          "txt": "just"
        },
        {
          "si": 8,
          "sti": 25,
          "dti": 234,
          "sco": 148,
          "dco": 1188,
          "txt": "before"
        },
        {
          "si": 8,
          "sti": 26,
          "dti": 235,
          "sco": 155,
          "dco": 1195,
          "txt": "the"
        },
        {
          "si": 8,
          "sti": 27,
          "dti": 236,
          "sco": 159,
          "dco": 1199,
          "txt": "break"
        },
        {
          "si": 8,
          "sti": 28,
          "dti": 237,
          "sco": 164,
          "dco": 1204,
          "txt": "."
        },
        {
          "si": 9,
          "sti": 0,
          "dti": 238,
          "sco": 0,
          "dco": 1206,
          "txt": "Yorke"
        },
        {
          "si": 9,
          "sti": 1,
          "dti": 239,
          "sco": 6,
          "dco": 1212,
          "txt": "struck"
        },
        {
          "si": 9,
          "sti": 2,
          "dti": 240,
          "sco": 13,
          "dco": 1219,
          "txt": "the"
        },
        {
          "si": 9,
          "sti": 3,
          "dti": 241,
          "sco": 17,
          "dco": 1223,
          "txt": "post"
        },
        {
          "si": 9,
          "sti": 4,
          "dti": 242,
          "sco": 22,
          "dco": 1228,
          "txt": "and"
        },
        {
          "si": 9,
          "sti": 5,
          "dti": 243,
          "sco": 26,
          "dco": 1232,
          "txt": "John"
        },
        {
          "si": 9,
          "sti": 6,
          "dti": 244,
          "sco": 31,
          "dco": 1237,
          "txt": "latched"
        },
        {
          "si": 9,
          "sti": 7,
          "dti": 245,
          "sco": 39,
          "dco": 1245,
          "txt": "onto"
        },
        {
          "si": 9,
          "sti": 8,
          "dti": 246,
          "sco": 44,
          "dco": 1250,
          "txt": "the"
        },
        {
          "si": 9,
          "sti": 9,
          "dti": 247,
          "sco": 48,
          "dco": 1254,
          "txt": "rebound"
        },
        {
          "si": 9,
          "sti": 10,
          "dti": 248,
          "sco": 56,
          "dco": 1262,
          "txt": "to"
        },
        {
          "si": 9,
          "sti": 11,
          "dti": 249,
          "sco": 59,
          "dco": 1265,
          "txt": "level"
        },
        {
          "si": 9,
          "sti": 12,
          "dti": 250,
          "sco": 65,
          "dco": 1271,
          "txt": "the"
        },
        {
          "si": 9,
          "sti": 13,
          "dti": 251,
          "sco": 69,
          "dco": 1275,
          "txt": "scores"
        },
        {
          "si": 9,
          "sti": 14,
          "dti": 252,
          "sco": 75,
          "dco": 1281,
          "txt": "."
        },
        {
          "si": 10,
          "sti": 0,
          "dti": 253,
          "sco": 0,
          "dco": 1283,
          "txt": "It"
        },
        {
          "si": 10,
          "sti": 1,
          "dti": 254,
          "sco": 3,
          "dco": 1286,
          "txt": "was"
        },
        {
          "si": 10,
          "sti": 2,
          "dti": 255,
          "sco": 7,
          "dco": 1290,
          "txt": "one"
        },
        {
          "si": 10,
          "sti": 3,
          "dti": 256,
          "sco": 10,
          "dco": 1293,
          "txt": "-"
        },
        {
          "si": 10,
          "sti": 4,
          "dti": 257,
          "sco": 11,
          "dco": 1294,
          "txt": "way"
        },
        {
          "si": 10,
          "sti": 5,
          "dti": 258,
          "sco": 15,
          "dco": 1298,
          "txt": "traffic"
        },
        {
          "si": 10,
          "sti": 6,
          "dti": 259,
          "sco": 23,
          "dco": 1306,
          "txt": "after"
        },
        {
          "si": 10,
          "sti": 7,
          "dti": 260,
          "sco": 29,
          "dco": 1312,
          "txt": "that"
        },
        {
          "si": 10,
          "sti": 8,
          "dti": 261,
          "sco": 33,
          "dco": 1316,
          "txt": "."
        },
        {
          "si": 11,
          "sti": 0,
          "dti": 262,
          "sco": 0,
          "dco": 1318,
          "txt": "The"
        },
        {
          "si": 11,
          "sti": 1,
          "dti": 263,
          "sco": 4,
          "dco": 1322,
          "txt": "occasion"
        },
        {
          "si": 11,
          "sti": 2,
          "dti": 264,
          "sco": 13,
          "dco": 1331,
          "txt": "seemed"
        },
        {
          "si": 11,
          "sti": 3,
          "dti": 265,
          "sco": 20,
          "dco": 1338,
          "txt": "to"
        },
        {
          "si": 11,
          "sti": 4,
          "dti": 266,
          "sco": 23,
          "dco": 1341,
          "txt": "be"
        },
        {
          "si": 11,
          "sti": 5,
          "dti": 267,
          "sco": 26,
          "dco": 1344,
          "txt": "too"
        },
        {
          "si": 11,
          "sti": 6,
          "dti": 268,
          "sco": 30,
          "dco": 1348,
          "txt": "much"
        },
        {
          "si": 11,
          "sti": 7,
          "dti": 269,
          "sco": 35,
          "dco": 1353,
          "txt": "for"
        },
        {
          "si": 11,
          "sti": 8,
          "dti": 270,
          "sco": 39,
          "dco": 1357,
          "txt": "an"
        },
        {
          "si": 11,
          "sti": 9,
          "dti": 271,
          "sco": 42,
          "dco": 1360,
          "txt": "inexperienced"
        },
        {
          "si": 11,
          "sti": 10,
          "dti": 272,
          "sco": 56,
          "dco": 1374,
          "txt": "Mexico"
        },
        {
          "si": 11,
          "sti": 11,
          "dti": 273,
          "sco": 63,
          "dco": 1381,
          "txt": "side"
        },
        {
          "si": 11,
          "sti": 12,
          "dti": 274,
          "sco": 68,
          "dco": 1386,
          "txt": "missing"
        },
        {
          "si": 11,
          "sti": 13,
          "dti": 275,
          "sco": 76,
          "dco": 1394,
          "txt": "many"
        },
        {
          "si": 11,
          "sti": 14,
          "dti": 276,
          "sco": 81,
          "dco": 1399,
          "txt": "of"
        },
        {
          "si": 11,
          "sti": 15,
          "dti": 277,
          "sco": 84,
          "dco": 1402,
          "txt": "their"
        },
        {
          "si": 11,
          "sti": 16,
          "dti": 278,
          "sco": 90,
          "dco": 1408,
          "txt": "big"
        },
        {
          "si": 11,
          "sti": 17,
          "dti": 279,
          "sco": 94,
          "dco": 1412,
          "txt": "names"
        },
        {
          "si": 11,
          "sti": 18,
          "dti": 280,
          "sco": 100,
          "dco": 1418,
          "txt": "and"
        },
        {
          "si": 11,
          "sti": 19,
          "dti": 281,
          "sco": 104,
          "dco": 1422,
          "txt": "it"
        },
        {
          "si": 11,
          "sti": 20,
          "dti": 282,
          "sco": 107,
          "dco": 1425,
          "txt": "came"
        },
        {
          "si": 11,
          "sti": 21,
          "dti": 283,
          "sco": 112,
          "dco": 1430,
          "txt": "as"
        },
        {
          "si": 11,
          "sti": 22,
          "dti": 284,
          "sco": 115,
          "dco": 1433,
          "txt": "no"
        },
        {
          "si": 11,
          "sti": 23,
          "dti": 285,
          "sco": 118,
          "dco": 1436,
          "txt": "surprise"
        },
        {
          "si": 11,
          "sti": 24,
          "dti": 286,
          "sco": 127,
          "dco": 1445,
          "txt": "when"
        },
        {
          "si": 11,
          "sti": 25,
          "dti": 287,
          "sco": 132,
          "dco": 1450,
          "txt": "John"
        },
        {
          "si": 11,
          "sti": 26,
          "dti": 288,
          "sco": 137,
          "dco": 1455,
          "txt": "pounced"
        },
        {
          "si": 11,
          "sti": 27,
          "dti": 289,
          "sco": 145,
          "dco": 1463,
          "txt": "on"
        },
        {
          "si": 11,
          "sti": 28,
          "dti": 290,
          "sco": 148,
          "dco": 1466,
          "txt": "a"
        },
        {
          "si": 11,
          "sti": 29,
          "dti": 291,
          "sco": 150,
          "dco": 1468,
          "txt": "mistake"
        },
        {
          "si": 11,
          "sti": 30,
          "dti": 292,
          "sco": 158,
          "dco": 1476,
          "txt": "by"
        },
        {
          "si": 11,
          "sti": 31,
          "dti": 293,
          "sco": 161,
          "dco": 1479,
          "txt": "Israel"
        },
        {
          "si": 11,
          "sti": 32,
          "dti": 294,
          "sco": 168,
          "dco": 1486,
          "txt": "Lopez"
        },
        {
          "si": 11,
          "sti": 33,
          "dti": 295,
          "sco": 174,
          "dco": 1492,
          "txt": "on"
        },
        {
          "si": 11,
          "sti": 34,
          "dti": 296,
          "sco": 177,
          "dco": 1495,
          "txt": "the"
        },
        {
          "si": 11,
          "sti": 35,
          "dti": 297,
          "sco": 181,
          "dco": 1499,
          "txt": "hour"
        },
        {
          "si": 11,
          "sti": 36,
          "dti": 298,
          "sco": 186,
          "dco": 1504,
          "txt": "mark"
        },
        {
          "si": 11,
          "sti": 37,
          "dti": 299,
          "sco": 191,
          "dco": 1509,
          "txt": "and"
        },
        {
          "si": 11,
          "sti": 38,
          "dti": 300,
          "sco": 195,
          "dco": 1513,
          "txt": "powered"
        },
        {
          "si": 11,
          "sti": 39,
          "dti": 301,
          "sco": 203,
          "dco": 1521,
          "txt": "home"
        },
        {
          "si": 11,
          "sti": 40,
          "dti": 302,
          "sco": 208,
          "dco": 1526,
          "txt": "an"
        },
        {
          "si": 11,
          "sti": 41,
          "dti": 303,
          "sco": 211,
          "dco": 1529,
          "txt": "angled"
        },
        {
          "si": 11,
          "sti": 42,
          "dti": 304,
          "sco": 218,
          "dco": 1536,
          "txt": "drive"
        },
        {
          "si": 11,
          "sti": 43,
          "dti": 305,
          "sco": 224,
          "dco": 1542,
          "txt": "to"
        },
        {
          "si": 11,
          "sti": 44,
          "dti": 306,
          "sco": 227,
          "dco": 1545,
          "txt": "make"
        },
        {
          "si": 11,
          "sti": 45,
          "dti": 307,
          "sco": 232,
          "dco": 1550,
          "txt": "it"
        },
        {
          "si": 11,
          "sti": 46,
          "dti": 308,
          "sco": 235,
          "dco": 1553,
          "txt": "2"
        },
        {
          "si": 11,
          "sti": 47,
          "dti": 309,
          "sco": 236,
          "dco": 1554,
          "txt": "-"
        },
        {
          "si": 11,
          "sti": 48,
          "dti": 310,
          "sco": 237,
          "dco": 1555,
          "txt": "1"
        },
        {
          "si": 11,
          "sti": 49,
          "dti": 311,
          "sco": 238,
          "dco": 1556,
          "txt": "."
        },
        {
          "si": 12,
          "sti": 0,
          "dti": 312,
          "sco": 0,
          "dco": 1558,
          "txt": "One"
        },
        {
          "si": 12,
          "sti": 1,
          "dti": 313,
          "sco": 4,
          "dco": 1562,
          "txt": "man"
        },
        {
          "si": 12,
          "sti": 2,
          "dti": 314,
          "sco": 7,
          "dco": 1565,
          "txt": "'"
        },
        {
          "si": 12,
          "sti": 3,
          "dti": 315,
          "sco": 8,
          "dco": 1566,
          "txt": "s"
        },
        {
          "si": 12,
          "sti": 4,
          "dti": 316,
          "sco": 10,
          "dco": 1568,
          "txt": "joy"
        },
        {
          "si": 12,
          "sti": 5,
          "dti": 317,
          "sco": 14,
          "dco": 1572,
          "txt": "is"
        },
        {
          "si": 12,
          "sti": 6,
          "dti": 318,
          "sco": 17,
          "dco": 1575,
          "txt": "another"
        },
        {
          "si": 12,
          "sti": 7,
          "dti": 319,
          "sco": 25,
          "dco": 1583,
          "txt": "man"
        },
        {
          "si": 12,
          "sti": 8,
          "dti": 320,
          "sco": 28,
          "dco": 1586,
          "txt": "'"
        },
        {
          "si": 12,
          "sti": 9,
          "dti": 321,
          "sco": 29,
          "dco": 1587,
          "txt": "s"
        },
        {
          "si": 12,
          "sti": 10,
          "dti": 322,
          "sco": 31,
          "dco": 1589,
          "txt": "pain"
        },
        {
          "si": 12,
          "sti": 11,
          "dti": 323,
          "sco": 35,
          "dco": 1593,
          "txt": ","
        },
        {
          "si": 12,
          "sti": 12,
          "dti": 324,
          "sco": 37,
          "dco": 1595,
          "txt": "as"
        },
        {
          "si": 12,
          "sti": 13,
          "dti": 325,
          "sco": 40,
          "dco": 1598,
          "txt": "they"
        },
        {
          "si": 12,
          "sti": 14,
          "dti": 326,
          "sco": 45,
          "dco": 1603,
          "txt": "say"
        },
        {
          "si": 12,
          "sti": 15,
          "dti": 327,
          "sco": 48,
          "dco": 1606,
          "txt": "."
        },
        {
          "si": 13,
          "sti": 0,
          "dti": 328,
          "sco": 0,
          "dco": 1608,
          "txt": "Guatemala"
        },
        {
          "si": 13,
          "sti": 1,
          "dti": 329,
          "sco": 10,
          "dco": 1618,
          "txt": "produced"
        },
        {
          "si": 13,
          "sti": 2,
          "dti": 330,
          "sco": 19,
          "dco": 1627,
          "txt": "their"
        },
        {
          "si": 13,
          "sti": 3,
          "dti": 331,
          "sco": 25,
          "dco": 1633,
          "txt": "finest"
        },
        {
          "si": 13,
          "sti": 4,
          "dti": 332,
          "sco": 32,
          "dco": 1640,
          "txt": "performance"
        },
        {
          "si": 13,
          "sti": 5,
          "dti": 333,
          "sco": 44,
          "dco": 1652,
          "txt": "in"
        },
        {
          "si": 13,
          "sti": 6,
          "dti": 334,
          "sco": 47,
          "dco": 1655,
          "txt": "the"
        },
        {
          "si": 13,
          "sti": 7,
          "dti": 335,
          "sco": 51,
          "dco": 1659,
          "txt": "six"
        },
        {
          "si": 13,
          "sti": 8,
          "dti": 336,
          "sco": 54,
          "dco": 1662,
          "txt": "-"
        },
        {
          "si": 13,
          "sti": 9,
          "dti": 337,
          "sco": 55,
          "dco": 1663,
          "txt": "team"
        },
        {
          "si": 13,
          "sti": 10,
          "dti": 338,
          "sco": 60,
          "dco": 1668,
          "txt": "final"
        },
        {
          "si": 13,
          "sti": 11,
          "dti": 339,
          "sco": 66,
          "dco": 1674,
          "txt": "qualifying"
        },
        {
          "si": 13,
          "sti": 12,
          "dti": 340,
          "sco": 77,
          "dco": 1685,
          "txt": "group"
        },
        {
          "si": 13,
          "sti": 13,
          "dti": 341,
          "sco": 83,
          "dco": 1691,
          "txt": "as"
        },
        {
          "si": 13,
          "sti": 14,
          "dti": 342,
          "sco": 86,
          "dco": 1694,
          "txt": "they"
        },
        {
          "si": 13,
          "sti": 15,
          "dti": 343,
          "sco": 91,
          "dco": 1699,
          "txt": "defeated"
        },
        {
          "si": 13,
          "sti": 16,
          "dti": 344,
          "sco": 100,
          "dco": 1708,
          "txt": "arch"
        },
        {
          "si": 13,
          "sti": 17,
          "dti": 345,
          "sco": 104,
          "dco": 1712,
          "txt": "-"
        },
        {
          "si": 13,
          "sti": 18,
          "dti": 346,
          "sco": 105,
          "dco": 1713,
          "txt": "rivals"
        },
        {
          "si": 13,
          "sti": 19,
          "dti": 347,
          "sco": 112,
          "dco": 1720,
          "txt": "Costa"
        },
        {
          "si": 13,
          "sti": 20,
          "dti": 348,
          "sco": 118,
          "dco": 1726,
          "txt": "Rica"
        },
        {
          "si": 13,
          "sti": 21,
          "dti": 349,
          "sco": 123,
          "dco": 1731,
          "txt": "3"
        },
        {
          "si": 13,
          "sti": 22,
          "dti": 350,
          "sco": 124,
          "dco": 1732,
          "txt": "-"
        },
        {
          "si": 13,
          "sti": 23,
          "dti": 351,
          "sco": 125,
          "dco": 1733,
          "txt": "1"
        },
        {
          "si": 13,
          "sti": 24,
          "dti": 352,
          "sco": 126,
          "dco": 1734,
          "txt": ","
        },
        {
          "si": 13,
          "sti": 25,
          "dti": 353,
          "sco": 128,
          "dco": 1736,
          "txt": "but"
        },
        {
          "si": 13,
          "sti": 26,
          "dti": 354,
          "sco": 132,
          "dco": 1740,
          "txt": "it"
        },
        {
          "si": 13,
          "sti": 27,
          "dti": 355,
          "sco": 135,
          "dco": 1743,
          "txt": "was"
        },
        {
          "si": 13,
          "sti": 28,
          "dti": 356,
          "sco": 139,
          "dco": 1747,
          "txt": "too"
        },
        {
          "si": 13,
          "sti": 29,
          "dti": 357,
          "sco": 143,
          "dco": 1751,
          "txt": "little"
        },
        {
          "si": 13,
          "sti": 30,
          "dti": 358,
          "sco": 150,
          "dco": 1758,
          "txt": "too"
        },
        {
          "si": 13,
          "sti": 31,
          "dti": 359,
          "sco": 154,
          "dco": 1762,
          "txt": "late"
        },
        {
          "si": 13,
          "sti": 32,
          "dti": 360,
          "sco": 158,
          "dco": 1766,
          "txt": "."
        },
        {
          "si": 14,
          "sti": 0,
          "dti": 361,
          "sco": 0,
          "dco": 1768,
          "txt": "The"
        },
        {
          "si": 14,
          "sti": 1,
          "dti": 362,
          "sco": 4,
          "dco": 1772,
          "txt": "Guatemalans"
        },
        {
          "si": 14,
          "sti": 2,
          "dti": 363,
          "sco": 16,
          "dco": 1784,
          "txt": "turned"
        },
        {
          "si": 14,
          "sti": 3,
          "dti": 364,
          "sco": 23,
          "dco": 1791,
          "txt": "in"
        },
        {
          "si": 14,
          "sti": 4,
          "dti": 365,
          "sco": 26,
          "dco": 1794,
          "txt": "a"
        },
        {
          "si": 14,
          "sti": 5,
          "dti": 366,
          "sco": 28,
          "dco": 1796,
          "txt": "superb"
        },
        {
          "si": 14,
          "sti": 6,
          "dti": 367,
          "sco": 35,
          "dco": 1803,
          "txt": "first"
        },
        {
          "si": 14,
          "sti": 7,
          "dti": 368,
          "sco": 40,
          "dco": 1808,
          "txt": "-"
        },
        {
          "si": 14,
          "sti": 8,
          "dti": 369,
          "sco": 41,
          "dco": 1809,
          "txt": "half"
        },
        {
          "si": 14,
          "sti": 9,
          "dti": 370,
          "sco": 46,
          "dco": 1814,
          "txt": "performance"
        },
        {
          "si": 14,
          "sti": 10,
          "dti": 371,
          "sco": 58,
          "dco": 1826,
          "txt": "as"
        },
        {
          "si": 14,
          "sti": 11,
          "dti": 372,
          "sco": 61,
          "dco": 1829,
          "txt": "an"
        },
        {
          "si": 14,
          "sti": 12,
          "dti": 373,
          "sco": 64,
          "dco": 1832,
          "txt": "early"
        },
        {
          "si": 14,
          "sti": 13,
          "dti": 374,
          "sco": 70,
          "dco": 1838,
          "txt": "header"
        },
        {
          "si": 14,
          "sti": 14,
          "dti": 375,
          "sco": 77,
          "dco": 1845,
          "txt": "from"
        },
        {
          "si": 14,
          "sti": 15,
          "dti": 376,
          "sco": 82,
          "dco": 1850,
          "txt": "Elmer"
        },
        {
          "si": 14,
          "sti": 16,
          "dti": 377,
          "sco": 88,
          "dco": 1856,
          "txt": "Ponciano"
        },
        {
          "si": 14,
          "sti": 17,
          "dti": 378,
          "sco": 97,
          "dco": 1865,
          "txt": "("
        },
        {
          "si": 14,
          "sti": 18,
          "dti": 379,
          "sco": 98,
          "dco": 1866,
          "txt": "2"
        },
        {
          "si": 14,
          "sti": 19,
          "dti": 380,
          "sco": 99,
          "dco": 1867,
          "txt": "'"
        },
        {
          "si": 14,
          "sti": 20,
          "dti": 381,
          "sco": 100,
          "dco": 1868,
          "txt": ")"
        },
        {
          "si": 14,
          "sti": 21,
          "dti": 382,
          "sco": 101,
          "dco": 1869,
          "txt": ","
        },
        {
          "si": 14,
          "sti": 22,
          "dti": 383,
          "sco": 103,
          "dco": 1871,
          "txt": "a"
        },
        {
          "si": 14,
          "sti": 23,
          "dti": 384,
          "sco": 105,
          "dco": 1873,
          "txt": "superb"
        },
        {
          "si": 14,
          "sti": 24,
          "dti": 385,
          "sco": 112,
          "dco": 1880,
          "txt": "strike"
        },
        {
          "si": 14,
          "sti": 25,
          "dti": 386,
          "sco": 119,
          "dco": 1887,
          "txt": "from"
        },
        {
          "si": 14,
          "sti": 26,
          "dti": 387,
          "sco": 124,
          "dco": 1892,
          "txt": "distance"
        },
        {
          "si": 14,
          "sti": 27,
          "dti": 388,
          "sco": 133,
          "dco": 1901,
          "txt": "by"
        },
        {
          "si": 14,
          "sti": 28,
          "dti": 389,
          "sco": 136,
          "dco": 1904,
          "txt": "Freddy"
        },
        {
          "si": 14,
          "sti": 29,
          "dti": 390,
          "sco": 143,
          "dco": 1911,
          "txt": "Garcia"
        },
        {
          "si": 14,
          "sti": 30,
          "dti": 391,
          "sco": 150,
          "dco": 1918,
          "txt": "("
        },
        {
          "si": 14,
          "sti": 31,
          "dti": 392,
          "sco": 151,
          "dco": 1919,
          "txt": "15"
        },
        {
          "si": 14,
          "sti": 32,
          "dti": 393,
          "sco": 153,
          "dco": 1921,
          "txt": "'"
        },
        {
          "si": 14,
          "sti": 33,
          "dti": 394,
          "sco": 154,
          "dco": 1922,
          "txt": ")"
        },
        {
          "si": 14,
          "sti": 34,
          "dti": 395,
          "sco": 156,
          "dco": 1924,
          "txt": "and"
        },
        {
          "si": 14,
          "sti": 35,
          "dti": 396,
          "sco": 160,
          "dco": 1928,
          "txt": "a"
        },
        {
          "si": 14,
          "sti": 36,
          "dti": 397,
          "sco": 162,
          "dco": 1930,
          "txt": "spectacular"
        },
        {
          "si": 14,
          "sti": 37,
          "dti": 398,
          "sco": 174,
          "dco": 1942,
          "txt": "overhead"
        },
        {
          "si": 14,
          "sti": 38,
          "dti": 399,
          "sco": 183,
          "dco": 1951,
          "txt": "kick"
        },
        {
          "si": 14,
          "sti": 39,
          "dti": 400,
          "sco": 188,
          "dco": 1956,
          "txt": "by"
        },
        {
          "si": 14,
          "sti": 40,
          "dti": 401,
          "sco": 191,
          "dco": 1959,
          "txt": "Carlos"
        },
        {
          "si": 14,
          "sti": 41,
          "dti": 402,
          "sco": 198,
          "dco": 1966,
          "txt": "Ruiz"
        },
        {
          "si": 14,
          "sti": 42,
          "dti": 403,
          "sco": 203,
          "dco": 1971,
          "txt": "("
        },
        {
          "si": 14,
          "sti": 43,
          "dti": 404,
          "sco": 204,
          "dco": 1972,
          "txt": "31"
        },
        {
          "si": 14,
          "sti": 44,
          "dti": 405,
          "sco": 206,
          "dco": 1974,
          "txt": "'"
        },
        {
          "si": 14,
          "sti": 45,
          "dti": 406,
          "sco": 207,
          "dco": 1975,
          "txt": ")"
        },
        {
          "si": 14,
          "sti": 46,
          "dti": 407,
          "sco": 209,
          "dco": 1977,
          "txt": "sealed"
        },
        {
          "si": 14,
          "sti": 47,
          "dti": 408,
          "sco": 216,
          "dco": 1984,
          "txt": "the"
        },
        {
          "si": 14,
          "sti": 48,
          "dti": 409,
          "sco": 220,
          "dco": 1988,
          "txt": "points"
        },
        {
          "si": 14,
          "sti": 49,
          "dti": 410,
          "sco": 227,
          "dco": 1995,
          "txt": "for"
        },
        {
          "si": 14,
          "sti": 50,
          "dti": 411,
          "sco": 231,
          "dco": 1999,
          "txt": "the"
        },
        {
          "si": 14,
          "sti": 51,
          "dti": 412,
          "sco": 235,
          "dco": 2003,
          "txt": "home"
        },
        {
          "si": 14,
          "sti": 52,
          "dti": 413,
          "sco": 240,
          "dco": 2008,
          "txt": "side"
        },
        {
          "si": 14,
          "sti": 53,
          "dti": 414,
          "sco": 245,
          "dco": 2013,
          "txt": "before"
        },
        {
          "si": 14,
          "sti": 54,
          "dti": 415,
          "sco": 252,
          "dco": 2020,
          "txt": "the"
        },
        {
          "si": 14,
          "sti": 55,
          "dti": 416,
          "sco": 256,
          "dco": 2024,
          "txt": "break"
        },
        {
          "si": 14,
          "sti": 56,
          "dti": 417,
          "sco": 261,
          "dco": 2029,
          "txt": "."
        },
        {
          "si": 15,
          "sti": 0,
          "dti": 418,
          "sco": 0,
          "dco": 2031,
          "txt": "Guatemala"
        },
        {
          "si": 15,
          "sti": 1,
          "dti": 419,
          "sco": 10,
          "dco": 2041,
          "txt": "were"
        },
        {
          "si": 15,
          "sti": 2,
          "dti": 420,
          "sco": 15,
          "dco": 2046,
          "txt": "content"
        },
        {
          "si": 15,
          "sti": 3,
          "dti": 421,
          "sco": 23,
          "dco": 2054,
          "txt": "to"
        },
        {
          "si": 15,
          "sti": 4,
          "dti": 422,
          "sco": 26,
          "dco": 2057,
          "txt": "run"
        },
        {
          "si": 15,
          "sti": 5,
          "dti": 423,
          "sco": 30,
          "dco": 2061,
          "txt": "down"
        },
        {
          "si": 15,
          "sti": 6,
          "dti": 424,
          "sco": 35,
          "dco": 2066,
          "txt": "the"
        },
        {
          "si": 15,
          "sti": 7,
          "dti": 425,
          "sco": 39,
          "dco": 2070,
          "txt": "clock"
        },
        {
          "si": 15,
          "sti": 8,
          "dti": 426,
          "sco": 45,
          "dco": 2076,
          "txt": "after"
        },
        {
          "si": 15,
          "sti": 9,
          "dti": 427,
          "sco": 51,
          "dco": 2082,
          "txt": "the"
        },
        {
          "si": 15,
          "sti": 10,
          "dti": 428,
          "sco": 55,
          "dco": 2086,
          "txt": "restart"
        },
        {
          "si": 15,
          "sti": 11,
          "dti": 429,
          "sco": 63,
          "dco": 2094,
          "txt": "although"
        },
        {
          "si": 15,
          "sti": 12,
          "dti": 430,
          "sco": 72,
          "dco": 2103,
          "txt": "Roy"
        },
        {
          "si": 15,
          "sti": 13,
          "dti": 431,
          "sco": 76,
          "dco": 2107,
          "txt": "Myre"
        },
        {
          "si": 15,
          "sti": 14,
          "dti": 432,
          "sco": 81,
          "dco": 2112,
          "txt": "did"
        },
        {
          "si": 15,
          "sti": 15,
          "dti": 433,
          "sco": 85,
          "dco": 2116,
          "txt": "manage"
        },
        {
          "si": 15,
          "sti": 16,
          "dti": 434,
          "sco": 92,
          "dco": 2123,
          "txt": "to"
        },
        {
          "si": 15,
          "sti": 17,
          "dti": 435,
          "sco": 95,
          "dco": 2126,
          "txt": "pull"
        },
        {
          "si": 15,
          "sti": 18,
          "dti": 436,
          "sco": 100,
          "dco": 2131,
          "txt": "one"
        },
        {
          "si": 15,
          "sti": 19,
          "dti": 437,
          "sco": 104,
          "dco": 2135,
          "txt": "back"
        },
        {
          "si": 15,
          "sti": 20,
          "dti": 438,
          "sco": 109,
          "dco": 2140,
          "txt": "for"
        },
        {
          "si": 15,
          "sti": 21,
          "dti": 439,
          "sco": 113,
          "dco": 2144,
          "txt": "Costa"
        },
        {
          "si": 15,
          "sti": 22,
          "dti": 440,
          "sco": 119,
          "dco": 2150,
          "txt": "Rica"
        },
        {
          "si": 15,
          "sti": 23,
          "dti": 441,
          "sco": 124,
          "dco": 2155,
          "txt": "while"
        },
        {
          "si": 15,
          "sti": 24,
          "dti": 442,
          "sco": 130,
          "dco": 2161,
          "txt": "Jafet"
        },
        {
          "si": 15,
          "sti": 25,
          "dti": 443,
          "sco": 136,
          "dco": 2167,
          "txt": "Soto"
        },
        {
          "si": 15,
          "sti": 26,
          "dti": 444,
          "sco": 141,
          "dco": 2172,
          "txt": "spurned"
        },
        {
          "si": 15,
          "sti": 27,
          "dti": 445,
          "sco": 149,
          "dco": 2180,
          "txt": "the"
        },
        {
          "si": 15,
          "sti": 28,
          "dti": 446,
          "sco": 153,
          "dco": 2184,
          "txt": "opportunity"
        },
        {
          "si": 15,
          "sti": 29,
          "dti": 447,
          "sco": 165,
          "dco": 2196,
          "txt": "to"
        },
        {
          "si": 15,
          "sti": 30,
          "dti": 448,
          "sco": 168,
          "dco": 2199,
          "txt": "add"
        },
        {
          "si": 15,
          "sti": 31,
          "dti": 449,
          "sco": 172,
          "dco": 2203,
          "txt": "a"
        },
        {
          "si": 15,
          "sti": 32,
          "dti": 450,
          "sco": 174,
          "dco": 2205,
          "txt": "fourth"
        },
        {
          "si": 15,
          "sti": 33,
          "dti": 451,
          "sco": 181,
          "dco": 2212,
          "txt": "from"
        },
        {
          "si": 15,
          "sti": 34,
          "dti": 452,
          "sco": 186,
          "dco": 2217,
          "txt": "the"
        },
        {
          "si": 15,
          "sti": 35,
          "dti": 453,
          "sco": 190,
          "dco": 2221,
          "txt": "penalty"
        },
        {
          "si": 15,
          "sti": 36,
          "dti": 454,
          "sco": 198,
          "dco": 2229,
          "txt": "spot"
        },
        {
          "si": 15,
          "sti": 37,
          "dti": 455,
          "sco": 203,
          "dco": 2234,
          "txt": "ten"
        },
        {
          "si": 15,
          "sti": 38,
          "dti": 456,
          "sco": 207,
          "dco": 2238,
          "txt": "minutes"
        },
        {
          "si": 15,
          "sti": 39,
          "dti": 457,
          "sco": 215,
          "dco": 2246,
          "txt": "from"
        },
        {
          "si": 15,
          "sti": 40,
          "dti": 458,
          "sco": 220,
          "dco": 2251,
          "txt": "time"
        },
        {
          "si": 15,
          "sti": 41,
          "dti": 459,
          "sco": 224,
          "dco": 2255,
          "txt": "."
        },
        {
          "si": 16,
          "sti": 0,
          "dti": 460,
          "sco": 0,
          "dco": 2257,
          "txt": "In"
        },
        {
          "si": 16,
          "sti": 1,
          "dti": 461,
          "sco": 3,
          "dco": 2260,
          "txt": "the"
        },
        {
          "si": 16,
          "sti": 2,
          "dti": 462,
          "sco": 7,
          "dco": 2264,
          "txt": "section"
        },
        {
          "si": 16,
          "sti": 3,
          "dti": 463,
          "sco": 14,
          "dco": 2271,
          "txt": "'"
        },
        {
          "si": 16,
          "sti": 4,
          "dti": 464,
          "sco": 15,
          "dco": 2272,
          "txt": "s"
        },
        {
          "si": 16,
          "sti": 5,
          "dti": 465,
          "sco": 17,
          "dco": 2274,
          "txt": "other"
        },
        {
          "si": 16,
          "sti": 6,
          "dti": 466,
          "sco": 23,
          "dco": 2280,
          "txt": "game"
        },
        {
          "si": 16,
          "sti": 7,
          "dti": 467,
          "sco": 27,
          "dco": 2284,
          "txt": ","
        },
        {
          "si": 16,
          "sti": 8,
          "dti": 468,
          "sco": 29,
          "dco": 2286,
          "txt": "Bruce"
        },
        {
          "si": 16,
          "sti": 9,
          "dti": 469,
          "sco": 35,
          "dco": 2292,
          "txt": "Arena"
        },
        {
          "si": 16,
          "sti": 10,
          "dti": 470,
          "sco": 41,
          "dco": 2298,
          "txt": "decided"
        },
        {
          "si": 16,
          "sti": 11,
          "dti": 471,
          "sco": 49,
          "dco": 2306,
          "txt": "to"
        },
        {
          "si": 16,
          "sti": 12,
          "dti": 472,
          "sco": 52,
          "dco": 2309,
          "txt": "give"
        },
        {
          "si": 16,
          "sti": 13,
          "dti": 473,
          "sco": 57,
          "dco": 2314,
          "txt": "a"
        },
        {
          "si": 16,
          "sti": 14,
          "dti": 474,
          "sco": 59,
          "dco": 2316,
          "txt": "second"
        },
        {
          "si": 16,
          "sti": 15,
          "dti": 475,
          "sco": 66,
          "dco": 2323,
          "txt": "chance"
        },
        {
          "si": 16,
          "sti": 16,
          "dti": 476,
          "sco": 73,
          "dco": 2330,
          "txt": "to"
        },
        {
          "si": 16,
          "sti": 17,
          "dti": 477,
          "sco": 76,
          "dco": 2333,
          "txt": "the"
        },
        {
          "si": 16,
          "sti": 18,
          "dti": 478,
          "sco": 80,
          "dco": 2337,
          "txt": "talented"
        },
        {
          "si": 16,
          "sti": 19,
          "dti": 479,
          "sco": 89,
          "dco": 2346,
          "txt": "youngsters"
        },
        {
          "si": 16,
          "sti": 20,
          "dti": 480,
          "sco": 100,
          "dco": 2357,
          "txt": "brushed"
        },
        {
          "si": 16,
          "sti": 21,
          "dti": 481,
          "sco": 108,
          "dco": 2365,
          "txt": "aside"
        },
        {
          "si": 16,
          "sti": 22,
          "dti": 482,
          "sco": 114,
          "dco": 2371,
          "txt": "3"
        },
        {
          "si": 16,
          "sti": 23,
          "dti": 483,
          "sco": 115,
          "dco": 2372,
          "txt": "-"
        },
        {
          "si": 16,
          "sti": 24,
          "dti": 484,
          "sco": 116,
          "dco": 2373,
          "txt": "0"
        },
        {
          "si": 16,
          "sti": 25,
          "dti": 485,
          "sco": 118,
          "dco": 2375,
          "txt": "by"
        },
        {
          "si": 16,
          "sti": 26,
          "dti": 486,
          "sco": 121,
          "dco": 2378,
          "txt": "Costa"
        },
        {
          "si": 16,
          "sti": 27,
          "dti": 487,
          "sco": 127,
          "dco": 2384,
          "txt": "Rica"
        },
        {
          "si": 16,
          "sti": 28,
          "dti": 488,
          "sco": 132,
          "dco": 2389,
          "txt": "at"
        },
        {
          "si": 16,
          "sti": 29,
          "dti": 489,
          "sco": 135,
          "dco": 2392,
          "txt": "the"
        },
        {
          "si": 16,
          "sti": 30,
          "dti": 490,
          "sco": 139,
          "dco": 2396,
          "txt": "weekend"
        },
        {
          "si": 16,
          "sti": 31,
          "dti": 491,
          "sco": 147,
          "dco": 2404,
          "txt": "and"
        },
        {
          "si": 16,
          "sti": 32,
          "dti": 492,
          "sco": 151,
          "dco": 2408,
          "txt": "the"
        },
        {
          "si": 16,
          "sti": 33,
          "dti": 493,
          "sco": 155,
          "dco": 2412,
          "txt": "gamble"
        },
        {
          "si": 16,
          "sti": 34,
          "dti": 494,
          "sco": 162,
          "dco": 2419,
          "txt": "paid"
        },
        {
          "si": 16,
          "sti": 35,
          "dti": 495,
          "sco": 167,
          "dco": 2424,
          "txt": "off"
        },
        {
          "si": 16,
          "sti": 36,
          "dti": 496,
          "sco": 170,
          "dco": 2427,
          "txt": "."
        },
        {
          "si": 17,
          "sti": 0,
          "dti": 497,
          "sco": 0,
          "dco": 2429,
          "txt": "The"
        },
        {
          "si": 17,
          "sti": 1,
          "dti": 498,
          "sco": 4,
          "dco": 2433,
          "txt": "second"
        },
        {
          "si": 17,
          "sti": 2,
          "dti": 499,
          "sco": 11,
          "dco": 2440,
          "txt": "string"
        },
        {
          "si": 17,
          "sti": 3,
          "dti": 500,
          "sco": 18,
          "dco": 2447,
          "txt": "repaid"
        },
        {
          "si": 17,
          "sti": 4,
          "dti": 501,
          "sco": 25,
          "dco": 2454,
          "txt": "his"
        },
        {
          "si": 17,
          "sti": 5,
          "dti": 502,
          "sco": 29,
          "dco": 2458,
          "txt": "faith"
        },
        {
          "si": 17,
          "sti": 6,
          "dti": 503,
          "sco": 35,
          "dco": 2464,
          "txt": "with"
        },
        {
          "si": 17,
          "sti": 7,
          "dti": 504,
          "sco": 40,
          "dco": 2469,
          "txt": "a"
        },
        {
          "si": 17,
          "sti": 8,
          "dti": 505,
          "sco": 42,
          "dco": 2471,
          "txt": "solid"
        },
        {
          "si": 17,
          "sti": 9,
          "dti": 506,
          "sco": 48,
          "dco": 2477,
          "txt": "2"
        },
        {
          "si": 17,
          "sti": 10,
          "dti": 507,
          "sco": 49,
          "dco": 2478,
          "txt": "-"
        },
        {
          "si": 17,
          "sti": 11,
          "dti": 508,
          "sco": 50,
          "dco": 2479,
          "txt": "0"
        },
        {
          "si": 17,
          "sti": 12,
          "dti": 509,
          "sco": 52,
          "dco": 2481,
          "txt": "victory"
        },
        {
          "si": 17,
          "sti": 13,
          "dti": 510,
          "sco": 60,
          "dco": 2489,
          "txt": "over"
        },
        {
          "si": 17,
          "sti": 14,
          "dti": 511,
          "sco": 65,
          "dco": 2494,
          "txt": "bottom"
        },
        {
          "si": 17,
          "sti": 15,
          "dti": 512,
          "sco": 71,
          "dco": 2500,
          "txt": "-"
        },
        {
          "si": 17,
          "sti": 16,
          "dti": 513,
          "sco": 72,
          "dco": 2501,
          "txt": "placed"
        },
        {
          "si": 17,
          "sti": 17,
          "dti": 514,
          "sco": 79,
          "dco": 2508,
          "txt": "Panama"
        },
        {
          "si": 17,
          "sti": 18,
          "dti": 515,
          "sco": 85,
          "dco": 2514,
          "txt": ","
        },
        {
          "si": 17,
          "sti": 19,
          "dti": 516,
          "sco": 87,
          "dco": 2516,
          "txt": "who"
        },
        {
          "si": 17,
          "sti": 20,
          "dti": 517,
          "sco": 91,
          "dco": 2520,
          "txt": "also"
        },
        {
          "si": 17,
          "sti": 21,
          "dti": 518,
          "sco": 96,
          "dco": 2525,
          "txt": "rested"
        },
        {
          "si": 17,
          "sti": 22,
          "dti": 519,
          "sco": 103,
          "dco": 2532,
          "txt": "several"
        },
        {
          "si": 17,
          "sti": 23,
          "dti": 520,
          "sco": 111,
          "dco": 2540,
          "txt": "first"
        },
        {
          "si": 17,
          "sti": 24,
          "dti": 521,
          "sco": 116,
          "dco": 2545,
          "txt": "-"
        },
        {
          "si": 17,
          "sti": 25,
          "dti": 522,
          "sco": 117,
          "dco": 2546,
          "txt": "choice"
        },
        {
          "si": 17,
          "sti": 26,
          "dti": 523,
          "sco": 124,
          "dco": 2553,
          "txt": "players"
        },
        {
          "si": 17,
          "sti": 27,
          "dti": 524,
          "sco": 131,
          "dco": 2560,
          "txt": "."
        },
        {
          "si": 18,
          "sti": 0,
          "dti": 525,
          "sco": 0,
          "dco": 2562,
          "txt": "Goals"
        },
        {
          "si": 18,
          "sti": 1,
          "dti": 526,
          "sco": 6,
          "dco": 2568,
          "txt": "early"
        },
        {
          "si": 18,
          "sti": 2,
          "dti": 527,
          "sco": 12,
          "dco": 2574,
          "txt": "in"
        },
        {
          "si": 18,
          "sti": 3,
          "dti": 528,
          "sco": 15,
          "dco": 2577,
          "txt": "the"
        },
        {
          "si": 18,
          "sti": 4,
          "dti": 529,
          "sco": 19,
          "dco": 2581,
          "txt": "second"
        },
        {
          "si": 18,
          "sti": 5,
          "dti": 530,
          "sco": 26,
          "dco": 2588,
          "txt": "half"
        },
        {
          "si": 18,
          "sti": 6,
          "dti": 531,
          "sco": 31,
          "dco": 2593,
          "txt": "from"
        },
        {
          "si": 18,
          "sti": 7,
          "dti": 532,
          "sco": 36,
          "dco": 2598,
          "txt": "Kyle"
        },
        {
          "si": 18,
          "sti": 8,
          "dti": 533,
          "sco": 41,
          "dco": 2603,
          "txt": "Martino"
        },
        {
          "si": 18,
          "sti": 9,
          "dti": 534,
          "sco": 49,
          "dco": 2611,
          "txt": "and"
        },
        {
          "si": 18,
          "sti": 10,
          "dti": 535,
          "sco": 53,
          "dco": 2615,
          "txt": "Taylor"
        },
        {
          "si": 18,
          "sti": 11,
          "dti": 536,
          "sco": 60,
          "dco": 2622,
          "txt": "Twellman"
        },
        {
          "si": 18,
          "sti": 12,
          "dti": 537,
          "sco": 69,
          "dco": 2631,
          "txt": "proved"
        },
        {
          "si": 18,
          "sti": 13,
          "dti": 538,
          "sco": 76,
          "dco": 2638,
          "txt": "enough"
        },
        {
          "si": 18,
          "sti": 14,
          "dti": 539,
          "sco": 83,
          "dco": 2645,
          "txt": "for"
        },
        {
          "si": 18,
          "sti": 15,
          "dti": 540,
          "sco": 87,
          "dco": 2649,
          "txt": "the"
        },
        {
          "si": 18,
          "sti": 16,
          "dti": 541,
          "sco": 91,
          "dco": 2653,
          "txt": "Stars"
        },
        {
          "si": 18,
          "sti": 17,
          "dti": 542,
          "sco": 97,
          "dco": 2659,
          "txt": "and"
        },
        {
          "si": 18,
          "sti": 18,
          "dti": 543,
          "sco": 101,
          "dco": 2663,
          "txt": "Stripes"
        },
        {
          "si": 18,
          "sti": 19,
          "dti": 544,
          "sco": 109,
          "dco": 2671,
          "txt": "to"
        },
        {
          "si": 18,
          "sti": 20,
          "dti": 545,
          "sco": 112,
          "dco": 2674,
          "txt": "claim"
        },
        {
          "si": 18,
          "sti": 21,
          "dti": 546,
          "sco": 118,
          "dco": 2680,
          "txt": "top"
        },
        {
          "si": 18,
          "sti": 22,
          "dti": 547,
          "sco": 122,
          "dco": 2684,
          "txt": "spot"
        },
        {
          "si": 18,
          "sti": 23,
          "dti": 548,
          "sco": 127,
          "dco": 2689,
          "txt": "in"
        },
        {
          "si": 18,
          "sti": 24,
          "dti": 549,
          "sco": 130,
          "dco": 2692,
          "txt": "the"
        },
        {
          "si": 18,
          "sti": 25,
          "dti": 550,
          "sco": 134,
          "dco": 2696,
          "txt": "qualification"
        },
        {
          "si": 18,
          "sti": 26,
          "dti": 551,
          "sco": 148,
          "dco": 2710,
          "txt": "group"
        },
        {
          "si": 18,
          "sti": 27,
          "dti": 552,
          "sco": 154,
          "dco": 2716,
          "txt": "for"
        },
        {
          "si": 18,
          "sti": 28,
          "dti": 553,
          "sco": 158,
          "dco": 2720,
          "txt": "the"
        },
        {
          "si": 18,
          "sti": 29,
          "dti": 554,
          "sco": 162,
          "dco": 2724,
          "txt": "first"
        },
        {
          "si": 18,
          "sti": 30,
          "dti": 555,
          "sco": 168,
          "dco": 2730,
          "txt": "time"
        },
        {
          "si": 18,
          "sti": 31,
          "dti": 556,
          "sco": 173,
          "dco": 2735,
          "txt": "in"
        },
        {
          "si": 18,
          "sti": 32,
          "dti": 557,
          "sco": 176,
          "dco": 2738,
          "txt": "their"
        },
        {
          "si": 18,
          "sti": 33,
          "dti": 558,
          "sco": 182,
          "dco": 2744,
          "txt": "history"
        },
        {
          "si": 18,
          "sti": 34,
          "dti": 559,
          "sco": 189,
          "dco": 2751,
          "txt": "."
        }
      ]
    },
    "ganns": {
      "dla": [],
      "la": [],
      "ea": [],
      "eta": [
        {
          "ra": {
            "ea": {
              "etn": "Goal"
            }
          },
          "sfs": [
            [
              {
                "stn": "scoreTeamB"
              },
              {
                "ea": {
                  "etn": "1"
                }
              }
            ],
            [
              {
                "stn": "forTeam"
              },
              {
                "ea": {
                  "etn": "Guatemala"
                }
              }
            ],
            [
              {
                "stn": "scoreTeamA"
              },
              {
                "ea": {
                  "etn": "0"
                }
              }
            ],
            [
              {
                "stn": "minute"
              },
              {
                "ea": {
                  "etn": "1"
                }
              }
            ],
            [
              {
                "stn": "scorer"
              },
              {
                "ea": {
                  "etn": "Ruiz Carlos"
                }
              }
            ]
          ],
          "mfs": {}
        },
        {
          "ra": {
            "ea": {
              "etn": "Goal"
            }
          },
          "sfs": [
            [
              {
                "stn": "scoreTeamB"
              },
              {
                "ea": {
                  "etn": "1"
                }
              }
            ],
            [
              {
                "stn": "forTeam"
              },
              {
                "ea": {
                  "etn": "Mexico"
                }
              }
            ],
            [
              {
                "stn": "scoreTeamA"
              },
              {
                "ea": {
                  "etn": "1"
                }
              }
            ],
            [
              {
                "stn": "minute"
              },
              {
                "ea": {
                  "etn": "19"
                }
              }
            ],
            [
              {
                "stn": "scorer"
              },
              {
                "ea": {
                  "etn": "Franco Guillermo"
                }
              }
            ]
          ],
          "mfs": {}
        },
        {
          "ra": {
            "ea": {
              "etn": "Goal"
            }
          },
          "sfs": [
            [
              {
                "stn": "scoreTeamB"
              },
              {
                "ea": {
                  "etn": "1"
                }
              }
            ],
            [
              {
                "stn": "forTeam"
              },
              {
                "ea": {
                  "etn": "Mexico"
                }
              }
            ],
            [
              {
                "stn": "scoreTeamA"
              },
              {
                "ea": {
                  "etn": "2"
                }
              }
            ],
            [
              {
                "stn": "minute"
              },
              {
                "ea": {
                  "etn": "48"
                }
              }
            ],
            [
              {
                "stn": "scorer"
              },
              {
                "ea": {
                  "etn": "Fonseca Jose"
                }
              }
            ]
          ],
          "mfs": {}
        },
        {
          "ra": {
            "ea": {
              "etn": "Goal"
            }
          },
          "sfs": [
            [
              {
                "stn": "scoreTeamB"
              },
              {
                "ea": {
                  "etn": "1"
                }
              }
            ],
            [
              {
                "stn": "forTeam"
              },
              {
                "ea": {
                  "etn": "Mexico"
                }
              }
            ],
            [
              {
                "stn": "scoreTeamA"
              },
              {
                "ea": {
                  "etn": "3"
                }
              }
            ],
            [
              {
                "stn": "minute"
              },
              {
                "ea": {
                  "etn": "51"
                }
              }
            ],
            [
              {
                "stn": "scorer"
              },
              {
                "ea": {
                  "etn": "Fonseca Jose"
                }
              }
            ]
          ],
          "mfs": {}
        },
        {
          "ra": {
            "ea": {
              "etn": "Goal"
            }
          },
          "sfs": [
            [
              {
                "stn": "scoreTeamB"
              },
              {
                "ea": {
                  "etn": "2"
                }
              }
            ],
            [
              {
                "stn": "forTeam"
              },
              {
                "ea": {
                  "etn": "Guatemala"
                }
              }
            ],
            [
              {
                "stn": "scoreTeamA"
              },
              {
                "ea": {
                  "etn": "3"
                }
              }
            ],
            [
              {
                "stn": "minute"
              },
              {
                "ea": {
                  "etn": "53"
                }
              }
            ],
            [
              {
                "stn": "scorer"
              },
              {
                "ea": {
                  "etn": "Poniciano Selvin"
                }
              }
            ]
          ],
          "mfs": {}
        },
        {
          "ra": {
            "ea": {
              "etn": "Goal"
            }
          },
          "sfs": [
            [
              {
                "stn": "scoreTeamB"
              },
              {
                "ea": {
                  "etn": "2"
                }
              }
            ],
            [
              {
                "stn": "forTeam"
              },
              {
                "ea": {
                  "etn": "Mexico"
                }
              }
            ],
            [
              {
                "stn": "scoreTeamA"
              },
              {
                "ea": {
                  "etn": "4"
                }
              }
            ],
            [
              {
                "stn": "minute"
              },
              {
                "ea": {
                  "etn": "62"
                }
              }
            ],
            [
              {
                "stn": "scorer"
              },
              {
                "ea": {
                  "etn": "Fonseca Jose"
                }
              }
            ]
          ],
          "mfs": {}
        },
        {
          "ra": {
            "ea": {
              "etn": "Goal"
            }
          },
          "sfs": [
            [
              {
                "stn": "scoreTeamB"
              },
              {
                "ea": {
                  "etn": "2"
                }
              }
            ],
            [
              {
                "stn": "forTeam"
              },
              {
                "ea": {
                  "etn": "Mexico"
                }
              }
            ],
            [
              {
                "stn": "scoreTeamA"
              },
              {
                "ea": {
                  "etn": "5"
                }
              }
            ],
            [
              {
                "stn": "minute"
              },
              {
                "ea": {
                  "etn": "66"
                }
              }
            ],
            [
              {
                "stn": "scorer"
              },
              {
                "ea": {
                  "etn": "Fonseca Jose"
                }
              }
            ]
          ],
          "mfs": {}
        }
      ]
    }
  }
]
