[
  {
    "context": "UNSPECIFIED",
    "doc": {
      "id": "de_mr38949_struct",
      "tl": [
        {
          "si": 0,
          "sti": 0,
          "dti": 0,
          "sco": 0,
          "dco": 0,
          "txt": "Tunesien"
        },
        {
          "si": 0,
          "sti": 1,
          "dti": 1,
          "sco": 9,
          "dco": 9,
          "txt": "macht"
        },
        {
          "si": 0,
          "sti": 2,
          "dti": 2,
          "sco": 15,
          "dco": 15,
          "txt": "einen"
        },
        {
          "si": 0,
          "sti": 3,
          "dti": 3,
          "sco": 21,
          "dco": 21,
          "txt": "weiteren"
        },
        {
          "si": 0,
          "sti": 4,
          "dti": 4,
          "sco": 30,
          "dco": 30,
          "txt": "Schritt"
        },
        {
          "si": 0,
          "sti": 5,
          "dti": 5,
          "sco": 38,
          "dco": 38,
          "txt": "Richtung"
        },
        {
          "si": 0,
          "sti": 6,
          "dti": 6,
          "sco": 47,
          "dco": 47,
          "txt": "Endrunde"
        },
        {
          "si": 0,
          "sti": 7,
          "dti": 7,
          "sco": 55,
          "dco": 55,
          "txt": "."
        },
        {
          "si": 1,
          "sti": 0,
          "dti": 8,
          "sco": 0,
          "dco": 57,
          "txt": "In"
        },
        {
          "si": 1,
          "sti": 1,
          "dti": 9,
          "sco": 3,
          "dco": 60,
          "txt": "Afrika"
        },
        {
          "si": 1,
          "sti": 2,
          "dti": 10,
          "sco": 10,
          "dco": 67,
          "txt": "wurden"
        },
        {
          "si": 1,
          "sti": 3,
          "dti": 11,
          "sco": 17,
          "dco": 74,
          "txt": "am"
        },
        {
          "si": 1,
          "sti": 4,
          "dti": 12,
          "sco": 20,
          "dco": 77,
          "txt": "Mittwoch"
        },
        {
          "si": 1,
          "sti": 5,
          "dti": 13,
          "sco": 29,
          "dco": 86,
          "txt": "nur"
        },
        {
          "si": 1,
          "sti": 6,
          "dti": 14,
          "sco": 33,
          "dco": 90,
          "txt": "zwei"
        },
        {
          "si": 1,
          "sti": 7,
          "dti": 15,
          "sco": 38,
          "dco": 95,
          "txt": "Qualifikationsspiele"
        },
        {
          "si": 1,
          "sti": 8,
          "dti": 16,
          "sco": 59,
          "dco": 116,
          "txt": "fuer"
        },
        {
          "si": 1,
          "sti": 9,
          "dti": 17,
          "sco": 64,
          "dco": 121,
          "txt": "die"
        },
        {
          "si": 1,
          "sti": 10,
          "dti": 18,
          "sco": 68,
          "dco": 125,
          "txt": "FIFA"
        },
        {
          "si": 1,
          "sti": 11,
          "dti": 19,
          "sco": 73,
          "dco": 130,
          "txt": "Fussball"
        },
        {
          "si": 1,
          "sti": 12,
          "dti": 20,
          "sco": 81,
          "dco": 138,
          "txt": "-"
        },
        {
          "si": 1,
          "sti": 13,
          "dti": 21,
          "sco": 82,
          "dco": 139,
          "txt": "Weltmeisterschaft"
        },
        {
          "si": 1,
          "sti": 14,
          "dti": 22,
          "sco": 100,
          "dco": 157,
          "txt": "ausgetragen"
        },
        {
          "si": 1,
          "sti": 15,
          "dti": 23,
          "sco": 111,
          "dco": 168,
          "txt": "."
        },
        {
          "si": 2,
          "sti": 0,
          "dti": 24,
          "sco": 0,
          "dco": 170,
          "txt": "Eines"
        },
        {
          "si": 2,
          "sti": 1,
          "dti": 25,
          "sco": 6,
          "dco": 176,
          "txt": "davon"
        },
        {
          "si": 2,
          "sti": 2,
          "dti": 26,
          "sco": 12,
          "dco": 182,
          "txt": "brachte"
        },
        {
          "si": 2,
          "sti": 3,
          "dti": 27,
          "sco": 20,
          "dco": 190,
          "txt": "Tunesien"
        },
        {
          "si": 2,
          "sti": 4,
          "dti": 28,
          "sco": 29,
          "dco": 199,
          "txt": "ein"
        },
        {
          "si": 2,
          "sti": 5,
          "dti": 29,
          "sco": 33,
          "dco": 203,
          "txt": "Stueck"
        },
        {
          "si": 2,
          "sti": 6,
          "dti": 30,
          "sco": 40,
          "dco": 210,
          "txt": "naeher"
        },
        {
          "si": 2,
          "sti": 7,
          "dti": 31,
          "sco": 47,
          "dco": 217,
          "txt": "an"
        },
        {
          "si": 2,
          "sti": 8,
          "dti": 32,
          "sco": 50,
          "dco": 220,
          "txt": "die"
        },
        {
          "si": 2,
          "sti": 9,
          "dti": 33,
          "sco": 54,
          "dco": 224,
          "txt": "WM"
        },
        {
          "si": 2,
          "sti": 10,
          "dti": 34,
          "sco": 56,
          "dco": 226,
          "txt": "-"
        },
        {
          "si": 2,
          "sti": 11,
          "dti": 35,
          "sco": 57,
          "dco": 227,
          "txt": "Teilnahme"
        },
        {
          "si": 2,
          "sti": 12,
          "dti": 36,
          "sco": 66,
          "dco": 236,
          "txt": "."
        },
        {
          "si": 3,
          "sti": 0,
          "dti": 37,
          "sco": 0,
          "dco": 238,
          "txt": "Das"
        },
        {
          "si": 3,
          "sti": 1,
          "dti": 38,
          "sco": 4,
          "dco": 242,
          "txt": "Ergebnis"
        },
        {
          "si": 3,
          "sti": 2,
          "dti": 39,
          "sco": 13,
          "dco": 251,
          "txt": "der"
        },
        {
          "si": 3,
          "sti": 3,
          "dti": 40,
          "sco": 17,
          "dco": 255,
          "txt": "zweiten"
        },
        {
          "si": 3,
          "sti": 4,
          "dti": 41,
          "sco": 25,
          "dco": 263,
          "txt": "Partie"
        },
        {
          "si": 3,
          "sti": 5,
          "dti": 42,
          "sco": 32,
          "dco": 270,
          "txt": "ermoeglichte"
        },
        {
          "si": 3,
          "sti": 6,
          "dti": 43,
          "sco": 45,
          "dco": 283,
          "txt": "es"
        },
        {
          "si": 3,
          "sti": 7,
          "dti": 44,
          "sco": 48,
          "dco": 286,
          "txt": "dem"
        },
        {
          "si": 3,
          "sti": 8,
          "dti": 45,
          "sco": 52,
          "dco": 290,
          "txt": "Sudan"
        },
        {
          "si": 3,
          "sti": 9,
          "dti": 46,
          "sco": 57,
          "dco": 295,
          "txt": ","
        },
        {
          "si": 3,
          "sti": 10,
          "dti": 47,
          "sco": 59,
          "dco": 297,
          "txt": "sich"
        },
        {
          "si": 3,
          "sti": 11,
          "dti": 48,
          "sco": 64,
          "dco": 302,
          "txt": "etwas"
        },
        {
          "si": 3,
          "sti": 12,
          "dti": 49,
          "sco": 70,
          "dco": 308,
          "txt": "vom"
        },
        {
          "si": 3,
          "sti": 13,
          "dti": 50,
          "sco": 74,
          "dco": 312,
          "txt": "Tabellenende"
        },
        {
          "si": 3,
          "sti": 14,
          "dti": 51,
          "sco": 87,
          "dco": 325,
          "txt": "abzusetzen"
        },
        {
          "si": 3,
          "sti": 15,
          "dti": 52,
          "sco": 97,
          "dco": 335,
          "txt": "."
        },
        {
          "si": 4,
          "sti": 0,
          "dti": 53,
          "sco": 0,
          "dco": 337,
          "txt": "Nachdem"
        },
        {
          "si": 4,
          "sti": 1,
          "dti": 54,
          "sco": 8,
          "dco": 345,
          "txt": "die"
        },
        {
          "si": 4,
          "sti": 2,
          "dti": 55,
          "sco": 12,
          "dco": 349,
          "txt": "Tunesier"
        },
        {
          "si": 4,
          "sti": 3,
          "dti": 56,
          "sco": 21,
          "dco": 358,
          "txt": "in"
        },
        {
          "si": 4,
          "sti": 4,
          "dti": 57,
          "sco": 24,
          "dco": 361,
          "txt": "ihren"
        },
        {
          "si": 4,
          "sti": 5,
          "dti": 58,
          "sco": 30,
          "dco": 367,
          "txt": "letzten"
        },
        {
          "si": 4,
          "sti": 6,
          "dti": 59,
          "sco": 38,
          "dco": 375,
          "txt": "drei"
        },
        {
          "si": 4,
          "sti": 7,
          "dti": 60,
          "sco": 43,
          "dco": 380,
          "txt": "Qualifikationsspielen"
        },
        {
          "si": 4,
          "sti": 8,
          "dti": 61,
          "sco": 65,
          "dco": 402,
          "txt": "insgesamt"
        },
        {
          "si": 4,
          "sti": 9,
          "dti": 62,
          "sco": 75,
          "dco": 412,
          "txt": "12"
        },
        {
          "si": 4,
          "sti": 10,
          "dti": 63,
          "sco": 78,
          "dco": 415,
          "txt": "Tore"
        },
        {
          "si": 4,
          "sti": 11,
          "dti": 64,
          "sco": 83,
          "dco": 420,
          "txt": "erzielen"
        },
        {
          "si": 4,
          "sti": 12,
          "dti": 65,
          "sco": 92,
          "dco": 429,
          "txt": "konnten"
        },
        {
          "si": 4,
          "sti": 13,
          "dti": 66,
          "sco": 99,
          "dco": 436,
          "txt": ","
        },
        {
          "si": 4,
          "sti": 14,
          "dti": 67,
          "sco": 101,
          "dco": 438,
          "txt": "rechneten"
        },
        {
          "si": 4,
          "sti": 15,
          "dti": 68,
          "sco": 111,
          "dco": 448,
          "txt": "viele"
        },
        {
          "si": 4,
          "sti": 16,
          "dti": 69,
          "sco": 117,
          "dco": 454,
          "txt": "beim"
        },
        {
          "si": 4,
          "sti": 17,
          "dti": 70,
          "sco": 122,
          "dco": 459,
          "txt": "Mittwochsspiel"
        },
        {
          "si": 4,
          "sti": 18,
          "dti": 71,
          "sco": 137,
          "dco": 474,
          "txt": "gegen"
        },
        {
          "si": 4,
          "sti": 19,
          "dti": 72,
          "sco": 143,
          "dco": 480,
          "txt": "Kenia"
        },
        {
          "si": 4,
          "sti": 20,
          "dti": 73,
          "sco": 149,
          "dco": 486,
          "txt": "mit"
        },
        {
          "si": 4,
          "sti": 21,
          "dti": 74,
          "sco": 153,
          "dco": 490,
          "txt": "einer"
        },
        {
          "si": 4,
          "sti": 22,
          "dti": 75,
          "sco": 159,
          "dco": 496,
          "txt": "weiteren"
        },
        {
          "si": 4,
          "sti": 23,
          "dti": 76,
          "sco": 168,
          "dco": 505,
          "txt": "Torflut"
        },
        {
          "si": 4,
          "sti": 24,
          "dti": 77,
          "sco": 175,
          "dco": 512,
          "txt": "."
        },
        {
          "si": 5,
          "sti": 0,
          "dti": 78,
          "sco": 0,
          "dco": 514,
          "txt": "Ein"
        },
        {
          "si": 5,
          "sti": 1,
          "dti": 79,
          "sco": 4,
          "dco": 518,
          "txt": "Durchschnitt"
        },
        {
          "si": 5,
          "sti": 2,
          "dti": 80,
          "sco": 17,
          "dco": 531,
          "txt": "von"
        },
        {
          "si": 5,
          "sti": 3,
          "dti": 81,
          "sco": 21,
          "dco": 535,
          "txt": "vier"
        },
        {
          "si": 5,
          "sti": 4,
          "dti": 82,
          "sco": 26,
          "dco": 540,
          "txt": "Treffern"
        },
        {
          "si": 5,
          "sti": 5,
          "dti": 83,
          "sco": 35,
          "dco": 549,
          "txt": "pro"
        },
        {
          "si": 5,
          "sti": 6,
          "dti": 84,
          "sco": 39,
          "dco": 553,
          "txt": "Spiel"
        },
        {
          "si": 5,
          "sti": 7,
          "dti": 85,
          "sco": 45,
          "dco": 559,
          "txt": "seit"
        },
        {
          "si": 5,
          "sti": 8,
          "dti": 86,
          "sco": 50,
          "dco": 564,
          "txt": "Beginn"
        },
        {
          "si": 5,
          "sti": 9,
          "dti": 87,
          "sco": 57,
          "dco": 571,
          "txt": "der"
        },
        {
          "si": 5,
          "sti": 10,
          "dti": 88,
          "sco": 61,
          "dco": 575,
          "txt": "diesjaehrigen"
        },
        {
          "si": 5,
          "sti": 11,
          "dti": 89,
          "sco": 75,
          "dco": 589,
          "txt": "Qualifikationsspiele"
        },
        {
          "si": 5,
          "sti": 12,
          "dti": 90,
          "sco": 96,
          "dco": 610,
          "txt": "hatte"
        },
        {
          "si": 5,
          "sti": 13,
          "dti": 91,
          "sco": 102,
          "dco": 616,
          "txt": "die"
        },
        {
          "si": 5,
          "sti": 14,
          "dti": 92,
          "sco": 106,
          "dco": 620,
          "txt": "Tunesier"
        },
        {
          "si": 5,
          "sti": 15,
          "dti": 93,
          "sco": 115,
          "dco": 629,
          "txt": "der"
        },
        {
          "si": 5,
          "sti": 16,
          "dti": 94,
          "sco": 119,
          "dco": 633,
          "txt": "Teilnahme"
        },
        {
          "si": 5,
          "sti": 17,
          "dti": 95,
          "sco": 129,
          "dco": 643,
          "txt": "an"
        },
        {
          "si": 5,
          "sti": 18,
          "dti": 96,
          "sco": 132,
          "dco": 646,
          "txt": "der"
        },
        {
          "si": 5,
          "sti": 19,
          "dti": 97,
          "sco": 136,
          "dco": 650,
          "txt": "FIFA"
        },
        {
          "si": 5,
          "sti": 20,
          "dti": 98,
          "sco": 140,
          "dco": 654,
          "txt": "-"
        },
        {
          "si": 5,
          "sti": 21,
          "dti": 99,
          "sco": 141,
          "dco": 655,
          "txt": "WM"
        },
        {
          "si": 5,
          "sti": 22,
          "dti": 100,
          "sco": 144,
          "dco": 658,
          "txt": "2006"
        },
        {
          "si": 5,
          "sti": 23,
          "dti": 101,
          "sco": 149,
          "dco": 663,
          "txt": "sehr"
        },
        {
          "si": 5,
          "sti": 24,
          "dti": 102,
          "sco": 154,
          "dco": 668,
          "txt": "nahe"
        },
        {
          "si": 5,
          "sti": 25,
          "dti": 103,
          "sco": 159,
          "dco": 673,
          "txt": "gebracht"
        },
        {
          "si": 5,
          "sti": 26,
          "dti": 104,
          "sco": 167,
          "dco": 681,
          "txt": "."
        },
        {
          "si": 6,
          "sti": 0,
          "dti": 105,
          "sco": 0,
          "dco": 683,
          "txt": "Als"
        },
        {
          "si": 6,
          "sti": 1,
          "dti": 106,
          "sco": 4,
          "dco": 687,
          "txt": "Tunesiens"
        },
        {
          "si": 6,
          "sti": 2,
          "dti": 107,
          "sco": 14,
          "dco": 697,
          "txt": "Ausnahmestuermer"
        },
        {
          "si": 6,
          "sti": 3,
          "dti": 108,
          "sco": 31,
          "dco": 714,
          "txt": "Haykel"
        },
        {
          "si": 6,
          "sti": 4,
          "dti": 109,
          "sco": 38,
          "dco": 721,
          "txt": "Guemamdia"
        },
        {
          "si": 6,
          "sti": 5,
          "dti": 110,
          "sco": 48,
          "dco": 731,
          "txt": "dann"
        },
        {
          "si": 6,
          "sti": 6,
          "dti": 111,
          "sco": 53,
          "dco": 736,
          "txt": "nach"
        },
        {
          "si": 6,
          "sti": 7,
          "dti": 112,
          "sco": 58,
          "dco": 741,
          "txt": "nur"
        },
        {
          "si": 6,
          "sti": 8,
          "dti": 113,
          "sco": 62,
          "dco": 745,
          "txt": "zwei"
        },
        {
          "si": 6,
          "sti": 9,
          "dti": 114,
          "sco": 67,
          "dco": 750,
          "txt": "Minuten"
        },
        {
          "si": 6,
          "sti": 10,
          "dti": 115,
          "sco": 75,
          "dco": 758,
          "txt": "wieder"
        },
        {
          "si": 6,
          "sti": 11,
          "dti": 116,
          "sco": 82,
          "dco": 765,
          "txt": "in"
        },
        {
          "si": 6,
          "sti": 12,
          "dti": 117,
          "sco": 85,
          "dco": 768,
          "txt": "die"
        },
        {
          "si": 6,
          "sti": 13,
          "dti": 118,
          "sco": 89,
          "dco": 772,
          "txt": "Maschen"
        },
        {
          "si": 6,
          "sti": 14,
          "dti": 119,
          "sco": 97,
          "dco": 780,
          "txt": "traf"
        },
        {
          "si": 6,
          "sti": 15,
          "dti": 120,
          "sco": 101,
          "dco": 784,
          "txt": ","
        },
        {
          "si": 6,
          "sti": 16,
          "dti": 121,
          "sco": 103,
          "dco": 786,
          "txt": "sah"
        },
        {
          "si": 6,
          "sti": 17,
          "dti": 122,
          "sco": 107,
          "dco": 790,
          "txt": "zunaechst"
        },
        {
          "si": 6,
          "sti": 18,
          "dti": 123,
          "sco": 117,
          "dco": 800,
          "txt": "alles"
        },
        {
          "si": 6,
          "sti": 19,
          "dti": 124,
          "sco": 123,
          "dco": 806,
          "txt": "danach"
        },
        {
          "si": 6,
          "sti": 20,
          "dti": 125,
          "sco": 130,
          "dco": 813,
          "txt": "aus"
        },
        {
          "si": 6,
          "sti": 21,
          "dti": 126,
          "sco": 133,
          "dco": 816,
          "txt": ","
        },
        {
          "si": 6,
          "sti": 22,
          "dti": 127,
          "sco": 135,
          "dco": 818,
          "txt": "als"
        },
        {
          "si": 6,
          "sti": 23,
          "dti": 128,
          "sco": 139,
          "dco": 822,
          "txt": "sollte"
        },
        {
          "si": 6,
          "sti": 24,
          "dti": 129,
          "sco": 146,
          "dco": 829,
          "txt": "die"
        },
        {
          "si": 6,
          "sti": 25,
          "dti": 130,
          "sco": 150,
          "dco": 833,
          "txt": "Mannschaft"
        },
        {
          "si": 6,
          "sti": 26,
          "dti": 131,
          "sco": 161,
          "dco": 844,
          "txt": "diese"
        },
        {
          "si": 6,
          "sti": 27,
          "dti": 132,
          "sco": 167,
          "dco": 850,
          "txt": "erstaunliche"
        },
        {
          "si": 6,
          "sti": 28,
          "dti": 133,
          "sco": 180,
          "dco": 863,
          "txt": "Trefferquote"
        },
        {
          "si": 6,
          "sti": 29,
          "dti": 134,
          "sco": 193,
          "dco": 876,
          "txt": "aufrechterhalten"
        },
        {
          "si": 6,
          "sti": 30,
          "dti": 135,
          "sco": 209,
          "dco": 892,
          "txt": "."
        },
        {
          "si": 7,
          "sti": 0,
          "dti": 136,
          "sco": 0,
          "dco": 894,
          "txt": "Was"
        },
        {
          "si": 7,
          "sti": 1,
          "dti": 137,
          "sco": 4,
          "dco": 898,
          "txt": "fuer"
        },
        {
          "si": 7,
          "sti": 2,
          "dti": 138,
          "sco": 9,
          "dco": 903,
          "txt": "die"
        },
        {
          "si": 7,
          "sti": 3,
          "dti": 139,
          "sco": 13,
          "dco": 907,
          "txt": "Tunesier"
        },
        {
          "si": 7,
          "sti": 4,
          "dti": 140,
          "sco": 22,
          "dco": 916,
          "txt": "im"
        },
        {
          "si": 7,
          "sti": 5,
          "dti": 141,
          "sco": 25,
          "dco": 919,
          "txt": "Vorfeld"
        },
        {
          "si": 7,
          "sti": 6,
          "dti": 142,
          "sco": 33,
          "dco": 927,
          "txt": "als"
        },
        {
          "si": 7,
          "sti": 7,
          "dti": 143,
          "sco": 37,
          "dco": 931,
          "txt": "Routinebegegnung"
        },
        {
          "si": 7,
          "sti": 8,
          "dti": 144,
          "sco": 54,
          "dco": 948,
          "txt": "galt"
        },
        {
          "si": 7,
          "sti": 9,
          "dti": 145,
          "sco": 58,
          "dco": 952,
          "txt": ","
        },
        {
          "si": 7,
          "sti": 10,
          "dti": 146,
          "sco": 60,
          "dco": 954,
          "txt": "sollte"
        },
        {
          "si": 7,
          "sti": 11,
          "dti": 147,
          "sco": 67,
          "dco": 961,
          "txt": "sich"
        },
        {
          "si": 7,
          "sti": 12,
          "dti": 148,
          "sco": 72,
          "dco": 966,
          "txt": "jedoch"
        },
        {
          "si": 7,
          "sti": 13,
          "dti": 149,
          "sco": 79,
          "dco": 973,
          "txt": "im"
        },
        {
          "si": 7,
          "sti": 14,
          "dti": 150,
          "sco": 82,
          "dco": 976,
          "txt": "weiteren"
        },
        {
          "si": 7,
          "sti": 15,
          "dti": 151,
          "sco": 91,
          "dco": 985,
          "txt": "Spielverlauf"
        },
        {
          "si": 7,
          "sti": 16,
          "dti": 152,
          "sco": 104,
          "dco": 998,
          "txt": "als"
        },
        {
          "si": 7,
          "sti": 17,
          "dti": 153,
          "sco": 108,
          "dco": 1002,
          "txt": "hart"
        },
        {
          "si": 7,
          "sti": 18,
          "dti": 154,
          "sco": 113,
          "dco": 1007,
          "txt": "umkaempfte"
        },
        {
          "si": 7,
          "sti": 19,
          "dti": 155,
          "sco": 124,
          "dco": 1018,
          "txt": "Partie"
        },
        {
          "si": 7,
          "sti": 20,
          "dti": 156,
          "sco": 131,
          "dco": 1025,
          "txt": "erweisen"
        },
        {
          "si": 7,
          "sti": 21,
          "dti": 157,
          "sco": 139,
          "dco": 1033,
          "txt": "."
        },
        {
          "si": 8,
          "sti": 0,
          "dti": 158,
          "sco": 0,
          "dco": 1035,
          "txt": "Den"
        },
        {
          "si": 8,
          "sti": 1,
          "dti": 159,
          "sco": 4,
          "dco": 1039,
          "txt": "Tunesiern"
        },
        {
          "si": 8,
          "sti": 2,
          "dti": 160,
          "sco": 14,
          "dco": 1049,
          "txt": "gelang"
        },
        {
          "si": 8,
          "sti": 3,
          "dti": 161,
          "sco": 21,
          "dco": 1056,
          "txt": "es"
        },
        {
          "si": 8,
          "sti": 4,
          "dti": 162,
          "sco": 24,
          "dco": 1059,
          "txt": "hier"
        },
        {
          "si": 8,
          "sti": 5,
          "dti": 163,
          "sco": 29,
          "dco": 1064,
          "txt": "nicht"
        },
        {
          "si": 8,
          "sti": 6,
          "dti": 164,
          "sco": 34,
          "dco": 1069,
          "txt": ","
        },
        {
          "si": 8,
          "sti": 7,
          "dti": 165,
          "sco": 36,
          "dco": 1071,
          "txt": "weitere"
        },
        {
          "si": 8,
          "sti": 8,
          "dti": 166,
          "sco": 44,
          "dco": 1079,
          "txt": "Treffer"
        },
        {
          "si": 8,
          "sti": 9,
          "dti": 167,
          "sco": 52,
          "dco": 1087,
          "txt": "zu"
        },
        {
          "si": 8,
          "sti": 10,
          "dti": 168,
          "sco": 55,
          "dco": 1090,
          "txt": "erzielen"
        },
        {
          "si": 8,
          "sti": 11,
          "dti": 169,
          "sco": 63,
          "dco": 1098,
          "txt": ","
        },
        {
          "si": 8,
          "sti": 12,
          "dti": 170,
          "sco": 65,
          "dco": 1100,
          "txt": "und"
        },
        {
          "si": 8,
          "sti": 13,
          "dti": 171,
          "sco": 69,
          "dco": 1104,
          "txt": "so"
        },
        {
          "si": 8,
          "sti": 14,
          "dti": 172,
          "sco": 72,
          "dco": 1107,
          "txt": "mussten"
        },
        {
          "si": 8,
          "sti": 15,
          "dti": 173,
          "sco": 80,
          "dco": 1115,
          "txt": "sie"
        },
        {
          "si": 8,
          "sti": 16,
          "dti": 174,
          "sco": 84,
          "dco": 1119,
          "txt": "sich"
        },
        {
          "si": 8,
          "sti": 17,
          "dti": 175,
          "sco": 89,
          "dco": 1124,
          "txt": "gegen"
        },
        {
          "si": 8,
          "sti": 18,
          "dti": 176,
          "sco": 95,
          "dco": 1130,
          "txt": "Kenia"
        },
        {
          "si": 8,
          "sti": 19,
          "dti": 177,
          "sco": 101,
          "dco": 1136,
          "txt": "mit"
        },
        {
          "si": 8,
          "sti": 20,
          "dti": 178,
          "sco": 105,
          "dco": 1140,
          "txt": "dem"
        },
        {
          "si": 8,
          "sti": 21,
          "dti": 179,
          "sco": 109,
          "dco": 1144,
          "txt": "knappen"
        },
        {
          "si": 8,
          "sti": 22,
          "dti": 180,
          "sco": 117,
          "dco": 1152,
          "txt": "1"
        },
        {
          "si": 8,
          "sti": 23,
          "dti": 181,
          "sco": 118,
          "dco": 1153,
          "txt": ":"
        },
        {
          "si": 8,
          "sti": 24,
          "dti": 182,
          "sco": 119,
          "dco": 1154,
          "txt": "0"
        },
        {
          "si": 8,
          "sti": 25,
          "dti": 183,
          "sco": 120,
          "dco": 1155,
          "txt": "-"
        },
        {
          "si": 8,
          "sti": 26,
          "dti": 184,
          "sco": 121,
          "dco": 1156,
          "txt": "Erfolg"
        },
        {
          "si": 8,
          "sti": 27,
          "dti": 185,
          "sco": 128,
          "dco": 1163,
          "txt": "zufrieden"
        },
        {
          "si": 8,
          "sti": 28,
          "dti": 186,
          "sco": 138,
          "dco": 1173,
          "txt": "geben"
        },
        {
          "si": 8,
          "sti": 29,
          "dti": 187,
          "sco": 143,
          "dco": 1178,
          "txt": "."
        },
        {
          "si": 9,
          "sti": 0,
          "dti": 188,
          "sco": 0,
          "dco": 1180,
          "txt": "Das"
        },
        {
          "si": 9,
          "sti": 1,
          "dti": 189,
          "sco": 4,
          "dco": 1184,
          "txt": "entscheidende"
        },
        {
          "si": 9,
          "sti": 2,
          "dti": 190,
          "sco": 18,
          "dco": 1198,
          "txt": "war"
        },
        {
          "si": 9,
          "sti": 3,
          "dti": 191,
          "sco": 22,
          "dco": 1202,
          "txt": "jedoch"
        },
        {
          "si": 9,
          "sti": 4,
          "dti": 192,
          "sco": 29,
          "dco": 1209,
          "txt": "der"
        },
        {
          "si": 9,
          "sti": 5,
          "dti": 193,
          "sco": 33,
          "dco": 1213,
          "txt": "Sieg"
        },
        {
          "si": 9,
          "sti": 6,
          "dti": 194,
          "sco": 37,
          "dco": 1217,
          "txt": ","
        },
        {
          "si": 9,
          "sti": 7,
          "dti": 195,
          "sco": 39,
          "dco": 1219,
          "txt": "denn"
        },
        {
          "si": 9,
          "sti": 8,
          "dti": 196,
          "sco": 44,
          "dco": 1224,
          "txt": "die"
        },
        {
          "si": 9,
          "sti": 9,
          "dti": 197,
          "sco": 48,
          "dco": 1228,
          "txt": "drei"
        },
        {
          "si": 9,
          "sti": 10,
          "dti": 198,
          "sco": 53,
          "dco": 1233,
          "txt": "Punkte"
        },
        {
          "si": 9,
          "sti": 11,
          "dti": 199,
          "sco": 60,
          "dco": 1240,
          "txt": "katapultierten"
        },
        {
          "si": 9,
          "sti": 12,
          "dti": 200,
          "sco": 75,
          "dco": 1255,
          "txt": "Tunesien"
        },
        {
          "si": 9,
          "sti": 13,
          "dti": 201,
          "sco": 84,
          "dco": 1264,
          "txt": "auch"
        },
        {
          "si": 9,
          "sti": 14,
          "dti": 202,
          "sco": 89,
          "dco": 1269,
          "txt": "ohne"
        },
        {
          "si": 9,
          "sti": 15,
          "dti": 203,
          "sco": 94,
          "dco": 1274,
          "txt": "Schuetzenfest"
        },
        {
          "si": 9,
          "sti": 16,
          "dti": 204,
          "sco": 108,
          "dco": 1288,
          "txt": "an"
        },
        {
          "si": 9,
          "sti": 17,
          "dti": 205,
          "sco": 111,
          "dco": 1291,
          "txt": "die"
        },
        {
          "si": 9,
          "sti": 18,
          "dti": 206,
          "sco": 115,
          "dco": 1295,
          "txt": "Tabellenspitze"
        },
        {
          "si": 9,
          "sti": 19,
          "dti": 207,
          "sco": 129,
          "dco": 1309,
          "txt": ","
        },
        {
          "si": 9,
          "sti": 20,
          "dti": 208,
          "sco": 131,
          "dco": 1311,
          "txt": "und"
        },
        {
          "si": 9,
          "sti": 21,
          "dti": 209,
          "sco": 135,
          "dco": 1315,
          "txt": "es"
        },
        {
          "si": 9,
          "sti": 22,
          "dti": 210,
          "sco": 138,
          "dco": 1318,
          "txt": "stehen"
        },
        {
          "si": 9,
          "sti": 23,
          "dti": 211,
          "sco": 145,
          "dco": 1325,
          "txt": "nur"
        },
        {
          "si": 9,
          "sti": 24,
          "dti": 212,
          "sco": 149,
          "dco": 1329,
          "txt": "noch"
        },
        {
          "si": 9,
          "sti": 25,
          "dti": 213,
          "sco": 154,
          "dco": 1334,
          "txt": "zwei"
        },
        {
          "si": 9,
          "sti": 26,
          "dti": 214,
          "sco": 159,
          "dco": 1339,
          "txt": "Spieltage"
        },
        {
          "si": 9,
          "sti": 27,
          "dti": 215,
          "sco": 169,
          "dco": 1349,
          "txt": "aus"
        },
        {
          "si": 9,
          "sti": 28,
          "dti": 216,
          "sco": 172,
          "dco": 1352,
          "txt": "."
        },
        {
          "si": 10,
          "sti": 0,
          "dti": 217,
          "sco": 0,
          "dco": 1354,
          "txt": "Tunesien"
        },
        {
          "si": 10,
          "sti": 1,
          "dti": 218,
          "sco": 9,
          "dco": 1363,
          "txt": "fuehrt"
        },
        {
          "si": 10,
          "sti": 2,
          "dti": 219,
          "sco": 16,
          "dco": 1370,
          "txt": "die"
        },
        {
          "si": 10,
          "sti": 3,
          "dti": 220,
          "sco": 20,
          "dco": 1374,
          "txt": "Gruppe"
        },
        {
          "si": 10,
          "sti": 4,
          "dti": 221,
          "sco": 27,
          "dco": 1381,
          "txt": "5"
        },
        {
          "si": 10,
          "sti": 5,
          "dti": 222,
          "sco": 29,
          "dco": 1383,
          "txt": "der"
        },
        {
          "si": 10,
          "sti": 6,
          "dti": 223,
          "sco": 33,
          "dco": 1387,
          "txt": "Afrika"
        },
        {
          "si": 10,
          "sti": 7,
          "dti": 224,
          "sco": 39,
          "dco": 1393,
          "txt": "-"
        },
        {
          "si": 10,
          "sti": 8,
          "dti": 225,
          "sco": 40,
          "dco": 1394,
          "txt": "Zone"
        },
        {
          "si": 10,
          "sti": 9,
          "dti": 226,
          "sco": 45,
          "dco": 1399,
          "txt": "jetzt"
        },
        {
          "si": 10,
          "sti": 10,
          "dti": 227,
          "sco": 51,
          "dco": 1405,
          "txt": "mit"
        },
        {
          "si": 10,
          "sti": 11,
          "dti": 228,
          "sco": 55,
          "dco": 1409,
          "txt": "einem"
        },
        {
          "si": 10,
          "sti": 12,
          "dti": 229,
          "sco": 61,
          "dco": 1415,
          "txt": "Punkt"
        },
        {
          "si": 10,
          "sti": 13,
          "dti": 230,
          "sco": 67,
          "dco": 1421,
          "txt": "Vorsprung"
        },
        {
          "si": 10,
          "sti": 14,
          "dti": 231,
          "sco": 77,
          "dco": 1431,
          "txt": "vor"
        },
        {
          "si": 10,
          "sti": 15,
          "dti": 232,
          "sco": 81,
          "dco": 1435,
          "txt": "Marokko"
        },
        {
          "si": 10,
          "sti": 16,
          "dti": 233,
          "sco": 89,
          "dco": 1443,
          "txt": "an"
        },
        {
          "si": 10,
          "sti": 17,
          "dti": 234,
          "sco": 92,
          "dco": 1446,
          "txt": "und"
        },
        {
          "si": 10,
          "sti": 18,
          "dti": 235,
          "sco": 96,
          "dco": 1450,
          "txt": "kann"
        },
        {
          "si": 10,
          "sti": 19,
          "dti": 236,
          "sco": 101,
          "dco": 1455,
          "txt": "sich"
        },
        {
          "si": 10,
          "sti": 20,
          "dti": 237,
          "sco": 106,
          "dco": 1460,
          "txt": "mittlerweile"
        },
        {
          "si": 10,
          "sti": 21,
          "dti": 238,
          "sco": 119,
          "dco": 1473,
          "txt": "grosse"
        },
        {
          "si": 10,
          "sti": 22,
          "dti": 239,
          "sco": 126,
          "dco": 1480,
          "txt": "Hoffnungen"
        },
        {
          "si": 10,
          "sti": 23,
          "dti": 240,
          "sco": 137,
          "dco": 1491,
          "txt": "auf"
        },
        {
          "si": 10,
          "sti": 24,
          "dti": 241,
          "sco": 141,
          "dco": 1495,
          "txt": "einen"
        },
        {
          "si": 10,
          "sti": 25,
          "dti": 242,
          "sco": 147,
          "dco": 1501,
          "txt": "Endrunden"
        },
        {
          "si": 10,
          "sti": 26,
          "dti": 243,
          "sco": 156,
          "dco": 1510,
          "txt": "-"
        },
        {
          "si": 10,
          "sti": 27,
          "dti": 244,
          "sco": 157,
          "dco": 1511,
          "txt": "Startplatz"
        },
        {
          "si": 10,
          "sti": 28,
          "dti": 245,
          "sco": 168,
          "dco": 1522,
          "txt": "in"
        },
        {
          "si": 10,
          "sti": 29,
          "dti": 246,
          "sco": 171,
          "dco": 1525,
          "txt": "Deutschland"
        },
        {
          "si": 10,
          "sti": 30,
          "dti": 247,
          "sco": 183,
          "dco": 1537,
          "txt": "machen"
        },
        {
          "si": 10,
          "sti": 31,
          "dti": 248,
          "sco": 189,
          "dco": 1543,
          "txt": "."
        },
        {
          "si": 11,
          "sti": 0,
          "dti": 249,
          "sco": 0,
          "dco": 1545,
          "txt": "Tunesien"
        },
        {
          "si": 11,
          "sti": 1,
          "dti": 250,
          "sco": 9,
          "dco": 1554,
          "txt": "muss"
        },
        {
          "si": 11,
          "sti": 2,
          "dti": 251,
          "sco": 14,
          "dco": 1559,
          "txt": "am"
        },
        {
          "si": 11,
          "sti": 3,
          "dti": 252,
          "sco": 17,
          "dco": 1562,
          "txt": "3"
        },
        {
          "si": 11,
          "sti": 4,
          "dti": 253,
          "sco": 18,
          "dco": 1563,
          "txt": "."
        },
        {
          "si": 12,
          "sti": 0,
          "dti": 254,
          "sco": 0,
          "dco": 1565,
          "txt": "September"
        },
        {
          "si": 12,
          "sti": 1,
          "dti": 255,
          "sco": 10,
          "dco": 1575,
          "txt": "in"
        },
        {
          "si": 12,
          "sti": 2,
          "dti": 256,
          "sco": 13,
          "dco": 1578,
          "txt": "Nairobi"
        },
        {
          "si": 12,
          "sti": 3,
          "dti": 257,
          "sco": 21,
          "dco": 1586,
          "txt": "erneut"
        },
        {
          "si": 12,
          "sti": 4,
          "dti": 258,
          "sco": 28,
          "dco": 1593,
          "txt": "gegen"
        },
        {
          "si": 12,
          "sti": 5,
          "dti": 259,
          "sco": 34,
          "dco": 1599,
          "txt": "Kenia"
        },
        {
          "si": 12,
          "sti": 6,
          "dti": 260,
          "sco": 40,
          "dco": 1605,
          "txt": "antreten"
        },
        {
          "si": 12,
          "sti": 7,
          "dti": 261,
          "sco": 48,
          "dco": 1613,
          "txt": "."
        },
        {
          "si": 13,
          "sti": 0,
          "dti": 262,
          "sco": 0,
          "dco": 1615,
          "txt": "Bei"
        },
        {
          "si": 13,
          "sti": 1,
          "dti": 263,
          "sco": 4,
          "dco": 1619,
          "txt": "einem"
        },
        {
          "si": 13,
          "sti": 2,
          "dti": 264,
          "sco": 10,
          "dco": 1625,
          "txt": "Auswaertssieg"
        },
        {
          "si": 13,
          "sti": 3,
          "dti": 265,
          "sco": 24,
          "dco": 1639,
          "txt": "wuerde"
        },
        {
          "si": 13,
          "sti": 4,
          "dti": 266,
          "sco": 31,
          "dco": 1646,
          "txt": "der"
        },
        {
          "si": 13,
          "sti": 5,
          "dti": 267,
          "sco": 35,
          "dco": 1650,
          "txt": "von"
        },
        {
          "si": 13,
          "sti": 6,
          "dti": 268,
          "sco": 39,
          "dco": 1654,
          "txt": "Roger"
        },
        {
          "si": 13,
          "sti": 7,
          "dti": 269,
          "sco": 45,
          "dco": 1660,
          "txt": "Lemerre"
        },
        {
          "si": 13,
          "sti": 8,
          "dti": 270,
          "sco": 53,
          "dco": 1668,
          "txt": "trainierten"
        },
        {
          "si": 13,
          "sti": 9,
          "dti": 271,
          "sco": 65,
          "dco": 1680,
          "txt": "Mannschaft"
        },
        {
          "si": 13,
          "sti": 10,
          "dti": 272,
          "sco": 76,
          "dco": 1691,
          "txt": "im"
        },
        {
          "si": 13,
          "sti": 11,
          "dti": 273,
          "sco": 79,
          "dco": 1694,
          "txt": "letzten"
        },
        {
          "si": 13,
          "sti": 12,
          "dti": 274,
          "sco": 87,
          "dco": 1702,
          "txt": "Gruppenspiel"
        },
        {
          "si": 13,
          "sti": 13,
          "dti": 275,
          "sco": 100,
          "dco": 1715,
          "txt": "gegen"
        },
        {
          "si": 13,
          "sti": 14,
          "dti": 276,
          "sco": 106,
          "dco": 1721,
          "txt": "Marokko"
        },
        {
          "si": 13,
          "sti": 15,
          "dti": 277,
          "sco": 114,
          "dco": 1729,
          "txt": "ein"
        },
        {
          "si": 13,
          "sti": 16,
          "dti": 278,
          "sco": 118,
          "dco": 1733,
          "txt": "Punkt"
        },
        {
          "si": 13,
          "sti": 17,
          "dti": 279,
          "sco": 124,
          "dco": 1739,
          "txt": "ausreichen"
        },
        {
          "si": 13,
          "sti": 18,
          "dti": 280,
          "sco": 134,
          "dco": 1749,
          "txt": ","
        },
        {
          "si": 13,
          "sti": 19,
          "dti": 281,
          "sco": 136,
          "dco": 1751,
          "txt": "um"
        },
        {
          "si": 13,
          "sti": 20,
          "dti": 282,
          "sco": 139,
          "dco": 1754,
          "txt": "zum"
        },
        {
          "si": 13,
          "sti": 21,
          "dti": 283,
          "sco": 143,
          "dco": 1758,
          "txt": "dritten"
        },
        {
          "si": 13,
          "sti": 22,
          "dti": 284,
          "sco": 151,
          "dco": 1766,
          "txt": "Mal"
        },
        {
          "si": 13,
          "sti": 23,
          "dti": 285,
          "sco": 155,
          "dco": 1770,
          "txt": "in"
        },
        {
          "si": 13,
          "sti": 24,
          "dti": 286,
          "sco": 158,
          "dco": 1773,
          "txt": "Folge"
        },
        {
          "si": 13,
          "sti": 25,
          "dti": 287,
          "sco": 164,
          "dco": 1779,
          "txt": "bei"
        },
        {
          "si": 13,
          "sti": 26,
          "dti": 288,
          "sco": 168,
          "dco": 1783,
          "txt": "einer"
        },
        {
          "si": 13,
          "sti": 27,
          "dti": 289,
          "sco": 174,
          "dco": 1789,
          "txt": "WM"
        },
        {
          "si": 13,
          "sti": 28,
          "dti": 290,
          "sco": 176,
          "dco": 1791,
          "txt": "-"
        },
        {
          "si": 13,
          "sti": 29,
          "dti": 291,
          "sco": 177,
          "dco": 1792,
          "txt": "Endrunde"
        },
        {
          "si": 13,
          "sti": 30,
          "dti": 292,
          "sco": 186,
          "dco": 1801,
          "txt": "dabei"
        },
        {
          "si": 13,
          "sti": 31,
          "dti": 293,
          "sco": 192,
          "dco": 1807,
          "txt": "zu"
        },
        {
          "si": 13,
          "sti": 32,
          "dti": 294,
          "sco": 195,
          "dco": 1810,
          "txt": "sein"
        },
        {
          "si": 13,
          "sti": 33,
          "dti": 295,
          "sco": 199,
          "dco": 1814,
          "txt": "."
        },
        {
          "si": 14,
          "sti": 0,
          "dti": 296,
          "sco": 0,
          "dco": 1816,
          "txt": "Der"
        },
        {
          "si": 14,
          "sti": 1,
          "dti": 297,
          "sco": 4,
          "dco": 1820,
          "txt": "Sudan"
        },
        {
          "si": 14,
          "sti": 2,
          "dti": 298,
          "sco": 10,
          "dco": 1826,
          "txt": "hatte"
        },
        {
          "si": 14,
          "sti": 3,
          "dti": 299,
          "sco": 16,
          "dco": 1832,
          "txt": "endlich"
        },
        {
          "si": 14,
          "sti": 4,
          "dti": 300,
          "sco": 24,
          "dco": 1840,
          "txt": "sein"
        },
        {
          "si": 14,
          "sti": 5,
          "dti": 301,
          "sco": 29,
          "dco": 1845,
          "txt": "erstes"
        },
        {
          "si": 14,
          "sti": 6,
          "dti": 302,
          "sco": 36,
          "dco": 1852,
          "txt": "Erfolgserlebnis"
        },
        {
          "si": 14,
          "sti": 7,
          "dti": 303,
          "sco": 52,
          "dco": 1868,
          "txt": "in"
        },
        {
          "si": 14,
          "sti": 8,
          "dti": 304,
          "sco": 55,
          "dco": 1871,
          "txt": "der"
        },
        {
          "si": 14,
          "sti": 9,
          "dti": 305,
          "sco": 59,
          "dco": 1875,
          "txt": "Gruppe"
        },
        {
          "si": 14,
          "sti": 10,
          "dti": 306,
          "sco": 66,
          "dco": 1882,
          "txt": "4"
        },
        {
          "si": 14,
          "sti": 11,
          "dti": 307,
          "sco": 67,
          "dco": 1883,
          "txt": "."
        },
        {
          "si": 15,
          "sti": 0,
          "dti": 308,
          "sco": 0,
          "dco": 1885,
          "txt": "Die"
        },
        {
          "si": 15,
          "sti": 1,
          "dti": 309,
          "sco": 4,
          "dco": 1889,
          "txt": "Mannschaft"
        },
        {
          "si": 15,
          "sti": 2,
          "dti": 310,
          "sco": 15,
          "dco": 1900,
          "txt": "sicherte"
        },
        {
          "si": 15,
          "sti": 3,
          "dti": 311,
          "sco": 24,
          "dco": 1909,
          "txt": "sich"
        },
        {
          "si": 15,
          "sti": 4,
          "dti": 312,
          "sco": 29,
          "dco": 1914,
          "txt": "den"
        },
        {
          "si": 15,
          "sti": 5,
          "dti": 313,
          "sco": 33,
          "dco": 1918,
          "txt": "ersten"
        },
        {
          "si": 15,
          "sti": 6,
          "dti": 314,
          "sco": 40,
          "dco": 1925,
          "txt": "Sieg"
        },
        {
          "si": 15,
          "sti": 7,
          "dti": 315,
          "sco": 45,
          "dco": 1930,
          "txt": "in"
        },
        {
          "si": 15,
          "sti": 8,
          "dti": 316,
          "sco": 48,
          "dco": 1933,
          "txt": "der"
        },
        {
          "si": 15,
          "sti": 9,
          "dti": 317,
          "sco": 52,
          "dco": 1937,
          "txt": "Gruppenrunde"
        },
        {
          "si": 15,
          "sti": 10,
          "dti": 318,
          "sco": 65,
          "dco": 1950,
          "txt": "und"
        },
        {
          "si": 15,
          "sti": 11,
          "dti": 319,
          "sco": 69,
          "dco": 1954,
          "txt": "konnte"
        },
        {
          "si": 15,
          "sti": 12,
          "dti": 320,
          "sco": 76,
          "dco": 1961,
          "txt": "sich"
        },
        {
          "si": 15,
          "sti": 13,
          "dti": 321,
          "sco": 81,
          "dco": 1966,
          "txt": "damit"
        },
        {
          "si": 15,
          "sti": 14,
          "dti": 322,
          "sco": 87,
          "dco": 1972,
          "txt": "etwas"
        },
        {
          "si": 15,
          "sti": 15,
          "dti": 323,
          "sco": 93,
          "dco": 1978,
          "txt": "vom"
        },
        {
          "si": 15,
          "sti": 16,
          "dti": 324,
          "sco": 97,
          "dco": 1982,
          "txt": "Tabellenende"
        },
        {
          "si": 15,
          "sti": 17,
          "dti": 325,
          "sco": 110,
          "dco": 1995,
          "txt": "absetzen"
        },
        {
          "si": 15,
          "sti": 18,
          "dti": 326,
          "sco": 118,
          "dco": 2003,
          "txt": "."
        },
        {
          "si": 16,
          "sti": 0,
          "dti": 327,
          "sco": 0,
          "dco": 2005,
          "txt": "Das"
        },
        {
          "si": 16,
          "sti": 1,
          "dti": 328,
          "sco": 4,
          "dco": 2009,
          "txt": "Schlusslicht"
        },
        {
          "si": 16,
          "sti": 2,
          "dti": 329,
          "sco": 17,
          "dco": 2022,
          "txt": "bildet"
        },
        {
          "si": 16,
          "sti": 3,
          "dti": 330,
          "sco": 24,
          "dco": 2029,
          "txt": "das"
        },
        {
          "si": 16,
          "sti": 4,
          "dti": 331,
          "sco": 28,
          "dco": 2033,
          "txt": "Team"
        },
        {
          "si": 16,
          "sti": 5,
          "dti": 332,
          "sco": 33,
          "dco": 2038,
          "txt": "aus"
        },
        {
          "si": 16,
          "sti": 6,
          "dti": 333,
          "sco": 37,
          "dco": 2042,
          "txt": "Benin"
        },
        {
          "si": 16,
          "sti": 7,
          "dti": 334,
          "sco": 42,
          "dco": 2047,
          "txt": "."
        },
        {
          "si": 17,
          "sti": 0,
          "dti": 335,
          "sco": 0,
          "dco": 2049,
          "txt": "Im"
        },
        {
          "si": 17,
          "sti": 1,
          "dti": 336,
          "sco": 3,
          "dco": 2052,
          "txt": "einzigen"
        },
        {
          "si": 17,
          "sti": 2,
          "dti": 337,
          "sco": 12,
          "dco": 2061,
          "txt": "weiteren"
        },
        {
          "si": 17,
          "sti": 3,
          "dti": 338,
          "sco": 21,
          "dco": 2070,
          "txt": "Qualifikationsspiel"
        },
        {
          "si": 17,
          "sti": 4,
          "dti": 339,
          "sco": 41,
          "dco": 2090,
          "txt": "der"
        },
        {
          "si": 17,
          "sti": 5,
          "dti": 340,
          "sco": 45,
          "dco": 2094,
          "txt": "Afrika"
        },
        {
          "si": 17,
          "sti": 6,
          "dti": 341,
          "sco": 51,
          "dco": 2100,
          "txt": "-"
        },
        {
          "si": 17,
          "sti": 7,
          "dti": 342,
          "sco": 52,
          "dco": 2101,
          "txt": "Zone"
        },
        {
          "si": 17,
          "sti": 8,
          "dti": 343,
          "sco": 57,
          "dco": 2106,
          "txt": "erzielte"
        },
        {
          "si": 17,
          "sti": 9,
          "dti": 344,
          "sco": 66,
          "dco": 2115,
          "txt": "Haitham"
        },
        {
          "si": 17,
          "sti": 10,
          "dti": 345,
          "sco": 74,
          "dco": 2123,
          "txt": "Tambal"
        },
        {
          "si": 17,
          "sti": 11,
          "dti": 346,
          "sco": 81,
          "dco": 2130,
          "txt": "in"
        },
        {
          "si": 17,
          "sti": 12,
          "dti": 347,
          "sco": 84,
          "dco": 2133,
          "txt": "der"
        },
        {
          "si": 17,
          "sti": 13,
          "dti": 348,
          "sco": 88,
          "dco": 2137,
          "txt": "ersten"
        },
        {
          "si": 17,
          "sti": 14,
          "dti": 349,
          "sco": 95,
          "dco": 2144,
          "txt": "Halbzeit"
        },
        {
          "si": 17,
          "sti": 15,
          "dti": 350,
          "sco": 104,
          "dco": 2153,
          "txt": "das"
        },
        {
          "si": 17,
          "sti": 16,
          "dti": 351,
          "sco": 108,
          "dco": 2157,
          "txt": "entscheidende"
        },
        {
          "si": 17,
          "sti": 17,
          "dti": 352,
          "sco": 122,
          "dco": 2171,
          "txt": "Tor"
        },
        {
          "si": 17,
          "sti": 18,
          "dti": 353,
          "sco": 126,
          "dco": 2175,
          "txt": "und"
        },
        {
          "si": 17,
          "sti": 19,
          "dti": 354,
          "sco": 130,
          "dco": 2179,
          "txt": "fuhr"
        },
        {
          "si": 17,
          "sti": 20,
          "dti": 355,
          "sco": 135,
          "dco": 2184,
          "txt": "damit"
        },
        {
          "si": 17,
          "sti": 21,
          "dti": 356,
          "sco": 141,
          "dco": 2190,
          "txt": "den"
        },
        {
          "si": 17,
          "sti": 22,
          "dti": 357,
          "sco": 145,
          "dco": 2194,
          "txt": "Sieg"
        },
        {
          "si": 17,
          "sti": 23,
          "dti": 358,
          "sco": 150,
          "dco": 2199,
          "txt": "fuer"
        },
        {
          "si": 17,
          "sti": 24,
          "dti": 359,
          "sco": 155,
          "dco": 2204,
          "txt": "den"
        },
        {
          "si": 17,
          "sti": 25,
          "dti": 360,
          "sco": 159,
          "dco": 2208,
          "txt": "Sudan"
        },
        {
          "si": 17,
          "sti": 26,
          "dti": 361,
          "sco": 165,
          "dco": 2214,
          "txt": "ein"
        },
        {
          "si": 17,
          "sti": 27,
          "dti": 362,
          "sco": 168,
          "dco": 2217,
          "txt": "."
        },
        {
          "si": 18,
          "sti": 0,
          "dti": 363,
          "sco": 0,
          "dco": 2219,
          "txt": "Damit"
        },
        {
          "si": 18,
          "sti": 1,
          "dti": 364,
          "sco": 6,
          "dco": 2225,
          "txt": "rangieren"
        },
        {
          "si": 18,
          "sti": 2,
          "dti": 365,
          "sco": 16,
          "dco": 2235,
          "txt": "die"
        },
        {
          "si": 18,
          "sti": 3,
          "dti": 366,
          "sco": 20,
          "dco": 2239,
          "txt": "Sudanesen"
        },
        {
          "si": 18,
          "sti": 4,
          "dti": 367,
          "sco": 30,
          "dco": 2249,
          "txt": "nun"
        },
        {
          "si": 18,
          "sti": 5,
          "dti": 368,
          "sco": 34,
          "dco": 2253,
          "txt": "mit"
        },
        {
          "si": 18,
          "sti": 6,
          "dti": 369,
          "sco": 38,
          "dco": 2257,
          "txt": "fuenf"
        },
        {
          "si": 18,
          "sti": 7,
          "dti": 370,
          "sco": 44,
          "dco": 2263,
          "txt": "Punkten"
        },
        {
          "si": 18,
          "sti": 8,
          "dti": 371,
          "sco": 52,
          "dco": 2271,
          "txt": "auf"
        },
        {
          "si": 18,
          "sti": 9,
          "dti": 372,
          "sco": 56,
          "dco": 2275,
          "txt": "dem"
        },
        {
          "si": 18,
          "sti": 10,
          "dti": 373,
          "sco": 60,
          "dco": 2279,
          "txt": "vorletzten"
        },
        {
          "si": 18,
          "sti": 11,
          "dti": 374,
          "sco": 71,
          "dco": 2290,
          "txt": "Tabellenplatz"
        },
        {
          "si": 18,
          "sti": 12,
          "dti": 375,
          "sco": 84,
          "dco": 2303,
          "txt": "."
        },
        {
          "si": 19,
          "sti": 0,
          "dti": 376,
          "sco": 0,
          "dco": 2305,
          "txt": "Dieser"
        },
        {
          "si": 19,
          "sti": 1,
          "dti": 377,
          "sco": 7,
          "dco": 2312,
          "txt": "Erfolg"
        },
        {
          "si": 19,
          "sti": 2,
          "dti": 378,
          "sco": 14,
          "dco": 2319,
          "txt": "konnte"
        },
        {
          "si": 19,
          "sti": 3,
          "dti": 379,
          "sco": 21,
          "dco": 2326,
          "txt": "sie"
        },
        {
          "si": 19,
          "sti": 4,
          "dti": 380,
          "sco": 25,
          "dco": 2330,
          "txt": "sicherlich"
        },
        {
          "si": 19,
          "sti": 5,
          "dti": 381,
          "sco": 36,
          "dco": 2341,
          "txt": "etwas"
        },
        {
          "si": 19,
          "sti": 6,
          "dti": 382,
          "sco": 42,
          "dco": 2347,
          "txt": "ueber"
        },
        {
          "si": 19,
          "sti": 7,
          "dti": 383,
          "sco": 48,
          "dco": 2353,
          "txt": "die"
        },
        {
          "si": 19,
          "sti": 8,
          "dti": 384,
          "sco": 52,
          "dco": 2357,
          "txt": "bittere"
        },
        {
          "si": 19,
          "sti": 9,
          "dti": 385,
          "sco": 60,
          "dco": 2365,
          "txt": "1"
        },
        {
          "si": 19,
          "sti": 10,
          "dti": 386,
          "sco": 61,
          "dco": 2366,
          "txt": ":"
        },
        {
          "si": 19,
          "sti": 11,
          "dti": 387,
          "sco": 62,
          "dco": 2367,
          "txt": "6"
        },
        {
          "si": 19,
          "sti": 12,
          "dti": 388,
          "sco": 63,
          "dco": 2368,
          "txt": "-"
        },
        {
          "si": 19,
          "sti": 13,
          "dti": 389,
          "sco": 64,
          "dco": 2369,
          "txt": "Niederlage"
        },
        {
          "si": 19,
          "sti": 14,
          "dti": 390,
          "sco": 75,
          "dco": 2380,
          "txt": "im"
        },
        {
          "si": 19,
          "sti": 15,
          "dti": 391,
          "sco": 78,
          "dco": 2383,
          "txt": "letzten"
        },
        {
          "si": 19,
          "sti": 16,
          "dti": 392,
          "sco": 86,
          "dco": 2391,
          "txt": "Qualifikationsspiel"
        },
        {
          "si": 19,
          "sti": 17,
          "dti": 393,
          "sco": 106,
          "dco": 2411,
          "txt": "gegen"
        },
        {
          "si": 19,
          "sti": 18,
          "dti": 394,
          "sco": 112,
          "dco": 2417,
          "txt": "Aegypten"
        },
        {
          "si": 19,
          "sti": 19,
          "dti": 395,
          "sco": 121,
          "dco": 2426,
          "txt": "hinwegtroesten"
        },
        {
          "si": 19,
          "sti": 20,
          "dti": 396,
          "sco": 135,
          "dco": 2440,
          "txt": "."
        },
        {
          "si": 20,
          "sti": 0,
          "dti": 397,
          "sco": 0,
          "dco": 2442,
          "txt": "Das"
        },
        {
          "si": 20,
          "sti": 1,
          "dti": 398,
          "sco": 4,
          "dco": 2446,
          "txt": "Ergebnis"
        },
        {
          "si": 20,
          "sti": 2,
          "dti": 399,
          "sco": 13,
          "dco": 2455,
          "txt": "stellte"
        },
        {
          "si": 20,
          "sti": 3,
          "dti": 400,
          "sco": 21,
          "dco": 2463,
          "txt": "jedoch"
        },
        {
          "si": 20,
          "sti": 4,
          "dti": 401,
          "sco": 28,
          "dco": 2470,
          "txt": "gleichzeitig"
        },
        {
          "si": 20,
          "sti": 5,
          "dti": 402,
          "sco": 41,
          "dco": 2483,
          "txt": "die"
        },
        {
          "si": 20,
          "sti": 6,
          "dti": 403,
          "sco": 45,
          "dco": 2487,
          "txt": "dritte"
        },
        {
          "si": 20,
          "sti": 7,
          "dti": 404,
          "sco": 52,
          "dco": 2494,
          "txt": "Niederlage"
        },
        {
          "si": 20,
          "sti": 8,
          "dti": 405,
          "sco": 63,
          "dco": 2505,
          "txt": "in"
        },
        {
          "si": 20,
          "sti": 9,
          "dti": 406,
          "sco": 66,
          "dco": 2508,
          "txt": "Folge"
        },
        {
          "si": 20,
          "sti": 10,
          "dti": 407,
          "sco": 72,
          "dco": 2514,
          "txt": "fuer"
        },
        {
          "si": 20,
          "sti": 11,
          "dti": 408,
          "sco": 77,
          "dco": 2519,
          "txt": "Benin"
        },
        {
          "si": 20,
          "sti": 12,
          "dti": 409,
          "sco": 83,
          "dco": 2525,
          "txt": "dar"
        },
        {
          "si": 20,
          "sti": 13,
          "dti": 410,
          "sco": 86,
          "dco": 2528,
          "txt": ","
        },
        {
          "si": 20,
          "sti": 14,
          "dti": 411,
          "sco": 88,
          "dco": 2530,
          "txt": "das"
        },
        {
          "si": 20,
          "sti": 15,
          "dti": 412,
          "sco": 92,
          "dco": 2534,
          "txt": "zum"
        },
        {
          "si": 20,
          "sti": 16,
          "dti": 413,
          "sco": 96,
          "dco": 2538,
          "txt": "ersten"
        },
        {
          "si": 20,
          "sti": 17,
          "dti": 414,
          "sco": 103,
          "dco": 2545,
          "txt": "Mal"
        },
        {
          "si": 20,
          "sti": 18,
          "dti": 415,
          "sco": 107,
          "dco": 2549,
          "txt": "unter"
        },
        {
          "si": 20,
          "sti": 19,
          "dti": 416,
          "sco": 113,
          "dco": 2555,
          "txt": "dem"
        },
        {
          "si": 20,
          "sti": 20,
          "dti": 417,
          "sco": 117,
          "dco": 2559,
          "txt": "neuen"
        },
        {
          "si": 20,
          "sti": 21,
          "dti": 418,
          "sco": 123,
          "dco": 2565,
          "txt": "Trainer"
        },
        {
          "si": 20,
          "sti": 22,
          "dti": 419,
          "sco": 131,
          "dco": 2573,
          "txt": "Edme"
        },
        {
          "si": 20,
          "sti": 23,
          "dti": 420,
          "sco": 136,
          "dco": 2578,
          "txt": "Codjo"
        },
        {
          "si": 20,
          "sti": 24,
          "dti": 421,
          "sco": 142,
          "dco": 2584,
          "txt": "antrat"
        },
        {
          "si": 20,
          "sti": 25,
          "dti": 422,
          "sco": 148,
          "dco": 2590,
          "txt": ","
        },
        {
          "si": 20,
          "sti": 26,
          "dti": 423,
          "sco": 150,
          "dco": 2592,
          "txt": "der"
        },
        {
          "si": 20,
          "sti": 27,
          "dti": 424,
          "sco": 154,
          "dco": 2596,
          "txt": "den"
        },
        {
          "si": 20,
          "sti": 28,
          "dti": 425,
          "sco": 158,
          "dco": 2600,
          "txt": "Franzosen"
        },
        {
          "si": 20,
          "sti": 29,
          "dti": 426,
          "sco": 168,
          "dco": 2610,
          "txt": "Serge"
        },
        {
          "si": 20,
          "sti": 30,
          "dti": 427,
          "sco": 174,
          "dco": 2616,
          "txt": "Deveze"
        },
        {
          "si": 20,
          "sti": 31,
          "dti": 428,
          "sco": 181,
          "dco": 2623,
          "txt": "abgeloest"
        },
        {
          "si": 20,
          "sti": 32,
          "dti": 429,
          "sco": 191,
          "dco": 2633,
          "txt": "hatte"
        },
        {
          "si": 20,
          "sti": 33,
          "dti": 430,
          "sco": 196,
          "dco": 2638,
          "txt": "."
        }
      ]
    },
    "ganns": {
      "dla": [],
      "la": [],
      "ea": [],
      "eta": [
        {
          "ra": {
            "ea": {
              "etn": "Goal"
            }
          },
          "sfs": [
            [
              {
                "stn": "scoreTeamB"
              },
              {
                "ea": {
                  "etn": "0"
                }
              }
            ],
            [
              {
                "stn": "forTeam"
              },
              {
                "ea": {
                  "etn": "Tunesien"
                }
              }
            ],
            [
              {
                "stn": "scoreTeamA"
              },
              {
                "ea": {
                  "etn": "1"
                }
              }
            ],
            [
              {
                "stn": "minute"
              },
              {
                "ea": {
                  "etn": "2"
                }
              }
            ],
            [
              {
                "stn": "scorer"
              },
              {
                "ea": {
                  "etn": "Guemamdia Haykel"
                }
              }
            ]
          ],
          "mfs": {}
        },
        {
          "ra": {
            "ea": {
              "etn": "YellowCard"
            }
          },
          "sfs": [
            [
              {
                "stn": "cardForTeam"
              },
              {
                "ea": {
                  "etn": "Kenia"
                }
              }
            ],
            [
              {
                "stn": "cardMinute"
              },
              {
                "ea": {
                  "etn": "49"
                }
              }
            ],
            [
              {
                "stn": "player"
              },
              {
                "ea": {
                  "etn": "Orodi Evans"
                }
              }
            ]
          ],
          "mfs": {}
        },
        {
          "ra": {
            "ea": {
              "etn": "YellowCard"
            }
          },
          "sfs": [
            [
              {
                "stn": "cardForTeam"
              },
              {
                "ea": {
                  "etn": "Kenia"
                }
              }
            ],
            [
              {
                "stn": "cardMinute"
              },
              {
                "ea": {
                  "etn": "52"
                }
              }
            ],
            [
              {
                "stn": "player"
              },
              {
                "ea": {
                  "etn": "Mwalala Bernard"
                }
              }
            ]
          ],
          "mfs": {}
        },
        {
          "ra": {
            "ea": {
              "etn": "YellowCard"
            }
          },
          "sfs": [
            [
              {
                "stn": "cardForTeam"
              },
              {
                "ea": {
                  "etn": "Tunesien"
                }
              }
            ],
            [
              {
                "stn": "cardMinute"
              },
              {
                "ea": {
                  "etn": "55"
                }
              }
            ],
            [
              {
                "stn": "player"
              },
              {
                "ea": {
                  "etn": "Chadli Adel"
                }
              }
            ]
          ],
          "mfs": {}
        },
        {
          "ra": {
            "ea": {
              "etn": "TeamStats"
            }
          },
          "sfs": [
            [
              {
                "stn": "finalScore"
              },
              {
                "ea": {
                  "etn": "1"
                }
              }
            ],
            [
              {
                "stn": "name"
              },
              {
                "ea": {
                  "etn": "Tunesien"
                }
              }
            ]
          ],
          "mfs": {}
        },
        {
          "ra": {
            "ea": {
              "etn": "TeamStats"
            }
          },
          "sfs": [
            [
              {
                "stn": "finalScore"
              },
              {
                "ea": {
                  "etn": "0"
                }
              }
            ],
            [
              {
                "stn": "name"
              },
              {
                "ea": {
                  "etn": "Kenia"
                }
              }
            ]
          ],
          "mfs": {}
        }
      ]
    }
  }
]
