[
  {
    "context": "UNSPECIFIED",
    "doc": {
      "id": "de_mr36411_struct",
      "tl": [
        {
          "si": 0,
          "sti": 0,
          "dti": 0,
          "sco": 0,
          "dco": 0,
          "txt": "China"
        },
        {
          "si": 0,
          "sti": 1,
          "dti": 1,
          "sco": 6,
          "dco": 6,
          "txt": "siegt"
        },
        {
          "si": 0,
          "sti": 2,
          "dti": 2,
          "sco": 12,
          "dco": 12,
          "txt": "trotz"
        },
        {
          "si": 0,
          "sti": 3,
          "dti": 3,
          "sco": 18,
          "dco": 18,
          "txt": "Unterzahl"
        },
        {
          "si": 0,
          "sti": 4,
          "dti": 4,
          "sco": 28,
          "dco": 28,
          "txt": "in"
        },
        {
          "si": 0,
          "sti": 5,
          "dti": 5,
          "sco": 31,
          "dco": 31,
          "txt": "Malaysia"
        },
        {
          "si": 0,
          "sti": 6,
          "dti": 6,
          "sco": 39,
          "dco": 39,
          "txt": "."
        },
        {
          "si": 1,
          "sti": 0,
          "dti": 7,
          "sco": 0,
          "dco": 41,
          "txt": "Ein"
        },
        {
          "si": 1,
          "sti": 1,
          "dti": 8,
          "sco": 4,
          "dco": 45,
          "txt": "Treffer"
        },
        {
          "si": 1,
          "sti": 2,
          "dti": 9,
          "sco": 12,
          "dco": 53,
          "txt": "durch"
        },
        {
          "si": 1,
          "sti": 3,
          "dti": 10,
          "sco": 18,
          "dco": 59,
          "txt": "Li"
        },
        {
          "si": 1,
          "sti": 4,
          "dti": 11,
          "sco": 21,
          "dco": 62,
          "txt": "Jinyu"
        },
        {
          "si": 1,
          "sti": 5,
          "dti": 12,
          "sco": 27,
          "dco": 68,
          "txt": "in"
        },
        {
          "si": 1,
          "sti": 6,
          "dti": 13,
          "sco": 30,
          "dco": 71,
          "txt": "der"
        },
        {
          "si": 1,
          "sti": 7,
          "dti": 14,
          "sco": 34,
          "dco": 75,
          "txt": "zweiten"
        },
        {
          "si": 1,
          "sti": 8,
          "dti": 15,
          "sco": 42,
          "dco": 83,
          "txt": "Halbzeit"
        },
        {
          "si": 1,
          "sti": 9,
          "dti": 16,
          "sco": 51,
          "dco": 92,
          "txt": "reichte"
        },
        {
          "si": 1,
          "sti": 10,
          "dti": 17,
          "sco": 59,
          "dco": 100,
          "txt": "den"
        },
        {
          "si": 1,
          "sti": 11,
          "dti": 18,
          "sco": 63,
          "dco": 104,
          "txt": "Chinesen"
        },
        {
          "si": 1,
          "sti": 12,
          "dti": 19,
          "sco": 72,
          "dco": 113,
          "txt": "am"
        },
        {
          "si": 1,
          "sti": 13,
          "dti": 20,
          "sco": 75,
          "dco": 116,
          "txt": "Mittwoch"
        },
        {
          "si": 1,
          "sti": 14,
          "dti": 21,
          "sco": 84,
          "dco": 125,
          "txt": "zum"
        },
        {
          "si": 1,
          "sti": 15,
          "dti": 22,
          "sco": 88,
          "dco": 129,
          "txt": "Auswaertssieg"
        },
        {
          "si": 1,
          "sti": 16,
          "dti": 23,
          "sco": 102,
          "dco": 143,
          "txt": "gegen"
        },
        {
          "si": 1,
          "sti": 17,
          "dti": 24,
          "sco": 108,
          "dco": 149,
          "txt": "Malaysia"
        },
        {
          "si": 1,
          "sti": 18,
          "dti": 25,
          "sco": 116,
          "dco": 157,
          "txt": "."
        },
        {
          "si": 2,
          "sti": 0,
          "dti": 26,
          "sco": 0,
          "dco": 159,
          "txt": "Damit"
        },
        {
          "si": 2,
          "sti": 1,
          "dti": 27,
          "sco": 6,
          "dco": 165,
          "txt": "unterstrichen"
        },
        {
          "si": 2,
          "sti": 2,
          "dti": 28,
          "sco": 20,
          "dco": 179,
          "txt": "die"
        },
        {
          "si": 2,
          "sti": 3,
          "dti": 29,
          "sco": 24,
          "dco": 183,
          "txt": "Gaeste"
        },
        {
          "si": 2,
          "sti": 4,
          "dti": 30,
          "sco": 31,
          "dco": 190,
          "txt": "ihre"
        },
        {
          "si": 2,
          "sti": 5,
          "dti": 31,
          "sco": 36,
          "dco": 195,
          "txt": "Ambitionen"
        },
        {
          "si": 2,
          "sti": 6,
          "dti": 32,
          "sco": 46,
          "dco": 205,
          "txt": ","
        },
        {
          "si": 2,
          "sti": 7,
          "dti": 33,
          "sco": 48,
          "dco": 207,
          "txt": "die"
        },
        {
          "si": 2,
          "sti": 8,
          "dti": 34,
          "sco": 52,
          "dco": 211,
          "txt": "Gruppe"
        },
        {
          "si": 2,
          "sti": 9,
          "dti": 35,
          "sco": 59,
          "dco": 218,
          "txt": "4"
        },
        {
          "si": 2,
          "sti": 10,
          "dti": 36,
          "sco": 61,
          "dco": 220,
          "txt": "der"
        },
        {
          "si": 2,
          "sti": 11,
          "dti": 37,
          "sco": 65,
          "dco": 224,
          "txt": "Asien"
        },
        {
          "si": 2,
          "sti": 12,
          "dti": 38,
          "sco": 70,
          "dco": 229,
          "txt": "-"
        },
        {
          "si": 2,
          "sti": 13,
          "dti": 39,
          "sco": 71,
          "dco": 230,
          "txt": "Qualifikation"
        },
        {
          "si": 2,
          "sti": 14,
          "dti": 40,
          "sco": 85,
          "dco": 244,
          "txt": "erfolgreich"
        },
        {
          "si": 2,
          "sti": 15,
          "dti": 41,
          "sco": 97,
          "dco": 256,
          "txt": "abzuschliessen"
        },
        {
          "si": 2,
          "sti": 16,
          "dti": 42,
          "sco": 111,
          "dco": 270,
          "txt": "."
        },
        {
          "si": 3,
          "sti": 0,
          "dti": 43,
          "sco": 0,
          "dco": 272,
          "txt": "Mit"
        },
        {
          "si": 3,
          "sti": 1,
          "dti": 44,
          "sco": 4,
          "dco": 276,
          "txt": "seinem"
        },
        {
          "si": 3,
          "sti": 2,
          "dti": 45,
          "sco": 11,
          "dco": 283,
          "txt": "Treffer"
        },
        {
          "si": 3,
          "sti": 3,
          "dti": 46,
          "sco": 19,
          "dco": 291,
          "txt": "in"
        },
        {
          "si": 3,
          "sti": 4,
          "dti": 47,
          "sco": 22,
          "dco": 294,
          "txt": "der"
        },
        {
          "si": 3,
          "sti": 5,
          "dti": 48,
          "sco": 26,
          "dco": 298,
          "txt": "69"
        },
        {
          "si": 3,
          "sti": 6,
          "dti": 49,
          "sco": 28,
          "dco": 300,
          "txt": "."
        },
        {
          "si": 4,
          "sti": 0,
          "dti": 50,
          "sco": 0,
          "dco": 302,
          "txt": "Minute"
        },
        {
          "si": 4,
          "sti": 1,
          "dti": 51,
          "sco": 7,
          "dco": 309,
          "txt": "wendete"
        },
        {
          "si": 4,
          "sti": 2,
          "dti": 52,
          "sco": 15,
          "dco": 317,
          "txt": "Li"
        },
        {
          "si": 4,
          "sti": 3,
          "dti": 53,
          "sco": 18,
          "dco": 320,
          "txt": "ein"
        },
        {
          "si": 4,
          "sti": 4,
          "dti": 54,
          "sco": 22,
          "dco": 324,
          "txt": "reichlich"
        },
        {
          "si": 4,
          "sti": 5,
          "dti": 55,
          "sco": 32,
          "dco": 334,
          "txt": "blamables"
        },
        {
          "si": 4,
          "sti": 6,
          "dti": 56,
          "sco": 42,
          "dco": 344,
          "txt": "Unentschieden"
        },
        {
          "si": 4,
          "sti": 7,
          "dti": 57,
          "sco": 56,
          "dco": 358,
          "txt": "ab"
        },
        {
          "si": 4,
          "sti": 8,
          "dti": 58,
          "sco": 58,
          "dco": 360,
          "txt": ","
        },
        {
          "si": 4,
          "sti": 9,
          "dti": 59,
          "sco": 60,
          "dco": 362,
          "txt": "das"
        },
        {
          "si": 4,
          "sti": 10,
          "dti": 60,
          "sco": 64,
          "dco": 366,
          "txt": "den"
        },
        {
          "si": 4,
          "sti": 11,
          "dti": 61,
          "sco": 68,
          "dco": 370,
          "txt": "Chinesen"
        },
        {
          "si": 4,
          "sti": 12,
          "dti": 62,
          "sco": 77,
          "dco": 379,
          "txt": "gegen"
        },
        {
          "si": 4,
          "sti": 13,
          "dti": 63,
          "sco": 83,
          "dco": 385,
          "txt": "den"
        },
        {
          "si": 4,
          "sti": 14,
          "dti": 64,
          "sco": 87,
          "dco": 389,
          "txt": "Tabellenletzten"
        },
        {
          "si": 4,
          "sti": 15,
          "dti": 65,
          "sco": 103,
          "dco": 405,
          "txt": "Malaysia"
        },
        {
          "si": 4,
          "sti": 16,
          "dti": 66,
          "sco": 112,
          "dco": 414,
          "txt": "drohte"
        },
        {
          "si": 4,
          "sti": 17,
          "dti": 67,
          "sco": 118,
          "dco": 420,
          "txt": "."
        },
        {
          "si": 5,
          "sti": 0,
          "dti": 68,
          "sco": 0,
          "dco": 422,
          "txt": "China"
        },
        {
          "si": 5,
          "sti": 1,
          "dti": 69,
          "sco": 6,
          "dco": 428,
          "txt": "hatte"
        },
        {
          "si": 5,
          "sti": 2,
          "dti": 70,
          "sco": 12,
          "dco": 434,
          "txt": "fast"
        },
        {
          "si": 5,
          "sti": 3,
          "dti": 71,
          "sco": 17,
          "dco": 439,
          "txt": "die"
        },
        {
          "si": 5,
          "sti": 4,
          "dti": 72,
          "sco": 21,
          "dco": 443,
          "txt": "gesamte"
        },
        {
          "si": 5,
          "sti": 5,
          "dti": 73,
          "sco": 29,
          "dco": 451,
          "txt": "zweite"
        },
        {
          "si": 5,
          "sti": 6,
          "dti": 74,
          "sco": 36,
          "dco": 458,
          "txt": "Halbzeit"
        },
        {
          "si": 5,
          "sti": 7,
          "dti": 75,
          "sco": 45,
          "dco": 467,
          "txt": "in"
        },
        {
          "si": 5,
          "sti": 8,
          "dti": 76,
          "sco": 48,
          "dco": 470,
          "txt": "Unterzahl"
        },
        {
          "si": 5,
          "sti": 9,
          "dti": 77,
          "sco": 58,
          "dco": 480,
          "txt": "spielen"
        },
        {
          "si": 5,
          "sti": 10,
          "dti": 78,
          "sco": 66,
          "dco": 488,
          "txt": "muessen"
        },
        {
          "si": 5,
          "sti": 11,
          "dti": 79,
          "sco": 73,
          "dco": 495,
          "txt": ","
        },
        {
          "si": 5,
          "sti": 12,
          "dti": 80,
          "sco": 75,
          "dco": 497,
          "txt": "nachdem"
        },
        {
          "si": 5,
          "sti": 13,
          "dti": 81,
          "sco": 83,
          "dco": 505,
          "txt": "der"
        },
        {
          "si": 5,
          "sti": 14,
          "dti": 82,
          "sco": 87,
          "dco": 509,
          "txt": "eingewechselte"
        },
        {
          "si": 5,
          "sti": 15,
          "dti": 83,
          "sco": 102,
          "dco": 524,
          "txt": "Verteidiger"
        },
        {
          "si": 5,
          "sti": 16,
          "dti": 84,
          "sco": 114,
          "dco": 536,
          "txt": "Zheng"
        },
        {
          "si": 5,
          "sti": 17,
          "dti": 85,
          "sco": 120,
          "dco": 542,
          "txt": "Zhi"
        },
        {
          "si": 5,
          "sti": 18,
          "dti": 86,
          "sco": 124,
          "dco": 546,
          "txt": "kurz"
        },
        {
          "si": 5,
          "sti": 19,
          "dti": 87,
          "sco": 129,
          "dco": 551,
          "txt": "nach"
        },
        {
          "si": 5,
          "sti": 20,
          "dti": 88,
          "sco": 134,
          "dco": 556,
          "txt": "der"
        },
        {
          "si": 5,
          "sti": 21,
          "dti": 89,
          "sco": 138,
          "dco": 560,
          "txt": "Pause"
        },
        {
          "si": 5,
          "sti": 22,
          "dti": 90,
          "sco": 144,
          "dco": 566,
          "txt": "die"
        },
        {
          "si": 5,
          "sti": 23,
          "dti": 91,
          "sco": 148,
          "dco": 570,
          "txt": "Rote"
        },
        {
          "si": 5,
          "sti": 24,
          "dti": 92,
          "sco": 153,
          "dco": 575,
          "txt": "Karte"
        },
        {
          "si": 5,
          "sti": 25,
          "dti": 93,
          "sco": 159,
          "dco": 581,
          "txt": "sah"
        },
        {
          "si": 5,
          "sti": 26,
          "dti": 94,
          "sco": 162,
          "dco": 584,
          "txt": "."
        },
        {
          "si": 6,
          "sti": 0,
          "dti": 95,
          "sco": 0,
          "dco": 586,
          "txt": "Malaysia"
        },
        {
          "si": 6,
          "sti": 1,
          "dti": 96,
          "sco": 9,
          "dco": 595,
          "txt": "haette"
        },
        {
          "si": 6,
          "sti": 2,
          "dti": 97,
          "sco": 16,
          "dco": 602,
          "txt": "dennoch"
        },
        {
          "si": 6,
          "sti": 3,
          "dti": 98,
          "sco": 24,
          "dco": 610,
          "txt": "fast"
        },
        {
          "si": 6,
          "sti": 4,
          "dti": 99,
          "sco": 29,
          "dco": 615,
          "txt": "noch"
        },
        {
          "si": 6,
          "sti": 5,
          "dti": 100,
          "sco": 34,
          "dco": 620,
          "txt": "ein"
        },
        {
          "si": 6,
          "sti": 6,
          "dti": 101,
          "sco": 38,
          "dco": 624,
          "txt": "sensationelles"
        },
        {
          "si": 6,
          "sti": 7,
          "dti": 102,
          "sco": 53,
          "dco": 639,
          "txt": "Unentschieden"
        },
        {
          "si": 6,
          "sti": 8,
          "dti": 103,
          "sco": 67,
          "dco": 653,
          "txt": "erreicht"
        },
        {
          "si": 6,
          "sti": 9,
          "dti": 104,
          "sco": 75,
          "dco": 661,
          "txt": ","
        },
        {
          "si": 6,
          "sti": 10,
          "dti": 105,
          "sco": 77,
          "dco": 663,
          "txt": "doch"
        },
        {
          "si": 6,
          "sti": 11,
          "dti": 106,
          "sco": 82,
          "dco": 668,
          "txt": "der"
        },
        {
          "si": 6,
          "sti": 12,
          "dti": 107,
          "sco": 86,
          "dco": 672,
          "txt": "Fernschuss"
        },
        {
          "si": 6,
          "sti": 13,
          "dti": 108,
          "sco": 97,
          "dco": 683,
          "txt": "von"
        },
        {
          "si": 6,
          "sti": 14,
          "dti": 109,
          "sco": 101,
          "dco": 687,
          "txt": "Eddy"
        },
        {
          "si": 6,
          "sti": 15,
          "dti": 110,
          "sco": 106,
          "dco": 692,
          "txt": "Helmi"
        },
        {
          "si": 6,
          "sti": 16,
          "dti": 111,
          "sco": 112,
          "dco": 698,
          "txt": "in"
        },
        {
          "si": 6,
          "sti": 17,
          "dti": 112,
          "sco": 115,
          "dco": 701,
          "txt": "der"
        },
        {
          "si": 6,
          "sti": 18,
          "dti": 113,
          "sco": 119,
          "dco": 705,
          "txt": "letzten"
        },
        {
          "si": 6,
          "sti": 19,
          "dti": 114,
          "sco": 127,
          "dco": 713,
          "txt": "Minute"
        },
        {
          "si": 6,
          "sti": 20,
          "dti": 115,
          "sco": 134,
          "dco": 720,
          "txt": "knallte"
        },
        {
          "si": 6,
          "sti": 21,
          "dti": 116,
          "sco": 142,
          "dco": 728,
          "txt": "gegen"
        },
        {
          "si": 6,
          "sti": 22,
          "dti": 117,
          "sco": 148,
          "dco": 734,
          "txt": "die"
        },
        {
          "si": 6,
          "sti": 23,
          "dti": 118,
          "sco": 152,
          "dco": 738,
          "txt": "Latte"
        },
        {
          "si": 6,
          "sti": 24,
          "dti": 119,
          "sco": 157,
          "dco": 743,
          "txt": "."
        },
        {
          "si": 7,
          "sti": 0,
          "dti": 120,
          "sco": 0,
          "dco": 745,
          "txt": "China"
        },
        {
          "si": 7,
          "sti": 1,
          "dti": 121,
          "sco": 6,
          "dco": 751,
          "txt": "war"
        },
        {
          "si": 7,
          "sti": 2,
          "dti": 122,
          "sco": 10,
          "dco": 755,
          "txt": "mit"
        },
        {
          "si": 7,
          "sti": 3,
          "dti": 123,
          "sco": 14,
          "dco": 759,
          "txt": "der"
        },
        {
          "si": 7,
          "sti": 4,
          "dti": 124,
          "sco": 18,
          "dco": 763,
          "txt": "makellosen"
        },
        {
          "si": 7,
          "sti": 5,
          "dti": 125,
          "sco": 29,
          "dco": 774,
          "txt": "Bilanz"
        },
        {
          "si": 7,
          "sti": 6,
          "dti": 126,
          "sco": 36,
          "dco": 781,
          "txt": "von"
        },
        {
          "si": 7,
          "sti": 7,
          "dti": 127,
          "sco": 40,
          "dco": 785,
          "txt": "neun"
        },
        {
          "si": 7,
          "sti": 8,
          "dti": 128,
          "sco": 45,
          "dco": 790,
          "txt": "Punkten"
        },
        {
          "si": 7,
          "sti": 9,
          "dti": 129,
          "sco": 53,
          "dco": 798,
          "txt": "aus"
        },
        {
          "si": 7,
          "sti": 10,
          "dti": 130,
          "sco": 57,
          "dco": 802,
          "txt": "drei"
        },
        {
          "si": 7,
          "sti": 11,
          "dti": 131,
          "sco": 62,
          "dco": 807,
          "txt": "Spielen"
        },
        {
          "si": 7,
          "sti": 12,
          "dti": 132,
          "sco": 70,
          "dco": 815,
          "txt": "in"
        },
        {
          "si": 7,
          "sti": 13,
          "dti": 133,
          "sco": 73,
          "dco": 818,
          "txt": "die"
        },
        {
          "si": 7,
          "sti": 14,
          "dti": 134,
          "sco": 77,
          "dco": 822,
          "txt": "Partie"
        },
        {
          "si": 7,
          "sti": 15,
          "dti": 135,
          "sco": 84,
          "dco": 829,
          "txt": "gegangen"
        },
        {
          "si": 7,
          "sti": 16,
          "dti": 136,
          "sco": 92,
          "dco": 837,
          "txt": "."
        },
        {
          "si": 8,
          "sti": 0,
          "dti": 137,
          "sco": 0,
          "dco": 839,
          "txt": "Im"
        },
        {
          "si": 8,
          "sti": 1,
          "dti": 138,
          "sco": 3,
          "dco": 842,
          "txt": "Hinspiel"
        },
        {
          "si": 8,
          "sti": 2,
          "dti": 139,
          "sco": 12,
          "dco": 851,
          "txt": "hatte"
        },
        {
          "si": 8,
          "sti": 3,
          "dti": 140,
          "sco": 18,
          "dco": 857,
          "txt": "es"
        },
        {
          "si": 8,
          "sti": 4,
          "dti": 141,
          "sco": 21,
          "dco": 860,
          "txt": "vor"
        },
        {
          "si": 8,
          "sti": 5,
          "dti": 142,
          "sco": 25,
          "dco": 864,
          "txt": "eigenem"
        },
        {
          "si": 8,
          "sti": 6,
          "dti": 143,
          "sco": 33,
          "dco": 872,
          "txt": "Publikum"
        },
        {
          "si": 8,
          "sti": 7,
          "dti": 144,
          "sco": 42,
          "dco": 881,
          "txt": "gegen"
        },
        {
          "si": 8,
          "sti": 8,
          "dti": 145,
          "sco": 48,
          "dco": 887,
          "txt": "die"
        },
        {
          "si": 8,
          "sti": 9,
          "dti": 146,
          "sco": 52,
          "dco": 891,
          "txt": "Malaysier"
        },
        {
          "si": 8,
          "sti": 10,
          "dti": 147,
          "sco": 62,
          "dco": 901,
          "txt": "einen"
        },
        {
          "si": 8,
          "sti": 11,
          "dti": 148,
          "sco": 68,
          "dco": 907,
          "txt": "klaren"
        },
        {
          "si": 8,
          "sti": 12,
          "dti": 149,
          "sco": 75,
          "dco": 914,
          "txt": "4"
        },
        {
          "si": 8,
          "sti": 13,
          "dti": 150,
          "sco": 76,
          "dco": 915,
          "txt": ":"
        },
        {
          "si": 8,
          "sti": 14,
          "dti": 151,
          "sco": 77,
          "dco": 916,
          "txt": "0"
        },
        {
          "si": 8,
          "sti": 15,
          "dti": 152,
          "sco": 78,
          "dco": 917,
          "txt": "-"
        },
        {
          "si": 8,
          "sti": 16,
          "dti": 153,
          "sco": 79,
          "dco": 918,
          "txt": "Sieg"
        },
        {
          "si": 8,
          "sti": 17,
          "dti": 154,
          "sco": 84,
          "dco": 923,
          "txt": "gegeben"
        },
        {
          "si": 8,
          "sti": 18,
          "dti": 155,
          "sco": 91,
          "dco": 930,
          "txt": "."
        },
        {
          "si": 9,
          "sti": 0,
          "dti": 156,
          "sco": 0,
          "dco": 932,
          "txt": "Die"
        },
        {
          "si": 9,
          "sti": 1,
          "dti": 157,
          "sco": 4,
          "dco": 936,
          "txt": "ersten"
        },
        {
          "si": 9,
          "sti": 2,
          "dti": 158,
          "sco": 11,
          "dco": 943,
          "txt": "Chancen"
        },
        {
          "si": 9,
          "sti": 3,
          "dti": 159,
          "sco": 19,
          "dco": 951,
          "txt": "jedoch"
        },
        {
          "si": 9,
          "sti": 4,
          "dti": 160,
          "sco": 26,
          "dco": 958,
          "txt": "hatten"
        },
        {
          "si": 9,
          "sti": 5,
          "dti": 161,
          "sco": 33,
          "dco": 965,
          "txt": "die"
        },
        {
          "si": 9,
          "sti": 6,
          "dti": 162,
          "sco": 37,
          "dco": 969,
          "txt": "Gastgeber"
        },
        {
          "si": 9,
          "sti": 7,
          "dti": 163,
          "sco": 46,
          "dco": 978,
          "txt": "."
        },
        {
          "si": 10,
          "sti": 0,
          "dti": 164,
          "sco": 0,
          "dco": 980,
          "txt": "Mohamed"
        },
        {
          "si": 10,
          "sti": 1,
          "dti": 165,
          "sco": 8,
          "dco": 988,
          "txt": "Fadzlia"
        },
        {
          "si": 10,
          "sti": 2,
          "dti": 166,
          "sco": 16,
          "dco": 996,
          "txt": "Shaari"
        },
        {
          "si": 10,
          "sti": 3,
          "dti": 167,
          "sco": 23,
          "dco": 1003,
          "txt": "und"
        },
        {
          "si": 10,
          "sti": 4,
          "dti": 168,
          "sco": 27,
          "dco": 1007,
          "txt": "Akmal"
        },
        {
          "si": 10,
          "sti": 5,
          "dti": 169,
          "sco": 33,
          "dco": 1013,
          "txt": "Rizal"
        },
        {
          "si": 10,
          "sti": 6,
          "dti": 170,
          "sco": 39,
          "dco": 1019,
          "txt": "Rahkli"
        },
        {
          "si": 10,
          "sti": 7,
          "dti": 171,
          "sco": 46,
          "dco": 1026,
          "txt": "versuchten"
        },
        {
          "si": 10,
          "sti": 8,
          "dti": 172,
          "sco": 57,
          "dco": 1037,
          "txt": "sich"
        },
        {
          "si": 10,
          "sti": 9,
          "dti": 173,
          "sco": 62,
          "dco": 1042,
          "txt": "bereits"
        },
        {
          "si": 10,
          "sti": 10,
          "dti": 174,
          "sco": 70,
          "dco": 1050,
          "txt": "frueh"
        },
        {
          "si": 10,
          "sti": 11,
          "dti": 175,
          "sco": 76,
          "dco": 1056,
          "txt": "mit"
        },
        {
          "si": 10,
          "sti": 12,
          "dti": 176,
          "sco": 80,
          "dco": 1060,
          "txt": "Torschuessen"
        },
        {
          "si": 10,
          "sti": 13,
          "dti": 177,
          "sco": 92,
          "dco": 1072,
          "txt": "."
        },
        {
          "si": 11,
          "sti": 0,
          "dti": 178,
          "sco": 0,
          "dco": 1074,
          "txt": "In"
        },
        {
          "si": 11,
          "sti": 1,
          "dti": 179,
          "sco": 3,
          "dco": 1077,
          "txt": "der"
        },
        {
          "si": 11,
          "sti": 2,
          "dti": 180,
          "sco": 7,
          "dco": 1081,
          "txt": "34"
        },
        {
          "si": 11,
          "sti": 3,
          "dti": 181,
          "sco": 9,
          "dco": 1083,
          "txt": "."
        },
        {
          "si": 12,
          "sti": 0,
          "dti": 182,
          "sco": 0,
          "dco": 1085,
          "txt": "Minute"
        },
        {
          "si": 12,
          "sti": 1,
          "dti": 183,
          "sco": 7,
          "dco": 1092,
          "txt": "haetten"
        },
        {
          "si": 12,
          "sti": 2,
          "dti": 184,
          "sco": 15,
          "dco": 1100,
          "txt": "die"
        },
        {
          "si": 12,
          "sti": 3,
          "dti": 185,
          "sco": 19,
          "dco": 1104,
          "txt": "Malaysier"
        },
        {
          "si": 12,
          "sti": 4,
          "dti": 186,
          "sco": 29,
          "dco": 1114,
          "txt": "in"
        },
        {
          "si": 12,
          "sti": 5,
          "dti": 187,
          "sco": 32,
          "dco": 1117,
          "txt": "Fuehrung"
        },
        {
          "si": 12,
          "sti": 6,
          "dti": 188,
          "sco": 41,
          "dco": 1126,
          "txt": "gehen"
        },
        {
          "si": 12,
          "sti": 7,
          "dti": 189,
          "sco": 47,
          "dco": 1132,
          "txt": "muessen"
        },
        {
          "si": 12,
          "sti": 8,
          "dti": 190,
          "sco": 54,
          "dco": 1139,
          "txt": "."
        },
        {
          "si": 13,
          "sti": 0,
          "dti": 191,
          "sco": 0,
          "dco": 1141,
          "txt": "Doch"
        },
        {
          "si": 13,
          "sti": 1,
          "dti": 192,
          "sco": 5,
          "dco": 1146,
          "txt": "der"
        },
        {
          "si": 13,
          "sti": 2,
          "dti": 193,
          "sco": 9,
          "dco": 1150,
          "txt": "Kopfball"
        },
        {
          "si": 13,
          "sti": 3,
          "dti": 194,
          "sco": 18,
          "dco": 1159,
          "txt": "von"
        },
        {
          "si": 13,
          "sti": 4,
          "dti": 195,
          "sco": 22,
          "dco": 1163,
          "txt": "Akmal"
        },
        {
          "si": 13,
          "sti": 5,
          "dti": 196,
          "sco": 28,
          "dco": 1169,
          "txt": "Rizal"
        },
        {
          "si": 13,
          "sti": 6,
          "dti": 197,
          "sco": 34,
          "dco": 1175,
          "txt": "nach"
        },
        {
          "si": 13,
          "sti": 7,
          "dti": 198,
          "sco": 39,
          "dco": 1180,
          "txt": "einem"
        },
        {
          "si": 13,
          "sti": 8,
          "dti": 199,
          "sco": 45,
          "dco": 1186,
          "txt": "Freistoss"
        },
        {
          "si": 13,
          "sti": 9,
          "dti": 200,
          "sco": 55,
          "dco": 1196,
          "txt": "verfehlte"
        },
        {
          "si": 13,
          "sti": 10,
          "dti": 201,
          "sco": 65,
          "dco": 1206,
          "txt": "das"
        },
        {
          "si": 13,
          "sti": 11,
          "dti": 202,
          "sco": 69,
          "dco": 1210,
          "txt": "Ziel"
        },
        {
          "si": 13,
          "sti": 12,
          "dti": 203,
          "sco": 73,
          "dco": 1214,
          "txt": "."
        },
        {
          "si": 14,
          "sti": 0,
          "dti": 204,
          "sco": 0,
          "dco": 1216,
          "txt": "Diese"
        },
        {
          "si": 14,
          "sti": 1,
          "dti": 205,
          "sco": 6,
          "dco": 1222,
          "txt": "Aktion"
        },
        {
          "si": 14,
          "sti": 2,
          "dti": 206,
          "sco": 13,
          "dco": 1229,
          "txt": "schien"
        },
        {
          "si": 14,
          "sti": 3,
          "dti": 207,
          "sco": 20,
          "dco": 1236,
          "txt": "die"
        },
        {
          "si": 14,
          "sti": 4,
          "dti": 208,
          "sco": 24,
          "dco": 1240,
          "txt": "Chinesen"
        },
        {
          "si": 14,
          "sti": 5,
          "dti": 209,
          "sco": 33,
          "dco": 1249,
          "txt": "erst"
        },
        {
          "si": 14,
          "sti": 6,
          "dti": 210,
          "sco": 38,
          "dco": 1254,
          "txt": "aufzuwecken"
        },
        {
          "si": 14,
          "sti": 7,
          "dti": 211,
          "sco": 49,
          "dco": 1265,
          "txt": "."
        },
        {
          "si": 15,
          "sti": 0,
          "dti": 212,
          "sco": 0,
          "dco": 1267,
          "txt": "Doch"
        },
        {
          "si": 15,
          "sti": 1,
          "dti": 213,
          "sco": 5,
          "dco": 1272,
          "txt": "zunaechst"
        },
        {
          "si": 15,
          "sti": 2,
          "dti": 214,
          "sco": 15,
          "dco": 1282,
          "txt": "brachten"
        },
        {
          "si": 15,
          "sti": 3,
          "dti": 215,
          "sco": 24,
          "dco": 1291,
          "txt": "die"
        },
        {
          "si": 15,
          "sti": 4,
          "dti": 216,
          "sco": 28,
          "dco": 1295,
          "txt": "Chancen"
        },
        {
          "si": 15,
          "sti": 5,
          "dti": 217,
          "sco": 36,
          "dco": 1303,
          "txt": "nichts"
        },
        {
          "si": 15,
          "sti": 6,
          "dti": 218,
          "sco": 43,
          "dco": 1310,
          "txt": "ein"
        },
        {
          "si": 15,
          "sti": 7,
          "dti": 219,
          "sco": 46,
          "dco": 1313,
          "txt": "."
        },
        {
          "si": 16,
          "sti": 0,
          "dti": 220,
          "sco": 0,
          "dco": 1315,
          "txt": "Der"
        },
        {
          "si": 16,
          "sti": 1,
          "dti": 221,
          "sco": 4,
          "dco": 1319,
          "txt": "erfahrene"
        },
        {
          "si": 16,
          "sti": 2,
          "dti": 222,
          "sco": 14,
          "dco": 1329,
          "txt": "Stuermer"
        },
        {
          "si": 16,
          "sti": 3,
          "dti": 223,
          "sco": 23,
          "dco": 1338,
          "txt": "Hao"
        },
        {
          "si": 16,
          "sti": 4,
          "dti": 224,
          "sco": 27,
          "dco": 1342,
          "txt": "Haidong"
        },
        {
          "si": 16,
          "sti": 5,
          "dti": 225,
          "sco": 35,
          "dco": 1350,
          "txt": "sass"
        },
        {
          "si": 16,
          "sti": 6,
          "dti": 226,
          "sco": 40,
          "dco": 1355,
          "txt": "nur"
        },
        {
          "si": 16,
          "sti": 7,
          "dti": 227,
          "sco": 44,
          "dco": 1359,
          "txt": "auf"
        },
        {
          "si": 16,
          "sti": 8,
          "dti": 228,
          "sco": 48,
          "dco": 1363,
          "txt": "der"
        },
        {
          "si": 16,
          "sti": 9,
          "dti": 229,
          "sco": 52,
          "dco": 1367,
          "txt": "Bank"
        },
        {
          "si": 16,
          "sti": 10,
          "dti": 230,
          "sco": 56,
          "dco": 1371,
          "txt": ","
        },
        {
          "si": 16,
          "sti": 11,
          "dti": 231,
          "sco": 58,
          "dco": 1373,
          "txt": "und"
        },
        {
          "si": 16,
          "sti": 12,
          "dti": 232,
          "sco": 62,
          "dco": 1377,
          "txt": "die"
        },
        {
          "si": 16,
          "sti": 13,
          "dti": 233,
          "sco": 66,
          "dco": 1381,
          "txt": "Angriffe"
        },
        {
          "si": 16,
          "sti": 14,
          "dti": 234,
          "sco": 75,
          "dco": 1390,
          "txt": "von"
        },
        {
          "si": 16,
          "sti": 15,
          "dti": 235,
          "sco": 79,
          "dco": 1394,
          "txt": "Li"
        },
        {
          "si": 16,
          "sti": 16,
          "dti": 236,
          "sco": 82,
          "dco": 1397,
          "txt": "Yi"
        },
        {
          "si": 16,
          "sti": 17,
          "dti": 237,
          "sco": 85,
          "dco": 1400,
          "txt": "und"
        },
        {
          "si": 16,
          "sti": 18,
          "dti": 238,
          "sco": 89,
          "dco": 1404,
          "txt": "Li"
        },
        {
          "si": 16,
          "sti": 19,
          "dti": 239,
          "sco": 92,
          "dco": 1407,
          "txt": "Jinyu"
        },
        {
          "si": 16,
          "sti": 20,
          "dti": 240,
          "sco": 98,
          "dco": 1413,
          "txt": "wurden"
        },
        {
          "si": 16,
          "sti": 21,
          "dti": 241,
          "sco": 105,
          "dco": 1420,
          "txt": "von"
        },
        {
          "si": 16,
          "sti": 22,
          "dti": 242,
          "sco": 109,
          "dco": 1424,
          "txt": "entschlossenen"
        },
        {
          "si": 16,
          "sti": 23,
          "dti": 243,
          "sco": 124,
          "dco": 1439,
          "txt": "malaysischen"
        },
        {
          "si": 16,
          "sti": 24,
          "dti": 244,
          "sco": 137,
          "dco": 1452,
          "txt": "Verteidigern"
        },
        {
          "si": 16,
          "sti": 25,
          "dti": 245,
          "sco": 150,
          "dco": 1465,
          "txt": "vereitelt"
        },
        {
          "si": 16,
          "sti": 26,
          "dti": 246,
          "sco": 159,
          "dco": 1474,
          "txt": "."
        },
        {
          "si": 17,
          "sti": 0,
          "dti": 247,
          "sco": 0,
          "dco": 1476,
          "txt": "In"
        },
        {
          "si": 17,
          "sti": 1,
          "dti": 248,
          "sco": 3,
          "dco": 1479,
          "txt": "der"
        },
        {
          "si": 17,
          "sti": 2,
          "dti": 249,
          "sco": 7,
          "dco": 1483,
          "txt": "38"
        },
        {
          "si": 17,
          "sti": 3,
          "dti": 250,
          "sco": 9,
          "dco": 1485,
          "txt": "."
        },
        {
          "si": 18,
          "sti": 0,
          "dti": 251,
          "sco": 0,
          "dco": 1487,
          "txt": "Minute"
        },
        {
          "si": 18,
          "sti": 1,
          "dti": 252,
          "sco": 7,
          "dco": 1494,
          "txt": "versuchte"
        },
        {
          "si": 18,
          "sti": 2,
          "dti": 253,
          "sco": 17,
          "dco": 1504,
          "txt": "sich"
        },
        {
          "si": 18,
          "sti": 3,
          "dti": 254,
          "sco": 22,
          "dco": 1509,
          "txt": "Helmi"
        },
        {
          "si": 18,
          "sti": 4,
          "dti": 255,
          "sco": 28,
          "dco": 1515,
          "txt": "fuer"
        },
        {
          "si": 18,
          "sti": 5,
          "dti": 256,
          "sco": 33,
          "dco": 1520,
          "txt": "Malaysia"
        },
        {
          "si": 18,
          "sti": 6,
          "dti": 257,
          "sco": 42,
          "dco": 1529,
          "txt": "mit"
        },
        {
          "si": 18,
          "sti": 7,
          "dti": 258,
          "sco": 46,
          "dco": 1533,
          "txt": "einem"
        },
        {
          "si": 18,
          "sti": 8,
          "dti": 259,
          "sco": 52,
          "dco": 1539,
          "txt": "Fernschuss"
        },
        {
          "si": 18,
          "sti": 9,
          "dti": 260,
          "sco": 62,
          "dco": 1549,
          "txt": ","
        },
        {
          "si": 18,
          "sti": 10,
          "dti": 261,
          "sco": 64,
          "dco": 1551,
          "txt": "der"
        },
        {
          "si": 18,
          "sti": 11,
          "dti": 262,
          "sco": 68,
          "dco": 1555,
          "txt": "allerdings"
        },
        {
          "si": 18,
          "sti": 12,
          "dti": 263,
          "sco": 79,
          "dco": 1566,
          "txt": "ueber"
        },
        {
          "si": 18,
          "sti": 13,
          "dti": 264,
          "sco": 85,
          "dco": 1572,
          "txt": "das"
        },
        {
          "si": 18,
          "sti": 14,
          "dti": 265,
          "sco": 89,
          "dco": 1576,
          "txt": "Tor"
        },
        {
          "si": 18,
          "sti": 15,
          "dti": 266,
          "sco": 93,
          "dco": 1580,
          "txt": "gelenkt"
        },
        {
          "si": 18,
          "sti": 16,
          "dti": 267,
          "sco": 101,
          "dco": 1588,
          "txt": "wurde"
        },
        {
          "si": 18,
          "sti": 17,
          "dti": 268,
          "sco": 106,
          "dco": 1593,
          "txt": "."
        },
        {
          "si": 19,
          "sti": 0,
          "dti": 269,
          "sco": 0,
          "dco": 1595,
          "txt": "Nach"
        },
        {
          "si": 19,
          "sti": 1,
          "dti": 270,
          "sco": 5,
          "dco": 1600,
          "txt": "der"
        },
        {
          "si": 19,
          "sti": 2,
          "dti": 271,
          "sco": 9,
          "dco": 1604,
          "txt": "Pause"
        },
        {
          "si": 19,
          "sti": 3,
          "dti": 272,
          "sco": 15,
          "dco": 1610,
          "txt": "kam"
        },
        {
          "si": 19,
          "sti": 4,
          "dti": 273,
          "sco": 19,
          "dco": 1614,
          "txt": "auf"
        },
        {
          "si": 19,
          "sti": 5,
          "dti": 274,
          "sco": 23,
          "dco": 1618,
          "txt": "chinesischer"
        },
        {
          "si": 19,
          "sti": 6,
          "dti": 275,
          "sco": 36,
          "dco": 1631,
          "txt": "Seite"
        },
        {
          "si": 19,
          "sti": 7,
          "dti": 276,
          "sco": 42,
          "dco": 1637,
          "txt": "Verteidiger"
        },
        {
          "si": 19,
          "sti": 8,
          "dti": 277,
          "sco": 54,
          "dco": 1649,
          "txt": "Zheng"
        },
        {
          "si": 19,
          "sti": 9,
          "dti": 278,
          "sco": 60,
          "dco": 1655,
          "txt": "Zhi"
        },
        {
          "si": 19,
          "sti": 10,
          "dti": 279,
          "sco": 64,
          "dco": 1659,
          "txt": "fuer"
        },
        {
          "si": 19,
          "sti": 11,
          "dti": 280,
          "sco": 69,
          "dco": 1664,
          "txt": "Yan"
        },
        {
          "si": 19,
          "sti": 12,
          "dti": 281,
          "sco": 73,
          "dco": 1668,
          "txt": "Song"
        },
        {
          "si": 19,
          "sti": 13,
          "dti": 282,
          "sco": 77,
          "dco": 1672,
          "txt": ","
        },
        {
          "si": 19,
          "sti": 14,
          "dti": 283,
          "sco": 79,
          "dco": 1674,
          "txt": "doch"
        },
        {
          "si": 19,
          "sti": 15,
          "dti": 284,
          "sco": 84,
          "dco": 1679,
          "txt": "nach"
        },
        {
          "si": 19,
          "sti": 16,
          "dti": 285,
          "sco": 89,
          "dco": 1684,
          "txt": "einem"
        },
        {
          "si": 19,
          "sti": 17,
          "dti": 286,
          "sco": 95,
          "dco": 1690,
          "txt": "Foul"
        },
        {
          "si": 19,
          "sti": 18,
          "dti": 287,
          "sco": 100,
          "dco": 1695,
          "txt": "an"
        },
        {
          "si": 19,
          "sti": 19,
          "dti": 288,
          "sco": 103,
          "dco": 1698,
          "txt": "Mohammad"
        },
        {
          "si": 19,
          "sti": 20,
          "dti": 289,
          "sco": 112,
          "dco": 1707,
          "txt": "Fadzli"
        },
        {
          "si": 19,
          "sti": 21,
          "dti": 290,
          "sco": 119,
          "dco": 1714,
          "txt": "Shaari"
        },
        {
          "si": 19,
          "sti": 22,
          "dti": 291,
          "sco": 126,
          "dco": 1721,
          "txt": "musste"
        },
        {
          "si": 19,
          "sti": 23,
          "dti": 292,
          "sco": 133,
          "dco": 1728,
          "txt": "er"
        },
        {
          "si": 19,
          "sti": 24,
          "dti": 293,
          "sco": 136,
          "dco": 1731,
          "txt": "den"
        },
        {
          "si": 19,
          "sti": 25,
          "dti": 294,
          "sco": 140,
          "dco": 1735,
          "txt": "Platz"
        },
        {
          "si": 19,
          "sti": 26,
          "dti": 295,
          "sco": 146,
          "dco": 1741,
          "txt": "mit"
        },
        {
          "si": 19,
          "sti": 27,
          "dti": 296,
          "sco": 150,
          "dco": 1745,
          "txt": "einer"
        },
        {
          "si": 19,
          "sti": 28,
          "dti": 297,
          "sco": 156,
          "dco": 1751,
          "txt": "Roten"
        },
        {
          "si": 19,
          "sti": 29,
          "dti": 298,
          "sco": 162,
          "dco": 1757,
          "txt": "Karte"
        },
        {
          "si": 19,
          "sti": 30,
          "dti": 299,
          "sco": 168,
          "dco": 1763,
          "txt": "schon"
        },
        {
          "si": 19,
          "sti": 31,
          "dti": 300,
          "sco": 174,
          "dco": 1769,
          "txt": "bald"
        },
        {
          "si": 19,
          "sti": 32,
          "dti": 301,
          "sco": 179,
          "dco": 1774,
          "txt": "wieder"
        },
        {
          "si": 19,
          "sti": 33,
          "dti": 302,
          "sco": 186,
          "dco": 1781,
          "txt": "verlassen"
        },
        {
          "si": 19,
          "sti": 34,
          "dti": 303,
          "sco": 195,
          "dco": 1790,
          "txt": "."
        },
        {
          "si": 20,
          "sti": 0,
          "dti": 304,
          "sco": 0,
          "dco": 1792,
          "txt": "Doch"
        },
        {
          "si": 20,
          "sti": 1,
          "dti": 305,
          "sco": 5,
          "dco": 1797,
          "txt": "die"
        },
        {
          "si": 20,
          "sti": 2,
          "dti": 306,
          "sco": 9,
          "dco": 1801,
          "txt": "Malaysier"
        },
        {
          "si": 20,
          "sti": 3,
          "dti": 307,
          "sco": 19,
          "dco": 1811,
          "txt": "konnten"
        },
        {
          "si": 20,
          "sti": 4,
          "dti": 308,
          "sco": 27,
          "dco": 1819,
          "txt": "aus"
        },
        {
          "si": 20,
          "sti": 5,
          "dti": 309,
          "sco": 31,
          "dco": 1823,
          "txt": "der"
        },
        {
          "si": 20,
          "sti": 6,
          "dti": 310,
          "sco": 35,
          "dco": 1827,
          "txt": "resultierenden"
        },
        {
          "si": 20,
          "sti": 7,
          "dti": 311,
          "sco": 50,
          "dco": 1842,
          "txt": "Schwaechung"
        },
        {
          "si": 20,
          "sti": 8,
          "dti": 312,
          "sco": 62,
          "dco": 1854,
          "txt": "der"
        },
        {
          "si": 20,
          "sti": 9,
          "dti": 313,
          "sco": 66,
          "dco": 1858,
          "txt": "chinesischen"
        },
        {
          "si": 20,
          "sti": 10,
          "dti": 314,
          "sco": 79,
          "dco": 1871,
          "txt": "Hintermannschaft"
        },
        {
          "si": 20,
          "sti": 11,
          "dti": 315,
          "sco": 96,
          "dco": 1888,
          "txt": "kein"
        },
        {
          "si": 20,
          "sti": 12,
          "dti": 316,
          "sco": 101,
          "dco": 1893,
          "txt": "Kapital"
        },
        {
          "si": 20,
          "sti": 13,
          "dti": 317,
          "sco": 109,
          "dco": 1901,
          "txt": "schlagen"
        },
        {
          "si": 20,
          "sti": 14,
          "dti": 318,
          "sco": 117,
          "dco": 1909,
          "txt": "."
        },
        {
          "si": 21,
          "sti": 0,
          "dti": 319,
          "sco": 0,
          "dco": 1911,
          "txt": "So"
        },
        {
          "si": 21,
          "sti": 1,
          "dti": 320,
          "sco": 3,
          "dco": 1914,
          "txt": "verzog"
        },
        {
          "si": 21,
          "sti": 2,
          "dti": 321,
          "sco": 10,
          "dco": 1921,
          "txt": "Akmal"
        },
        {
          "si": 21,
          "sti": 3,
          "dti": 322,
          "sco": 16,
          "dco": 1927,
          "txt": "Rizal"
        },
        {
          "si": 21,
          "sti": 4,
          "dti": 323,
          "sco": 22,
          "dco": 1933,
          "txt": "seinen"
        },
        {
          "si": 21,
          "sti": 5,
          "dti": 324,
          "sco": 29,
          "dco": 1940,
          "txt": "Schuss"
        },
        {
          "si": 21,
          "sti": 6,
          "dti": 325,
          "sco": 36,
          "dco": 1947,
          "txt": "in"
        },
        {
          "si": 21,
          "sti": 7,
          "dti": 326,
          "sco": 39,
          "dco": 1950,
          "txt": "der"
        },
        {
          "si": 21,
          "sti": 8,
          "dti": 327,
          "sco": 43,
          "dco": 1954,
          "txt": "66"
        },
        {
          "si": 21,
          "sti": 9,
          "dti": 328,
          "sco": 45,
          "dco": 1956,
          "txt": "."
        },
        {
          "si": 22,
          "sti": 0,
          "dti": 329,
          "sco": 0,
          "dco": 1958,
          "txt": "Minute"
        },
        {
          "si": 22,
          "sti": 1,
          "dti": 330,
          "sco": 6,
          "dco": 1964,
          "txt": "."
        },
        {
          "si": 23,
          "sti": 0,
          "dti": 331,
          "sco": 0,
          "dco": 1966,
          "txt": "Den"
        },
        {
          "si": 23,
          "sti": 1,
          "dti": 332,
          "sco": 4,
          "dco": 1970,
          "txt": "entscheidenden"
        },
        {
          "si": 23,
          "sti": 2,
          "dti": 333,
          "sco": 19,
          "dco": 1985,
          "txt": "und"
        },
        {
          "si": 23,
          "sti": 3,
          "dti": 334,
          "sco": 23,
          "dco": 1989,
          "txt": "einzigen"
        },
        {
          "si": 23,
          "sti": 4,
          "dti": 335,
          "sco": 32,
          "dco": 1998,
          "txt": "Treffer"
        },
        {
          "si": 23,
          "sti": 5,
          "dti": 336,
          "sco": 40,
          "dco": 2006,
          "txt": "des"
        },
        {
          "si": 23,
          "sti": 6,
          "dti": 337,
          "sco": 44,
          "dco": 2010,
          "txt": "Abends"
        },
        {
          "si": 23,
          "sti": 7,
          "dti": 338,
          "sco": 51,
          "dco": 2017,
          "txt": "erzielte"
        },
        {
          "si": 23,
          "sti": 8,
          "dti": 339,
          "sco": 60,
          "dco": 2026,
          "txt": "kurz"
        },
        {
          "si": 23,
          "sti": 9,
          "dti": 340,
          "sco": 65,
          "dco": 2031,
          "txt": "danach"
        },
        {
          "si": 23,
          "sti": 10,
          "dti": 341,
          "sco": 72,
          "dco": 2038,
          "txt": "Li"
        },
        {
          "si": 23,
          "sti": 11,
          "dti": 342,
          "sco": 75,
          "dco": 2041,
          "txt": "Jinyu"
        },
        {
          "si": 23,
          "sti": 12,
          "dti": 343,
          "sco": 80,
          "dco": 2046,
          "txt": ","
        },
        {
          "si": 23,
          "sti": 13,
          "dti": 344,
          "sco": 82,
          "dco": 2048,
          "txt": "der"
        },
        {
          "si": 23,
          "sti": 14,
          "dti": 345,
          "sco": 86,
          "dco": 2052,
          "txt": "unhaltbar"
        },
        {
          "si": 23,
          "sti": 15,
          "dti": 346,
          "sco": 96,
          "dco": 2062,
          "txt": "fuer"
        },
        {
          "si": 23,
          "sti": 16,
          "dti": 347,
          "sco": 101,
          "dco": 2067,
          "txt": "den"
        },
        {
          "si": 23,
          "sti": 17,
          "dti": 348,
          "sco": 105,
          "dco": 2071,
          "txt": "malaysischen"
        },
        {
          "si": 23,
          "sti": 18,
          "dti": 349,
          "sco": 118,
          "dco": 2084,
          "txt": "Torhueter"
        },
        {
          "si": 23,
          "sti": 19,
          "dti": 350,
          "sco": 128,
          "dco": 2094,
          "txt": "Mohammad"
        },
        {
          "si": 23,
          "sti": 20,
          "dti": 351,
          "sco": 137,
          "dco": 2103,
          "txt": "Syamsuri"
        },
        {
          "si": 23,
          "sti": 21,
          "dti": 352,
          "sco": 146,
          "dco": 2112,
          "txt": "Mustafa"
        },
        {
          "si": 23,
          "sti": 22,
          "dti": 353,
          "sco": 154,
          "dco": 2120,
          "txt": "abzog"
        },
        {
          "si": 23,
          "sti": 23,
          "dti": 354,
          "sco": 159,
          "dco": 2125,
          "txt": "."
        },
        {
          "si": 24,
          "sti": 0,
          "dti": 355,
          "sco": 0,
          "dco": 2127,
          "txt": "Insgesamt"
        },
        {
          "si": 24,
          "sti": 1,
          "dti": 356,
          "sco": 10,
          "dco": 2137,
          "txt": "nehmen"
        },
        {
          "si": 24,
          "sti": 2,
          "dti": 357,
          "sco": 17,
          "dco": 2144,
          "txt": "32"
        },
        {
          "si": 24,
          "sti": 3,
          "dti": 358,
          "sco": 20,
          "dco": 2147,
          "txt": "asiatische"
        },
        {
          "si": 24,
          "sti": 4,
          "dti": 359,
          "sco": 31,
          "dco": 2158,
          "txt": "Mannschaften"
        },
        {
          "si": 24,
          "sti": 5,
          "dti": 360,
          "sco": 44,
          "dco": 2171,
          "txt": "in"
        },
        {
          "si": 24,
          "sti": 6,
          "dti": 361,
          "sco": 47,
          "dco": 2174,
          "txt": "acht"
        },
        {
          "si": 24,
          "sti": 7,
          "dti": 362,
          "sco": 52,
          "dco": 2179,
          "txt": "Vierergruppen"
        },
        {
          "si": 24,
          "sti": 8,
          "dti": 363,
          "sco": 66,
          "dco": 2193,
          "txt": "an"
        },
        {
          "si": 24,
          "sti": 9,
          "dti": 364,
          "sco": 69,
          "dco": 2196,
          "txt": "der"
        },
        {
          "si": 24,
          "sti": 10,
          "dti": 365,
          "sco": 73,
          "dco": 2200,
          "txt": "Qualifikation"
        },
        {
          "si": 24,
          "sti": 11,
          "dti": 366,
          "sco": 87,
          "dco": 2214,
          "txt": "fuer"
        },
        {
          "si": 24,
          "sti": 12,
          "dti": 367,
          "sco": 92,
          "dco": 2219,
          "txt": "die"
        },
        {
          "si": 24,
          "sti": 13,
          "dti": 368,
          "sco": 96,
          "dco": 2223,
          "txt": "FIFA"
        },
        {
          "si": 24,
          "sti": 14,
          "dti": 369,
          "sco": 101,
          "dco": 2228,
          "txt": "Fussball"
        },
        {
          "si": 24,
          "sti": 15,
          "dti": 370,
          "sco": 109,
          "dco": 2236,
          "txt": "-"
        },
        {
          "si": 24,
          "sti": 16,
          "dti": 371,
          "sco": 110,
          "dco": 2237,
          "txt": "Weltmeisterschaft"
        },
        {
          "si": 24,
          "sti": 17,
          "dti": 372,
          "sco": 128,
          "dco": 2255,
          "txt": "Deutschland"
        },
        {
          "si": 24,
          "sti": 18,
          "dti": 373,
          "sco": 140,
          "dco": 2267,
          "txt": "2006"
        },
        {
          "si": 24,
          "sti": 19,
          "dti": 374,
          "sco": 145,
          "dco": 2272,
          "txt": "teil"
        },
        {
          "si": 24,
          "sti": 20,
          "dti": 375,
          "sco": 149,
          "dco": 2276,
          "txt": "."
        },
        {
          "si": 25,
          "sti": 0,
          "dti": 376,
          "sco": 0,
          "dco": 2278,
          "txt": "Die"
        },
        {
          "si": 25,
          "sti": 1,
          "dti": 377,
          "sco": 4,
          "dco": 2282,
          "txt": "acht"
        },
        {
          "si": 25,
          "sti": 2,
          "dti": 378,
          "sco": 9,
          "dco": 2287,
          "txt": "Gruppensieger"
        },
        {
          "si": 25,
          "sti": 3,
          "dti": 379,
          "sco": 23,
          "dco": 2301,
          "txt": "spielen"
        },
        {
          "si": 25,
          "sti": 4,
          "dti": 380,
          "sco": 31,
          "dco": 2309,
          "txt": "im"
        },
        {
          "si": 25,
          "sti": 5,
          "dti": 381,
          "sco": 34,
          "dco": 2312,
          "txt": "kommenden"
        },
        {
          "si": 25,
          "sti": 6,
          "dti": 382,
          "sco": 44,
          "dco": 2322,
          "txt": "Jahr"
        },
        {
          "si": 25,
          "sti": 7,
          "dti": 383,
          "sco": 49,
          "dco": 2327,
          "txt": "untereinander"
        },
        {
          "si": 25,
          "sti": 8,
          "dti": 384,
          "sco": 63,
          "dco": 2341,
          "txt": "die"
        },
        {
          "si": 25,
          "sti": 9,
          "dti": 385,
          "sco": 67,
          "dco": 2345,
          "txt": "letzte"
        },
        {
          "si": 25,
          "sti": 10,
          "dti": 386,
          "sco": 74,
          "dco": 2352,
          "txt": "Qualifikationsrunde"
        },
        {
          "si": 25,
          "sti": 11,
          "dti": 387,
          "sco": 94,
          "dco": 2372,
          "txt": "aus"
        },
        {
          "si": 25,
          "sti": 12,
          "dti": 388,
          "sco": 97,
          "dco": 2375,
          "txt": "."
        }
      ]
    },
    "ganns": {
      "dla": [],
      "la": [],
      "ea": [],
      "eta": [
        {
          "ra": {
            "ea": {
              "etn": "Goal"
            }
          },
          "sfs": [
            [
              {
                "stn": "scoreTeamB"
              },
              {
                "ea": {
                  "etn": "1"
                }
              }
            ],
            [
              {
                "stn": "forTeam"
              },
              {
                "ea": {
                  "etn": "VR China"
                }
              }
            ],
            [
              {
                "stn": "scoreTeamA"
              },
              {
                "ea": {
                  "etn": "0"
                }
              }
            ],
            [
              {
                "stn": "minute"
              },
              {
                "ea": {
                  "etn": "67"
                }
              }
            ],
            [
              {
                "stn": "scorer"
              },
              {
                "ea": {
                  "etn": "Li Jinyu"
                }
              }
            ]
          ],
          "mfs": {}
        },
        {
          "ra": {
            "ea": {
              "etn": "RedCard"
            }
          },
          "sfs": [
            [
              {
                "stn": "cardForTeam"
              },
              {
                "ea": {
                  "etn": "VR China"
                }
              }
            ],
            [
              {
                "stn": "cardMinute"
              },
              {
                "ea": {
                  "etn": "50"
                }
              }
            ],
            [
              {
                "stn": "player"
              },
              {
                "ea": {
                  "etn": "Zheng Zhi"
                }
              }
            ]
          ],
          "mfs": {}
        },
        {
          "ra": {
            "ea": {
              "etn": "YellowCard"
            }
          },
          "sfs": [
            [
              {
                "stn": "cardForTeam"
              },
              {
                "ea": {
                  "etn": "Malaysia"
                }
              }
            ],
            [
              {
                "stn": "cardMinute"
              },
              {
                "ea": {
                  "etn": "25"
                }
              }
            ],
            [
              {
                "stn": "player"
              },
              {
                "ea": {
                  "etn": "Adan Muhammad"
                }
              }
            ]
          ],
          "mfs": {}
        },
        {
          "ra": {
            "ea": {
              "etn": "YellowCard"
            }
          },
          "sfs": [
            [
              {
                "stn": "cardForTeam"
              },
              {
                "ea": {
                  "etn": "VR China"
                }
              }
            ],
            [
              {
                "stn": "cardMinute"
              },
              {
                "ea": {
                  "etn": "48"
                }
              }
            ],
            [
              {
                "stn": "player"
              },
              {
                "ea": {
                  "etn": "Zheng Zhi"
                }
              }
            ]
          ],
          "mfs": {}
        },
        {
          "ra": {
            "ea": {
              "etn": "YellowCard"
            }
          },
          "sfs": [
            [
              {
                "stn": "cardForTeam"
              },
              {
                "ea": {
                  "etn": "VR China"
                }
              }
            ],
            [
              {
                "stn": "cardMinute"
              },
              {
                "ea": {
                  "etn": "50"
                }
              }
            ],
            [
              {
                "stn": "player"
              },
              {
                "ea": {
                  "etn": "Zheng Zhi"
                }
              }
            ]
          ],
          "mfs": {}
        },
        {
          "ra": {
            "ea": {
              "etn": "YellowCard"
            }
          },
          "sfs": [
            [
              {
                "stn": "cardForTeam"
              },
              {
                "ea": {
                  "etn": "VR China"
                }
              }
            ],
            [
              {
                "stn": "cardMinute"
              },
              {
                "ea": {
                  "etn": "86"
                }
              }
            ],
            [
              {
                "stn": "player"
              },
              {
                "ea": {
                  "etn": "Sun Xiang"
                }
              }
            ]
          ],
          "mfs": {}
        },
        {
          "ra": {
            "ea": {
              "etn": "TeamStats"
            }
          },
          "sfs": [
            [
              {
                "stn": "finalScore"
              },
              {
                "ea": {
                  "etn": "0"
                }
              }
            ],
            [
              {
                "stn": "name"
              },
              {
                "ea": {
                  "etn": "Malaysia"
                }
              }
            ]
          ],
          "mfs": {}
        },
        {
          "ra": {
            "ea": {
              "etn": "TeamStats"
            }
          },
          "sfs": [
            [
              {
                "stn": "finalScore"
              },
              {
                "ea": {
                  "etn": "1"
                }
              }
            ],
            [
              {
                "stn": "name"
              },
              {
                "ea": {
                  "etn": "VR China"
                }
              }
            ]
          ],
          "mfs": {}
        }
      ]
    }
  }
]
