[
  {
    "context": "UNSPECIFIED",
    "doc": {
      "id": "de_mr33899_struct",
      "tl": [
        {
          "si": 0,
          "sti": 0,
          "dti": 0,
          "sco": 0,
          "dco": 0,
          "txt": "Ronaldo"
        },
        {
          "si": 0,
          "sti": 1,
          "dti": 1,
          "sco": 8,
          "dco": 8,
          "txt": "erfolgreich"
        },
        {
          "si": 0,
          "sti": 2,
          "dti": 2,
          "sco": 20,
          "dco": 20,
          "txt": "bei"
        },
        {
          "si": 0,
          "sti": 3,
          "dti": 3,
          "sco": 24,
          "dco": 24,
          "txt": "Brasiliens"
        },
        {
          "si": 0,
          "sti": 4,
          "dti": 4,
          "sco": 35,
          "dco": 35,
          "txt": "Sieg"
        },
        {
          "si": 0,
          "sti": 5,
          "dti": 5,
          "sco": 40,
          "dco": 40,
          "txt": "gegen"
        },
        {
          "si": 0,
          "sti": 6,
          "dti": 6,
          "sco": 46,
          "dco": 46,
          "txt": "Venezuela"
        },
        {
          "si": 0,
          "sti": 7,
          "dti": 7,
          "sco": 55,
          "dco": 55,
          "txt": "."
        },
        {
          "si": 1,
          "sti": 0,
          "dti": 8,
          "sco": 0,
          "dco": 57,
          "txt": "Ronaldo"
        },
        {
          "si": 1,
          "sti": 1,
          "dti": 9,
          "sco": 8,
          "dco": 65,
          "txt": "erzielte"
        },
        {
          "si": 1,
          "sti": 2,
          "dti": 10,
          "sco": 17,
          "dco": 74,
          "txt": "am"
        },
        {
          "si": 1,
          "sti": 3,
          "dti": 11,
          "sco": 20,
          "dco": 77,
          "txt": "Mittwoch"
        },
        {
          "si": 1,
          "sti": 4,
          "dti": 12,
          "sco": 28,
          "dco": 85,
          "txt": ","
        },
        {
          "si": 1,
          "sti": 5,
          "dti": 13,
          "sco": 30,
          "dco": 87,
          "txt": "am"
        },
        {
          "si": 1,
          "sti": 6,
          "dti": 14,
          "sco": 33,
          "dco": 90,
          "txt": "letzten"
        },
        {
          "si": 1,
          "sti": 7,
          "dti": 15,
          "sco": 41,
          "dco": 98,
          "txt": "Spieltag"
        },
        {
          "si": 1,
          "sti": 8,
          "dti": 16,
          "sco": 50,
          "dco": 107,
          "txt": "der"
        },
        {
          "si": 1,
          "sti": 9,
          "dti": 17,
          "sco": 54,
          "dco": 111,
          "txt": "WM"
        },
        {
          "si": 1,
          "sti": 10,
          "dti": 18,
          "sco": 56,
          "dco": 113,
          "txt": "-"
        },
        {
          "si": 1,
          "sti": 11,
          "dti": 19,
          "sco": 57,
          "dco": 114,
          "txt": "Qualifikation"
        },
        {
          "si": 1,
          "sti": 12,
          "dti": 20,
          "sco": 70,
          "dco": 127,
          "txt": ","
        },
        {
          "si": 1,
          "sti": 13,
          "dti": 21,
          "sco": 72,
          "dco": 129,
          "txt": "nach"
        },
        {
          "si": 1,
          "sti": 14,
          "dti": 22,
          "sco": 77,
          "dco": 134,
          "txt": "ueber"
        },
        {
          "si": 1,
          "sti": 15,
          "dti": 23,
          "sco": 83,
          "dco": 140,
          "txt": "einem"
        },
        {
          "si": 1,
          "sti": 16,
          "dti": 24,
          "sco": 89,
          "dco": 146,
          "txt": "Jahr"
        },
        {
          "si": 1,
          "sti": 17,
          "dti": 25,
          "sco": 94,
          "dco": 151,
          "txt": "endlich"
        },
        {
          "si": 1,
          "sti": 18,
          "dti": 26,
          "sco": 102,
          "dco": 159,
          "txt": "wieder"
        },
        {
          "si": 1,
          "sti": 19,
          "dti": 27,
          "sco": 109,
          "dco": 166,
          "txt": "ein"
        },
        {
          "si": 1,
          "sti": 20,
          "dti": 28,
          "sco": 113,
          "dco": 170,
          "txt": "Laenderspieltor"
        },
        {
          "si": 1,
          "sti": 21,
          "dti": 29,
          "sco": 129,
          "dco": 186,
          "txt": "und"
        },
        {
          "si": 1,
          "sti": 22,
          "dti": 30,
          "sco": 133,
          "dco": 190,
          "txt": "trug"
        },
        {
          "si": 1,
          "sti": 23,
          "dti": 31,
          "sco": 138,
          "dco": 195,
          "txt": "damit"
        },
        {
          "si": 1,
          "sti": 24,
          "dti": 32,
          "sco": 144,
          "dco": 201,
          "txt": "zum"
        },
        {
          "si": 1,
          "sti": 25,
          "dti": 33,
          "sco": 148,
          "dco": 205,
          "txt": "3"
        },
        {
          "si": 1,
          "sti": 26,
          "dti": 34,
          "sco": 149,
          "dco": 206,
          "txt": ":"
        },
        {
          "si": 1,
          "sti": 27,
          "dti": 35,
          "sco": 150,
          "dco": 207,
          "txt": "0"
        },
        {
          "si": 1,
          "sti": 28,
          "dti": 36,
          "sco": 151,
          "dco": 208,
          "txt": "-"
        },
        {
          "si": 1,
          "sti": 29,
          "dti": 37,
          "sco": 152,
          "dco": 209,
          "txt": "Erfolg"
        },
        {
          "si": 1,
          "sti": 30,
          "dti": 38,
          "sco": 159,
          "dco": 216,
          "txt": "der"
        },
        {
          "si": 1,
          "sti": 31,
          "dti": 39,
          "sco": 163,
          "dco": 220,
          "txt": "Brasilianer"
        },
        {
          "si": 1,
          "sti": 32,
          "dti": 40,
          "sco": 175,
          "dco": 232,
          "txt": "gegen"
        },
        {
          "si": 1,
          "sti": 33,
          "dti": 41,
          "sco": 181,
          "dco": 238,
          "txt": "Venezuela"
        },
        {
          "si": 1,
          "sti": 34,
          "dti": 42,
          "sco": 191,
          "dco": 248,
          "txt": "bei"
        },
        {
          "si": 1,
          "sti": 35,
          "dti": 43,
          "sco": 194,
          "dco": 251,
          "txt": "."
        },
        {
          "si": 2,
          "sti": 0,
          "dti": 44,
          "sco": 0,
          "dco": 253,
          "txt": "Der"
        },
        {
          "si": 2,
          "sti": 1,
          "dti": 45,
          "sco": 4,
          "dco": 257,
          "txt": "Stuermer"
        },
        {
          "si": 2,
          "sti": 2,
          "dti": 46,
          "sco": 13,
          "dco": 266,
          "txt": "von"
        },
        {
          "si": 2,
          "sti": 3,
          "dti": 47,
          "sco": 17,
          "dco": 270,
          "txt": "Real"
        },
        {
          "si": 2,
          "sti": 4,
          "dti": 48,
          "sco": 22,
          "dco": 275,
          "txt": "Madrid"
        },
        {
          "si": 2,
          "sti": 5,
          "dti": 49,
          "sco": 29,
          "dco": 282,
          "txt": "hatte"
        },
        {
          "si": 2,
          "sti": 6,
          "dti": 50,
          "sco": 35,
          "dco": 288,
          "txt": "am"
        },
        {
          "si": 2,
          "sti": 7,
          "dti": 51,
          "sco": 38,
          "dco": 291,
          "txt": "9"
        },
        {
          "si": 2,
          "sti": 8,
          "dti": 52,
          "sco": 39,
          "dco": 292,
          "txt": "."
        },
        {
          "si": 3,
          "sti": 0,
          "dti": 53,
          "sco": 0,
          "dco": 294,
          "txt": "Oktober"
        },
        {
          "si": 3,
          "sti": 1,
          "dti": 54,
          "sco": 8,
          "dco": 302,
          "txt": "letzten"
        },
        {
          "si": 3,
          "sti": 2,
          "dti": 55,
          "sco": 16,
          "dco": 310,
          "txt": "Jahres"
        },
        {
          "si": 3,
          "sti": 3,
          "dti": 56,
          "sco": 23,
          "dco": 317,
          "txt": "zuletzt"
        },
        {
          "si": 3,
          "sti": 4,
          "dti": 57,
          "sco": 31,
          "dco": 325,
          "txt": "fuer"
        },
        {
          "si": 3,
          "sti": 5,
          "dti": 58,
          "sco": 36,
          "dco": 330,
          "txt": "sein"
        },
        {
          "si": 3,
          "sti": 6,
          "dti": 59,
          "sco": 41,
          "dco": 335,
          "txt": "Land"
        },
        {
          "si": 3,
          "sti": 7,
          "dti": 60,
          "sco": 46,
          "dco": 340,
          "txt": "getroffen"
        },
        {
          "si": 3,
          "sti": 8,
          "dti": 61,
          "sco": 55,
          "dco": 349,
          "txt": "."
        },
        {
          "si": 4,
          "sti": 0,
          "dti": 62,
          "sco": 0,
          "dco": 351,
          "txt": "Damals"
        },
        {
          "si": 4,
          "sti": 1,
          "dti": 63,
          "sco": 7,
          "dco": 358,
          "txt": "hatte"
        },
        {
          "si": 4,
          "sti": 2,
          "dti": 64,
          "sco": 13,
          "dco": 364,
          "txt": "Brasilien"
        },
        {
          "si": 4,
          "sti": 3,
          "dti": 65,
          "sco": 23,
          "dco": 374,
          "txt": "ebenfalls"
        },
        {
          "si": 4,
          "sti": 4,
          "dti": 66,
          "sco": 33,
          "dco": 384,
          "txt": "gegen"
        },
        {
          "si": 4,
          "sti": 5,
          "dti": 67,
          "sco": 39,
          "dco": 390,
          "txt": "Venezuela"
        },
        {
          "si": 4,
          "sti": 6,
          "dti": 68,
          "sco": 49,
          "dco": 400,
          "txt": "gespielt"
        },
        {
          "si": 4,
          "sti": 7,
          "dti": 69,
          "sco": 57,
          "dco": 408,
          "txt": "."
        },
        {
          "si": 5,
          "sti": 0,
          "dti": 70,
          "sco": 0,
          "dco": 410,
          "txt": "Seitdem"
        },
        {
          "si": 5,
          "sti": 1,
          "dti": 71,
          "sco": 8,
          "dco": 418,
          "txt": "wurde"
        },
        {
          "si": 5,
          "sti": 2,
          "dti": 72,
          "sco": 14,
          "dco": 424,
          "txt": "er"
        },
        {
          "si": 5,
          "sti": 3,
          "dti": 73,
          "sco": 17,
          "dco": 427,
          "txt": "bei"
        },
        {
          "si": 5,
          "sti": 4,
          "dti": 74,
          "sco": 21,
          "dco": 431,
          "txt": "weiteren"
        },
        {
          "si": 5,
          "sti": 5,
          "dti": 75,
          "sco": 30,
          "dco": 440,
          "txt": "sechs"
        },
        {
          "si": 5,
          "sti": 6,
          "dti": 76,
          "sco": 36,
          "dco": 446,
          "txt": "Spielen"
        },
        {
          "si": 5,
          "sti": 7,
          "dti": 77,
          "sco": 44,
          "dco": 454,
          "txt": "eingesetzt"
        },
        {
          "si": 5,
          "sti": 8,
          "dti": 78,
          "sco": 54,
          "dco": 464,
          "txt": ","
        },
        {
          "si": 5,
          "sti": 9,
          "dti": 79,
          "sco": 56,
          "dco": 466,
          "txt": "blieb"
        },
        {
          "si": 5,
          "sti": 10,
          "dti": 80,
          "sco": 62,
          "dco": 472,
          "txt": "jedoch"
        },
        {
          "si": 5,
          "sti": 11,
          "dti": 81,
          "sco": 69,
          "dco": 479,
          "txt": "ohne"
        },
        {
          "si": 5,
          "sti": 12,
          "dti": 82,
          "sco": 74,
          "dco": 484,
          "txt": "Torerfolg"
        },
        {
          "si": 5,
          "sti": 13,
          "dti": 83,
          "sco": 83,
          "dco": 493,
          "txt": "."
        },
        {
          "si": 6,
          "sti": 0,
          "dti": 84,
          "sco": 0,
          "dco": 495,
          "txt": "Ich"
        },
        {
          "si": 6,
          "sti": 1,
          "dti": 85,
          "sco": 4,
          "dco": 499,
          "txt": "hoffe"
        },
        {
          "si": 6,
          "sti": 2,
          "dti": 86,
          "sco": 9,
          "dco": 504,
          "txt": ","
        },
        {
          "si": 6,
          "sti": 3,
          "dti": 87,
          "sco": 11,
          "dco": 506,
          "txt": "mir"
        },
        {
          "si": 6,
          "sti": 4,
          "dti": 88,
          "sco": 15,
          "dco": 510,
          "txt": "steht"
        },
        {
          "si": 6,
          "sti": 5,
          "dti": 89,
          "sco": 21,
          "dco": 516,
          "txt": "jetzt"
        },
        {
          "si": 6,
          "sti": 6,
          "dti": 90,
          "sco": 27,
          "dco": 522,
          "txt": "nicht"
        },
        {
          "si": 6,
          "sti": 7,
          "dti": 91,
          "sco": 33,
          "dco": 528,
          "txt": "wieder"
        },
        {
          "si": 6,
          "sti": 8,
          "dti": 92,
          "sco": 40,
          "dco": 535,
          "txt": "eine"
        },
        {
          "si": 6,
          "sti": 9,
          "dti": 93,
          "sco": 45,
          "dco": 540,
          "txt": "so"
        },
        {
          "si": 6,
          "sti": 10,
          "dti": 94,
          "sco": 48,
          "dco": 543,
          "txt": "lange"
        },
        {
          "si": 6,
          "sti": 11,
          "dti": 95,
          "sco": 54,
          "dco": 549,
          "txt": "Durststrecke"
        },
        {
          "si": 6,
          "sti": 12,
          "dti": 96,
          "sco": 67,
          "dco": 562,
          "txt": "bevor"
        },
        {
          "si": 6,
          "sti": 13,
          "dti": 97,
          "sco": 72,
          "dco": 567,
          "txt": ","
        },
        {
          "si": 6,
          "sti": 14,
          "dti": 98,
          "sco": 74,
          "dco": 569,
          "txt": "sagte"
        },
        {
          "si": 6,
          "sti": 15,
          "dti": 99,
          "sco": 80,
          "dco": 575,
          "txt": "Ronaldo"
        },
        {
          "si": 6,
          "sti": 16,
          "dti": 100,
          "sco": 87,
          "dco": 582,
          "txt": "."
        },
        {
          "si": 7,
          "sti": 0,
          "dti": 101,
          "sco": 0,
          "dco": 584,
          "txt": "Adriano"
        },
        {
          "si": 7,
          "sti": 1,
          "dti": 102,
          "sco": 8,
          "dco": 592,
          "txt": "und"
        },
        {
          "si": 7,
          "sti": 2,
          "dti": 103,
          "sco": 12,
          "dco": 596,
          "txt": "Roberto"
        },
        {
          "si": 7,
          "sti": 3,
          "dti": 104,
          "sco": 20,
          "dco": 604,
          "txt": "Carlos"
        },
        {
          "si": 7,
          "sti": 4,
          "dti": 105,
          "sco": 27,
          "dco": 611,
          "txt": "erzielten"
        },
        {
          "si": 7,
          "sti": 5,
          "dti": 106,
          "sco": 37,
          "dco": 621,
          "txt": "die"
        },
        {
          "si": 7,
          "sti": 6,
          "dti": 107,
          "sco": 41,
          "dco": 625,
          "txt": "weiteren"
        },
        {
          "si": 7,
          "sti": 7,
          "dti": 108,
          "sco": 50,
          "dco": 634,
          "txt": "Treffer"
        },
        {
          "si": 7,
          "sti": 8,
          "dti": 109,
          "sco": 58,
          "dco": 642,
          "txt": "fuer"
        },
        {
          "si": 7,
          "sti": 9,
          "dti": 110,
          "sco": 63,
          "dco": 647,
          "txt": "die"
        },
        {
          "si": 7,
          "sti": 10,
          "dti": 111,
          "sco": 67,
          "dco": 651,
          "txt": "Brasilianer"
        },
        {
          "si": 7,
          "sti": 11,
          "dti": 112,
          "sco": 78,
          "dco": 662,
          "txt": ","
        },
        {
          "si": 7,
          "sti": 12,
          "dti": 113,
          "sco": 80,
          "dco": 664,
          "txt": "die"
        },
        {
          "si": 7,
          "sti": 13,
          "dti": 114,
          "sco": 84,
          "dco": 668,
          "txt": "sich"
        },
        {
          "si": 7,
          "sti": 14,
          "dti": 115,
          "sco": 89,
          "dco": 673,
          "txt": "damit"
        },
        {
          "si": 7,
          "sti": 15,
          "dti": 116,
          "sco": 95,
          "dco": 679,
          "txt": "vor"
        },
        {
          "si": 7,
          "sti": 16,
          "dti": 117,
          "sco": 99,
          "dco": 683,
          "txt": "Argentinien"
        },
        {
          "si": 7,
          "sti": 17,
          "dti": 118,
          "sco": 111,
          "dco": 695,
          "txt": "den"
        },
        {
          "si": 7,
          "sti": 18,
          "dti": 119,
          "sco": 115,
          "dco": 699,
          "txt": "Gesamtsieg"
        },
        {
          "si": 7,
          "sti": 19,
          "dti": 120,
          "sco": 126,
          "dco": 710,
          "txt": "in"
        },
        {
          "si": 7,
          "sti": 20,
          "dti": 121,
          "sco": 129,
          "dco": 713,
          "txt": "der"
        },
        {
          "si": 7,
          "sti": 21,
          "dti": 122,
          "sco": 133,
          "dco": 717,
          "txt": "zehn"
        },
        {
          "si": 7,
          "sti": 22,
          "dti": 123,
          "sco": 138,
          "dco": 722,
          "txt": "Mannschaften"
        },
        {
          "si": 7,
          "sti": 23,
          "dti": 124,
          "sco": 151,
          "dco": 735,
          "txt": "umfassenden"
        },
        {
          "si": 7,
          "sti": 24,
          "dti": 125,
          "sco": 163,
          "dco": 747,
          "txt": "suedamerikanischen"
        },
        {
          "si": 7,
          "sti": 25,
          "dti": 126,
          "sco": 182,
          "dco": 766,
          "txt": "Qualifikationsgruppe"
        },
        {
          "si": 7,
          "sti": 26,
          "dti": 127,
          "sco": 203,
          "dco": 787,
          "txt": "sicherten"
        },
        {
          "si": 7,
          "sti": 27,
          "dti": 128,
          "sco": 212,
          "dco": 796,
          "txt": "."
        },
        {
          "si": 8,
          "sti": 0,
          "dti": 129,
          "sco": 0,
          "dco": 798,
          "txt": "Brasilien"
        },
        {
          "si": 8,
          "sti": 1,
          "dti": 130,
          "sco": 10,
          "dco": 808,
          "txt": "konnte"
        },
        {
          "si": 8,
          "sti": 2,
          "dti": 131,
          "sco": 16,
          "dco": 814,
          "txt": ","
        },
        {
          "si": 8,
          "sti": 3,
          "dti": 132,
          "sco": 18,
          "dco": 816,
          "txt": "genau"
        },
        {
          "si": 8,
          "sti": 4,
          "dti": 133,
          "sco": 24,
          "dco": 822,
          "txt": "wie"
        },
        {
          "si": 8,
          "sti": 5,
          "dti": 134,
          "sco": 28,
          "dco": 826,
          "txt": "Argentinien"
        },
        {
          "si": 8,
          "sti": 6,
          "dti": 135,
          "sco": 39,
          "dco": 837,
          "txt": ","
        },
        {
          "si": 8,
          "sti": 7,
          "dti": 136,
          "sco": 41,
          "dco": 839,
          "txt": "insgesamt"
        },
        {
          "si": 8,
          "sti": 8,
          "dti": 137,
          "sco": 51,
          "dco": 849,
          "txt": "34"
        },
        {
          "si": 8,
          "sti": 9,
          "dti": 138,
          "sco": 54,
          "dco": 852,
          "txt": "Punkte"
        },
        {
          "si": 8,
          "sti": 10,
          "dti": 139,
          "sco": 61,
          "dco": 859,
          "txt": "verbuchen"
        },
        {
          "si": 8,
          "sti": 11,
          "dti": 140,
          "sco": 70,
          "dco": 868,
          "txt": "."
        },
        {
          "si": 9,
          "sti": 0,
          "dti": 141,
          "sco": 0,
          "dco": 870,
          "txt": "Die"
        },
        {
          "si": 9,
          "sti": 1,
          "dti": 142,
          "sco": 4,
          "dco": 874,
          "txt": "Argentinier"
        },
        {
          "si": 9,
          "sti": 2,
          "dti": 143,
          "sco": 15,
          "dco": 885,
          "txt": ","
        },
        {
          "si": 9,
          "sti": 3,
          "dti": 144,
          "sco": 17,
          "dco": 887,
          "txt": "die"
        },
        {
          "si": 9,
          "sti": 4,
          "dti": 145,
          "sco": 21,
          "dco": 891,
          "txt": "mit"
        },
        {
          "si": 9,
          "sti": 5,
          "dti": 146,
          "sco": 25,
          "dco": 895,
          "txt": "0"
        },
        {
          "si": 9,
          "sti": 6,
          "dti": 147,
          "sco": 26,
          "dco": 896,
          "txt": ":"
        },
        {
          "si": 9,
          "sti": 7,
          "dti": 148,
          "sco": 27,
          "dco": 897,
          "txt": "1"
        },
        {
          "si": 9,
          "sti": 8,
          "dti": 149,
          "sco": 29,
          "dco": 899,
          "txt": "in"
        },
        {
          "si": 9,
          "sti": 9,
          "dti": 150,
          "sco": 32,
          "dco": 902,
          "txt": "Uruguay"
        },
        {
          "si": 9,
          "sti": 10,
          "dti": 151,
          "sco": 40,
          "dco": 910,
          "txt": "verloren"
        },
        {
          "si": 9,
          "sti": 11,
          "dti": 152,
          "sco": 48,
          "dco": 918,
          "txt": ","
        },
        {
          "si": 9,
          "sti": 12,
          "dti": 153,
          "sco": 50,
          "dco": 920,
          "txt": "haben"
        },
        {
          "si": 9,
          "sti": 13,
          "dti": 154,
          "sco": 56,
          "dco": 926,
          "txt": "jedoch"
        },
        {
          "si": 9,
          "sti": 14,
          "dti": 155,
          "sco": 63,
          "dco": 933,
          "txt": "die"
        },
        {
          "si": 9,
          "sti": 15,
          "dti": 156,
          "sco": 67,
          "dco": 937,
          "txt": "schlechtere"
        },
        {
          "si": 9,
          "sti": 16,
          "dti": 157,
          "sco": 79,
          "dco": 949,
          "txt": "Tordifferenz"
        },
        {
          "si": 9,
          "sti": 17,
          "dti": 158,
          "sco": 91,
          "dco": 961,
          "txt": "."
        },
        {
          "si": 10,
          "sti": 0,
          "dti": 159,
          "sco": 0,
          "dco": 963,
          "txt": "Im"
        },
        {
          "si": 10,
          "sti": 1,
          "dti": 160,
          "sco": 3,
          "dco": 966,
          "txt": "direkten"
        },
        {
          "si": 10,
          "sti": 2,
          "dti": 161,
          "sco": 12,
          "dco": 975,
          "txt": "Vergleich"
        },
        {
          "si": 10,
          "sti": 3,
          "dti": 162,
          "sco": 22,
          "dco": 985,
          "txt": "liegen"
        },
        {
          "si": 10,
          "sti": 4,
          "dti": 163,
          "sco": 29,
          "dco": 992,
          "txt": "beide"
        },
        {
          "si": 10,
          "sti": 5,
          "dti": 164,
          "sco": 35,
          "dco": 998,
          "txt": "Mannschaften"
        },
        {
          "si": 10,
          "sti": 6,
          "dti": 165,
          "sco": 48,
          "dco": 1011,
          "txt": "gleichauf"
        },
        {
          "si": 10,
          "sti": 7,
          "dti": 166,
          "sco": 57,
          "dco": 1020,
          "txt": "."
        },
        {
          "si": 11,
          "sti": 0,
          "dti": 167,
          "sco": 0,
          "dco": 1022,
          "txt": "Brasilien"
        },
        {
          "si": 11,
          "sti": 1,
          "dti": 168,
          "sco": 10,
          "dco": 1032,
          "txt": "hatte"
        },
        {
          "si": 11,
          "sti": 2,
          "dti": 169,
          "sco": 16,
          "dco": 1038,
          "txt": "sich"
        },
        {
          "si": 11,
          "sti": 3,
          "dti": 170,
          "sco": 21,
          "dco": 1043,
          "txt": "bereits"
        },
        {
          "si": 11,
          "sti": 4,
          "dti": 171,
          "sco": 29,
          "dco": 1051,
          "txt": "vor"
        },
        {
          "si": 11,
          "sti": 5,
          "dti": 172,
          "sco": 33,
          "dco": 1055,
          "txt": "dem"
        },
        {
          "si": 11,
          "sti": 6,
          "dti": 173,
          "sco": 37,
          "dco": 1059,
          "txt": "Spiel"
        },
        {
          "si": 11,
          "sti": 7,
          "dti": 174,
          "sco": 43,
          "dco": 1065,
          "txt": "qualifiziert"
        },
        {
          "si": 11,
          "sti": 8,
          "dti": 175,
          "sco": 56,
          "dco": 1078,
          "txt": "und"
        },
        {
          "si": 11,
          "sti": 9,
          "dti": 176,
          "sco": 60,
          "dco": 1082,
          "txt": "Venezuela"
        },
        {
          "si": 11,
          "sti": 10,
          "dti": 177,
          "sco": 69,
          "dco": 1091,
          "txt": ","
        },
        {
          "si": 11,
          "sti": 11,
          "dti": 178,
          "sco": 71,
          "dco": 1093,
          "txt": "das"
        },
        {
          "si": 11,
          "sti": 12,
          "dti": 179,
          "sco": 75,
          "dco": 1097,
          "txt": "mit"
        },
        {
          "si": 11,
          "sti": 13,
          "dti": 180,
          "sco": 79,
          "dco": 1101,
          "txt": "18"
        },
        {
          "si": 11,
          "sti": 14,
          "dti": 181,
          "sco": 82,
          "dco": 1104,
          "txt": "Punkten"
        },
        {
          "si": 11,
          "sti": 15,
          "dti": 182,
          "sco": 90,
          "dco": 1112,
          "txt": "auf"
        },
        {
          "si": 11,
          "sti": 16,
          "dti": 183,
          "sco": 94,
          "dco": 1116,
          "txt": "dem"
        },
        {
          "si": 11,
          "sti": 17,
          "dti": 184,
          "sco": 98,
          "dco": 1120,
          "txt": "achten"
        },
        {
          "si": 11,
          "sti": 18,
          "dti": 185,
          "sco": 105,
          "dco": 1127,
          "txt": "Platz"
        },
        {
          "si": 11,
          "sti": 19,
          "dti": 186,
          "sco": 111,
          "dco": 1133,
          "txt": "der"
        },
        {
          "si": 11,
          "sti": 20,
          "dti": 187,
          "sco": 115,
          "dco": 1137,
          "txt": "Abschlusstabelle"
        },
        {
          "si": 11,
          "sti": 21,
          "dti": 188,
          "sco": 132,
          "dco": 1154,
          "txt": "rangiert"
        },
        {
          "si": 11,
          "sti": 22,
          "dti": 189,
          "sco": 140,
          "dco": 1162,
          "txt": ","
        },
        {
          "si": 11,
          "sti": 23,
          "dti": 190,
          "sco": 142,
          "dco": 1164,
          "txt": "war"
        },
        {
          "si": 11,
          "sti": 24,
          "dti": 191,
          "sco": 146,
          "dco": 1168,
          "txt": "bereits"
        },
        {
          "si": 11,
          "sti": 25,
          "dti": 192,
          "sco": 154,
          "dco": 1176,
          "txt": "ausgeschieden"
        },
        {
          "si": 11,
          "sti": 26,
          "dti": 193,
          "sco": 167,
          "dco": 1189,
          "txt": "."
        },
        {
          "si": 12,
          "sti": 0,
          "dti": 194,
          "sco": 0,
          "dco": 1191,
          "txt": "Ronaldo"
        },
        {
          "si": 12,
          "sti": 1,
          "dti": 195,
          "sco": 7,
          "dco": 1198,
          "txt": ","
        },
        {
          "si": 12,
          "sti": 2,
          "dti": 196,
          "sco": 9,
          "dco": 1200,
          "txt": "der"
        },
        {
          "si": 12,
          "sti": 3,
          "dti": 197,
          "sco": 13,
          "dco": 1204,
          "txt": "mit"
        },
        {
          "si": 12,
          "sti": 4,
          "dti": 198,
          "sco": 17,
          "dco": 1208,
          "txt": "10"
        },
        {
          "si": 12,
          "sti": 5,
          "dti": 199,
          "sco": 20,
          "dco": 1211,
          "txt": "Toren"
        },
        {
          "si": 12,
          "sti": 6,
          "dti": 200,
          "sco": 26,
          "dco": 1217,
          "txt": "Torschuetzenkoenig"
        },
        {
          "si": 12,
          "sti": 7,
          "dti": 201,
          "sco": 45,
          "dco": 1236,
          "txt": "der"
        },
        {
          "si": 12,
          "sti": 8,
          "dti": 202,
          "sco": 49,
          "dco": 1240,
          "txt": "CONMEBOL"
        },
        {
          "si": 12,
          "sti": 9,
          "dti": 203,
          "sco": 57,
          "dco": 1248,
          "txt": "-"
        },
        {
          "si": 12,
          "sti": 10,
          "dti": 204,
          "sco": 58,
          "dco": 1249,
          "txt": "Zone"
        },
        {
          "si": 12,
          "sti": 11,
          "dti": 205,
          "sco": 63,
          "dco": 1254,
          "txt": "wurde"
        },
        {
          "si": 12,
          "sti": 12,
          "dti": 206,
          "sco": 68,
          "dco": 1259,
          "txt": ","
        },
        {
          "si": 12,
          "sti": 13,
          "dti": 207,
          "sco": 70,
          "dco": 1261,
          "txt": "hatte"
        },
        {
          "si": 12,
          "sti": 14,
          "dti": 208,
          "sco": 76,
          "dco": 1267,
          "txt": "bereits"
        },
        {
          "si": 12,
          "sti": 15,
          "dti": 209,
          "sco": 84,
          "dco": 1275,
          "txt": "im"
        },
        {
          "si": 12,
          "sti": 16,
          "dti": 210,
          "sco": 87,
          "dco": 1278,
          "txt": "fruehen"
        },
        {
          "si": 12,
          "sti": 17,
          "dti": 211,
          "sco": 95,
          "dco": 1286,
          "txt": "Spielverlauf"
        },
        {
          "si": 12,
          "sti": 18,
          "dti": 212,
          "sco": 108,
          "dco": 1299,
          "txt": "eine"
        },
        {
          "si": 12,
          "sti": 19,
          "dti": 213,
          "sco": 113,
          "dco": 1304,
          "txt": "gute"
        },
        {
          "si": 12,
          "sti": 20,
          "dti": 214,
          "sco": 118,
          "dco": 1309,
          "txt": "Torchance"
        },
        {
          "si": 12,
          "sti": 21,
          "dti": 215,
          "sco": 127,
          "dco": 1318,
          "txt": ","
        },
        {
          "si": 12,
          "sti": 22,
          "dti": 216,
          "sco": 129,
          "dco": 1320,
          "txt": "als"
        },
        {
          "si": 12,
          "sti": 23,
          "dti": 217,
          "sco": 133,
          "dco": 1324,
          "txt": "es"
        },
        {
          "si": 12,
          "sti": 24,
          "dti": 218,
          "sco": 136,
          "dco": 1327,
          "txt": "ihm"
        },
        {
          "si": 12,
          "sti": 25,
          "dti": 219,
          "sco": 140,
          "dco": 1331,
          "txt": "gelang"
        },
        {
          "si": 12,
          "sti": 26,
          "dti": 220,
          "sco": 146,
          "dco": 1337,
          "txt": ","
        },
        {
          "si": 12,
          "sti": 27,
          "dti": 221,
          "sco": 148,
          "dco": 1339,
          "txt": "seinen"
        },
        {
          "si": 12,
          "sti": 28,
          "dti": 222,
          "sco": 155,
          "dco": 1346,
          "txt": "Verfolger"
        },
        {
          "si": 12,
          "sti": 29,
          "dti": 223,
          "sco": 165,
          "dco": 1356,
          "txt": "abzuschuetteln"
        },
        {
          "si": 12,
          "sti": 30,
          "dti": 224,
          "sco": 179,
          "dco": 1370,
          "txt": "."
        },
        {
          "si": 13,
          "sti": 0,
          "dti": 225,
          "sco": 0,
          "dco": 1372,
          "txt": "Sein"
        },
        {
          "si": 13,
          "sti": 1,
          "dti": 226,
          "sco": 5,
          "dco": 1377,
          "txt": "Schuss"
        },
        {
          "si": 13,
          "sti": 2,
          "dti": 227,
          "sco": 12,
          "dco": 1384,
          "txt": "war"
        },
        {
          "si": 13,
          "sti": 3,
          "dti": 228,
          "sco": 16,
          "dco": 1388,
          "txt": "jedoch"
        },
        {
          "si": 13,
          "sti": 4,
          "dti": 229,
          "sco": 23,
          "dco": 1395,
          "txt": "zu"
        },
        {
          "si": 13,
          "sti": 5,
          "dti": 230,
          "sco": 26,
          "dco": 1398,
          "txt": "schwach"
        },
        {
          "si": 13,
          "sti": 6,
          "dti": 231,
          "sco": 34,
          "dco": 1406,
          "txt": "und"
        },
        {
          "si": 13,
          "sti": 7,
          "dti": 232,
          "sco": 38,
          "dco": 1410,
          "txt": "bereitete"
        },
        {
          "si": 13,
          "sti": 8,
          "dti": 233,
          "sco": 48,
          "dco": 1420,
          "txt": "Schlussmann"
        },
        {
          "si": 13,
          "sti": 9,
          "dti": 234,
          "sco": 60,
          "dco": 1432,
          "txt": "Rafael"
        },
        {
          "si": 13,
          "sti": 10,
          "dti": 235,
          "sco": 67,
          "dco": 1439,
          "txt": "Dudamel"
        },
        {
          "si": 13,
          "sti": 11,
          "dti": 236,
          "sco": 75,
          "dco": 1447,
          "txt": "keine"
        },
        {
          "si": 13,
          "sti": 12,
          "dti": 237,
          "sco": 81,
          "dco": 1453,
          "txt": "Probleme"
        },
        {
          "si": 13,
          "sti": 13,
          "dti": 238,
          "sco": 89,
          "dco": 1461,
          "txt": "."
        },
        {
          "si": 14,
          "sti": 0,
          "dti": 239,
          "sco": 0,
          "dco": 1463,
          "txt": "Kurz"
        },
        {
          "si": 14,
          "sti": 1,
          "dti": 240,
          "sco": 5,
          "dco": 1468,
          "txt": "darauf"
        },
        {
          "si": 14,
          "sti": 2,
          "dti": 241,
          "sco": 12,
          "dco": 1475,
          "txt": "vergab"
        },
        {
          "si": 14,
          "sti": 3,
          "dti": 242,
          "sco": 19,
          "dco": 1482,
          "txt": "Adriano"
        },
        {
          "si": 14,
          "sti": 4,
          "dti": 243,
          "sco": 26,
          "dco": 1489,
          "txt": ","
        },
        {
          "si": 14,
          "sti": 5,
          "dti": 244,
          "sco": 28,
          "dco": 1491,
          "txt": "als"
        },
        {
          "si": 14,
          "sti": 6,
          "dti": 245,
          "sco": 32,
          "dco": 1495,
          "txt": "er"
        },
        {
          "si": 14,
          "sti": 7,
          "dti": 246,
          "sco": 35,
          "dco": 1498,
          "txt": "den"
        },
        {
          "si": 14,
          "sti": 8,
          "dti": 247,
          "sco": 39,
          "dco": 1502,
          "txt": "Ball"
        },
        {
          "si": 14,
          "sti": 9,
          "dti": 248,
          "sco": 44,
          "dco": 1507,
          "txt": "nach"
        },
        {
          "si": 14,
          "sti": 10,
          "dti": 249,
          "sco": 49,
          "dco": 1512,
          "txt": "einer"
        },
        {
          "si": 14,
          "sti": 11,
          "dti": 250,
          "sco": 55,
          "dco": 1518,
          "txt": "Hereingabe"
        },
        {
          "si": 14,
          "sti": 12,
          "dti": 251,
          "sco": 66,
          "dco": 1529,
          "txt": "von"
        },
        {
          "si": 14,
          "sti": 13,
          "dti": 252,
          "sco": 70,
          "dco": 1533,
          "txt": "Cafu"
        },
        {
          "si": 14,
          "sti": 14,
          "dti": 253,
          "sco": 75,
          "dco": 1538,
          "txt": "direkt"
        },
        {
          "si": 14,
          "sti": 15,
          "dti": 254,
          "sco": 82,
          "dco": 1545,
          "txt": "in"
        },
        {
          "si": 14,
          "sti": 16,
          "dti": 255,
          "sco": 85,
          "dco": 1548,
          "txt": "die"
        },
        {
          "si": 14,
          "sti": 17,
          "dti": 256,
          "sco": 89,
          "dco": 1552,
          "txt": "Arme"
        },
        {
          "si": 14,
          "sti": 18,
          "dti": 257,
          "sco": 94,
          "dco": 1557,
          "txt": "von"
        },
        {
          "si": 14,
          "sti": 19,
          "dti": 258,
          "sco": 98,
          "dco": 1561,
          "txt": "Dudamel"
        },
        {
          "si": 14,
          "sti": 20,
          "dti": 259,
          "sco": 106,
          "dco": 1569,
          "txt": "koepfte"
        },
        {
          "si": 14,
          "sti": 21,
          "dti": 260,
          "sco": 113,
          "dco": 1576,
          "txt": "."
        },
        {
          "si": 15,
          "sti": 0,
          "dti": 261,
          "sco": 0,
          "dco": 1578,
          "txt": "In"
        },
        {
          "si": 15,
          "sti": 1,
          "dti": 262,
          "sco": 3,
          "dco": 1581,
          "txt": "der"
        },
        {
          "si": 15,
          "sti": 2,
          "dti": 263,
          "sco": 7,
          "dco": 1585,
          "txt": "28"
        },
        {
          "si": 15,
          "sti": 3,
          "dti": 264,
          "sco": 9,
          "dco": 1587,
          "txt": "."
        },
        {
          "si": 16,
          "sti": 0,
          "dti": 265,
          "sco": 0,
          "dco": 1589,
          "txt": "Spielminute"
        },
        {
          "si": 16,
          "sti": 1,
          "dti": 266,
          "sco": 12,
          "dco": 1601,
          "txt": "legte"
        },
        {
          "si": 16,
          "sti": 2,
          "dti": 267,
          "sco": 18,
          "dco": 1607,
          "txt": "Ronaldinho"
        },
        {
          "si": 16,
          "sti": 3,
          "dti": 268,
          "sco": 29,
          "dco": 1618,
          "txt": "dann"
        },
        {
          "si": 16,
          "sti": 4,
          "dti": 269,
          "sco": 34,
          "dco": 1623,
          "txt": "jedoch"
        },
        {
          "si": 16,
          "sti": 5,
          "dti": 270,
          "sco": 41,
          "dco": 1630,
          "txt": "den"
        },
        {
          "si": 16,
          "sti": 6,
          "dti": 271,
          "sco": 45,
          "dco": 1634,
          "txt": "Ball"
        },
        {
          "si": 16,
          "sti": 7,
          "dti": 272,
          "sco": 50,
          "dco": 1639,
          "txt": "mit"
        },
        {
          "si": 16,
          "sti": 8,
          "dti": 273,
          "sco": 54,
          "dco": 1643,
          "txt": "einem"
        },
        {
          "si": 16,
          "sti": 9,
          "dti": 274,
          "sco": 60,
          "dco": 1649,
          "txt": "schoenen"
        },
        {
          "si": 16,
          "sti": 10,
          "dti": 275,
          "sco": 69,
          "dco": 1658,
          "txt": "Zuspiel"
        },
        {
          "si": 16,
          "sti": 11,
          "dti": 276,
          "sco": 77,
          "dco": 1666,
          "txt": "auf"
        },
        {
          "si": 16,
          "sti": 12,
          "dti": 277,
          "sco": 81,
          "dco": 1670,
          "txt": "Adriano"
        },
        {
          "si": 16,
          "sti": 13,
          "dti": 278,
          "sco": 88,
          "dco": 1677,
          "txt": "."
        },
        {
          "si": 17,
          "sti": 0,
          "dti": 279,
          "sco": 0,
          "dco": 1679,
          "txt": "Der"
        },
        {
          "si": 17,
          "sti": 1,
          "dti": 280,
          "sco": 4,
          "dco": 1683,
          "txt": "bei"
        },
        {
          "si": 17,
          "sti": 2,
          "dti": 281,
          "sco": 8,
          "dco": 1687,
          "txt": "Inter"
        },
        {
          "si": 17,
          "sti": 3,
          "dti": 282,
          "sco": 14,
          "dco": 1693,
          "txt": "Mailand"
        },
        {
          "si": 17,
          "sti": 4,
          "dti": 283,
          "sco": 22,
          "dco": 1701,
          "txt": "unter"
        },
        {
          "si": 17,
          "sti": 5,
          "dti": 284,
          "sco": 28,
          "dco": 1707,
          "txt": "Vertrag"
        },
        {
          "si": 17,
          "sti": 6,
          "dti": 285,
          "sco": 36,
          "dco": 1715,
          "txt": "stehende"
        },
        {
          "si": 17,
          "sti": 7,
          "dti": 286,
          "sco": 45,
          "dco": 1724,
          "txt": "Spieler"
        },
        {
          "si": 17,
          "sti": 8,
          "dti": 287,
          "sco": 53,
          "dco": 1732,
          "txt": "bekam"
        },
        {
          "si": 17,
          "sti": 9,
          "dti": 288,
          "sco": 59,
          "dco": 1738,
          "txt": "das"
        },
        {
          "si": 17,
          "sti": 10,
          "dti": 289,
          "sco": 63,
          "dco": 1742,
          "txt": "Leder"
        },
        {
          "si": 17,
          "sti": 11,
          "dti": 290,
          "sco": 69,
          "dco": 1748,
          "txt": "hervorragend"
        },
        {
          "si": 17,
          "sti": 12,
          "dti": 291,
          "sco": 82,
          "dco": 1761,
          "txt": "unter"
        },
        {
          "si": 17,
          "sti": 13,
          "dti": 292,
          "sco": 88,
          "dco": 1767,
          "txt": "Kontrolle"
        },
        {
          "si": 17,
          "sti": 14,
          "dti": 293,
          "sco": 98,
          "dco": 1777,
          "txt": "und"
        },
        {
          "si": 17,
          "sti": 15,
          "dti": 294,
          "sco": 102,
          "dco": 1781,
          "txt": "jagte"
        },
        {
          "si": 17,
          "sti": 16,
          "dti": 295,
          "sco": 108,
          "dco": 1787,
          "txt": "es"
        },
        {
          "si": 17,
          "sti": 17,
          "dti": 296,
          "sco": 111,
          "dco": 1790,
          "txt": "unter"
        },
        {
          "si": 17,
          "sti": 18,
          "dti": 297,
          "sco": 117,
          "dco": 1796,
          "txt": "Dudamel"
        },
        {
          "si": 17,
          "sti": 19,
          "dti": 298,
          "sco": 125,
          "dco": 1804,
          "txt": "hindurch"
        },
        {
          "si": 17,
          "sti": 20,
          "dti": 299,
          "sco": 134,
          "dco": 1813,
          "txt": "ins"
        },
        {
          "si": 17,
          "sti": 21,
          "dti": 300,
          "sco": 138,
          "dco": 1817,
          "txt": "Tor"
        },
        {
          "si": 17,
          "sti": 22,
          "dti": 301,
          "sco": 142,
          "dco": 1821,
          "txt": "zum"
        },
        {
          "si": 17,
          "sti": 23,
          "dti": 302,
          "sco": 146,
          "dco": 1825,
          "txt": "1"
        },
        {
          "si": 17,
          "sti": 24,
          "dti": 303,
          "sco": 147,
          "dco": 1826,
          "txt": ":"
        },
        {
          "si": 17,
          "sti": 25,
          "dti": 304,
          "sco": 148,
          "dco": 1827,
          "txt": "0"
        },
        {
          "si": 17,
          "sti": 26,
          "dti": 305,
          "sco": 149,
          "dco": 1828,
          "txt": "."
        },
        {
          "si": 18,
          "sti": 0,
          "dti": 306,
          "sco": 0,
          "dco": 1830,
          "txt": "Juan"
        },
        {
          "si": 18,
          "sti": 1,
          "dti": 307,
          "sco": 5,
          "dco": 1835,
          "txt": "Arango"
        },
        {
          "si": 18,
          "sti": 2,
          "dti": 308,
          "sco": 12,
          "dco": 1842,
          "txt": "hatte"
        },
        {
          "si": 18,
          "sti": 3,
          "dti": 309,
          "sco": 18,
          "dco": 1848,
          "txt": "in"
        },
        {
          "si": 18,
          "sti": 4,
          "dti": 310,
          "sco": 21,
          "dco": 1851,
          "txt": "der"
        },
        {
          "si": 18,
          "sti": 5,
          "dti": 311,
          "sco": 25,
          "dco": 1855,
          "txt": "ersten"
        },
        {
          "si": 18,
          "sti": 6,
          "dti": 312,
          "sco": 32,
          "dco": 1862,
          "txt": "Spielhaelfte"
        },
        {
          "si": 18,
          "sti": 7,
          "dti": 313,
          "sco": 45,
          "dco": 1875,
          "txt": "die"
        },
        {
          "si": 18,
          "sti": 8,
          "dti": 314,
          "sco": 49,
          "dco": 1879,
          "txt": "beste"
        },
        {
          "si": 18,
          "sti": 9,
          "dti": 315,
          "sco": 55,
          "dco": 1885,
          "txt": "Chance"
        },
        {
          "si": 18,
          "sti": 10,
          "dti": 316,
          "sco": 62,
          "dco": 1892,
          "txt": "fuer"
        },
        {
          "si": 18,
          "sti": 11,
          "dti": 317,
          "sco": 67,
          "dco": 1897,
          "txt": "Venezuela"
        },
        {
          "si": 18,
          "sti": 12,
          "dti": 318,
          "sco": 76,
          "dco": 1906,
          "txt": "."
        },
        {
          "si": 19,
          "sti": 0,
          "dti": 319,
          "sco": 0,
          "dco": 1908,
          "txt": "Er"
        },
        {
          "si": 19,
          "sti": 1,
          "dti": 320,
          "sco": 3,
          "dco": 1911,
          "txt": "zwang"
        },
        {
          "si": 19,
          "sti": 2,
          "dti": 321,
          "sco": 9,
          "dco": 1917,
          "txt": "Dida"
        },
        {
          "si": 19,
          "sti": 3,
          "dti": 322,
          "sco": 14,
          "dco": 1922,
          "txt": "mit"
        },
        {
          "si": 19,
          "sti": 4,
          "dti": 323,
          "sco": 18,
          "dco": 1926,
          "txt": "einem"
        },
        {
          "si": 19,
          "sti": 5,
          "dti": 324,
          "sco": 24,
          "dco": 1932,
          "txt": "artistischen"
        },
        {
          "si": 19,
          "sti": 6,
          "dti": 325,
          "sco": 37,
          "dco": 1945,
          "txt": "Fallrueckzieher"
        },
        {
          "si": 19,
          "sti": 7,
          "dti": 326,
          "sco": 53,
          "dco": 1961,
          "txt": "zu"
        },
        {
          "si": 19,
          "sti": 8,
          "dti": 327,
          "sco": 56,
          "dco": 1964,
          "txt": "einer"
        },
        {
          "si": 19,
          "sti": 9,
          "dti": 328,
          "sco": 62,
          "dco": 1970,
          "txt": "Glanzparade"
        },
        {
          "si": 19,
          "sti": 10,
          "dti": 329,
          "sco": 73,
          "dco": 1981,
          "txt": "."
        },
        {
          "si": 20,
          "sti": 0,
          "dti": 330,
          "sco": 0,
          "dco": 1983,
          "txt": "Ronaldinho"
        },
        {
          "si": 20,
          "sti": 1,
          "dti": 331,
          "sco": 11,
          "dco": 1994,
          "txt": "bereitete"
        },
        {
          "si": 20,
          "sti": 2,
          "dti": 332,
          "sco": 21,
          "dco": 2004,
          "txt": "in"
        },
        {
          "si": 20,
          "sti": 3,
          "dti": 333,
          "sco": 24,
          "dco": 2007,
          "txt": "der"
        },
        {
          "si": 20,
          "sti": 4,
          "dti": 334,
          "sco": 28,
          "dco": 2011,
          "txt": "51"
        },
        {
          "si": 20,
          "sti": 5,
          "dti": 335,
          "sco": 30,
          "dco": 2013,
          "txt": "."
        },
        {
          "si": 21,
          "sti": 0,
          "dti": 336,
          "sco": 0,
          "dco": 2015,
          "txt": "Minute"
        },
        {
          "si": 21,
          "sti": 1,
          "dti": 337,
          "sco": 7,
          "dco": 2022,
          "txt": "auch"
        },
        {
          "si": 21,
          "sti": 2,
          "dti": 338,
          "sco": 12,
          "dco": 2027,
          "txt": "den"
        },
        {
          "si": 21,
          "sti": 3,
          "dti": 339,
          "sco": 16,
          "dco": 2031,
          "txt": "zweiten"
        },
        {
          "si": 21,
          "sti": 4,
          "dti": 340,
          "sco": 24,
          "dco": 2039,
          "txt": "Treffer"
        },
        {
          "si": 21,
          "sti": 5,
          "dti": 341,
          "sco": 32,
          "dco": 2047,
          "txt": "vor"
        },
        {
          "si": 21,
          "sti": 6,
          "dti": 342,
          "sco": 35,
          "dco": 2050,
          "txt": "."
        },
        {
          "si": 22,
          "sti": 0,
          "dti": 343,
          "sco": 0,
          "dco": 2052,
          "txt": "Er"
        },
        {
          "si": 22,
          "sti": 1,
          "dti": 344,
          "sco": 3,
          "dco": 2055,
          "txt": "durchbrach"
        },
        {
          "si": 22,
          "sti": 2,
          "dti": 345,
          "sco": 14,
          "dco": 2066,
          "txt": "die"
        },
        {
          "si": 22,
          "sti": 3,
          "dti": 346,
          "sco": 18,
          "dco": 2070,
          "txt": "venezolanische"
        },
        {
          "si": 22,
          "sti": 4,
          "dti": 347,
          "sco": 33,
          "dco": 2085,
          "txt": "Abwehr"
        },
        {
          "si": 22,
          "sti": 5,
          "dti": 348,
          "sco": 40,
          "dco": 2092,
          "txt": "mit"
        },
        {
          "si": 22,
          "sti": 6,
          "dti": 349,
          "sco": 44,
          "dco": 2096,
          "txt": "einem"
        },
        {
          "si": 22,
          "sti": 7,
          "dti": 350,
          "sco": 50,
          "dco": 2102,
          "txt": "hervorragenden"
        },
        {
          "si": 22,
          "sti": 8,
          "dti": 351,
          "sco": 65,
          "dco": 2117,
          "txt": "Querpass"
        },
        {
          "si": 22,
          "sti": 9,
          "dti": 352,
          "sco": 74,
          "dco": 2126,
          "txt": "auf"
        },
        {
          "si": 22,
          "sti": 10,
          "dti": 353,
          "sco": 78,
          "dco": 2130,
          "txt": "Adriano"
        },
        {
          "si": 22,
          "sti": 11,
          "dti": 354,
          "sco": 85,
          "dco": 2137,
          "txt": "."
        },
        {
          "si": 23,
          "sti": 0,
          "dti": 355,
          "sco": 0,
          "dco": 2139,
          "txt": "Der"
        },
        {
          "si": 23,
          "sti": 1,
          "dti": 356,
          "sco": 4,
          "dco": 2143,
          "txt": "staemmige"
        },
        {
          "si": 23,
          "sti": 2,
          "dti": 357,
          "sco": 14,
          "dco": 2153,
          "txt": "Stuermer"
        },
        {
          "si": 23,
          "sti": 3,
          "dti": 358,
          "sco": 23,
          "dco": 2162,
          "txt": "legte"
        },
        {
          "si": 23,
          "sti": 4,
          "dti": 359,
          "sco": 29,
          "dco": 2168,
          "txt": "auf"
        },
        {
          "si": 23,
          "sti": 5,
          "dti": 360,
          "sco": 33,
          "dco": 2172,
          "txt": "Ronaldo"
        },
        {
          "si": 23,
          "sti": 6,
          "dti": 361,
          "sco": 41,
          "dco": 2180,
          "txt": "ab"
        },
        {
          "si": 23,
          "sti": 7,
          "dti": 362,
          "sco": 43,
          "dco": 2182,
          "txt": ","
        },
        {
          "si": 23,
          "sti": 8,
          "dti": 363,
          "sco": 45,
          "dco": 2184,
          "txt": "der"
        },
        {
          "si": 23,
          "sti": 9,
          "dti": 364,
          "sco": 49,
          "dco": 2188,
          "txt": "sofort"
        },
        {
          "si": 23,
          "sti": 10,
          "dti": 365,
          "sco": 56,
          "dco": 2195,
          "txt": "traf"
        },
        {
          "si": 23,
          "sti": 11,
          "dti": 366,
          "sco": 60,
          "dco": 2199,
          "txt": "."
        },
        {
          "si": 24,
          "sti": 0,
          "dti": 367,
          "sco": 0,
          "dco": 2201,
          "txt": "Er"
        },
        {
          "si": 24,
          "sti": 1,
          "dti": 368,
          "sco": 3,
          "dco": 2204,
          "txt": "spielte"
        },
        {
          "si": 24,
          "sti": 2,
          "dti": 369,
          "sco": 11,
          "dco": 2212,
          "txt": "Dudamel"
        },
        {
          "si": 24,
          "sti": 3,
          "dti": 370,
          "sco": 19,
          "dco": 2220,
          "txt": "geschickt"
        },
        {
          "si": 24,
          "sti": 4,
          "dti": 371,
          "sco": 29,
          "dco": 2230,
          "txt": "aus"
        },
        {
          "si": 24,
          "sti": 5,
          "dti": 372,
          "sco": 33,
          "dco": 2234,
          "txt": "und"
        },
        {
          "si": 24,
          "sti": 6,
          "dti": 373,
          "sco": 37,
          "dco": 2238,
          "txt": "schob"
        },
        {
          "si": 24,
          "sti": 7,
          "dti": 374,
          "sco": 43,
          "dco": 2244,
          "txt": "den"
        },
        {
          "si": 24,
          "sti": 8,
          "dti": 375,
          "sco": 47,
          "dco": 2248,
          "txt": "Ball"
        },
        {
          "si": 24,
          "sti": 9,
          "dti": 376,
          "sco": 52,
          "dco": 2253,
          "txt": "ins"
        },
        {
          "si": 24,
          "sti": 10,
          "dti": 377,
          "sco": 56,
          "dco": 2257,
          "txt": "Netz"
        },
        {
          "si": 24,
          "sti": 11,
          "dti": 378,
          "sco": 60,
          "dco": 2261,
          "txt": "."
        },
        {
          "si": 25,
          "sti": 0,
          "dti": 379,
          "sco": 0,
          "dco": 2263,
          "txt": "Zehn"
        },
        {
          "si": 25,
          "sti": 1,
          "dti": 380,
          "sco": 5,
          "dco": 2268,
          "txt": "Minuten"
        },
        {
          "si": 25,
          "sti": 2,
          "dti": 381,
          "sco": 13,
          "dco": 2276,
          "txt": "spaeter"
        },
        {
          "si": 25,
          "sti": 3,
          "dti": 382,
          "sco": 21,
          "dco": 2284,
          "txt": "markierte"
        },
        {
          "si": 25,
          "sti": 4,
          "dti": 383,
          "sco": 31,
          "dco": 2294,
          "txt": "Roberto"
        },
        {
          "si": 25,
          "sti": 5,
          "dti": 384,
          "sco": 39,
          "dco": 2302,
          "txt": "Carlos"
        },
        {
          "si": 25,
          "sti": 6,
          "dti": 385,
          "sco": 46,
          "dco": 2309,
          "txt": "dann"
        },
        {
          "si": 25,
          "sti": 7,
          "dti": 386,
          "sco": 51,
          "dco": 2314,
          "txt": "Tor"
        },
        {
          "si": 25,
          "sti": 8,
          "dti": 387,
          "sco": 55,
          "dco": 2318,
          "txt": "Nummer"
        },
        {
          "si": 25,
          "sti": 9,
          "dti": 388,
          "sco": 62,
          "dco": 2325,
          "txt": "3"
        },
        {
          "si": 25,
          "sti": 10,
          "dti": 389,
          "sco": 63,
          "dco": 2326,
          "txt": "."
        },
        {
          "si": 26,
          "sti": 0,
          "dti": 390,
          "sco": 0,
          "dco": 2328,
          "txt": "Nach"
        },
        {
          "si": 26,
          "sti": 1,
          "dti": 391,
          "sco": 5,
          "dco": 2333,
          "txt": "einem"
        },
        {
          "si": 26,
          "sti": 2,
          "dti": 392,
          "sco": 11,
          "dco": 2339,
          "txt": "der"
        },
        {
          "si": 26,
          "sti": 3,
          "dti": 393,
          "sco": 15,
          "dco": 2343,
          "txt": "fuer"
        },
        {
          "si": 26,
          "sti": 4,
          "dti": 394,
          "sco": 20,
          "dco": 2348,
          "txt": "ihn"
        },
        {
          "si": 26,
          "sti": 5,
          "dti": 395,
          "sco": 24,
          "dco": 2352,
          "txt": "typischen"
        },
        {
          "si": 26,
          "sti": 6,
          "dti": 396,
          "sco": 34,
          "dco": 2362,
          "txt": "Freistoesse"
        },
        {
          "si": 26,
          "sti": 7,
          "dti": 397,
          "sco": 46,
          "dco": 2374,
          "txt": "schluepfte"
        },
        {
          "si": 26,
          "sti": 8,
          "dti": 398,
          "sco": 57,
          "dco": 2385,
          "txt": "der"
        },
        {
          "si": 26,
          "sti": 9,
          "dti": 399,
          "sco": 61,
          "dco": 2389,
          "txt": "Ball"
        },
        {
          "si": 26,
          "sti": 10,
          "dti": 400,
          "sco": 66,
          "dco": 2394,
          "txt": "unter"
        },
        {
          "si": 26,
          "sti": 11,
          "dti": 401,
          "sco": 72,
          "dco": 2400,
          "txt": "dem"
        },
        {
          "si": 26,
          "sti": 12,
          "dti": 402,
          "sco": 76,
          "dco": 2404,
          "txt": "venezolanischen"
        },
        {
          "si": 26,
          "sti": 13,
          "dti": 403,
          "sco": 92,
          "dco": 2420,
          "txt": "Schlussmann"
        },
        {
          "si": 26,
          "sti": 14,
          "dti": 404,
          "sco": 104,
          "dco": 2432,
          "txt": "hindurch"
        },
        {
          "si": 26,
          "sti": 15,
          "dti": 405,
          "sco": 113,
          "dco": 2441,
          "txt": "in"
        },
        {
          "si": 26,
          "sti": 16,
          "dti": 406,
          "sco": 116,
          "dco": 2444,
          "txt": "den"
        },
        {
          "si": 26,
          "sti": 17,
          "dti": 407,
          "sco": 120,
          "dco": 2448,
          "txt": "Kasten"
        },
        {
          "si": 26,
          "sti": 18,
          "dti": 408,
          "sco": 126,
          "dco": 2454,
          "txt": "."
        }
      ]
    },
    "ganns": {
      "dla": [],
      "la": [],
      "ea": [],
      "eta": [
        {
          "ra": {
            "ea": {
              "etn": "Goal"
            }
          },
          "sfs": [
            [
              {
                "stn": "scoreTeamB"
              },
              {
                "ea": {
                  "etn": "0"
                }
              }
            ],
            [
              {
                "stn": "forTeam"
              },
              {
                "ea": {
                  "etn": "Brasilien"
                }
              }
            ],
            [
              {
                "stn": "scoreTeamA"
              },
              {
                "ea": {
                  "etn": "1"
                }
              }
            ],
            [
              {
                "stn": "minute"
              },
              {
                "ea": {
                  "etn": "28"
                }
              }
            ],
            [
              {
                "stn": "scorer"
              },
              {
                "ea": {
                  "etn": "Adriano"
                }
              }
            ]
          ],
          "mfs": {}
        },
        {
          "ra": {
            "ea": {
              "etn": "Goal"
            }
          },
          "sfs": [
            [
              {
                "stn": "scoreTeamB"
              },
              {
                "ea": {
                  "etn": "0"
                }
              }
            ],
            [
              {
                "stn": "forTeam"
              },
              {
                "ea": {
                  "etn": "Brasilien"
                }
              }
            ],
            [
              {
                "stn": "scoreTeamA"
              },
              {
                "ea": {
                  "etn": "2"
                }
              }
            ],
            [
              {
                "stn": "minute"
              },
              {
                "ea": {
                  "etn": "51"
                }
              }
            ],
            [
              {
                "stn": "scorer"
              },
              {
                "ea": {
                  "etn": "Ronaldo"
                }
              }
            ]
          ],
          "mfs": {}
        },
        {
          "ra": {
            "ea": {
              "etn": "Goal"
            }
          },
          "sfs": [
            [
              {
                "stn": "scoreTeamB"
              },
              {
                "ea": {
                  "etn": "0"
                }
              }
            ],
            [
              {
                "stn": "forTeam"
              },
              {
                "ea": {
                  "etn": "Brasilien"
                }
              }
            ],
            [
              {
                "stn": "scoreTeamA"
              },
              {
                "ea": {
                  "etn": "3"
                }
              }
            ],
            [
              {
                "stn": "minute"
              },
              {
                "ea": {
                  "etn": "61"
                }
              }
            ],
            [
              {
                "stn": "scorer"
              },
              {
                "ea": {
                  "etn": "Roberto Carlos"
                }
              }
            ]
          ],
          "mfs": {}
        },
        {
          "ra": {
            "ea": {
              "etn": "YellowCard"
            }
          },
          "sfs": [
            [
              {
                "stn": "cardForTeam"
              },
              {
                "ea": {
                  "etn": "Brasilien"
                }
              }
            ],
            [
              {
                "stn": "cardMinute"
              },
              {
                "ea": {
                  "etn": "35"
                }
              }
            ],
            [
              {
                "stn": "player"
              },
              {
                "ea": {
                  "etn": "Ronaldinho"
                }
              }
            ]
          ],
          "mfs": {}
        },
        {
          "ra": {
            "ea": {
              "etn": "YellowCard"
            }
          },
          "sfs": [
            [
              {
                "stn": "cardForTeam"
              },
              {
                "ea": {
                  "etn": "Venezuela"
                }
              }
            ],
            [
              {
                "stn": "cardMinute"
              },
              {
                "ea": {
                  "etn": "60"
                }
              }
            ],
            [
              {
                "stn": "player"
              },
              {
                "ea": {
                  "etn": "Vielma Leonel"
                }
              }
            ]
          ],
          "mfs": {}
        },
        {
          "ra": {
            "ea": {
              "etn": "TeamStats"
            }
          },
          "sfs": [
            [
              {
                "stn": "finalScore"
              },
              {
                "ea": {
                  "etn": "3"
                }
              }
            ],
            [
              {
                "stn": "name"
              },
              {
                "ea": {
                  "etn": "Brasilien"
                }
              }
            ]
          ],
          "mfs": {}
        },
        {
          "ra": {
            "ea": {
              "etn": "TeamStats"
            }
          },
          "sfs": [
            [
              {
                "stn": "finalScore"
              },
              {
                "ea": {
                  "etn": "0"
                }
              }
            ],
            [
              {
                "stn": "name"
              },
              {
                "ea": {
                  "etn": "Venezuela"
                }
              }
            ]
          ],
          "mfs": {}
        }
      ]
    }
  }
]
