#Entity	Slot	SlotSuperEntityType	SlotCardinalityType MaxCardinality
Goal	scorer	Player	Single	1
Goal	forTeam	Team	Single	1
Goal	scoreTeamA	ScoreTeam	Single	1
Goal	scoreTeamB	ScoreTeam	Single	1
Goal	minute	Minute	Single	1
Card	cardMinute	Minute	Single	1
Card	player	Player	Single	1
Card	cardForTeam	Team	Single	1
TeamStats	name	Team	Single	1
TeamStats	finalScore	ScoreTeam	Single	1
Team	hasPlayers	Player	Multi	20
QAInstance	hasTeamA	Team	Single	1
QAInstance	hasTeamB	Team	Single	1
QAInstance	hasQAQuestions	QAQuestion	Multi	-1
QAQuestion	hasQuestion	Question	Single	1
QAQuestion	hasAnswer	Answer	Single	1
