[
  {
    "context": "UNSPECIFIED",
    "doc": {
      "id": "en_mr35936_struct",
      "tl": [
        {
          "si": 0,
          "sti": 0,
          "dti": 0,
          "sco": 0,
          "dco": 0,
          "txt": "Advantage"
        },
        {
          "si": 0,
          "sti": 1,
          "dti": 1,
          "sco": 10,
          "dco": 10,
          "txt": "Grenada"
        },
        {
          "si": 0,
          "sti": 2,
          "dti": 2,
          "sco": 18,
          "dco": 18,
          "txt": "and"
        },
        {
          "si": 0,
          "sti": 3,
          "dti": 3,
          "sco": 22,
          "dco": 22,
          "txt": "Surinam"
        },
        {
          "si": 0,
          "sti": 4,
          "dti": 4,
          "sco": 29,
          "dco": 29,
          "txt": "."
        },
        {
          "si": 1,
          "sti": 0,
          "dti": 5,
          "sco": 0,
          "dco": 31,
          "txt": "Grenada"
        },
        {
          "si": 1,
          "sti": 1,
          "dti": 6,
          "sco": 8,
          "dco": 39,
          "txt": "beat"
        },
        {
          "si": 1,
          "sti": 2,
          "dti": 7,
          "sco": 13,
          "dco": 44,
          "txt": "Guyana"
        },
        {
          "si": 1,
          "sti": 3,
          "dti": 8,
          "sco": 20,
          "dco": 51,
          "txt": "5"
        },
        {
          "si": 1,
          "sti": 4,
          "dti": 9,
          "sco": 21,
          "dco": 52,
          "txt": "-"
        },
        {
          "si": 1,
          "sti": 5,
          "dti": 10,
          "sco": 22,
          "dco": 53,
          "txt": "0"
        },
        {
          "si": 1,
          "sti": 6,
          "dti": 11,
          "sco": 24,
          "dco": 55,
          "txt": "Saturday"
        },
        {
          "si": 1,
          "sti": 7,
          "dti": 12,
          "sco": 33,
          "dco": 64,
          "txt": "in"
        },
        {
          "si": 1,
          "sti": 8,
          "dti": 13,
          "sco": 36,
          "dco": 67,
          "txt": "the"
        },
        {
          "si": 1,
          "sti": 9,
          "dti": 14,
          "sco": 40,
          "dco": 71,
          "txt": "first"
        },
        {
          "si": 1,
          "sti": 10,
          "dti": 15,
          "sco": 46,
          "dco": 77,
          "txt": "leg"
        },
        {
          "si": 1,
          "sti": 11,
          "dti": 16,
          "sco": 50,
          "dco": 81,
          "txt": "of"
        },
        {
          "si": 1,
          "sti": 12,
          "dti": 17,
          "sco": 53,
          "dco": 84,
          "txt": "their"
        },
        {
          "si": 1,
          "sti": 13,
          "dti": 18,
          "sco": 59,
          "dco": 90,
          "txt": "2006"
        },
        {
          "si": 1,
          "sti": 14,
          "dti": 19,
          "sco": 64,
          "dco": 95,
          "txt": "World"
        },
        {
          "si": 1,
          "sti": 15,
          "dti": 20,
          "sco": 70,
          "dco": 101,
          "txt": "Cup"
        },
        {
          "si": 1,
          "sti": 16,
          "dti": 21,
          "sco": 74,
          "dco": 105,
          "txt": "qualifying"
        },
        {
          "si": 1,
          "sti": 17,
          "dti": 22,
          "sco": 85,
          "dco": 116,
          "txt": "series"
        },
        {
          "si": 1,
          "sti": 18,
          "dti": 23,
          "sco": 91,
          "dco": 122,
          "txt": "."
        },
        {
          "si": 2,
          "sti": 0,
          "dti": 24,
          "sco": 0,
          "dco": 124,
          "txt": "Grenada"
        },
        {
          "si": 2,
          "sti": 1,
          "dti": 25,
          "sco": 8,
          "dco": 132,
          "txt": "used"
        },
        {
          "si": 2,
          "sti": 2,
          "dti": 26,
          "sco": 13,
          "dco": 137,
          "txt": "two"
        },
        {
          "si": 2,
          "sti": 3,
          "dti": 27,
          "sco": 17,
          "dco": 141,
          "txt": "quick"
        },
        {
          "si": 2,
          "sti": 4,
          "dti": 28,
          "sco": 23,
          "dco": 147,
          "txt": "scoring"
        },
        {
          "si": 2,
          "sti": 5,
          "dti": 29,
          "sco": 31,
          "dco": 155,
          "txt": "spurts"
        },
        {
          "si": 2,
          "sti": 6,
          "dti": 30,
          "sco": 38,
          "dco": 162,
          "txt": "in"
        },
        {
          "si": 2,
          "sti": 7,
          "dti": 31,
          "sco": 41,
          "dco": 165,
          "txt": "each"
        },
        {
          "si": 2,
          "sti": 8,
          "dti": 32,
          "sco": 46,
          "dco": 170,
          "txt": "half"
        },
        {
          "si": 2,
          "sti": 9,
          "dti": 33,
          "sco": 51,
          "dco": 175,
          "txt": "to"
        },
        {
          "si": 2,
          "sti": 10,
          "dti": 34,
          "sco": 54,
          "dco": 178,
          "txt": "take"
        },
        {
          "si": 2,
          "sti": 11,
          "dti": 35,
          "sco": 59,
          "dco": 183,
          "txt": "a"
        },
        {
          "si": 2,
          "sti": 12,
          "dti": 36,
          "sco": 61,
          "dco": 185,
          "txt": "commanding"
        },
        {
          "si": 2,
          "sti": 13,
          "dti": 37,
          "sco": 72,
          "dco": 196,
          "txt": "lead"
        },
        {
          "si": 2,
          "sti": 14,
          "dti": 38,
          "sco": 77,
          "dco": 201,
          "txt": "in"
        },
        {
          "si": 2,
          "sti": 15,
          "dti": 39,
          "sco": 80,
          "dco": 204,
          "txt": "the"
        },
        {
          "si": 2,
          "sti": 16,
          "dti": 40,
          "sco": 84,
          "dco": 208,
          "txt": "two"
        },
        {
          "si": 2,
          "sti": 17,
          "dti": 41,
          "sco": 87,
          "dco": 211,
          "txt": "-"
        },
        {
          "si": 2,
          "sti": 18,
          "dti": 42,
          "sco": 88,
          "dco": 212,
          "txt": "game"
        },
        {
          "si": 2,
          "sti": 19,
          "dti": 43,
          "sco": 93,
          "dco": 217,
          "txt": "series"
        },
        {
          "si": 2,
          "sti": 20,
          "dti": 44,
          "sco": 99,
          "dco": 223,
          "txt": "."
        },
        {
          "si": 3,
          "sti": 0,
          "dti": 45,
          "sco": 0,
          "dco": 225,
          "txt": "In"
        },
        {
          "si": 3,
          "sti": 1,
          "dti": 46,
          "sco": 3,
          "dco": 228,
          "txt": "the"
        },
        {
          "si": 3,
          "sti": 2,
          "dti": 47,
          "sco": 7,
          "dco": 232,
          "txt": "day"
        },
        {
          "si": 3,
          "sti": 3,
          "dti": 48,
          "sco": 10,
          "dco": 235,
          "txt": "'"
        },
        {
          "si": 3,
          "sti": 4,
          "dti": 49,
          "sco": 11,
          "dco": 236,
          "txt": "s"
        },
        {
          "si": 3,
          "sti": 5,
          "dti": 50,
          "sco": 13,
          "dco": 238,
          "txt": "only"
        },
        {
          "si": 3,
          "sti": 6,
          "dti": 51,
          "sco": 18,
          "dco": 243,
          "txt": "other"
        },
        {
          "si": 3,
          "sti": 7,
          "dti": 52,
          "sco": 24,
          "dco": 249,
          "txt": "qualifier"
        },
        {
          "si": 3,
          "sti": 8,
          "dti": 53,
          "sco": 33,
          "dco": 258,
          "txt": ","
        },
        {
          "si": 3,
          "sti": 9,
          "dti": 54,
          "sco": 35,
          "dco": 260,
          "txt": "Surinam"
        },
        {
          "si": 3,
          "sti": 10,
          "dti": 55,
          "sco": 43,
          "dco": 268,
          "txt": "topped"
        },
        {
          "si": 3,
          "sti": 11,
          "dti": 56,
          "sco": 50,
          "dco": 275,
          "txt": "host"
        },
        {
          "si": 3,
          "sti": 12,
          "dti": 57,
          "sco": 55,
          "dco": 280,
          "txt": "Aruba"
        },
        {
          "si": 3,
          "sti": 13,
          "dti": 58,
          "sco": 61,
          "dco": 286,
          "txt": "2"
        },
        {
          "si": 3,
          "sti": 14,
          "dti": 59,
          "sco": 62,
          "dco": 287,
          "txt": "-"
        },
        {
          "si": 3,
          "sti": 15,
          "dti": 60,
          "sco": 63,
          "dco": 288,
          "txt": "1"
        },
        {
          "si": 3,
          "sti": 16,
          "dti": 61,
          "sco": 64,
          "dco": 289,
          "txt": "."
        },
        {
          "si": 4,
          "sti": 0,
          "dti": 62,
          "sco": 0,
          "dco": 291,
          "txt": "Nigel"
        },
        {
          "si": 4,
          "sti": 1,
          "dti": 63,
          "sco": 6,
          "dco": 297,
          "txt": "Bishop"
        },
        {
          "si": 4,
          "sti": 2,
          "dti": 64,
          "sco": 13,
          "dco": 304,
          "txt": "opened"
        },
        {
          "si": 4,
          "sti": 3,
          "dti": 65,
          "sco": 20,
          "dco": 311,
          "txt": "the"
        },
        {
          "si": 4,
          "sti": 4,
          "dti": 66,
          "sco": 24,
          "dco": 315,
          "txt": "scoring"
        },
        {
          "si": 4,
          "sti": 5,
          "dti": 67,
          "sco": 32,
          "dco": 323,
          "txt": "for"
        },
        {
          "si": 4,
          "sti": 6,
          "dti": 68,
          "sco": 36,
          "dco": 327,
          "txt": "Grenada"
        },
        {
          "si": 4,
          "sti": 7,
          "dti": 69,
          "sco": 44,
          "dco": 335,
          "txt": "in"
        },
        {
          "si": 4,
          "sti": 8,
          "dti": 70,
          "sco": 47,
          "dco": 338,
          "txt": "the"
        },
        {
          "si": 4,
          "sti": 9,
          "dti": 71,
          "sco": 51,
          "dco": 342,
          "txt": "35"
        },
        {
          "si": 4,
          "sti": 10,
          "dti": 72,
          "sco": 53,
          "dco": 344,
          "txt": "th"
        },
        {
          "si": 4,
          "sti": 11,
          "dti": 73,
          "sco": 56,
          "dco": 347,
          "txt": "minute"
        },
        {
          "si": 4,
          "sti": 12,
          "dti": 74,
          "sco": 63,
          "dco": 354,
          "txt": "and"
        },
        {
          "si": 4,
          "sti": 13,
          "dti": 75,
          "sco": 67,
          "dco": 358,
          "txt": "Kennedy"
        },
        {
          "si": 4,
          "sti": 14,
          "dti": 76,
          "sco": 75,
          "dco": 366,
          "txt": "Phillip"
        },
        {
          "si": 4,
          "sti": 15,
          "dti": 77,
          "sco": 83,
          "dco": 374,
          "txt": "gave"
        },
        {
          "si": 4,
          "sti": 16,
          "dti": 78,
          "sco": 88,
          "dco": 379,
          "txt": "the"
        },
        {
          "si": 4,
          "sti": 17,
          "dti": 79,
          "sco": 92,
          "dco": 383,
          "txt": "hosts"
        },
        {
          "si": 4,
          "sti": 18,
          "dti": 80,
          "sco": 98,
          "dco": 389,
          "txt": "a"
        },
        {
          "si": 4,
          "sti": 19,
          "dti": 81,
          "sco": 100,
          "dco": 391,
          "txt": "2"
        },
        {
          "si": 4,
          "sti": 20,
          "dti": 82,
          "sco": 101,
          "dco": 392,
          "txt": "-"
        },
        {
          "si": 4,
          "sti": 21,
          "dti": 83,
          "sco": 102,
          "dco": 393,
          "txt": "0"
        },
        {
          "si": 4,
          "sti": 22,
          "dti": 84,
          "sco": 104,
          "dco": 395,
          "txt": "lead"
        },
        {
          "si": 4,
          "sti": 23,
          "dti": 85,
          "sco": 109,
          "dco": 400,
          "txt": "five"
        },
        {
          "si": 4,
          "sti": 24,
          "dti": 86,
          "sco": 114,
          "dco": 405,
          "txt": "minutes"
        },
        {
          "si": 4,
          "sti": 25,
          "dti": 87,
          "sco": 122,
          "dco": 413,
          "txt": "later"
        },
        {
          "si": 4,
          "sti": 26,
          "dti": 88,
          "sco": 127,
          "dco": 418,
          "txt": ","
        },
        {
          "si": 4,
          "sti": 27,
          "dti": 89,
          "sco": 129,
          "dco": 420,
          "txt": "to"
        },
        {
          "si": 4,
          "sti": 28,
          "dti": 90,
          "sco": 132,
          "dco": 423,
          "txt": "the"
        },
        {
          "si": 4,
          "sti": 29,
          "dti": 91,
          "sco": 136,
          "dco": 427,
          "txt": "delight"
        },
        {
          "si": 4,
          "sti": 30,
          "dti": 92,
          "sco": 144,
          "dco": 435,
          "txt": "of"
        },
        {
          "si": 4,
          "sti": 31,
          "dti": 93,
          "sco": 147,
          "dco": 438,
          "txt": "the"
        },
        {
          "si": 4,
          "sti": 32,
          "dti": 94,
          "sco": 151,
          "dco": 442,
          "txt": "8"
        },
        {
          "si": 4,
          "sti": 33,
          "dti": 95,
          "sco": 152,
          "dco": 443,
          "txt": ","
        },
        {
          "si": 4,
          "sti": 34,
          "dti": 96,
          "sco": 153,
          "dco": 444,
          "txt": "000"
        },
        {
          "si": 4,
          "sti": 35,
          "dti": 97,
          "sco": 157,
          "dco": 448,
          "txt": "fans"
        },
        {
          "si": 4,
          "sti": 36,
          "dti": 98,
          "sco": 162,
          "dco": 453,
          "txt": "in"
        },
        {
          "si": 4,
          "sti": 37,
          "dti": 99,
          "sco": 165,
          "dco": 456,
          "txt": "the"
        },
        {
          "si": 4,
          "sti": 38,
          "dti": 100,
          "sco": 169,
          "dco": 460,
          "txt": "crowd"
        },
        {
          "si": 4,
          "sti": 39,
          "dti": 101,
          "sco": 174,
          "dco": 465,
          "txt": "."
        },
        {
          "si": 5,
          "sti": 0,
          "dti": 102,
          "sco": 0,
          "dco": 467,
          "txt": "In"
        },
        {
          "si": 5,
          "sti": 1,
          "dti": 103,
          "sco": 3,
          "dco": 470,
          "txt": "the"
        },
        {
          "si": 5,
          "sti": 2,
          "dti": 104,
          "sco": 7,
          "dco": 474,
          "txt": "second"
        },
        {
          "si": 5,
          "sti": 3,
          "dti": 105,
          "sco": 14,
          "dco": 481,
          "txt": "half"
        },
        {
          "si": 5,
          "sti": 4,
          "dti": 106,
          "sco": 18,
          "dco": 485,
          "txt": ","
        },
        {
          "si": 5,
          "sti": 5,
          "dti": 107,
          "sco": 20,
          "dco": 487,
          "txt": "Andy"
        },
        {
          "si": 5,
          "sti": 6,
          "dti": 108,
          "sco": 25,
          "dco": 492,
          "txt": "Augustine"
        },
        {
          "si": 5,
          "sti": 7,
          "dti": 109,
          "sco": 35,
          "dco": 502,
          "txt": "made"
        },
        {
          "si": 5,
          "sti": 8,
          "dti": 110,
          "sco": 40,
          "dco": 507,
          "txt": "it"
        },
        {
          "si": 5,
          "sti": 9,
          "dti": 111,
          "sco": 43,
          "dco": 510,
          "txt": "3"
        },
        {
          "si": 5,
          "sti": 10,
          "dti": 112,
          "sco": 44,
          "dco": 511,
          "txt": "-"
        },
        {
          "si": 5,
          "sti": 11,
          "dti": 113,
          "sco": 45,
          "dco": 512,
          "txt": "0"
        },
        {
          "si": 5,
          "sti": 12,
          "dti": 114,
          "sco": 47,
          "dco": 514,
          "txt": "in"
        },
        {
          "si": 5,
          "sti": 13,
          "dti": 115,
          "sco": 50,
          "dco": 517,
          "txt": "the"
        },
        {
          "si": 5,
          "sti": 14,
          "dti": 116,
          "sco": 54,
          "dco": 521,
          "txt": "60"
        },
        {
          "si": 5,
          "sti": 15,
          "dti": 117,
          "sco": 56,
          "dco": 523,
          "txt": "th"
        },
        {
          "si": 5,
          "sti": 16,
          "dti": 118,
          "sco": 58,
          "dco": 525,
          "txt": ","
        },
        {
          "si": 5,
          "sti": 17,
          "dti": 119,
          "sco": 60,
          "dco": 527,
          "txt": "Ricky"
        },
        {
          "si": 5,
          "sti": 18,
          "dti": 120,
          "sco": 66,
          "dco": 533,
          "txt": "Modeste"
        },
        {
          "si": 5,
          "sti": 19,
          "dti": 121,
          "sco": 74,
          "dco": 541,
          "txt": "scored"
        },
        {
          "si": 5,
          "sti": 20,
          "dti": 122,
          "sco": 81,
          "dco": 548,
          "txt": "another"
        },
        {
          "si": 5,
          "sti": 21,
          "dti": 123,
          "sco": 89,
          "dco": 556,
          "txt": "goal"
        },
        {
          "si": 5,
          "sti": 22,
          "dti": 124,
          "sco": 94,
          "dco": 561,
          "txt": "in"
        },
        {
          "si": 5,
          "sti": 23,
          "dti": 125,
          "sco": 97,
          "dco": 564,
          "txt": "the"
        },
        {
          "si": 5,
          "sti": 24,
          "dti": 126,
          "sco": 101,
          "dco": 568,
          "txt": "62"
        },
        {
          "si": 5,
          "sti": 25,
          "dti": 127,
          "sco": 103,
          "dco": 570,
          "txt": "nd"
        },
        {
          "si": 5,
          "sti": 26,
          "dti": 128,
          "sco": 106,
          "dco": 573,
          "txt": "and"
        },
        {
          "si": 5,
          "sti": 27,
          "dti": 129,
          "sco": 110,
          "dco": 577,
          "txt": "Denis"
        },
        {
          "si": 5,
          "sti": 28,
          "dti": 130,
          "sco": 116,
          "dco": 583,
          "txt": "Rennie"
        },
        {
          "si": 5,
          "sti": 29,
          "dti": 131,
          "sco": 123,
          "dco": 590,
          "txt": "added"
        },
        {
          "si": 5,
          "sti": 30,
          "dti": 132,
          "sco": 129,
          "dco": 596,
          "txt": "the"
        },
        {
          "si": 5,
          "sti": 31,
          "dti": 133,
          "sco": 133,
          "dco": 600,
          "txt": "fifth"
        },
        {
          "si": 5,
          "sti": 32,
          "dti": 134,
          "sco": 139,
          "dco": 606,
          "txt": "in"
        },
        {
          "si": 5,
          "sti": 33,
          "dti": 135,
          "sco": 142,
          "dco": 609,
          "txt": "the"
        },
        {
          "si": 5,
          "sti": 34,
          "dti": 136,
          "sco": 146,
          "dco": 613,
          "txt": "87"
        },
        {
          "si": 5,
          "sti": 35,
          "dti": 137,
          "sco": 148,
          "dco": 615,
          "txt": "th"
        },
        {
          "si": 5,
          "sti": 36,
          "dti": 138,
          "sco": 150,
          "dco": 617,
          "txt": "."
        },
        {
          "si": 6,
          "sti": 0,
          "dti": 139,
          "sco": 0,
          "dco": 619,
          "txt": "Guyana"
        },
        {
          "si": 6,
          "sti": 1,
          "dti": 140,
          "sco": 7,
          "dco": 626,
          "txt": "will"
        },
        {
          "si": 6,
          "sti": 2,
          "dti": 141,
          "sco": 12,
          "dco": 631,
          "txt": "host"
        },
        {
          "si": 6,
          "sti": 3,
          "dti": 142,
          "sco": 17,
          "dco": 636,
          "txt": "the"
        },
        {
          "si": 6,
          "sti": 4,
          "dti": 143,
          "sco": 21,
          "dco": 640,
          "txt": "second"
        },
        {
          "si": 6,
          "sti": 5,
          "dti": 144,
          "sco": 28,
          "dco": 647,
          "txt": "leg"
        },
        {
          "si": 6,
          "sti": 6,
          "dti": 145,
          "sco": 32,
          "dco": 651,
          "txt": "of"
        },
        {
          "si": 6,
          "sti": 7,
          "dti": 146,
          "sco": 35,
          "dco": 654,
          "txt": "the"
        },
        {
          "si": 6,
          "sti": 8,
          "dti": 147,
          "sco": 39,
          "dco": 658,
          "txt": "series"
        },
        {
          "si": 6,
          "sti": 9,
          "dti": 148,
          "sco": 46,
          "dco": 665,
          "txt": "on"
        },
        {
          "si": 6,
          "sti": 10,
          "dti": 149,
          "sco": 49,
          "dco": 668,
          "txt": "March"
        },
        {
          "si": 6,
          "sti": 11,
          "dti": 150,
          "sco": 55,
          "dco": 674,
          "txt": "14"
        },
        {
          "si": 6,
          "sti": 12,
          "dti": 151,
          "sco": 57,
          "dco": 676,
          "txt": "."
        },
        {
          "si": 7,
          "sti": 0,
          "dti": 152,
          "sco": 0,
          "dco": 678,
          "txt": "The"
        },
        {
          "si": 7,
          "sti": 1,
          "dti": 153,
          "sco": 4,
          "dco": 682,
          "txt": "winner"
        },
        {
          "si": 7,
          "sti": 2,
          "dti": 154,
          "sco": 11,
          "dco": 689,
          "txt": "of"
        },
        {
          "si": 7,
          "sti": 3,
          "dti": 155,
          "sco": 14,
          "dco": 692,
          "txt": "the"
        },
        {
          "si": 7,
          "sti": 4,
          "dti": 156,
          "sco": 18,
          "dco": 696,
          "txt": "Grenada"
        },
        {
          "si": 7,
          "sti": 5,
          "dti": 157,
          "sco": 25,
          "dco": 703,
          "txt": "-"
        },
        {
          "si": 7,
          "sti": 6,
          "dti": 158,
          "sco": 26,
          "dco": 704,
          "txt": "Guyana"
        },
        {
          "si": 7,
          "sti": 7,
          "dti": 159,
          "sco": 33,
          "dco": 711,
          "txt": "series"
        },
        {
          "si": 7,
          "sti": 8,
          "dti": 160,
          "sco": 40,
          "dco": 718,
          "txt": "will"
        },
        {
          "si": 7,
          "sti": 9,
          "dti": 161,
          "sco": 45,
          "dco": 723,
          "txt": "play"
        },
        {
          "si": 7,
          "sti": 10,
          "dti": 162,
          "sco": 50,
          "dco": 728,
          "txt": "the"
        },
        {
          "si": 7,
          "sti": 11,
          "dti": 163,
          "sco": 54,
          "dco": 732,
          "txt": "United"
        },
        {
          "si": 7,
          "sti": 12,
          "dti": 164,
          "sco": 61,
          "dco": 739,
          "txt": "States"
        },
        {
          "si": 7,
          "sti": 13,
          "dti": 165,
          "sco": 68,
          "dco": 746,
          "txt": "in"
        },
        {
          "si": 7,
          "sti": 14,
          "dti": 166,
          "sco": 71,
          "dco": 749,
          "txt": "a"
        },
        {
          "si": 7,
          "sti": 15,
          "dti": 167,
          "sco": 73,
          "dco": 751,
          "txt": "home"
        },
        {
          "si": 7,
          "sti": 16,
          "dti": 168,
          "sco": 77,
          "dco": 755,
          "txt": "-"
        },
        {
          "si": 7,
          "sti": 17,
          "dti": 169,
          "sco": 78,
          "dco": 756,
          "txt": "and"
        },
        {
          "si": 7,
          "sti": 18,
          "dti": 170,
          "sco": 81,
          "dco": 759,
          "txt": "-"
        },
        {
          "si": 7,
          "sti": 19,
          "dti": 171,
          "sco": 82,
          "dco": 760,
          "txt": "home"
        },
        {
          "si": 7,
          "sti": 20,
          "dti": 172,
          "sco": 87,
          "dco": 765,
          "txt": "series"
        },
        {
          "si": 7,
          "sti": 21,
          "dti": 173,
          "sco": 94,
          "dco": 772,
          "txt": "in"
        },
        {
          "si": 7,
          "sti": 22,
          "dti": 174,
          "sco": 97,
          "dco": 775,
          "txt": "the"
        },
        {
          "si": 7,
          "sti": 23,
          "dti": 175,
          "sco": 101,
          "dco": 779,
          "txt": "second"
        },
        {
          "si": 7,
          "sti": 24,
          "dti": 176,
          "sco": 108,
          "dco": 786,
          "txt": "round"
        },
        {
          "si": 7,
          "sti": 25,
          "dti": 177,
          "sco": 114,
          "dco": 792,
          "txt": "in"
        },
        {
          "si": 7,
          "sti": 26,
          "dti": 178,
          "sco": 117,
          "dco": 795,
          "txt": "June"
        },
        {
          "si": 7,
          "sti": 27,
          "dti": 179,
          "sco": 121,
          "dco": 799,
          "txt": "."
        },
        {
          "si": 8,
          "sti": 0,
          "dti": 180,
          "sco": 0,
          "dco": 801,
          "txt": "In"
        },
        {
          "si": 8,
          "sti": 1,
          "dti": 181,
          "sco": 3,
          "dco": 804,
          "txt": "Oranjestad"
        },
        {
          "si": 8,
          "sti": 2,
          "dti": 182,
          "sco": 13,
          "dco": 814,
          "txt": ","
        },
        {
          "si": 8,
          "sti": 3,
          "dti": 183,
          "sco": 15,
          "dco": 816,
          "txt": "Aruba"
        },
        {
          "si": 8,
          "sti": 4,
          "dti": 184,
          "sco": 20,
          "dco": 821,
          "txt": ","
        },
        {
          "si": 8,
          "sti": 5,
          "dti": 185,
          "sco": 22,
          "dco": 823,
          "txt": "Marlon"
        },
        {
          "si": 8,
          "sti": 6,
          "dti": 186,
          "sco": 29,
          "dco": 830,
          "txt": "Felter"
        },
        {
          "si": 8,
          "sti": 7,
          "dti": 187,
          "sco": 36,
          "dco": 837,
          "txt": "converted"
        },
        {
          "si": 8,
          "sti": 8,
          "dti": 188,
          "sco": 46,
          "dco": 847,
          "txt": "a"
        },
        {
          "si": 8,
          "sti": 9,
          "dti": 189,
          "sco": 48,
          "dco": 849,
          "txt": "penalty"
        },
        {
          "si": 8,
          "sti": 10,
          "dti": 190,
          "sco": 56,
          "dco": 857,
          "txt": "kick"
        },
        {
          "si": 8,
          "sti": 11,
          "dti": 191,
          "sco": 61,
          "dco": 862,
          "txt": "in"
        },
        {
          "si": 8,
          "sti": 12,
          "dti": 192,
          "sco": 64,
          "dco": 865,
          "txt": "the"
        },
        {
          "si": 8,
          "sti": 13,
          "dti": 193,
          "sco": 68,
          "dco": 869,
          "txt": "54"
        },
        {
          "si": 8,
          "sti": 14,
          "dti": 194,
          "sco": 70,
          "dco": 871,
          "txt": "th"
        },
        {
          "si": 8,
          "sti": 15,
          "dti": 195,
          "sco": 73,
          "dco": 874,
          "txt": "minute"
        },
        {
          "si": 8,
          "sti": 16,
          "dti": 196,
          "sco": 80,
          "dco": 881,
          "txt": "to"
        },
        {
          "si": 8,
          "sti": 17,
          "dti": 197,
          "sco": 83,
          "dco": 884,
          "txt": "give"
        },
        {
          "si": 8,
          "sti": 18,
          "dti": 198,
          "sco": 88,
          "dco": 889,
          "txt": "visiting"
        },
        {
          "si": 8,
          "sti": 19,
          "dti": 199,
          "sco": 97,
          "dco": 898,
          "txt": "Suriname"
        },
        {
          "si": 8,
          "sti": 20,
          "dti": 200,
          "sco": 106,
          "dco": 907,
          "txt": "the"
        },
        {
          "si": 8,
          "sti": 21,
          "dti": 201,
          "sco": 110,
          "dco": 911,
          "txt": "lead"
        },
        {
          "si": 8,
          "sti": 22,
          "dti": 202,
          "sco": 114,
          "dco": 915,
          "txt": ","
        },
        {
          "si": 8,
          "sti": 23,
          "dti": 203,
          "sco": 116,
          "dco": 917,
          "txt": "and"
        },
        {
          "si": 8,
          "sti": 24,
          "dti": 204,
          "sco": 120,
          "dco": 921,
          "txt": "Patrick"
        },
        {
          "si": 8,
          "sti": 25,
          "dti": 205,
          "sco": 128,
          "dco": 929,
          "txt": "Zinhagel"
        },
        {
          "si": 8,
          "sti": 26,
          "dti": 206,
          "sco": 137,
          "dco": 938,
          "txt": "put"
        },
        {
          "si": 8,
          "sti": 27,
          "dti": 207,
          "sco": 141,
          "dco": 942,
          "txt": "his"
        },
        {
          "si": 8,
          "sti": 28,
          "dti": 208,
          "sco": 145,
          "dco": 946,
          "txt": "team"
        },
        {
          "si": 8,
          "sti": 29,
          "dti": 209,
          "sco": 150,
          "dco": 951,
          "txt": "up"
        },
        {
          "si": 8,
          "sti": 30,
          "dti": 210,
          "sco": 153,
          "dco": 954,
          "txt": "2"
        },
        {
          "si": 8,
          "sti": 31,
          "dti": 211,
          "sco": 154,
          "dco": 955,
          "txt": "-"
        },
        {
          "si": 8,
          "sti": 32,
          "dti": 212,
          "sco": 155,
          "dco": 956,
          "txt": "0"
        },
        {
          "si": 8,
          "sti": 33,
          "dti": 213,
          "sco": 157,
          "dco": 958,
          "txt": "in"
        },
        {
          "si": 8,
          "sti": 34,
          "dti": 214,
          "sco": 160,
          "dco": 961,
          "txt": "the"
        },
        {
          "si": 8,
          "sti": 35,
          "dti": 215,
          "sco": 164,
          "dco": 965,
          "txt": "61"
        },
        {
          "si": 8,
          "sti": 36,
          "dti": 216,
          "sco": 166,
          "dco": 967,
          "txt": "st"
        },
        {
          "si": 8,
          "sti": 37,
          "dti": 217,
          "sco": 168,
          "dco": 969,
          "txt": "."
        },
        {
          "si": 9,
          "sti": 0,
          "dti": 218,
          "sco": 0,
          "dco": 971,
          "txt": "Suriname"
        },
        {
          "si": 9,
          "sti": 1,
          "dti": 219,
          "sco": 9,
          "dco": 980,
          "txt": "hosts"
        },
        {
          "si": 9,
          "sti": 2,
          "dti": 220,
          "sco": 15,
          "dco": 986,
          "txt": "Aruba"
        },
        {
          "si": 9,
          "sti": 3,
          "dti": 221,
          "sco": 21,
          "dco": 992,
          "txt": "in"
        },
        {
          "si": 9,
          "sti": 4,
          "dti": 222,
          "sco": 24,
          "dco": 995,
          "txt": "the"
        },
        {
          "si": 9,
          "sti": 5,
          "dti": 223,
          "sco": 28,
          "dco": 999,
          "txt": "second"
        },
        {
          "si": 9,
          "sti": 6,
          "dti": 224,
          "sco": 35,
          "dco": 1006,
          "txt": "leg"
        },
        {
          "si": 9,
          "sti": 7,
          "dti": 225,
          "sco": 39,
          "dco": 1010,
          "txt": "on"
        },
        {
          "si": 9,
          "sti": 8,
          "dti": 226,
          "sco": 42,
          "dco": 1013,
          "txt": "March"
        },
        {
          "si": 9,
          "sti": 9,
          "dti": 227,
          "sco": 48,
          "dco": 1019,
          "txt": "27"
        },
        {
          "si": 9,
          "sti": 10,
          "dti": 228,
          "sco": 50,
          "dco": 1021,
          "txt": ","
        },
        {
          "si": 9,
          "sti": 11,
          "dti": 229,
          "sco": 52,
          "dco": 1023,
          "txt": "with"
        },
        {
          "si": 9,
          "sti": 12,
          "dti": 230,
          "sco": 57,
          "dco": 1028,
          "txt": "the"
        },
        {
          "si": 9,
          "sti": 13,
          "dti": 231,
          "sco": 61,
          "dco": 1032,
          "txt": "winner"
        },
        {
          "si": 9,
          "sti": 14,
          "dti": 232,
          "sco": 68,
          "dco": 1039,
          "txt": "facing"
        },
        {
          "si": 9,
          "sti": 15,
          "dti": 233,
          "sco": 75,
          "dco": 1046,
          "txt": "Guatemala"
        },
        {
          "si": 9,
          "sti": 16,
          "dti": 234,
          "sco": 85,
          "dco": 1056,
          "txt": "in"
        },
        {
          "si": 9,
          "sti": 17,
          "dti": 235,
          "sco": 88,
          "dco": 1059,
          "txt": "the"
        },
        {
          "si": 9,
          "sti": 18,
          "dti": 236,
          "sco": 92,
          "dco": 1063,
          "txt": "next"
        },
        {
          "si": 9,
          "sti": 19,
          "dti": 237,
          "sco": 97,
          "dco": 1068,
          "txt": "round"
        },
        {
          "si": 9,
          "sti": 20,
          "dti": 238,
          "sco": 102,
          "dco": 1073,
          "txt": "."
        }
      ]
    },
    "ganns": {
      "dla": [],
      "la": [],
      "ea": [],
      "eta": [
        {
          "ra": {
            "ea": {
              "etn": "Goal"
            }
          },
          "sfs": [
            [
              {
                "stn": "scoreTeamB"
              },
              {
                "ea": {
                  "etn": "0"
                }
              }
            ],
            [
              {
                "stn": "forTeam"
              },
              {
                "ea": {
                  "etn": "Grenada"
                }
              }
            ],
            [
              {
                "stn": "scoreTeamA"
              },
              {
                "ea": {
                  "etn": "1"
                }
              }
            ],
            [
              {
                "stn": "minute"
              },
              {
                "ea": {
                  "etn": "34"
                }
              }
            ],
            [
              {
                "stn": "scorer"
              },
              {
                "ea": {
                  "etn": "Bishop Nigel"
                }
              }
            ]
          ],
          "mfs": {}
        },
        {
          "ra": {
            "ea": {
              "etn": "Goal"
            }
          },
          "sfs": [
            [
              {
                "stn": "scoreTeamB"
              },
              {
                "ea": {
                  "etn": "0"
                }
              }
            ],
            [
              {
                "stn": "forTeam"
              },
              {
                "ea": {
                  "etn": "Grenada"
                }
              }
            ],
            [
              {
                "stn": "scoreTeamA"
              },
              {
                "ea": {
                  "etn": "2"
                }
              }
            ],
            [
              {
                "stn": "minute"
              },
              {
                "ea": {
                  "etn": "39"
                }
              }
            ],
            [
              {
                "stn": "scorer"
              },
              {
                "ea": {
                  "etn": "Phillip Kennedy"
                }
              }
            ]
          ],
          "mfs": {}
        },
        {
          "ra": {
            "ea": {
              "etn": "Goal"
            }
          },
          "sfs": [
            [
              {
                "stn": "scoreTeamB"
              },
              {
                "ea": {
                  "etn": "0"
                }
              }
            ],
            [
              {
                "stn": "forTeam"
              },
              {
                "ea": {
                  "etn": "Grenada"
                }
              }
            ],
            [
              {
                "stn": "scoreTeamA"
              },
              {
                "ea": {
                  "etn": "3"
                }
              }
            ],
            [
              {
                "stn": "minute"
              },
              {
                "ea": {
                  "etn": "72"
                }
              }
            ],
            [
              {
                "stn": "scorer"
              },
              {
                "ea": {
                  "etn": "Augustine Anthony"
                }
              }
            ]
          ],
          "mfs": {}
        },
        {
          "ra": {
            "ea": {
              "etn": "Goal"
            }
          },
          "sfs": [
            [
              {
                "stn": "scoreTeamB"
              },
              {
                "ea": {
                  "etn": "0"
                }
              }
            ],
            [
              {
                "stn": "forTeam"
              },
              {
                "ea": {
                  "etn": "Grenada"
                }
              }
            ],
            [
              {
                "stn": "scoreTeamA"
              },
              {
                "ea": {
                  "etn": "4"
                }
              }
            ],
            [
              {
                "stn": "minute"
              },
              {
                "ea": {
                  "etn": "81"
                }
              }
            ],
            [
              {
                "stn": "scorer"
              },
              {
                "ea": {
                  "etn": "Modeste Anthony"
                }
              }
            ]
          ],
          "mfs": {}
        },
        {
          "ra": {
            "ea": {
              "etn": "Goal"
            }
          },
          "sfs": [
            [
              {
                "stn": "scoreTeamB"
              },
              {
                "ea": {
                  "etn": "0"
                }
              }
            ],
            [
              {
                "stn": "forTeam"
              },
              {
                "ea": {
                  "etn": "Grenada"
                }
              }
            ],
            [
              {
                "stn": "scoreTeamA"
              },
              {
                "ea": {
                  "etn": "5"
                }
              }
            ],
            [
              {
                "stn": "minute"
              },
              {
                "ea": {
                  "etn": "91"
                }
              }
            ],
            [
              {
                "stn": "scorer"
              },
              {
                "ea": {
                  "etn": "Rennie Denis"
                }
              }
            ]
          ],
          "mfs": {}
        },
        {
          "ra": {
            "ea": {
              "etn": "RedCard"
            }
          },
          "sfs": [
            [
              {
                "stn": "cardForTeam"
              },
              {
                "ea": {
                  "etn": "Guyana"
                }
              }
            ],
            [
              {
                "stn": "cardMinute"
              },
              {
                "ea": {
                  "etn": "61"
                }
              }
            ],
            [
              {
                "stn": "player"
              },
              {
                "ea": {
                  "etn": "Hendricks Marlon"
                }
              }
            ]
          ],
          "mfs": {}
        },
        {
          "ra": {
            "ea": {
              "etn": "YellowCard"
            }
          },
          "sfs": [
            [
              {
                "stn": "cardForTeam"
              },
              {
                "ea": {
                  "etn": "Grenada"
                }
              }
            ],
            [
              {
                "stn": "cardMinute"
              },
              {
                "ea": {
                  "etn": "79"
                }
              }
            ],
            [
              {
                "stn": "player"
              },
              {
                "ea": {
                  "etn": "Augustine Anthony"
                }
              }
            ]
          ],
          "mfs": {}
        },
        {
          "ra": {
            "ea": {
              "etn": "TeamStats"
            }
          },
          "sfs": [
            [
              {
                "stn": "finalScore"
              },
              {
                "ea": {
                  "etn": "5"
                }
              }
            ],
            [
              {
                "stn": "name"
              },
              {
                "ea": {
                  "etn": "Grenada"
                }
              }
            ]
          ],
          "mfs": {}
        },
        {
          "ra": {
            "ea": {
              "etn": "TeamStats"
            }
          },
          "sfs": [
            [
              {
                "stn": "finalScore"
              },
              {
                "ea": {
                  "etn": "0"
                }
              }
            ],
            [
              {
                "stn": "name"
              },
              {
                "ea": {
                  "etn": "Guyana"
                }
              }
            ]
          ],
          "mfs": {}
        }
      ]
    }
  }
]
