[
  {
    "context": "UNSPECIFIED",
    "doc": {
      "id": "en_mr36375_struct",
      "tl": [
        {
          "si": 0,
          "sti": 0,
          "dti": 0,
          "sco": 0,
          "dco": 0,
          "txt": "Iran"
        },
        {
          "si": 0,
          "sti": 1,
          "dti": 1,
          "sco": 5,
          "dco": 5,
          "txt": "turn"
        },
        {
          "si": 0,
          "sti": 2,
          "dti": 2,
          "sco": 10,
          "dco": 10,
          "txt": "the"
        },
        {
          "si": 0,
          "sti": 3,
          "dti": 3,
          "sco": 14,
          "dco": 14,
          "txt": "tables"
        },
        {
          "si": 0,
          "sti": 4,
          "dti": 4,
          "sco": 21,
          "dco": 21,
          "txt": "on"
        },
        {
          "si": 0,
          "sti": 5,
          "dti": 5,
          "sco": 24,
          "dco": 24,
          "txt": "Jordan"
        },
        {
          "si": 0,
          "sti": 6,
          "dti": 6,
          "sco": 30,
          "dco": 30,
          "txt": "."
        },
        {
          "si": 1,
          "sti": 0,
          "dti": 7,
          "sco": 0,
          "dco": 32,
          "txt": "The"
        },
        {
          "si": 1,
          "sti": 1,
          "dti": 8,
          "sco": 4,
          "dco": 36,
          "txt": "exciting"
        },
        {
          "si": 1,
          "sti": 2,
          "dti": 9,
          "sco": 13,
          "dco": 45,
          "txt": "victory"
        },
        {
          "si": 1,
          "sti": 3,
          "dti": 10,
          "sco": 21,
          "dco": 53,
          "txt": "in"
        },
        {
          "si": 1,
          "sti": 4,
          "dti": 11,
          "sco": 24,
          "dco": 56,
          "txt": "Amman"
        },
        {
          "si": 1,
          "sti": 5,
          "dti": 12,
          "sco": 30,
          "dco": 62,
          "txt": "saw"
        },
        {
          "si": 1,
          "sti": 6,
          "dti": 13,
          "sco": 34,
          "dco": 66,
          "txt": "newly"
        },
        {
          "si": 1,
          "sti": 7,
          "dti": 14,
          "sco": 39,
          "dco": 71,
          "txt": "-"
        },
        {
          "si": 1,
          "sti": 8,
          "dti": 15,
          "sco": 40,
          "dco": 72,
          "txt": "returned"
        },
        {
          "si": 1,
          "sti": 9,
          "dti": 16,
          "sco": 49,
          "dco": 81,
          "txt": "Alireza"
        },
        {
          "si": 1,
          "sti": 10,
          "dti": 17,
          "sco": 57,
          "dco": 89,
          "txt": "Vahedi"
        },
        {
          "si": 1,
          "sti": 11,
          "dti": 18,
          "sco": 63,
          "dco": 95,
          "txt": "-"
        },
        {
          "si": 1,
          "sti": 12,
          "dti": 19,
          "sco": 64,
          "dco": 96,
          "txt": "Nikbakht"
        },
        {
          "si": 1,
          "sti": 13,
          "dti": 20,
          "sco": 73,
          "dco": 105,
          "txt": "("
        },
        {
          "si": 1,
          "sti": 14,
          "dti": 21,
          "sco": 74,
          "dco": 106,
          "txt": "78"
        },
        {
          "si": 1,
          "sti": 15,
          "dti": 22,
          "sco": 76,
          "dco": 108,
          "txt": "th"
        },
        {
          "si": 1,
          "sti": 16,
          "dti": 23,
          "sco": 79,
          "dco": 111,
          "txt": "minute"
        },
        {
          "si": 1,
          "sti": 17,
          "dti": 24,
          "sco": 85,
          "dco": 117,
          "txt": ")"
        },
        {
          "si": 1,
          "sti": 18,
          "dti": 25,
          "sco": 87,
          "dco": 119,
          "txt": "and"
        },
        {
          "si": 1,
          "sti": 19,
          "dti": 26,
          "sco": 91,
          "dco": 123,
          "txt": "35"
        },
        {
          "si": 1,
          "sti": 20,
          "dti": 27,
          "sco": 93,
          "dco": 125,
          "txt": "-"
        },
        {
          "si": 1,
          "sti": 21,
          "dti": 28,
          "sco": 94,
          "dco": 126,
          "txt": "year"
        },
        {
          "si": 1,
          "sti": 22,
          "dti": 29,
          "sco": 98,
          "dco": 130,
          "txt": "-"
        },
        {
          "si": 1,
          "sti": 23,
          "dti": 30,
          "sco": 99,
          "dco": 131,
          "txt": "old"
        },
        {
          "si": 1,
          "sti": 24,
          "dti": 31,
          "sco": 103,
          "dco": 135,
          "txt": "skipper"
        },
        {
          "si": 1,
          "sti": 25,
          "dti": 32,
          "sco": 111,
          "dco": 143,
          "txt": "Ali"
        },
        {
          "si": 1,
          "sti": 26,
          "dti": 33,
          "sco": 115,
          "dco": 147,
          "txt": "Daei"
        },
        {
          "si": 1,
          "sti": 27,
          "dti": 34,
          "sco": 120,
          "dco": 152,
          "txt": "("
        },
        {
          "si": 1,
          "sti": 28,
          "dti": 35,
          "sco": 121,
          "dco": 153,
          "txt": "89"
        },
        {
          "si": 1,
          "sti": 29,
          "dti": 36,
          "sco": 123,
          "dco": 155,
          "txt": "th"
        },
        {
          "si": 1,
          "sti": 30,
          "dti": 37,
          "sco": 125,
          "dco": 157,
          "txt": ")"
        },
        {
          "si": 1,
          "sti": 31,
          "dti": 38,
          "sco": 127,
          "dco": 159,
          "txt": "tally"
        },
        {
          "si": 1,
          "sti": 32,
          "dti": 39,
          "sco": 133,
          "dco": 165,
          "txt": "to"
        },
        {
          "si": 1,
          "sti": 33,
          "dti": 40,
          "sco": 136,
          "dco": 168,
          "txt": "secure"
        },
        {
          "si": 1,
          "sti": 34,
          "dti": 41,
          "sco": 143,
          "dco": 175,
          "txt": "the"
        },
        {
          "si": 1,
          "sti": 35,
          "dti": 42,
          "sco": 147,
          "dco": 179,
          "txt": "win"
        },
        {
          "si": 1,
          "sti": 36,
          "dti": 43,
          "sco": 150,
          "dco": 182,
          "txt": "."
        },
        {
          "si": 2,
          "sti": 0,
          "dti": 44,
          "sco": 0,
          "dco": 184,
          "txt": "It"
        },
        {
          "si": 2,
          "sti": 1,
          "dti": 45,
          "sco": 3,
          "dco": 187,
          "txt": "was"
        },
        {
          "si": 2,
          "sti": 2,
          "dti": 46,
          "sco": 7,
          "dco": 191,
          "txt": "a"
        },
        {
          "si": 2,
          "sti": 3,
          "dti": 47,
          "sco": 9,
          "dco": 193,
          "txt": "bit"
        },
        {
          "si": 2,
          "sti": 4,
          "dti": 48,
          "sco": 13,
          "dco": 197,
          "txt": "late"
        },
        {
          "si": 2,
          "sti": 5,
          "dti": 49,
          "sco": 18,
          "dco": 202,
          "txt": "for"
        },
        {
          "si": 2,
          "sti": 6,
          "dti": 50,
          "sco": 22,
          "dco": 206,
          "txt": "comfort"
        },
        {
          "si": 2,
          "sti": 7,
          "dti": 51,
          "sco": 29,
          "dco": 213,
          "txt": ","
        },
        {
          "si": 2,
          "sti": 8,
          "dti": 52,
          "sco": 31,
          "dco": 215,
          "txt": "but"
        },
        {
          "si": 2,
          "sti": 9,
          "dti": 53,
          "sco": 35,
          "dco": 219,
          "txt": "in"
        },
        {
          "si": 2,
          "sti": 10,
          "dti": 54,
          "sco": 38,
          "dco": 222,
          "txt": "the"
        },
        {
          "si": 2,
          "sti": 11,
          "dti": 55,
          "sco": 42,
          "dco": 226,
          "txt": "battle"
        },
        {
          "si": 2,
          "sti": 12,
          "dti": 56,
          "sco": 49,
          "dco": 233,
          "txt": "between"
        },
        {
          "si": 2,
          "sti": 13,
          "dti": 57,
          "sco": 57,
          "dco": 241,
          "txt": "Irans"
        },
        {
          "si": 2,
          "sti": 14,
          "dti": 58,
          "sco": 63,
          "dco": 247,
          "txt": "talented"
        },
        {
          "si": 2,
          "sti": 15,
          "dti": 59,
          "sco": 72,
          "dco": 256,
          "txt": "attack"
        },
        {
          "si": 2,
          "sti": 16,
          "dti": 60,
          "sco": 79,
          "dco": 263,
          "txt": "and"
        },
        {
          "si": 2,
          "sti": 17,
          "dti": 61,
          "sco": 83,
          "dco": 267,
          "txt": "Jordans"
        },
        {
          "si": 2,
          "sti": 18,
          "dti": 62,
          "sco": 91,
          "dco": 275,
          "txt": "previously"
        },
        {
          "si": 2,
          "sti": 19,
          "dti": 63,
          "sco": 102,
          "dco": 286,
          "txt": "impenetrable"
        },
        {
          "si": 2,
          "sti": 20,
          "dti": 64,
          "sco": 115,
          "dco": 299,
          "txt": "defence"
        },
        {
          "si": 2,
          "sti": 21,
          "dti": 65,
          "sco": 123,
          "dco": 307,
          "txt": "and"
        },
        {
          "si": 2,
          "sti": 22,
          "dti": 66,
          "sco": 127,
          "dco": 311,
          "txt": "lightening"
        },
        {
          "si": 2,
          "sti": 23,
          "dti": 67,
          "sco": 138,
          "dco": 322,
          "txt": "counterattack"
        },
        {
          "si": 2,
          "sti": 24,
          "dti": 68,
          "sco": 151,
          "dco": 335,
          "txt": ","
        },
        {
          "si": 2,
          "sti": 25,
          "dti": 69,
          "sco": 153,
          "dco": 337,
          "txt": "the"
        },
        {
          "si": 2,
          "sti": 26,
          "dti": 70,
          "sco": 157,
          "dco": 341,
          "txt": "away"
        },
        {
          "si": 2,
          "sti": 27,
          "dti": 71,
          "sco": 162,
          "dco": 346,
          "txt": "victory"
        },
        {
          "si": 2,
          "sti": 28,
          "dti": 72,
          "sco": 170,
          "dco": 354,
          "txt": "should"
        },
        {
          "si": 2,
          "sti": 29,
          "dti": 73,
          "sco": 177,
          "dco": 361,
          "txt": "settle"
        },
        {
          "si": 2,
          "sti": 30,
          "dti": 74,
          "sco": 184,
          "dco": 368,
          "txt": "nerves"
        },
        {
          "si": 2,
          "sti": 31,
          "dti": 75,
          "sco": 191,
          "dco": 375,
          "txt": "in"
        },
        {
          "si": 2,
          "sti": 32,
          "dti": 76,
          "sco": 194,
          "dco": 378,
          "txt": "Tehran"
        },
        {
          "si": 2,
          "sti": 33,
          "dti": 77,
          "sco": 200,
          "dco": 384,
          "txt": "."
        },
        {
          "si": 3,
          "sti": 0,
          "dti": 78,
          "sco": 0,
          "dco": 386,
          "txt": "Jordan"
        },
        {
          "si": 3,
          "sti": 1,
          "dti": 79,
          "sco": 7,
          "dco": 393,
          "txt": "have"
        },
        {
          "si": 3,
          "sti": 2,
          "dti": 80,
          "sco": 12,
          "dco": 398,
          "txt": "been"
        },
        {
          "si": 3,
          "sti": 3,
          "dti": 81,
          "sco": 17,
          "dco": 403,
          "txt": "one"
        },
        {
          "si": 3,
          "sti": 4,
          "dti": 82,
          "sco": 21,
          "dco": 407,
          "txt": "of"
        },
        {
          "si": 3,
          "sti": 5,
          "dti": 83,
          "sco": 24,
          "dco": 410,
          "txt": "the"
        },
        {
          "si": 3,
          "sti": 6,
          "dti": 84,
          "sco": 28,
          "dco": 414,
          "txt": "most"
        },
        {
          "si": 3,
          "sti": 7,
          "dti": 85,
          "sco": 33,
          "dco": 419,
          "txt": "recent"
        },
        {
          "si": 3,
          "sti": 8,
          "dti": 86,
          "sco": 39,
          "dco": 425,
          "txt": ","
        },
        {
          "si": 3,
          "sti": 9,
          "dti": 87,
          "sco": 41,
          "dco": 427,
          "txt": "and"
        },
        {
          "si": 3,
          "sti": 10,
          "dti": 88,
          "sco": 45,
          "dco": 431,
          "txt": "most"
        },
        {
          "si": 3,
          "sti": 11,
          "dti": 89,
          "sco": 50,
          "dco": 436,
          "txt": "impressive"
        },
        {
          "si": 3,
          "sti": 12,
          "dti": 90,
          "sco": 60,
          "dco": 446,
          "txt": ","
        },
        {
          "si": 3,
          "sti": 13,
          "dti": 91,
          "sco": 62,
          "dco": 448,
          "txt": "revelations"
        },
        {
          "si": 3,
          "sti": 14,
          "dti": 92,
          "sco": 74,
          "dco": 460,
          "txt": "on"
        },
        {
          "si": 3,
          "sti": 15,
          "dti": 93,
          "sco": 77,
          "dco": 463,
          "txt": "the"
        },
        {
          "si": 3,
          "sti": 16,
          "dti": 94,
          "sco": 81,
          "dco": 467,
          "txt": "continent"
        },
        {
          "si": 3,
          "sti": 17,
          "dti": 95,
          "sco": 90,
          "dco": 476,
          "txt": "."
        },
        {
          "si": 4,
          "sti": 0,
          "dti": 96,
          "sco": 0,
          "dco": 478,
          "txt": "Not"
        },
        {
          "si": 4,
          "sti": 1,
          "dti": 97,
          "sco": 4,
          "dco": 482,
          "txt": "only"
        },
        {
          "si": 4,
          "sti": 2,
          "dti": 98,
          "sco": 9,
          "dco": 487,
          "txt": "did"
        },
        {
          "si": 4,
          "sti": 3,
          "dti": 99,
          "sco": 13,
          "dco": 491,
          "txt": "they"
        },
        {
          "si": 4,
          "sti": 4,
          "dti": 100,
          "sco": 18,
          "dco": 496,
          "txt": "defeat"
        },
        {
          "si": 4,
          "sti": 5,
          "dti": 101,
          "sco": 25,
          "dco": 503,
          "txt": "Iran"
        },
        {
          "si": 4,
          "sti": 6,
          "dti": 102,
          "sco": 30,
          "dco": 508,
          "txt": "in"
        },
        {
          "si": 4,
          "sti": 7,
          "dti": 103,
          "sco": 33,
          "dco": 511,
          "txt": "the"
        },
        {
          "si": 4,
          "sti": 8,
          "dti": 104,
          "sco": 37,
          "dco": 515,
          "txt": "last"
        },
        {
          "si": 4,
          "sti": 9,
          "dti": 105,
          "sco": 42,
          "dco": 520,
          "txt": "qualifier"
        },
        {
          "si": 4,
          "sti": 10,
          "dti": 106,
          "sco": 51,
          "dco": 529,
          "txt": ","
        },
        {
          "si": 4,
          "sti": 11,
          "dti": 107,
          "sco": 53,
          "dco": 531,
          "txt": "they"
        },
        {
          "si": 4,
          "sti": 12,
          "dti": 108,
          "sco": 58,
          "dco": 536,
          "txt": "also"
        },
        {
          "si": 4,
          "sti": 13,
          "dti": 109,
          "sco": 63,
          "dco": 541,
          "txt": "drew"
        },
        {
          "si": 4,
          "sti": 14,
          "dti": 110,
          "sco": 68,
          "dco": 546,
          "txt": "0"
        },
        {
          "si": 4,
          "sti": 15,
          "dti": 111,
          "sco": 69,
          "dco": 547,
          "txt": "-"
        },
        {
          "si": 4,
          "sti": 16,
          "dti": 112,
          "sco": 70,
          "dco": 548,
          "txt": "0"
        },
        {
          "si": 4,
          "sti": 17,
          "dti": 113,
          "sco": 72,
          "dco": 550,
          "txt": "with"
        },
        {
          "si": 4,
          "sti": 18,
          "dti": 114,
          "sco": 77,
          "dco": 555,
          "txt": "2002"
        },
        {
          "si": 4,
          "sti": 19,
          "dti": 115,
          "sco": 82,
          "dco": 560,
          "txt": "FIFA"
        },
        {
          "si": 4,
          "sti": 20,
          "dti": 116,
          "sco": 87,
          "dco": 565,
          "txt": "World"
        },
        {
          "si": 4,
          "sti": 21,
          "dti": 117,
          "sco": 93,
          "dco": 571,
          "txt": "Cup"
        },
        {
          "si": 4,
          "sti": 22,
          "dti": 118,
          "sco": 97,
          "dco": 575,
          "txt": "semi"
        },
        {
          "si": 4,
          "sti": 23,
          "dti": 119,
          "sco": 101,
          "dco": 579,
          "txt": "-"
        },
        {
          "si": 4,
          "sti": 24,
          "dti": 120,
          "sco": 102,
          "dco": 580,
          "txt": "finalists"
        },
        {
          "si": 4,
          "sti": 25,
          "dti": 121,
          "sco": 112,
          "dco": 590,
          "txt": "Korea"
        },
        {
          "si": 4,
          "sti": 26,
          "dti": 122,
          "sco": 118,
          "dco": 596,
          "txt": "Republic"
        },
        {
          "si": 4,
          "sti": 27,
          "dti": 123,
          "sco": 127,
          "dco": 605,
          "txt": "and"
        },
        {
          "si": 4,
          "sti": 28,
          "dti": 124,
          "sco": 131,
          "dco": 609,
          "txt": "nearly"
        },
        {
          "si": 4,
          "sti": 29,
          "dti": 125,
          "sco": 138,
          "dco": 616,
          "txt": "toppled"
        },
        {
          "si": 4,
          "sti": 30,
          "dti": 126,
          "sco": 146,
          "dco": 624,
          "txt": "Asian"
        },
        {
          "si": 4,
          "sti": 31,
          "dti": 127,
          "sco": 152,
          "dco": 630,
          "txt": "champions"
        },
        {
          "si": 4,
          "sti": 32,
          "dti": 128,
          "sco": 162,
          "dco": 640,
          "txt": "Japan"
        },
        {
          "si": 4,
          "sti": 33,
          "dti": 129,
          "sco": 168,
          "dco": 646,
          "txt": "at"
        },
        {
          "si": 4,
          "sti": 34,
          "dti": 130,
          "sco": 171,
          "dco": 649,
          "txt": "the"
        },
        {
          "si": 4,
          "sti": 35,
          "dti": 131,
          "sco": 175,
          "dco": 653,
          "txt": "2004"
        },
        {
          "si": 4,
          "sti": 36,
          "dti": 132,
          "sco": 180,
          "dco": 658,
          "txt": "Asian"
        },
        {
          "si": 4,
          "sti": 37,
          "dti": 133,
          "sco": 186,
          "dco": 664,
          "txt": "Cup"
        },
        {
          "si": 4,
          "sti": 38,
          "dti": 134,
          "sco": 189,
          "dco": 667,
          "txt": "."
        },
        {
          "si": 5,
          "sti": 0,
          "dti": 135,
          "sco": 0,
          "dco": 669,
          "txt": "After"
        },
        {
          "si": 5,
          "sti": 1,
          "dti": 136,
          "sco": 6,
          "dco": 675,
          "txt": "a"
        },
        {
          "si": 5,
          "sti": 2,
          "dti": 137,
          "sco": 8,
          "dco": 677,
          "txt": "three"
        },
        {
          "si": 5,
          "sti": 3,
          "dti": 138,
          "sco": 13,
          "dco": 682,
          "txt": "-"
        },
        {
          "si": 5,
          "sti": 4,
          "dti": 139,
          "sco": 14,
          "dco": 683,
          "txt": "year"
        },
        {
          "si": 5,
          "sti": 5,
          "dti": 140,
          "sco": 19,
          "dco": 688,
          "txt": "absence"
        },
        {
          "si": 5,
          "sti": 6,
          "dti": 141,
          "sco": 27,
          "dco": 696,
          "txt": "due"
        },
        {
          "si": 5,
          "sti": 7,
          "dti": 142,
          "sco": 31,
          "dco": 700,
          "txt": "to"
        },
        {
          "si": 5,
          "sti": 8,
          "dti": 143,
          "sco": 34,
          "dco": 703,
          "txt": "a"
        },
        {
          "si": 5,
          "sti": 9,
          "dti": 144,
          "sco": 36,
          "dco": 705,
          "txt": "quarrel"
        },
        {
          "si": 5,
          "sti": 10,
          "dti": 145,
          "sco": 44,
          "dco": 713,
          "txt": "with"
        },
        {
          "si": 5,
          "sti": 11,
          "dti": 146,
          "sco": 49,
          "dco": 718,
          "txt": "the"
        },
        {
          "si": 5,
          "sti": 12,
          "dti": 147,
          "sco": 53,
          "dco": 722,
          "txt": "team"
        },
        {
          "si": 5,
          "sti": 13,
          "dti": 148,
          "sco": 57,
          "dco": 726,
          "txt": ","
        },
        {
          "si": 5,
          "sti": 14,
          "dti": 149,
          "sco": 59,
          "dco": 728,
          "txt": "Irans"
        },
        {
          "si": 5,
          "sti": 15,
          "dti": 150,
          "sco": 65,
          "dco": 734,
          "txt": "Bayern"
        },
        {
          "si": 5,
          "sti": 16,
          "dti": 151,
          "sco": 72,
          "dco": 741,
          "txt": "Munich"
        },
        {
          "si": 5,
          "sti": 17,
          "dti": 152,
          "sco": 79,
          "dco": 748,
          "txt": "midfielder"
        },
        {
          "si": 5,
          "sti": 18,
          "dti": 153,
          "sco": 90,
          "dco": 759,
          "txt": "Vahid"
        },
        {
          "si": 5,
          "sti": 19,
          "dti": 154,
          "sco": 96,
          "dco": 765,
          "txt": "Hashemian"
        },
        {
          "si": 5,
          "sti": 20,
          "dti": 155,
          "sco": 106,
          "dco": 775,
          "txt": "returned"
        },
        {
          "si": 5,
          "sti": 21,
          "dti": 156,
          "sco": 115,
          "dco": 784,
          "txt": "to"
        },
        {
          "si": 5,
          "sti": 22,
          "dti": 157,
          "sco": 118,
          "dco": 787,
          "txt": "play"
        },
        {
          "si": 5,
          "sti": 23,
          "dti": 158,
          "sco": 123,
          "dco": 792,
          "txt": "for"
        },
        {
          "si": 5,
          "sti": 24,
          "dti": 159,
          "sco": 127,
          "dco": 796,
          "txt": "his"
        },
        {
          "si": 5,
          "sti": 25,
          "dti": 160,
          "sco": 131,
          "dco": 800,
          "txt": "national"
        },
        {
          "si": 5,
          "sti": 26,
          "dti": 161,
          "sco": 140,
          "dco": 809,
          "txt": "side"
        },
        {
          "si": 5,
          "sti": 27,
          "dti": 162,
          "sco": 144,
          "dco": 813,
          "txt": "."
        },
        {
          "si": 6,
          "sti": 0,
          "dti": 163,
          "sco": 0,
          "dco": 815,
          "txt": "His"
        },
        {
          "si": 6,
          "sti": 1,
          "dti": 164,
          "sco": 4,
          "dco": 819,
          "txt": "presence"
        },
        {
          "si": 6,
          "sti": 2,
          "dti": 165,
          "sco": 13,
          "dco": 828,
          "txt": "gave"
        },
        {
          "si": 6,
          "sti": 3,
          "dti": 166,
          "sco": 18,
          "dco": 833,
          "txt": "Iran"
        },
        {
          "si": 6,
          "sti": 4,
          "dti": 167,
          "sco": 23,
          "dco": 838,
          "txt": "a"
        },
        {
          "si": 6,
          "sti": 5,
          "dti": 168,
          "sco": 25,
          "dco": 840,
          "txt": "significant"
        },
        {
          "si": 6,
          "sti": 6,
          "dti": 169,
          "sco": 37,
          "dco": 852,
          "txt": "morale"
        },
        {
          "si": 6,
          "sti": 7,
          "dti": 170,
          "sco": 44,
          "dco": 859,
          "txt": "boost"
        },
        {
          "si": 6,
          "sti": 8,
          "dti": 171,
          "sco": 49,
          "dco": 864,
          "txt": ","
        },
        {
          "si": 6,
          "sti": 9,
          "dti": 172,
          "sco": 51,
          "dco": 866,
          "txt": "as"
        },
        {
          "si": 6,
          "sti": 10,
          "dti": 173,
          "sco": 54,
          "dco": 869,
          "txt": "did"
        },
        {
          "si": 6,
          "sti": 11,
          "dti": 174,
          "sco": 58,
          "dco": 873,
          "txt": "the"
        },
        {
          "si": 6,
          "sti": 12,
          "dti": 175,
          "sco": 62,
          "dco": 877,
          "txt": "return"
        },
        {
          "si": 6,
          "sti": 13,
          "dti": 176,
          "sco": 69,
          "dco": 884,
          "txt": "of"
        },
        {
          "si": 6,
          "sti": 14,
          "dti": 177,
          "sco": 72,
          "dco": 887,
          "txt": "another"
        },
        {
          "si": 6,
          "sti": 15,
          "dti": 178,
          "sco": 80,
          "dco": 895,
          "txt": "key"
        },
        {
          "si": 6,
          "sti": 16,
          "dti": 179,
          "sco": 84,
          "dco": 899,
          "txt": "player"
        },
        {
          "si": 6,
          "sti": 17,
          "dti": 180,
          "sco": 90,
          "dco": 905,
          "txt": ","
        },
        {
          "si": 6,
          "sti": 18,
          "dti": 181,
          "sco": 92,
          "dco": 907,
          "txt": "Khodadad"
        },
        {
          "si": 6,
          "sti": 19,
          "dti": 182,
          "sco": 101,
          "dco": 916,
          "txt": "Aziz"
        },
        {
          "si": 6,
          "sti": 20,
          "dti": 183,
          "sco": 105,
          "dco": 920,
          "txt": ","
        },
        {
          "si": 6,
          "sti": 21,
          "dti": 184,
          "sco": 107,
          "dco": 922,
          "txt": "who"
        },
        {
          "si": 6,
          "sti": 22,
          "dti": 185,
          "sco": 111,
          "dco": 926,
          "txt": "helped"
        },
        {
          "si": 6,
          "sti": 23,
          "dti": 186,
          "sco": 118,
          "dco": 933,
          "txt": "Iran"
        },
        {
          "si": 6,
          "sti": 24,
          "dti": 187,
          "sco": 123,
          "dco": 938,
          "txt": "eliminate"
        },
        {
          "si": 6,
          "sti": 25,
          "dti": 188,
          "sco": 133,
          "dco": 948,
          "txt": "Australia"
        },
        {
          "si": 6,
          "sti": 26,
          "dti": 189,
          "sco": 143,
          "dco": 958,
          "txt": "to"
        },
        {
          "si": 6,
          "sti": 27,
          "dti": 190,
          "sco": 146,
          "dco": 961,
          "txt": "qualify"
        },
        {
          "si": 6,
          "sti": 28,
          "dti": 191,
          "sco": 154,
          "dco": 969,
          "txt": "for"
        },
        {
          "si": 6,
          "sti": 29,
          "dti": 192,
          "sco": 158,
          "dco": 973,
          "txt": "France"
        },
        {
          "si": 6,
          "sti": 30,
          "dti": 193,
          "sco": 165,
          "dco": 980,
          "txt": "98"
        },
        {
          "si": 6,
          "sti": 31,
          "dti": 194,
          "sco": 167,
          "dco": 982,
          "txt": "."
        },
        {
          "si": 7,
          "sti": 0,
          "dti": 195,
          "sco": 0,
          "dco": 984,
          "txt": "Iran"
        },
        {
          "si": 7,
          "sti": 1,
          "dti": 196,
          "sco": 5,
          "dco": 989,
          "txt": "therefore"
        },
        {
          "si": 7,
          "sti": 2,
          "dti": 197,
          "sco": 15,
          "dco": 999,
          "txt": "came"
        },
        {
          "si": 7,
          "sti": 3,
          "dti": 198,
          "sco": 20,
          "dco": 1004,
          "txt": "out"
        },
        {
          "si": 7,
          "sti": 4,
          "dti": 199,
          "sco": 24,
          "dco": 1008,
          "txt": "with"
        },
        {
          "si": 7,
          "sti": 5,
          "dti": 200,
          "sco": 29,
          "dco": 1013,
          "txt": "a"
        },
        {
          "si": 7,
          "sti": 6,
          "dti": 201,
          "sco": 31,
          "dco": 1015,
          "txt": "must"
        },
        {
          "si": 7,
          "sti": 7,
          "dti": 202,
          "sco": 35,
          "dco": 1019,
          "txt": "-"
        },
        {
          "si": 7,
          "sti": 8,
          "dti": 203,
          "sco": 36,
          "dco": 1020,
          "txt": "win"
        },
        {
          "si": 7,
          "sti": 9,
          "dti": 204,
          "sco": 40,
          "dco": 1024,
          "txt": "attitude"
        },
        {
          "si": 7,
          "sti": 10,
          "dti": 205,
          "sco": 49,
          "dco": 1033,
          "txt": "and"
        },
        {
          "si": 7,
          "sti": 11,
          "dti": 206,
          "sco": 53,
          "dco": 1037,
          "txt": "seized"
        },
        {
          "si": 7,
          "sti": 12,
          "dti": 207,
          "sco": 60,
          "dco": 1044,
          "txt": "the"
        },
        {
          "si": 7,
          "sti": 13,
          "dti": 208,
          "sco": 64,
          "dco": 1048,
          "txt": "initiative"
        },
        {
          "si": 7,
          "sti": 14,
          "dti": 209,
          "sco": 75,
          "dco": 1059,
          "txt": "from"
        },
        {
          "si": 7,
          "sti": 15,
          "dti": 210,
          "sco": 80,
          "dco": 1064,
          "txt": "the"
        },
        {
          "si": 7,
          "sti": 16,
          "dti": 211,
          "sco": 84,
          "dco": 1068,
          "txt": "opening"
        },
        {
          "si": 7,
          "sti": 17,
          "dti": 212,
          "sco": 92,
          "dco": 1076,
          "txt": "whistle"
        },
        {
          "si": 7,
          "sti": 18,
          "dti": 213,
          "sco": 99,
          "dco": 1083,
          "txt": "."
        },
        {
          "si": 8,
          "sti": 0,
          "dti": 214,
          "sco": 0,
          "dco": 1085,
          "txt": "Their"
        },
        {
          "si": 8,
          "sti": 1,
          "dti": 215,
          "sco": 6,
          "dco": 1091,
          "txt": "first"
        },
        {
          "si": 8,
          "sti": 2,
          "dti": 216,
          "sco": 12,
          "dco": 1097,
          "txt": "good"
        },
        {
          "si": 8,
          "sti": 3,
          "dti": 217,
          "sco": 17,
          "dco": 1102,
          "txt": "chance"
        },
        {
          "si": 8,
          "sti": 4,
          "dti": 218,
          "sco": 24,
          "dco": 1109,
          "txt": "came"
        },
        {
          "si": 8,
          "sti": 5,
          "dti": 219,
          "sco": 29,
          "dco": 1114,
          "txt": "in"
        },
        {
          "si": 8,
          "sti": 6,
          "dti": 220,
          "sco": 32,
          "dco": 1117,
          "txt": "the"
        },
        {
          "si": 8,
          "sti": 7,
          "dti": 221,
          "sco": 36,
          "dco": 1121,
          "txt": "30"
        },
        {
          "si": 8,
          "sti": 8,
          "dti": 222,
          "sco": 38,
          "dco": 1123,
          "txt": "th"
        },
        {
          "si": 8,
          "sti": 9,
          "dti": 223,
          "sco": 41,
          "dco": 1126,
          "txt": "minute"
        },
        {
          "si": 8,
          "sti": 10,
          "dti": 224,
          "sco": 48,
          "dco": 1133,
          "txt": "when"
        },
        {
          "si": 8,
          "sti": 11,
          "dti": 225,
          "sco": 53,
          "dco": 1138,
          "txt": "Ali"
        },
        {
          "si": 8,
          "sti": 12,
          "dti": 226,
          "sco": 57,
          "dco": 1142,
          "txt": "Daeis"
        },
        {
          "si": 8,
          "sti": 13,
          "dti": 227,
          "sco": 63,
          "dco": 1148,
          "txt": "shot"
        },
        {
          "si": 8,
          "sti": 14,
          "dti": 228,
          "sco": 68,
          "dco": 1153,
          "txt": "was"
        },
        {
          "si": 8,
          "sti": 15,
          "dti": 229,
          "sco": 72,
          "dco": 1157,
          "txt": "well"
        },
        {
          "si": 8,
          "sti": 16,
          "dti": 230,
          "sco": 77,
          "dco": 1162,
          "txt": "stopped"
        },
        {
          "si": 8,
          "sti": 17,
          "dti": 231,
          "sco": 85,
          "dco": 1170,
          "txt": "by"
        },
        {
          "si": 8,
          "sti": 18,
          "dti": 232,
          "sco": 88,
          "dco": 1173,
          "txt": "22"
        },
        {
          "si": 8,
          "sti": 19,
          "dti": 233,
          "sco": 90,
          "dco": 1175,
          "txt": "-"
        },
        {
          "si": 8,
          "sti": 20,
          "dti": 234,
          "sco": 91,
          "dco": 1176,
          "txt": "year"
        },
        {
          "si": 8,
          "sti": 21,
          "dti": 235,
          "sco": 95,
          "dco": 1180,
          "txt": "-"
        },
        {
          "si": 8,
          "sti": 22,
          "dti": 236,
          "sco": 96,
          "dco": 1181,
          "txt": "old"
        },
        {
          "si": 8,
          "sti": 23,
          "dti": 237,
          "sco": 100,
          "dco": 1185,
          "txt": "Jordanian"
        },
        {
          "si": 8,
          "sti": 24,
          "dti": 238,
          "sco": 110,
          "dco": 1195,
          "txt": "keeper"
        },
        {
          "si": 8,
          "sti": 25,
          "dti": 239,
          "sco": 117,
          "dco": 1202,
          "txt": "Amer"
        },
        {
          "si": 8,
          "sti": 26,
          "dti": 240,
          "sco": 122,
          "dco": 1207,
          "txt": "Shafi"
        },
        {
          "si": 8,
          "sti": 27,
          "dti": 241,
          "sco": 127,
          "dco": 1212,
          "txt": "."
        },
        {
          "si": 9,
          "sti": 0,
          "dti": 242,
          "sco": 0,
          "dco": 1214,
          "txt": "Jordan"
        },
        {
          "si": 9,
          "sti": 1,
          "dti": 243,
          "sco": 7,
          "dco": 1221,
          "txt": "then"
        },
        {
          "si": 9,
          "sti": 2,
          "dti": 244,
          "sco": 12,
          "dco": 1226,
          "txt": "successfully"
        },
        {
          "si": 9,
          "sti": 3,
          "dti": 245,
          "sco": 25,
          "dco": 1239,
          "txt": "held"
        },
        {
          "si": 9,
          "sti": 4,
          "dti": 246,
          "sco": 30,
          "dco": 1244,
          "txt": "off"
        },
        {
          "si": 9,
          "sti": 5,
          "dti": 247,
          "sco": 34,
          "dco": 1248,
          "txt": "the"
        },
        {
          "si": 9,
          "sti": 6,
          "dti": 248,
          "sco": 38,
          "dco": 1252,
          "txt": "Iranian"
        },
        {
          "si": 9,
          "sti": 7,
          "dti": 249,
          "sco": 46,
          "dco": 1260,
          "txt": "attack"
        },
        {
          "si": 9,
          "sti": 8,
          "dti": 250,
          "sco": 53,
          "dco": 1267,
          "txt": "and"
        },
        {
          "si": 9,
          "sti": 9,
          "dti": 251,
          "sco": 57,
          "dco": 1271,
          "txt": "kept"
        },
        {
          "si": 9,
          "sti": 10,
          "dti": 252,
          "sco": 62,
          "dco": 1276,
          "txt": "the"
        },
        {
          "si": 9,
          "sti": 11,
          "dti": 253,
          "sco": 66,
          "dco": 1280,
          "txt": "score"
        },
        {
          "si": 9,
          "sti": 12,
          "dti": 254,
          "sco": 72,
          "dco": 1286,
          "txt": "tied"
        },
        {
          "si": 9,
          "sti": 13,
          "dti": 255,
          "sco": 77,
          "dco": 1291,
          "txt": "at"
        },
        {
          "si": 9,
          "sti": 14,
          "dti": 256,
          "sco": 80,
          "dco": 1294,
          "txt": "0"
        },
        {
          "si": 9,
          "sti": 15,
          "dti": 257,
          "sco": 81,
          "dco": 1295,
          "txt": "-"
        },
        {
          "si": 9,
          "sti": 16,
          "dti": 258,
          "sco": 82,
          "dco": 1296,
          "txt": "0"
        },
        {
          "si": 9,
          "sti": 17,
          "dti": 259,
          "sco": 84,
          "dco": 1298,
          "txt": "through"
        },
        {
          "si": 9,
          "sti": 18,
          "dti": 260,
          "sco": 92,
          "dco": 1306,
          "txt": "the"
        },
        {
          "si": 9,
          "sti": 19,
          "dti": 261,
          "sco": 96,
          "dco": 1310,
          "txt": "first"
        },
        {
          "si": 9,
          "sti": 20,
          "dti": 262,
          "sco": 102,
          "dco": 1316,
          "txt": "45"
        },
        {
          "si": 9,
          "sti": 21,
          "dti": 263,
          "sco": 105,
          "dco": 1319,
          "txt": "minutes"
        },
        {
          "si": 9,
          "sti": 22,
          "dti": 264,
          "sco": 112,
          "dco": 1326,
          "txt": "."
        },
        {
          "si": 10,
          "sti": 0,
          "dti": 265,
          "sco": 0,
          "dco": 1328,
          "txt": "All"
        },
        {
          "si": 10,
          "sti": 1,
          "dti": 266,
          "sco": 4,
          "dco": 1332,
          "txt": "seemed"
        },
        {
          "si": 10,
          "sti": 2,
          "dti": 267,
          "sco": 11,
          "dco": 1339,
          "txt": "to"
        },
        {
          "si": 10,
          "sti": 3,
          "dti": 268,
          "sco": 14,
          "dco": 1342,
          "txt": "be"
        },
        {
          "si": 10,
          "sti": 4,
          "dti": 269,
          "sco": 17,
          "dco": 1345,
          "txt": "going"
        },
        {
          "si": 10,
          "sti": 5,
          "dti": 270,
          "sco": 23,
          "dco": 1351,
          "txt": "exactly"
        },
        {
          "si": 10,
          "sti": 6,
          "dti": 271,
          "sco": 31,
          "dco": 1359,
          "txt": "according"
        },
        {
          "si": 10,
          "sti": 7,
          "dti": 272,
          "sco": 41,
          "dco": 1369,
          "txt": "to"
        },
        {
          "si": 10,
          "sti": 8,
          "dti": 273,
          "sco": 44,
          "dco": 1372,
          "txt": "coach"
        },
        {
          "si": 10,
          "sti": 9,
          "dti": 274,
          "sco": 50,
          "dco": 1378,
          "txt": "Mahmoud"
        },
        {
          "si": 10,
          "sti": 10,
          "dti": 275,
          "sco": 58,
          "dco": 1386,
          "txt": "Al"
        },
        {
          "si": 10,
          "sti": 11,
          "dti": 276,
          "sco": 61,
          "dco": 1389,
          "txt": "Goharys"
        },
        {
          "si": 10,
          "sti": 12,
          "dti": 277,
          "sco": 69,
          "dco": 1397,
          "txt": "plans"
        },
        {
          "si": 10,
          "sti": 13,
          "dti": 278,
          "sco": 74,
          "dco": 1402,
          "txt": "."
        },
        {
          "si": 11,
          "sti": 0,
          "dti": 279,
          "sco": 0,
          "dco": 1404,
          "txt": "But"
        },
        {
          "si": 11,
          "sti": 1,
          "dti": 280,
          "sco": 4,
          "dco": 1408,
          "txt": "in"
        },
        {
          "si": 11,
          "sti": 2,
          "dti": 281,
          "sco": 7,
          "dco": 1411,
          "txt": "the"
        },
        {
          "si": 11,
          "sti": 3,
          "dti": 282,
          "sco": 11,
          "dco": 1415,
          "txt": "64"
        },
        {
          "si": 11,
          "sti": 4,
          "dti": 283,
          "sco": 13,
          "dco": 1417,
          "txt": "th"
        },
        {
          "si": 11,
          "sti": 5,
          "dti": 284,
          "sco": 16,
          "dco": 1420,
          "txt": "minute"
        },
        {
          "si": 11,
          "sti": 6,
          "dti": 285,
          "sco": 22,
          "dco": 1426,
          "txt": ","
        },
        {
          "si": 11,
          "sti": 7,
          "dti": 286,
          "sco": 24,
          "dco": 1428,
          "txt": "Iran"
        },
        {
          "si": 11,
          "sti": 8,
          "dti": 287,
          "sco": 29,
          "dco": 1433,
          "txt": "coach"
        },
        {
          "si": 11,
          "sti": 9,
          "dti": 288,
          "sco": 35,
          "dco": 1439,
          "txt": "Branko"
        },
        {
          "si": 11,
          "sti": 10,
          "dti": 289,
          "sco": 42,
          "dco": 1446,
          "txt": "Ivanovic"
        },
        {
          "si": 11,
          "sti": 11,
          "dti": 290,
          "sco": 51,
          "dco": 1455,
          "txt": "made"
        },
        {
          "si": 11,
          "sti": 12,
          "dti": 291,
          "sco": 56,
          "dco": 1460,
          "txt": "a"
        },
        {
          "si": 11,
          "sti": 13,
          "dti": 292,
          "sco": 58,
          "dco": 1462,
          "txt": "decisive"
        },
        {
          "si": 11,
          "sti": 14,
          "dti": 293,
          "sco": 67,
          "dco": 1471,
          "txt": "substitution"
        },
        {
          "si": 11,
          "sti": 15,
          "dti": 294,
          "sco": 79,
          "dco": 1483,
          "txt": ","
        },
        {
          "si": 11,
          "sti": 16,
          "dti": 295,
          "sco": 81,
          "dco": 1485,
          "txt": "bringing"
        },
        {
          "si": 11,
          "sti": 17,
          "dti": 296,
          "sco": 90,
          "dco": 1494,
          "txt": "on"
        },
        {
          "si": 11,
          "sti": 18,
          "dti": 297,
          "sco": 93,
          "dco": 1497,
          "txt": "Alireza"
        },
        {
          "si": 11,
          "sti": 19,
          "dti": 298,
          "sco": 101,
          "dco": 1505,
          "txt": "Vahedi"
        },
        {
          "si": 11,
          "sti": 20,
          "dti": 299,
          "sco": 107,
          "dco": 1511,
          "txt": "-"
        },
        {
          "si": 11,
          "sti": 21,
          "dti": 300,
          "sco": 108,
          "dco": 1512,
          "txt": "Nikbakht"
        },
        {
          "si": 11,
          "sti": 22,
          "dti": 301,
          "sco": 117,
          "dco": 1521,
          "txt": "for"
        },
        {
          "si": 11,
          "sti": 23,
          "dti": 302,
          "sco": 121,
          "dco": 1525,
          "txt": "Khodadad"
        },
        {
          "si": 11,
          "sti": 24,
          "dti": 303,
          "sco": 130,
          "dco": 1534,
          "txt": "Aziz"
        },
        {
          "si": 11,
          "sti": 25,
          "dti": 304,
          "sco": 134,
          "dco": 1538,
          "txt": "."
        },
        {
          "si": 12,
          "sti": 0,
          "dti": 305,
          "sco": 0,
          "dco": 1540,
          "txt": "Four"
        },
        {
          "si": 12,
          "sti": 1,
          "dti": 306,
          "sco": 5,
          "dco": 1545,
          "txt": "minutes"
        },
        {
          "si": 12,
          "sti": 2,
          "dti": 307,
          "sco": 13,
          "dco": 1553,
          "txt": "later"
        },
        {
          "si": 12,
          "sti": 3,
          "dti": 308,
          "sco": 18,
          "dco": 1558,
          "txt": ","
        },
        {
          "si": 12,
          "sti": 4,
          "dti": 309,
          "sco": 20,
          "dco": 1560,
          "txt": "Vahedi"
        },
        {
          "si": 12,
          "sti": 5,
          "dti": 310,
          "sco": 26,
          "dco": 1566,
          "txt": "-"
        },
        {
          "si": 12,
          "sti": 6,
          "dti": 311,
          "sco": 27,
          "dco": 1567,
          "txt": "Nikbakht"
        },
        {
          "si": 12,
          "sti": 7,
          "dti": 312,
          "sco": 35,
          "dco": 1575,
          "txt": ","
        },
        {
          "si": 12,
          "sti": 8,
          "dti": 313,
          "sco": 37,
          "dco": 1577,
          "txt": "who"
        },
        {
          "si": 12,
          "sti": 9,
          "dti": 314,
          "sco": 41,
          "dco": 1581,
          "txt": "was"
        },
        {
          "si": 12,
          "sti": 10,
          "dti": 315,
          "sco": 45,
          "dco": 1585,
          "txt": "making"
        },
        {
          "si": 12,
          "sti": 11,
          "dti": 316,
          "sco": 52,
          "dco": 1592,
          "txt": "his"
        },
        {
          "si": 12,
          "sti": 12,
          "dti": 317,
          "sco": 56,
          "dco": 1596,
          "txt": "return"
        },
        {
          "si": 12,
          "sti": 13,
          "dti": 318,
          "sco": 63,
          "dco": 1603,
          "txt": "from"
        },
        {
          "si": 12,
          "sti": 14,
          "dti": 319,
          "sco": 68,
          "dco": 1608,
          "txt": "injury"
        },
        {
          "si": 12,
          "sti": 15,
          "dti": 320,
          "sco": 75,
          "dco": 1615,
          "txt": "after"
        },
        {
          "si": 12,
          "sti": 16,
          "dti": 321,
          "sco": 81,
          "dco": 1621,
          "txt": "sitting"
        },
        {
          "si": 12,
          "sti": 17,
          "dti": 322,
          "sco": 89,
          "dco": 1629,
          "txt": "out"
        },
        {
          "si": 12,
          "sti": 18,
          "dti": 323,
          "sco": 93,
          "dco": 1633,
          "txt": "the"
        },
        {
          "si": 12,
          "sti": 19,
          "dti": 324,
          "sco": 97,
          "dco": 1637,
          "txt": "Asian"
        },
        {
          "si": 12,
          "sti": 20,
          "dti": 325,
          "sco": 103,
          "dco": 1643,
          "txt": "Cup"
        },
        {
          "si": 12,
          "sti": 21,
          "dti": 326,
          "sco": 106,
          "dco": 1646,
          "txt": ","
        },
        {
          "si": 12,
          "sti": 22,
          "dti": 327,
          "sco": 108,
          "dco": 1648,
          "txt": "seized"
        },
        {
          "si": 12,
          "sti": 23,
          "dti": 328,
          "sco": 115,
          "dco": 1655,
          "txt": "on"
        },
        {
          "si": 12,
          "sti": 24,
          "dti": 329,
          "sco": 118,
          "dco": 1658,
          "txt": "his"
        },
        {
          "si": 12,
          "sti": 25,
          "dti": 330,
          "sco": 122,
          "dco": 1662,
          "txt": "first"
        },
        {
          "si": 12,
          "sti": 26,
          "dti": 331,
          "sco": 128,
          "dco": 1668,
          "txt": "opportunity"
        },
        {
          "si": 12,
          "sti": 27,
          "dti": 332,
          "sco": 140,
          "dco": 1680,
          "txt": "and"
        },
        {
          "si": 12,
          "sti": 28,
          "dti": 333,
          "sco": 144,
          "dco": 1684,
          "txt": "scored"
        },
        {
          "si": 12,
          "sti": 29,
          "dti": 334,
          "sco": 151,
          "dco": 1691,
          "txt": "with"
        },
        {
          "si": 12,
          "sti": 30,
          "dti": 335,
          "sco": 156,
          "dco": 1696,
          "txt": "a"
        },
        {
          "si": 12,
          "sti": 31,
          "dti": 336,
          "sco": 158,
          "dco": 1698,
          "txt": "header"
        },
        {
          "si": 12,
          "sti": 32,
          "dti": 337,
          "sco": 165,
          "dco": 1705,
          "txt": "to"
        },
        {
          "si": 12,
          "sti": 33,
          "dti": 338,
          "sco": 168,
          "dco": 1708,
          "txt": "break"
        },
        {
          "si": 12,
          "sti": 34,
          "dti": 339,
          "sco": 174,
          "dco": 1714,
          "txt": "the"
        },
        {
          "si": 12,
          "sti": 35,
          "dti": 340,
          "sco": 178,
          "dco": 1718,
          "txt": "stalemate"
        },
        {
          "si": 12,
          "sti": 36,
          "dti": 341,
          "sco": 187,
          "dco": 1727,
          "txt": "."
        },
        {
          "si": 13,
          "sti": 0,
          "dti": 342,
          "sco": 0,
          "dco": 1729,
          "txt": "After"
        },
        {
          "si": 13,
          "sti": 1,
          "dti": 343,
          "sco": 6,
          "dco": 1735,
          "txt": "Irans"
        },
        {
          "si": 13,
          "sti": 2,
          "dti": 344,
          "sco": 12,
          "dco": 1741,
          "txt": "first"
        },
        {
          "si": 13,
          "sti": 3,
          "dti": 345,
          "sco": 18,
          "dco": 1747,
          "txt": "goal"
        },
        {
          "si": 13,
          "sti": 4,
          "dti": 346,
          "sco": 22,
          "dco": 1751,
          "txt": ","
        },
        {
          "si": 13,
          "sti": 5,
          "dti": 347,
          "sco": 24,
          "dco": 1753,
          "txt": "Jordan"
        },
        {
          "si": 13,
          "sti": 6,
          "dti": 348,
          "sco": 31,
          "dco": 1760,
          "txt": "turned"
        },
        {
          "si": 13,
          "sti": 7,
          "dti": 349,
          "sco": 38,
          "dco": 1767,
          "txt": "their"
        },
        {
          "si": 13,
          "sti": 8,
          "dti": 350,
          "sco": 44,
          "dco": 1773,
          "txt": "thoughts"
        },
        {
          "si": 13,
          "sti": 9,
          "dti": 351,
          "sco": 53,
          "dco": 1782,
          "txt": "to"
        },
        {
          "si": 13,
          "sti": 10,
          "dti": 352,
          "sco": 56,
          "dco": 1785,
          "txt": "attack"
        },
        {
          "si": 13,
          "sti": 11,
          "dti": 353,
          "sco": 62,
          "dco": 1791,
          "txt": "."
        },
        {
          "si": 14,
          "sti": 0,
          "dti": 354,
          "sco": 0,
          "dco": 1793,
          "txt": "Backed"
        },
        {
          "si": 14,
          "sti": 1,
          "dti": 355,
          "sco": 7,
          "dco": 1800,
          "txt": "by"
        },
        {
          "si": 14,
          "sti": 2,
          "dti": 356,
          "sco": 10,
          "dco": 1803,
          "txt": "the"
        },
        {
          "si": 14,
          "sti": 3,
          "dti": 357,
          "sco": 14,
          "dco": 1807,
          "txt": "strong"
        },
        {
          "si": 14,
          "sti": 4,
          "dti": 358,
          "sco": 21,
          "dco": 1814,
          "txt": "support"
        },
        {
          "si": 14,
          "sti": 5,
          "dti": 359,
          "sco": 29,
          "dco": 1822,
          "txt": "of"
        },
        {
          "si": 14,
          "sti": 6,
          "dti": 360,
          "sco": 32,
          "dco": 1825,
          "txt": "a"
        },
        {
          "si": 14,
          "sti": 7,
          "dti": 361,
          "sco": 34,
          "dco": 1827,
          "txt": "home"
        },
        {
          "si": 14,
          "sti": 8,
          "dti": 362,
          "sco": 39,
          "dco": 1832,
          "txt": "crowd"
        },
        {
          "si": 14,
          "sti": 9,
          "dti": 363,
          "sco": 44,
          "dco": 1837,
          "txt": ","
        },
        {
          "si": 14,
          "sti": 10,
          "dti": 364,
          "sco": 46,
          "dco": 1839,
          "txt": "including"
        },
        {
          "si": 14,
          "sti": 11,
          "dti": 365,
          "sco": 56,
          "dco": 1849,
          "txt": "Jordanian"
        },
        {
          "si": 14,
          "sti": 12,
          "dti": 366,
          "sco": 66,
          "dco": 1859,
          "txt": "King"
        },
        {
          "si": 14,
          "sti": 13,
          "dti": 367,
          "sco": 71,
          "dco": 1864,
          "txt": "Abdullah"
        },
        {
          "si": 14,
          "sti": 14,
          "dti": 368,
          "sco": 80,
          "dco": 1873,
          "txt": "and"
        },
        {
          "si": 14,
          "sti": 15,
          "dti": 369,
          "sco": 84,
          "dco": 1877,
          "txt": "Princess"
        },
        {
          "si": 14,
          "sti": 16,
          "dti": 370,
          "sco": 93,
          "dco": 1886,
          "txt": "Rania"
        },
        {
          "si": 14,
          "sti": 17,
          "dti": 371,
          "sco": 98,
          "dco": 1891,
          "txt": ","
        },
        {
          "si": 14,
          "sti": 18,
          "dti": 372,
          "sco": 100,
          "dco": 1893,
          "txt": "they"
        },
        {
          "si": 14,
          "sti": 19,
          "dti": 373,
          "sco": 105,
          "dco": 1898,
          "txt": "surged"
        },
        {
          "si": 14,
          "sti": 20,
          "dti": 374,
          "sco": 112,
          "dco": 1905,
          "txt": "forward"
        },
        {
          "si": 14,
          "sti": 21,
          "dti": 375,
          "sco": 120,
          "dco": 1913,
          "txt": "and"
        },
        {
          "si": 14,
          "sti": 22,
          "dti": 376,
          "sco": 124,
          "dco": 1917,
          "txt": "created"
        },
        {
          "si": 14,
          "sti": 23,
          "dti": 377,
          "sco": 132,
          "dco": 1925,
          "txt": "a"
        },
        {
          "si": 14,
          "sti": 24,
          "dti": 378,
          "sco": 134,
          "dco": 1927,
          "txt": "number"
        },
        {
          "si": 14,
          "sti": 25,
          "dti": 379,
          "sco": 141,
          "dco": 1934,
          "txt": "of"
        },
        {
          "si": 14,
          "sti": 26,
          "dti": 380,
          "sco": 144,
          "dco": 1937,
          "txt": "chances"
        },
        {
          "si": 14,
          "sti": 27,
          "dti": 381,
          "sco": 152,
          "dco": 1945,
          "txt": "as"
        },
        {
          "si": 14,
          "sti": 28,
          "dti": 382,
          "sco": 155,
          "dco": 1948,
          "txt": "the"
        },
        {
          "si": 14,
          "sti": 29,
          "dti": 383,
          "sco": 159,
          "dco": 1952,
          "txt": "minutes"
        },
        {
          "si": 14,
          "sti": 30,
          "dti": 384,
          "sco": 167,
          "dco": 1960,
          "txt": "waned"
        },
        {
          "si": 14,
          "sti": 31,
          "dti": 385,
          "sco": 172,
          "dco": 1965,
          "txt": "."
        },
        {
          "si": 15,
          "sti": 0,
          "dti": 386,
          "sco": 0,
          "dco": 1967,
          "txt": "Mahmoud"
        },
        {
          "si": 15,
          "sti": 1,
          "dti": 387,
          "sco": 8,
          "dco": 1975,
          "txt": "Shelbaieh"
        },
        {
          "si": 15,
          "sti": 2,
          "dti": 388,
          "sco": 17,
          "dco": 1984,
          "txt": ","
        },
        {
          "si": 15,
          "sti": 3,
          "dti": 389,
          "sco": 19,
          "dco": 1986,
          "txt": "with"
        },
        {
          "si": 15,
          "sti": 4,
          "dti": 390,
          "sco": 24,
          "dco": 1991,
          "txt": "a"
        },
        {
          "si": 15,
          "sti": 5,
          "dti": 391,
          "sco": 26,
          "dco": 1993,
          "txt": "header"
        },
        {
          "si": 15,
          "sti": 6,
          "dti": 392,
          "sco": 32,
          "dco": 1999,
          "txt": ","
        },
        {
          "si": 15,
          "sti": 7,
          "dti": 393,
          "sco": 34,
          "dco": 2001,
          "txt": "came"
        },
        {
          "si": 15,
          "sti": 8,
          "dti": 394,
          "sco": 39,
          "dco": 2006,
          "txt": "the"
        },
        {
          "si": 15,
          "sti": 9,
          "dti": 395,
          "sco": 43,
          "dco": 2010,
          "txt": "closest"
        },
        {
          "si": 15,
          "sti": 10,
          "dti": 396,
          "sco": 51,
          "dco": 2018,
          "txt": "to"
        },
        {
          "si": 15,
          "sti": 11,
          "dti": 397,
          "sco": 54,
          "dco": 2021,
          "txt": "levelling"
        },
        {
          "si": 15,
          "sti": 12,
          "dti": 398,
          "sco": 64,
          "dco": 2031,
          "txt": "the"
        },
        {
          "si": 15,
          "sti": 13,
          "dti": 399,
          "sco": 68,
          "dco": 2035,
          "txt": "score"
        },
        {
          "si": 15,
          "sti": 14,
          "dti": 400,
          "sco": 73,
          "dco": 2040,
          "txt": "."
        },
        {
          "si": 16,
          "sti": 0,
          "dti": 401,
          "sco": 0,
          "dco": 2042,
          "txt": "Iran"
        },
        {
          "si": 16,
          "sti": 1,
          "dti": 402,
          "sco": 4,
          "dco": 2046,
          "txt": ","
        },
        {
          "si": 16,
          "sti": 2,
          "dti": 403,
          "sco": 6,
          "dco": 2048,
          "txt": "no"
        },
        {
          "si": 16,
          "sti": 3,
          "dti": 404,
          "sco": 9,
          "dco": 2051,
          "txt": "slouch"
        },
        {
          "si": 16,
          "sti": 4,
          "dti": 405,
          "sco": 16,
          "dco": 2058,
          "txt": "in"
        },
        {
          "si": 16,
          "sti": 5,
          "dti": 406,
          "sco": 19,
          "dco": 2061,
          "txt": "the"
        },
        {
          "si": 16,
          "sti": 6,
          "dti": 407,
          "sco": 23,
          "dco": 2065,
          "txt": "counterattacking"
        },
        {
          "si": 16,
          "sti": 7,
          "dti": 408,
          "sco": 40,
          "dco": 2082,
          "txt": "department"
        },
        {
          "si": 16,
          "sti": 8,
          "dti": 409,
          "sco": 51,
          "dco": 2093,
          "txt": "themselves"
        },
        {
          "si": 16,
          "sti": 9,
          "dti": 410,
          "sco": 61,
          "dco": 2103,
          "txt": ","
        },
        {
          "si": 16,
          "sti": 10,
          "dti": 411,
          "sco": 63,
          "dco": 2105,
          "txt": "struck"
        },
        {
          "si": 16,
          "sti": 11,
          "dti": 412,
          "sco": 70,
          "dco": 2112,
          "txt": "back"
        },
        {
          "si": 16,
          "sti": 12,
          "dti": 413,
          "sco": 75,
          "dco": 2117,
          "txt": "against"
        },
        {
          "si": 16,
          "sti": 13,
          "dti": 414,
          "sco": 83,
          "dco": 2125,
          "txt": "the"
        },
        {
          "si": 16,
          "sti": 14,
          "dti": 415,
          "sco": 87,
          "dco": 2129,
          "txt": "pressure"
        },
        {
          "si": 16,
          "sti": 15,
          "dti": 416,
          "sco": 96,
          "dco": 2138,
          "txt": "when"
        },
        {
          "si": 16,
          "sti": 16,
          "dti": 417,
          "sco": 101,
          "dco": 2143,
          "txt": "Ali"
        },
        {
          "si": 16,
          "sti": 17,
          "dti": 418,
          "sco": 105,
          "dco": 2147,
          "txt": "Daei"
        },
        {
          "si": 16,
          "sti": 18,
          "dti": 419,
          "sco": 110,
          "dco": 2152,
          "txt": "broke"
        },
        {
          "si": 16,
          "sti": 19,
          "dti": 420,
          "sco": 116,
          "dco": 2158,
          "txt": "clear"
        },
        {
          "si": 16,
          "sti": 20,
          "dti": 421,
          "sco": 122,
          "dco": 2164,
          "txt": "to"
        },
        {
          "si": 16,
          "sti": 21,
          "dti": 422,
          "sco": 125,
          "dco": 2167,
          "txt": "make"
        },
        {
          "si": 16,
          "sti": 22,
          "dti": 423,
          "sco": 130,
          "dco": 2172,
          "txt": "it"
        },
        {
          "si": 16,
          "sti": 23,
          "dti": 424,
          "sco": 133,
          "dco": 2175,
          "txt": "2"
        },
        {
          "si": 16,
          "sti": 24,
          "dti": 425,
          "sco": 134,
          "dco": 2176,
          "txt": "-"
        },
        {
          "si": 16,
          "sti": 25,
          "dti": 426,
          "sco": 135,
          "dco": 2177,
          "txt": "0"
        },
        {
          "si": 16,
          "sti": 26,
          "dti": 427,
          "sco": 136,
          "dco": 2178,
          "txt": "."
        },
        {
          "si": 17,
          "sti": 0,
          "dti": 428,
          "sco": 0,
          "dco": 2180,
          "txt": "The"
        },
        {
          "si": 17,
          "sti": 1,
          "dti": 429,
          "sco": 4,
          "dco": 2184,
          "txt": "evergreen"
        },
        {
          "si": 17,
          "sti": 2,
          "dti": 430,
          "sco": 14,
          "dco": 2194,
          "txt": "striker"
        },
        {
          "si": 17,
          "sti": 3,
          "dti": 431,
          "sco": 22,
          "dco": 2202,
          "txt": "has"
        },
        {
          "si": 17,
          "sti": 4,
          "dti": 432,
          "sco": 26,
          "dco": 2206,
          "txt": "scored"
        },
        {
          "si": 17,
          "sti": 5,
          "dti": 433,
          "sco": 33,
          "dco": 2213,
          "txt": "consistently"
        },
        {
          "si": 17,
          "sti": 6,
          "dti": 434,
          "sco": 46,
          "dco": 2226,
          "txt": "and"
        },
        {
          "si": 17,
          "sti": 7,
          "dti": 435,
          "sco": 50,
          "dco": 2230,
          "txt": "has"
        },
        {
          "si": 17,
          "sti": 8,
          "dti": 436,
          "sco": 54,
          "dco": 2234,
          "txt": "remained"
        },
        {
          "si": 17,
          "sti": 9,
          "dti": 437,
          "sco": 63,
          "dco": 2243,
          "txt": "one"
        },
        {
          "si": 17,
          "sti": 10,
          "dti": 438,
          "sco": 67,
          "dco": 2247,
          "txt": "of"
        },
        {
          "si": 17,
          "sti": 11,
          "dti": 439,
          "sco": 70,
          "dco": 2250,
          "txt": "Asias"
        },
        {
          "si": 17,
          "sti": 12,
          "dti": 440,
          "sco": 76,
          "dco": 2256,
          "txt": "most"
        },
        {
          "si": 17,
          "sti": 13,
          "dti": 441,
          "sco": 81,
          "dco": 2261,
          "txt": "formidable"
        },
        {
          "si": 17,
          "sti": 14,
          "dti": 442,
          "sco": 92,
          "dco": 2272,
          "txt": "strikers"
        },
        {
          "si": 17,
          "sti": 15,
          "dti": 443,
          "sco": 100,
          "dco": 2280,
          "txt": ","
        },
        {
          "si": 17,
          "sti": 16,
          "dti": 444,
          "sco": 102,
          "dco": 2282,
          "txt": "and"
        },
        {
          "si": 17,
          "sti": 17,
          "dti": 445,
          "sco": 106,
          "dco": 2286,
          "txt": "his"
        },
        {
          "si": 17,
          "sti": 18,
          "dti": 446,
          "sco": 110,
          "dco": 2290,
          "txt": "strike"
        },
        {
          "si": 17,
          "sti": 19,
          "dti": 447,
          "sco": 117,
          "dco": 2297,
          "txt": "against"
        },
        {
          "si": 17,
          "sti": 20,
          "dti": 448,
          "sco": 125,
          "dco": 2305,
          "txt": "Jordan"
        },
        {
          "si": 17,
          "sti": 21,
          "dti": 449,
          "sco": 132,
          "dco": 2312,
          "txt": "may"
        },
        {
          "si": 17,
          "sti": 22,
          "dti": 450,
          "sco": 136,
          "dco": 2316,
          "txt": "be"
        },
        {
          "si": 17,
          "sti": 23,
          "dti": 451,
          "sco": 139,
          "dco": 2319,
          "txt": "the"
        },
        {
          "si": 17,
          "sti": 24,
          "dti": 452,
          "sco": 143,
          "dco": 2323,
          "txt": "moment"
        },
        {
          "si": 17,
          "sti": 25,
          "dti": 453,
          "sco": 150,
          "dco": 2330,
          "txt": "when"
        },
        {
          "si": 17,
          "sti": 26,
          "dti": 454,
          "sco": 155,
          "dco": 2335,
          "txt": "Irans"
        },
        {
          "si": 17,
          "sti": 27,
          "dti": 455,
          "sco": 161,
          "dco": 2341,
          "txt": "campaign"
        },
        {
          "si": 17,
          "sti": 28,
          "dti": 456,
          "sco": 170,
          "dco": 2350,
          "txt": "to"
        },
        {
          "si": 17,
          "sti": 29,
          "dti": 457,
          "sco": 173,
          "dco": 2353,
          "txt": "reach"
        },
        {
          "si": 17,
          "sti": 30,
          "dti": 458,
          "sco": 179,
          "dco": 2359,
          "txt": "Germany"
        },
        {
          "si": 17,
          "sti": 31,
          "dti": 459,
          "sco": 187,
          "dco": 2367,
          "txt": "got"
        },
        {
          "si": 17,
          "sti": 32,
          "dti": 460,
          "sco": 191,
          "dco": 2371,
          "txt": "back"
        },
        {
          "si": 17,
          "sti": 33,
          "dti": 461,
          "sco": 196,
          "dco": 2376,
          "txt": "on"
        },
        {
          "si": 17,
          "sti": 34,
          "dti": 462,
          "sco": 199,
          "dco": 2379,
          "txt": "track"
        },
        {
          "si": 17,
          "sti": 35,
          "dti": 463,
          "sco": 204,
          "dco": 2384,
          "txt": "."
        },
        {
          "si": 18,
          "sti": 0,
          "dti": 464,
          "sco": 0,
          "dco": 2386,
          "txt": "Branko"
        },
        {
          "si": 18,
          "sti": 1,
          "dti": 465,
          "sco": 7,
          "dco": 2393,
          "txt": "Ivanovic"
        },
        {
          "si": 18,
          "sti": 2,
          "dti": 466,
          "sco": 16,
          "dco": 2402,
          "txt": "once"
        },
        {
          "si": 18,
          "sti": 3,
          "dti": 467,
          "sco": 21,
          "dco": 2407,
          "txt": "described"
        },
        {
          "si": 18,
          "sti": 4,
          "dti": 468,
          "sco": 31,
          "dco": 2417,
          "txt": "Ali"
        },
        {
          "si": 18,
          "sti": 5,
          "dti": 469,
          "sco": 35,
          "dco": 2421,
          "txt": "Daei"
        },
        {
          "si": 18,
          "sti": 6,
          "dti": 470,
          "sco": 40,
          "dco": 2426,
          "txt": "as"
        },
        {
          "si": 18,
          "sti": 7,
          "dti": 471,
          "sco": 43,
          "dco": 2429,
          "txt": "irreplaceable"
        },
        {
          "si": 18,
          "sti": 8,
          "dti": 472,
          "sco": 56,
          "dco": 2442,
          "txt": ","
        },
        {
          "si": 18,
          "sti": 9,
          "dti": 473,
          "sco": 58,
          "dco": 2444,
          "txt": "and"
        },
        {
          "si": 18,
          "sti": 10,
          "dti": 474,
          "sco": 62,
          "dco": 2448,
          "txt": "the"
        },
        {
          "si": 18,
          "sti": 11,
          "dti": 475,
          "sco": 66,
          "dco": 2452,
          "txt": "coachs"
        },
        {
          "si": 18,
          "sti": 12,
          "dti": 476,
          "sco": 73,
          "dco": 2459,
          "txt": "confidence"
        },
        {
          "si": 18,
          "sti": 13,
          "dti": 477,
          "sco": 84,
          "dco": 2470,
          "txt": "in"
        },
        {
          "si": 18,
          "sti": 14,
          "dti": 478,
          "sco": 87,
          "dco": 2473,
          "txt": "the"
        },
        {
          "si": 18,
          "sti": 15,
          "dti": 479,
          "sco": 91,
          "dco": 2477,
          "txt": "35"
        },
        {
          "si": 18,
          "sti": 16,
          "dti": 480,
          "sco": 94,
          "dco": 2480,
          "txt": "year"
        },
        {
          "si": 18,
          "sti": 17,
          "dti": 481,
          "sco": 99,
          "dco": 2485,
          "txt": "old"
        },
        {
          "si": 18,
          "sti": 18,
          "dti": 482,
          "sco": 103,
          "dco": 2489,
          "txt": "striker"
        },
        {
          "si": 18,
          "sti": 19,
          "dti": 483,
          "sco": 111,
          "dco": 2497,
          "txt": "has"
        },
        {
          "si": 18,
          "sti": 20,
          "dti": 484,
          "sco": 115,
          "dco": 2501,
          "txt": "once"
        },
        {
          "si": 18,
          "sti": 21,
          "dti": 485,
          "sco": 120,
          "dco": 2506,
          "txt": "again"
        },
        {
          "si": 18,
          "sti": 22,
          "dti": 486,
          "sco": 126,
          "dco": 2512,
          "txt": "proved"
        },
        {
          "si": 18,
          "sti": 23,
          "dti": 487,
          "sco": 133,
          "dco": 2519,
          "txt": "spot"
        },
        {
          "si": 18,
          "sti": 24,
          "dti": 488,
          "sco": 137,
          "dco": 2523,
          "txt": "-"
        },
        {
          "si": 18,
          "sti": 25,
          "dti": 489,
          "sco": 138,
          "dco": 2524,
          "txt": "on"
        },
        {
          "si": 18,
          "sti": 26,
          "dti": 490,
          "sco": 140,
          "dco": 2526,
          "txt": "."
        }
      ]
    },
    "ganns": {
      "dla": [],
      "la": [],
      "ea": [],
      "eta": [
        {
          "ra": {
            "ea": {
              "etn": "Goal"
            }
          },
          "sfs": [
            [
              {
                "stn": "scoreTeamB"
              },
              {
                "ea": {
                  "etn": "1"
                }
              }
            ],
            [
              {
                "stn": "forTeam"
              },
              {
                "ea": {
                  "etn": "Iran"
                }
              }
            ],
            [
              {
                "stn": "scoreTeamA"
              },
              {
                "ea": {
                  "etn": "0"
                }
              }
            ],
            [
              {
                "stn": "minute"
              },
              {
                "ea": {
                  "etn": "80"
                }
              }
            ],
            [
              {
                "stn": "scorer"
              },
              {
                "ea": {
                  "etn": "Vahedi Alireza"
                }
              }
            ]
          ],
          "mfs": {}
        },
        {
          "ra": {
            "ea": {
              "etn": "Goal"
            }
          },
          "sfs": [
            [
              {
                "stn": "scoreTeamB"
              },
              {
                "ea": {
                  "etn": "2"
                }
              }
            ],
            [
              {
                "stn": "forTeam"
              },
              {
                "ea": {
                  "etn": "Iran"
                }
              }
            ],
            [
              {
                "stn": "scoreTeamA"
              },
              {
                "ea": {
                  "etn": "0"
                }
              }
            ],
            [
              {
                "stn": "minute"
              },
              {
                "ea": {
                  "etn": "91"
                }
              }
            ],
            [
              {
                "stn": "scorer"
              },
              {
                "ea": {
                  "etn": "Daei Ali"
                }
              }
            ]
          ],
          "mfs": {}
        },
        {
          "ra": {
            "ea": {
              "etn": "YellowCard"
            }
          },
          "sfs": [
            [
              {
                "stn": "cardForTeam"
              },
              {
                "ea": {
                  "etn": "Jordan"
                }
              }
            ],
            [
              {
                "stn": "cardMinute"
              },
              {
                "ea": {
                  "etn": "26"
                }
              }
            ],
            [
              {
                "stn": "player"
              },
              {
                "ea": {
                  "etn": "Almaltaah Khaled"
                }
              }
            ]
          ],
          "mfs": {}
        },
        {
          "ra": {
            "ea": {
              "etn": "YellowCard"
            }
          },
          "sfs": [
            [
              {
                "stn": "cardForTeam"
              },
              {
                "ea": {
                  "etn": "Iran"
                }
              }
            ],
            [
              {
                "stn": "cardMinute"
              },
              {
                "ea": {
                  "etn": "80"
                }
              }
            ],
            [
              {
                "stn": "player"
              },
              {
                "ea": {
                  "etn": "Golmohammadi Yahya"
                }
              }
            ]
          ],
          "mfs": {}
        },
        {
          "ra": {
            "ea": {
              "etn": "YellowCard"
            }
          },
          "sfs": [
            [
              {
                "stn": "cardForTeam"
              },
              {
                "ea": {
                  "etn": "Jordan"
                }
              }
            ],
            [
              {
                "stn": "cardMinute"
              },
              {
                "ea": {
                  "etn": "88"
                }
              }
            ],
            [
              {
                "stn": "player"
              },
              {
                "ea": {
                  "etn": "Aqel Hatem Mohammad"
                }
              }
            ]
          ],
          "mfs": {}
        },
        {
          "ra": {
            "ea": {
              "etn": "TeamStats"
            }
          },
          "sfs": [
            [
              {
                "stn": "finalScore"
              },
              {
                "ea": {
                  "etn": "0"
                }
              }
            ],
            [
              {
                "stn": "name"
              },
              {
                "ea": {
                  "etn": "Jordan"
                }
              }
            ]
          ],
          "mfs": {}
        },
        {
          "ra": {
            "ea": {
              "etn": "TeamStats"
            }
          },
          "sfs": [
            [
              {
                "stn": "finalScore"
              },
              {
                "ea": {
                  "etn": "2"
                }
              }
            ],
            [
              {
                "stn": "name"
              },
              {
                "ea": {
                  "etn": "Iran"
                }
              }
            ]
          ],
          "mfs": {}
        }
      ]
    }
  }
]
