[
  {
    "context": "UNSPECIFIED",
    "doc": {
      "id": "en_mr38948_struct",
      "tl": [
        {
          "si": 0,
          "sti": 0,
          "dti": 0,
          "sco": 0,
          "dco": 0,
          "txt": "Morocco"
        },
        {
          "si": 0,
          "sti": 1,
          "dti": 1,
          "sco": 8,
          "dco": 8,
          "txt": "hammer"
        },
        {
          "si": 0,
          "sti": 2,
          "dti": 2,
          "sco": 15,
          "dco": 15,
          "txt": "outclassed"
        },
        {
          "si": 0,
          "sti": 3,
          "dti": 3,
          "sco": 26,
          "dco": 26,
          "txt": "Kenya"
        },
        {
          "si": 0,
          "sti": 4,
          "dti": 4,
          "sco": 31,
          "dco": 31,
          "txt": "."
        },
        {
          "si": 1,
          "sti": 0,
          "dti": 5,
          "sco": 0,
          "dco": 33,
          "txt": "Morocco"
        },
        {
          "si": 1,
          "sti": 1,
          "dti": 6,
          "sco": 8,
          "dco": 41,
          "txt": "kept"
        },
        {
          "si": 1,
          "sti": 2,
          "dti": 7,
          "sco": 13,
          "dco": 46,
          "txt": "up"
        },
        {
          "si": 1,
          "sti": 3,
          "dti": 8,
          "sco": 16,
          "dco": 49,
          "txt": "their"
        },
        {
          "si": 1,
          "sti": 4,
          "dti": 9,
          "sco": 22,
          "dco": 55,
          "txt": "unbeaten"
        },
        {
          "si": 1,
          "sti": 5,
          "dti": 10,
          "sco": 31,
          "dco": 64,
          "txt": "run"
        },
        {
          "si": 1,
          "sti": 6,
          "dti": 11,
          "sco": 35,
          "dco": 68,
          "txt": "in"
        },
        {
          "si": 1,
          "sti": 7,
          "dti": 12,
          "sco": 38,
          "dco": 71,
          "txt": "the"
        },
        {
          "si": 1,
          "sti": 8,
          "dti": 13,
          "sco": 42,
          "dco": 75,
          "txt": "FIFA"
        },
        {
          "si": 1,
          "sti": 9,
          "dti": 14,
          "sco": 47,
          "dco": 80,
          "txt": "World"
        },
        {
          "si": 1,
          "sti": 10,
          "dti": 15,
          "sco": 53,
          "dco": 86,
          "txt": "Cup"
        },
        {
          "si": 1,
          "sti": 11,
          "dti": 16,
          "sco": 57,
          "dco": 90,
          "txt": "qualifying"
        },
        {
          "si": 1,
          "sti": 12,
          "dti": 17,
          "sco": 68,
          "dco": 101,
          "txt": "campaign"
        },
        {
          "si": 1,
          "sti": 13,
          "dti": 18,
          "sco": 77,
          "dco": 110,
          "txt": "but"
        },
        {
          "si": 1,
          "sti": 14,
          "dti": 19,
          "sco": 81,
          "dco": 114,
          "txt": "for"
        },
        {
          "si": 1,
          "sti": 15,
          "dti": 20,
          "sco": 85,
          "dco": 118,
          "txt": "the"
        },
        {
          "si": 1,
          "sti": 16,
          "dti": 21,
          "sco": 89,
          "dco": 122,
          "txt": "first"
        },
        {
          "si": 1,
          "sti": 17,
          "dti": 22,
          "sco": 95,
          "dco": 128,
          "txt": "time"
        },
        {
          "si": 1,
          "sti": 18,
          "dti": 23,
          "sco": 100,
          "dco": 133,
          "txt": "showed"
        },
        {
          "si": 1,
          "sti": 19,
          "dti": 24,
          "sco": 107,
          "dco": 140,
          "txt": "a"
        },
        {
          "si": 1,
          "sti": 20,
          "dti": 25,
          "sco": 109,
          "dco": 142,
          "txt": "devastating"
        },
        {
          "si": 1,
          "sti": 21,
          "dti": 26,
          "sco": 121,
          "dco": 154,
          "txt": "attacking"
        },
        {
          "si": 1,
          "sti": 22,
          "dti": 27,
          "sco": 131,
          "dco": 164,
          "txt": "side"
        },
        {
          "si": 1,
          "sti": 23,
          "dti": 28,
          "sco": 136,
          "dco": 169,
          "txt": "to"
        },
        {
          "si": 1,
          "sti": 24,
          "dti": 29,
          "sco": 139,
          "dco": 172,
          "txt": "their"
        },
        {
          "si": 1,
          "sti": 25,
          "dti": 30,
          "sco": 145,
          "dco": 178,
          "txt": "game"
        },
        {
          "si": 1,
          "sti": 26,
          "dti": 31,
          "sco": 150,
          "dco": 183,
          "txt": "as"
        },
        {
          "si": 1,
          "sti": 27,
          "dti": 32,
          "sco": 153,
          "dco": 186,
          "txt": "they"
        },
        {
          "si": 1,
          "sti": 28,
          "dti": 33,
          "sco": 158,
          "dco": 191,
          "txt": "crushed"
        },
        {
          "si": 1,
          "sti": 29,
          "dti": 34,
          "sco": 166,
          "dco": 199,
          "txt": "Kenya"
        },
        {
          "si": 1,
          "sti": 30,
          "dti": 35,
          "sco": 172,
          "dco": 205,
          "txt": "5"
        },
        {
          "si": 1,
          "sti": 31,
          "dti": 36,
          "sco": 173,
          "dco": 206,
          "txt": "-"
        },
        {
          "si": 1,
          "sti": 32,
          "dti": 37,
          "sco": 174,
          "dco": 207,
          "txt": "1"
        },
        {
          "si": 1,
          "sti": 33,
          "dti": 38,
          "sco": 176,
          "dco": 209,
          "txt": "on"
        },
        {
          "si": 1,
          "sti": 34,
          "dti": 39,
          "sco": 179,
          "dco": 212,
          "txt": "Wednesday"
        },
        {
          "si": 1,
          "sti": 35,
          "dti": 40,
          "sco": 188,
          "dco": 221,
          "txt": "."
        },
        {
          "si": 2,
          "sti": 0,
          "dti": 41,
          "sco": 0,
          "dco": 223,
          "txt": "Jawad"
        },
        {
          "si": 2,
          "sti": 1,
          "dti": 42,
          "sco": 6,
          "dco": 229,
          "txt": "Zairis"
        },
        {
          "si": 2,
          "sti": 2,
          "dti": 43,
          "sco": 13,
          "dco": 236,
          "txt": "hat"
        },
        {
          "si": 2,
          "sti": 3,
          "dti": 44,
          "sco": 16,
          "dco": 239,
          "txt": "-"
        },
        {
          "si": 2,
          "sti": 4,
          "dti": 45,
          "sco": 17,
          "dco": 240,
          "txt": "trick"
        },
        {
          "si": 2,
          "sti": 5,
          "dti": 46,
          "sco": 23,
          "dco": 246,
          "txt": "propelled"
        },
        {
          "si": 2,
          "sti": 6,
          "dti": 47,
          "sco": 33,
          "dco": 256,
          "txt": "the"
        },
        {
          "si": 2,
          "sti": 7,
          "dti": 48,
          "sco": 37,
          "dco": 260,
          "txt": "Lions"
        },
        {
          "si": 2,
          "sti": 8,
          "dti": 49,
          "sco": 43,
          "dco": 266,
          "txt": "of"
        },
        {
          "si": 2,
          "sti": 9,
          "dti": 50,
          "sco": 46,
          "dco": 269,
          "txt": "the"
        },
        {
          "si": 2,
          "sti": 10,
          "dti": 51,
          "sco": 50,
          "dco": 273,
          "txt": "Atlas"
        },
        {
          "si": 2,
          "sti": 11,
          "dti": 52,
          "sco": 56,
          "dco": 279,
          "txt": "to"
        },
        {
          "si": 2,
          "sti": 12,
          "dti": 53,
          "sco": 59,
          "dco": 282,
          "txt": "the"
        },
        {
          "si": 2,
          "sti": 13,
          "dti": 54,
          "sco": 63,
          "dco": 286,
          "txt": "top"
        },
        {
          "si": 2,
          "sti": 14,
          "dti": 55,
          "sco": 67,
          "dco": 290,
          "txt": "of"
        },
        {
          "si": 2,
          "sti": 15,
          "dti": 56,
          "sco": 70,
          "dco": 293,
          "txt": "their"
        },
        {
          "si": 2,
          "sti": 16,
          "dti": 57,
          "sco": 76,
          "dco": 299,
          "txt": "group"
        },
        {
          "si": 2,
          "sti": 17,
          "dti": 58,
          "sco": 82,
          "dco": 305,
          "txt": "standings"
        },
        {
          "si": 2,
          "sti": 18,
          "dti": 59,
          "sco": 92,
          "dco": 315,
          "txt": "and"
        },
        {
          "si": 2,
          "sti": 19,
          "dti": 60,
          "sco": 96,
          "dco": 319,
          "txt": "set"
        },
        {
          "si": 2,
          "sti": 20,
          "dti": 61,
          "sco": 100,
          "dco": 323,
          "txt": "up"
        },
        {
          "si": 2,
          "sti": 21,
          "dti": 62,
          "sco": 103,
          "dco": 326,
          "txt": "an"
        },
        {
          "si": 2,
          "sti": 22,
          "dti": 63,
          "sco": 106,
          "dco": 329,
          "txt": "intriguing"
        },
        {
          "si": 2,
          "sti": 23,
          "dti": 64,
          "sco": 117,
          "dco": 340,
          "txt": "battle"
        },
        {
          "si": 2,
          "sti": 24,
          "dti": 65,
          "sco": 124,
          "dco": 347,
          "txt": "for"
        },
        {
          "si": 2,
          "sti": 25,
          "dti": 66,
          "sco": 128,
          "dco": 351,
          "txt": "a"
        },
        {
          "si": 2,
          "sti": 26,
          "dti": 67,
          "sco": 130,
          "dco": 353,
          "txt": "place"
        },
        {
          "si": 2,
          "sti": 27,
          "dti": 68,
          "sco": 136,
          "dco": 359,
          "txt": "in"
        },
        {
          "si": 2,
          "sti": 28,
          "dti": 69,
          "sco": 139,
          "dco": 362,
          "txt": "Germany"
        },
        {
          "si": 2,
          "sti": 29,
          "dti": 70,
          "sco": 147,
          "dco": 370,
          "txt": "when"
        },
        {
          "si": 2,
          "sti": 30,
          "dti": 71,
          "sco": 152,
          "dco": 375,
          "txt": "the"
        },
        {
          "si": 2,
          "sti": 31,
          "dti": 72,
          "sco": 156,
          "dco": 379,
          "txt": "rest"
        },
        {
          "si": 2,
          "sti": 32,
          "dti": 73,
          "sco": 161,
          "dco": 384,
          "txt": "of"
        },
        {
          "si": 2,
          "sti": 33,
          "dti": 74,
          "sco": 164,
          "dco": 387,
          "txt": "the"
        },
        {
          "si": 2,
          "sti": 34,
          "dti": 75,
          "sco": 168,
          "dco": 391,
          "txt": "groups"
        },
        {
          "si": 2,
          "sti": 35,
          "dti": 76,
          "sco": 175,
          "dco": 398,
          "txt": "contenders"
        },
        {
          "si": 2,
          "sti": 36,
          "dti": 77,
          "sco": 186,
          "dco": 409,
          "txt": "resume"
        },
        {
          "si": 2,
          "sti": 37,
          "dti": 78,
          "sco": 193,
          "dco": 416,
          "txt": "their"
        },
        {
          "si": 2,
          "sti": 38,
          "dti": 79,
          "sco": 199,
          "dco": 422,
          "txt": "qualifying"
        },
        {
          "si": 2,
          "sti": 39,
          "dti": 80,
          "sco": 210,
          "dco": 433,
          "txt": "campaign"
        },
        {
          "si": 2,
          "sti": 40,
          "dti": 81,
          "sco": 219,
          "dco": 442,
          "txt": "at"
        },
        {
          "si": 2,
          "sti": 41,
          "dti": 82,
          "sco": 222,
          "dco": 445,
          "txt": "the"
        },
        {
          "si": 2,
          "sti": 42,
          "dti": 83,
          "sco": 226,
          "dco": 449,
          "txt": "end"
        },
        {
          "si": 2,
          "sti": 43,
          "dti": 84,
          "sco": 230,
          "dco": 453,
          "txt": "of"
        },
        {
          "si": 2,
          "sti": 44,
          "dti": 85,
          "sco": 233,
          "dco": 456,
          "txt": "March"
        },
        {
          "si": 2,
          "sti": 45,
          "dti": 86,
          "sco": 238,
          "dco": 461,
          "txt": "."
        },
        {
          "si": 3,
          "sti": 0,
          "dti": 87,
          "sco": 0,
          "dco": 463,
          "txt": "Morocco"
        },
        {
          "si": 3,
          "sti": 1,
          "dti": 88,
          "sco": 8,
          "dco": 471,
          "txt": "are"
        },
        {
          "si": 3,
          "sti": 2,
          "dti": 89,
          "sco": 12,
          "dco": 475,
          "txt": "now"
        },
        {
          "si": 3,
          "sti": 3,
          "dti": 90,
          "sco": 16,
          "dco": 479,
          "txt": "one"
        },
        {
          "si": 3,
          "sti": 4,
          "dti": 91,
          "sco": 20,
          "dco": 483,
          "txt": "point"
        },
        {
          "si": 3,
          "sti": 5,
          "dti": 92,
          "sco": 26,
          "dco": 489,
          "txt": "ahead"
        },
        {
          "si": 3,
          "sti": 6,
          "dti": 93,
          "sco": 32,
          "dco": 495,
          "txt": "of"
        },
        {
          "si": 3,
          "sti": 7,
          "dti": 94,
          "sco": 35,
          "dco": 498,
          "txt": "Guinea"
        },
        {
          "si": 3,
          "sti": 8,
          "dti": 95,
          "sco": 42,
          "dco": 505,
          "txt": "in"
        },
        {
          "si": 3,
          "sti": 9,
          "dti": 96,
          "sco": 45,
          "dco": 508,
          "txt": "the"
        },
        {
          "si": 3,
          "sti": 10,
          "dti": 97,
          "sco": 49,
          "dco": 512,
          "txt": "group"
        },
        {
          "si": 3,
          "sti": 11,
          "dti": 98,
          "sco": 55,
          "dco": 518,
          "txt": "five"
        },
        {
          "si": 3,
          "sti": 12,
          "dti": 99,
          "sco": 60,
          "dco": 523,
          "txt": "standings"
        },
        {
          "si": 3,
          "sti": 13,
          "dti": 100,
          "sco": 70,
          "dco": 533,
          "txt": "but"
        },
        {
          "si": 3,
          "sti": 14,
          "dti": 101,
          "sco": 74,
          "dco": 537,
          "txt": "will"
        },
        {
          "si": 3,
          "sti": 15,
          "dti": 102,
          "sco": 79,
          "dco": 542,
          "txt": "also"
        },
        {
          "si": 3,
          "sti": 16,
          "dti": 103,
          "sco": 84,
          "dco": 547,
          "txt": "be"
        },
        {
          "si": 3,
          "sti": 17,
          "dti": 104,
          "sco": 87,
          "dco": 550,
          "txt": "looking"
        },
        {
          "si": 3,
          "sti": 18,
          "dti": 105,
          "sco": 95,
          "dco": 558,
          "txt": "over"
        },
        {
          "si": 3,
          "sti": 19,
          "dti": 106,
          "sco": 100,
          "dco": 563,
          "txt": "their"
        },
        {
          "si": 3,
          "sti": 20,
          "dti": 107,
          "sco": 106,
          "dco": 569,
          "txt": "shoulders"
        },
        {
          "si": 3,
          "sti": 21,
          "dti": 108,
          "sco": 116,
          "dco": 579,
          "txt": "at"
        },
        {
          "si": 3,
          "sti": 22,
          "dti": 109,
          "sco": 119,
          "dco": 582,
          "txt": "Tunisia"
        },
        {
          "si": 3,
          "sti": 23,
          "dti": 110,
          "sco": 126,
          "dco": 589,
          "txt": ","
        },
        {
          "si": 3,
          "sti": 24,
          "dti": 111,
          "sco": 128,
          "dco": 591,
          "txt": "who"
        },
        {
          "si": 3,
          "sti": 25,
          "dti": 112,
          "sco": 132,
          "dco": 595,
          "txt": "are"
        },
        {
          "si": 3,
          "sti": 26,
          "dti": 113,
          "sco": 136,
          "dco": 599,
          "txt": "four"
        },
        {
          "si": 3,
          "sti": 27,
          "dti": 114,
          "sco": 141,
          "dco": 604,
          "txt": "points"
        },
        {
          "si": 3,
          "sti": 28,
          "dti": 115,
          "sco": 148,
          "dco": 611,
          "txt": "off"
        },
        {
          "si": 3,
          "sti": 29,
          "dti": 116,
          "sco": 152,
          "dco": 615,
          "txt": "the"
        },
        {
          "si": 3,
          "sti": 30,
          "dti": 117,
          "sco": 156,
          "dco": 619,
          "txt": "pace"
        },
        {
          "si": 3,
          "sti": 31,
          "dti": 118,
          "sco": 160,
          "dco": 623,
          "txt": "."
        },
        {
          "si": 4,
          "sti": 0,
          "dti": 119,
          "sco": 0,
          "dco": 625,
          "txt": "Wednesdays"
        },
        {
          "si": 4,
          "sti": 1,
          "dti": 120,
          "sco": 11,
          "dco": 636,
          "txt": "match"
        },
        {
          "si": 4,
          "sti": 2,
          "dti": 121,
          "sco": 17,
          "dco": 642,
          "txt": "against"
        },
        {
          "si": 4,
          "sti": 3,
          "dti": 122,
          "sco": 25,
          "dco": 650,
          "txt": "Kenya"
        },
        {
          "si": 4,
          "sti": 4,
          "dti": 123,
          "sco": 31,
          "dco": 656,
          "txt": "had"
        },
        {
          "si": 4,
          "sti": 5,
          "dti": 124,
          "sco": 35,
          "dco": 660,
          "txt": "been"
        },
        {
          "si": 4,
          "sti": 6,
          "dti": 125,
          "sco": 40,
          "dco": 665,
          "txt": "postponed"
        },
        {
          "si": 4,
          "sti": 7,
          "dti": 126,
          "sco": 50,
          "dco": 675,
          "txt": "from"
        },
        {
          "si": 4,
          "sti": 8,
          "dti": 127,
          "sco": 55,
          "dco": 680,
          "txt": "last"
        },
        {
          "si": 4,
          "sti": 9,
          "dti": 128,
          "sco": 60,
          "dco": 685,
          "txt": "year"
        },
        {
          "si": 4,
          "sti": 10,
          "dti": 129,
          "sco": 65,
          "dco": 690,
          "txt": "and"
        },
        {
          "si": 4,
          "sti": 11,
          "dti": 130,
          "sco": 69,
          "dco": 694,
          "txt": "was"
        },
        {
          "si": 4,
          "sti": 12,
          "dti": 131,
          "sco": 73,
          "dco": 698,
          "txt": "a"
        },
        {
          "si": 4,
          "sti": 13,
          "dti": 132,
          "sco": 75,
          "dco": 700,
          "txt": "triumph"
        },
        {
          "si": 4,
          "sti": 14,
          "dti": 133,
          "sco": 83,
          "dco": 708,
          "txt": "for"
        },
        {
          "si": 4,
          "sti": 15,
          "dti": 134,
          "sco": 87,
          "dco": 712,
          "txt": "Badou"
        },
        {
          "si": 4,
          "sti": 16,
          "dti": 135,
          "sco": 93,
          "dco": 718,
          "txt": "Ezakis"
        },
        {
          "si": 4,
          "sti": 17,
          "dti": 136,
          "sco": 100,
          "dco": 725,
          "txt": "team"
        },
        {
          "si": 4,
          "sti": 18,
          "dti": 137,
          "sco": 104,
          "dco": 729,
          "txt": "."
        },
        {
          "si": 5,
          "sti": 0,
          "dti": 138,
          "sco": 0,
          "dco": 731,
          "txt": "Right"
        },
        {
          "si": 5,
          "sti": 1,
          "dti": 139,
          "sco": 6,
          "dco": 737,
          "txt": "from"
        },
        {
          "si": 5,
          "sti": 2,
          "dti": 140,
          "sco": 11,
          "dco": 742,
          "txt": "the"
        },
        {
          "si": 5,
          "sti": 3,
          "dti": 141,
          "sco": 15,
          "dco": 746,
          "txt": "outset"
        },
        {
          "si": 5,
          "sti": 4,
          "dti": 142,
          "sco": 22,
          "dco": 753,
          "txt": "at"
        },
        {
          "si": 5,
          "sti": 5,
          "dti": 143,
          "sco": 25,
          "dco": 756,
          "txt": "Rabats"
        },
        {
          "si": 5,
          "sti": 6,
          "dti": 144,
          "sco": 32,
          "dco": 763,
          "txt": "Prince"
        },
        {
          "si": 5,
          "sti": 7,
          "dti": 145,
          "sco": 39,
          "dco": 770,
          "txt": "Moulay"
        },
        {
          "si": 5,
          "sti": 8,
          "dti": 146,
          "sco": 46,
          "dco": 777,
          "txt": "Sports"
        },
        {
          "si": 5,
          "sti": 9,
          "dti": 147,
          "sco": 53,
          "dco": 784,
          "txt": "complex"
        },
        {
          "si": 5,
          "sti": 10,
          "dti": 148,
          "sco": 60,
          "dco": 791,
          "txt": ","
        },
        {
          "si": 5,
          "sti": 11,
          "dti": 149,
          "sco": 62,
          "dco": 793,
          "txt": "the"
        },
        {
          "si": 5,
          "sti": 12,
          "dti": 150,
          "sco": 66,
          "dco": 797,
          "txt": "Moroccans"
        },
        {
          "si": 5,
          "sti": 13,
          "dti": 151,
          "sco": 76,
          "dco": 807,
          "txt": "went"
        },
        {
          "si": 5,
          "sti": 14,
          "dti": 152,
          "sco": 81,
          "dco": 812,
          "txt": "on"
        },
        {
          "si": 5,
          "sti": 15,
          "dti": 153,
          "sco": 84,
          "dco": 815,
          "txt": "the"
        },
        {
          "si": 5,
          "sti": 16,
          "dti": 154,
          "sco": 88,
          "dco": 819,
          "txt": "rampage"
        },
        {
          "si": 5,
          "sti": 17,
          "dti": 155,
          "sco": 95,
          "dco": 826,
          "txt": ","
        },
        {
          "si": 5,
          "sti": 18,
          "dti": 156,
          "sco": 97,
          "dco": 828,
          "txt": "keen"
        },
        {
          "si": 5,
          "sti": 19,
          "dti": 157,
          "sco": 102,
          "dco": 833,
          "txt": "to"
        },
        {
          "si": 5,
          "sti": 20,
          "dti": 158,
          "sco": 105,
          "dco": 836,
          "txt": "put"
        },
        {
          "si": 5,
          "sti": 21,
          "dti": 159,
          "sco": 109,
          "dco": 840,
          "txt": "a"
        },
        {
          "si": 5,
          "sti": 22,
          "dti": 160,
          "sco": 111,
          "dco": 842,
          "txt": "series"
        },
        {
          "si": 5,
          "sti": 23,
          "dti": 161,
          "sco": 118,
          "dco": 849,
          "txt": "of"
        },
        {
          "si": 5,
          "sti": 24,
          "dti": 162,
          "sco": 121,
          "dco": 852,
          "txt": "three"
        },
        {
          "si": 5,
          "sti": 25,
          "dti": 163,
          "sco": 127,
          "dco": 858,
          "txt": "disappointing"
        },
        {
          "si": 5,
          "sti": 26,
          "dti": 164,
          "sco": 141,
          "dco": 872,
          "txt": "draws"
        },
        {
          "si": 5,
          "sti": 27,
          "dti": 165,
          "sco": 147,
          "dco": 878,
          "txt": "in"
        },
        {
          "si": 5,
          "sti": 28,
          "dti": 166,
          "sco": 150,
          "dco": 881,
          "txt": "the"
        },
        {
          "si": 5,
          "sti": 29,
          "dti": 167,
          "sco": 154,
          "dco": 885,
          "txt": "group"
        },
        {
          "si": 5,
          "sti": 30,
          "dti": 168,
          "sco": 160,
          "dco": 891,
          "txt": "behind"
        },
        {
          "si": 5,
          "sti": 31,
          "dti": 169,
          "sco": 167,
          "dco": 898,
          "txt": "them"
        },
        {
          "si": 5,
          "sti": 32,
          "dti": 170,
          "sco": 171,
          "dco": 902,
          "txt": "."
        },
        {
          "si": 6,
          "sti": 0,
          "dti": 171,
          "sco": 0,
          "dco": 904,
          "txt": "The"
        },
        {
          "si": 6,
          "sti": 1,
          "dti": 172,
          "sco": 4,
          "dco": 908,
          "txt": "French"
        },
        {
          "si": 6,
          "sti": 2,
          "dti": 173,
          "sco": 10,
          "dco": 914,
          "txt": "-"
        },
        {
          "si": 6,
          "sti": 3,
          "dti": 174,
          "sco": 11,
          "dco": 915,
          "txt": "based"
        },
        {
          "si": 6,
          "sti": 4,
          "dti": 175,
          "sco": 17,
          "dco": 921,
          "txt": "striker"
        },
        {
          "si": 6,
          "sti": 5,
          "dti": 176,
          "sco": 25,
          "dco": 929,
          "txt": "got"
        },
        {
          "si": 6,
          "sti": 6,
          "dti": 177,
          "sco": 29,
          "dco": 933,
          "txt": "the"
        },
        {
          "si": 6,
          "sti": 7,
          "dti": 178,
          "sco": 33,
          "dco": 937,
          "txt": "first"
        },
        {
          "si": 6,
          "sti": 8,
          "dti": 179,
          "sco": 39,
          "dco": 943,
          "txt": "two"
        },
        {
          "si": 6,
          "sti": 9,
          "dti": 180,
          "sco": 43,
          "dco": 947,
          "txt": "goals"
        },
        {
          "si": 6,
          "sti": 10,
          "dti": 181,
          "sco": 48,
          "dco": 952,
          "txt": ","
        },
        {
          "si": 6,
          "sti": 11,
          "dti": 182,
          "sco": 50,
          "dco": 954,
          "txt": "opening"
        },
        {
          "si": 6,
          "sti": 12,
          "dti": 183,
          "sco": 58,
          "dco": 962,
          "txt": "the"
        },
        {
          "si": 6,
          "sti": 13,
          "dti": 184,
          "sco": 62,
          "dco": 966,
          "txt": "scoring"
        },
        {
          "si": 6,
          "sti": 14,
          "dti": 185,
          "sco": 70,
          "dco": 974,
          "txt": "in"
        },
        {
          "si": 6,
          "sti": 15,
          "dti": 186,
          "sco": 73,
          "dco": 977,
          "txt": "the"
        },
        {
          "si": 6,
          "sti": 16,
          "dti": 187,
          "sco": 77,
          "dco": 981,
          "txt": "12"
        },
        {
          "si": 6,
          "sti": 17,
          "dti": 188,
          "sco": 79,
          "dco": 983,
          "txt": "th"
        },
        {
          "si": 6,
          "sti": 18,
          "dti": 189,
          "sco": 82,
          "dco": 986,
          "txt": "minute"
        },
        {
          "si": 6,
          "sti": 19,
          "dti": 190,
          "sco": 89,
          "dco": 993,
          "txt": "and"
        },
        {
          "si": 6,
          "sti": 20,
          "dti": 191,
          "sco": 93,
          "dco": 997,
          "txt": "then"
        },
        {
          "si": 6,
          "sti": 21,
          "dti": 192,
          "sco": 98,
          "dco": 1002,
          "txt": "doubling"
        },
        {
          "si": 6,
          "sti": 22,
          "dti": 193,
          "sco": 107,
          "dco": 1011,
          "txt": "the"
        },
        {
          "si": 6,
          "sti": 23,
          "dti": 194,
          "sco": 111,
          "dco": 1015,
          "txt": "lead"
        },
        {
          "si": 6,
          "sti": 24,
          "dti": 195,
          "sco": 116,
          "dco": 1020,
          "txt": "six"
        },
        {
          "si": 6,
          "sti": 25,
          "dti": 196,
          "sco": 120,
          "dco": 1024,
          "txt": "minutes"
        },
        {
          "si": 6,
          "sti": 26,
          "dti": 197,
          "sco": 128,
          "dco": 1032,
          "txt": "before"
        },
        {
          "si": 6,
          "sti": 27,
          "dti": 198,
          "sco": 135,
          "dco": 1039,
          "txt": "half"
        },
        {
          "si": 6,
          "sti": 28,
          "dti": 199,
          "sco": 139,
          "dco": 1043,
          "txt": "-"
        },
        {
          "si": 6,
          "sti": 29,
          "dti": 200,
          "sco": 140,
          "dco": 1044,
          "txt": "time"
        },
        {
          "si": 6,
          "sti": 30,
          "dti": 201,
          "sco": 145,
          "dco": 1049,
          "txt": "against"
        },
        {
          "si": 6,
          "sti": 31,
          "dti": 202,
          "sco": 153,
          "dco": 1057,
          "txt": "a"
        },
        {
          "si": 6,
          "sti": 32,
          "dti": 203,
          "sco": 155,
          "dco": 1059,
          "txt": "Kenyan"
        },
        {
          "si": 6,
          "sti": 33,
          "dti": 204,
          "sco": 162,
          "dco": 1066,
          "txt": "side"
        },
        {
          "si": 6,
          "sti": 34,
          "dti": 205,
          "sco": 167,
          "dco": 1071,
          "txt": "who"
        },
        {
          "si": 6,
          "sti": 35,
          "dti": 206,
          "sco": 171,
          "dco": 1075,
          "txt": "had"
        },
        {
          "si": 6,
          "sti": 36,
          "dti": 207,
          "sco": 175,
          "dco": 1079,
          "txt": "opted"
        },
        {
          "si": 6,
          "sti": 37,
          "dti": 208,
          "sco": 181,
          "dco": 1085,
          "txt": "to"
        },
        {
          "si": 6,
          "sti": 38,
          "dti": 209,
          "sco": 184,
          "dco": 1088,
          "txt": "leave"
        },
        {
          "si": 6,
          "sti": 39,
          "dti": 210,
          "sco": 190,
          "dco": 1094,
          "txt": "out"
        },
        {
          "si": 6,
          "sti": 40,
          "dti": 211,
          "sco": 194,
          "dco": 1098,
          "txt": "several"
        },
        {
          "si": 6,
          "sti": 41,
          "dti": 212,
          "sco": 202,
          "dco": 1106,
          "txt": "of"
        },
        {
          "si": 6,
          "sti": 42,
          "dti": 213,
          "sco": 205,
          "dco": 1109,
          "txt": "their"
        },
        {
          "si": 6,
          "sti": 43,
          "dti": 214,
          "sco": 211,
          "dco": 1115,
          "txt": "foreign"
        },
        {
          "si": 6,
          "sti": 44,
          "dti": 215,
          "sco": 218,
          "dco": 1122,
          "txt": "-"
        },
        {
          "si": 6,
          "sti": 45,
          "dti": 216,
          "sco": 219,
          "dco": 1123,
          "txt": "based"
        },
        {
          "si": 6,
          "sti": 46,
          "dti": 217,
          "sco": 225,
          "dco": 1129,
          "txt": "players"
        },
        {
          "si": 6,
          "sti": 47,
          "dti": 218,
          "sco": 232,
          "dco": 1136,
          "txt": "."
        },
        {
          "si": 7,
          "sti": 0,
          "dti": 219,
          "sco": 0,
          "dco": 1138,
          "txt": "Moroccos"
        },
        {
          "si": 7,
          "sti": 1,
          "dti": 220,
          "sco": 9,
          "dco": 1147,
          "txt": "French"
        },
        {
          "si": 7,
          "sti": 2,
          "dti": 221,
          "sco": 16,
          "dco": 1154,
          "txt": "connection"
        },
        {
          "si": 7,
          "sti": 3,
          "dti": 222,
          "sco": 27,
          "dco": 1165,
          "txt": "continued"
        },
        {
          "si": 7,
          "sti": 4,
          "dti": 223,
          "sco": 37,
          "dco": 1175,
          "txt": "to"
        },
        {
          "si": 7,
          "sti": 5,
          "dti": 224,
          "sco": 40,
          "dco": 1178,
          "txt": "provide"
        },
        {
          "si": 7,
          "sti": 6,
          "dti": 225,
          "sco": 48,
          "dco": 1186,
          "txt": "the"
        },
        {
          "si": 7,
          "sti": 7,
          "dti": 226,
          "sco": 52,
          "dco": 1190,
          "txt": "goals"
        },
        {
          "si": 7,
          "sti": 8,
          "dti": 227,
          "sco": 58,
          "dco": 1196,
          "txt": "in"
        },
        {
          "si": 7,
          "sti": 9,
          "dti": 228,
          "sco": 61,
          "dco": 1199,
          "txt": "the"
        },
        {
          "si": 7,
          "sti": 10,
          "dti": 229,
          "sco": 65,
          "dco": 1203,
          "txt": "second"
        },
        {
          "si": 7,
          "sti": 11,
          "dti": 230,
          "sco": 71,
          "dco": 1209,
          "txt": "-"
        },
        {
          "si": 7,
          "sti": 12,
          "dti": 231,
          "sco": 72,
          "dco": 1210,
          "txt": "half"
        },
        {
          "si": 7,
          "sti": 13,
          "dti": 232,
          "sco": 76,
          "dco": 1214,
          "txt": ","
        },
        {
          "si": 7,
          "sti": 14,
          "dti": 233,
          "sco": 78,
          "dco": 1216,
          "txt": "starting"
        },
        {
          "si": 7,
          "sti": 15,
          "dti": 234,
          "sco": 87,
          "dco": 1225,
          "txt": "with"
        },
        {
          "si": 7,
          "sti": 16,
          "dti": 235,
          "sco": 92,
          "dco": 1230,
          "txt": "RC"
        },
        {
          "si": 7,
          "sti": 17,
          "dti": 236,
          "sco": 95,
          "dco": 1233,
          "txt": "Lens"
        },
        {
          "si": 7,
          "sti": 18,
          "dti": 237,
          "sco": 100,
          "dco": 1238,
          "txt": "Mounir"
        },
        {
          "si": 7,
          "sti": 19,
          "dti": 238,
          "sco": 107,
          "dco": 1245,
          "txt": "Diane"
        },
        {
          "si": 7,
          "sti": 20,
          "dti": 239,
          "sco": 112,
          "dco": 1250,
          "txt": ","
        },
        {
          "si": 7,
          "sti": 21,
          "dti": 240,
          "sco": 114,
          "dco": 1252,
          "txt": "who"
        },
        {
          "si": 7,
          "sti": 22,
          "dti": 241,
          "sco": 118,
          "dco": 1256,
          "txt": "made"
        },
        {
          "si": 7,
          "sti": 23,
          "dti": 242,
          "sco": 123,
          "dco": 1261,
          "txt": "it"
        },
        {
          "si": 7,
          "sti": 24,
          "dti": 243,
          "sco": 126,
          "dco": 1264,
          "txt": "3"
        },
        {
          "si": 7,
          "sti": 25,
          "dti": 244,
          "sco": 127,
          "dco": 1265,
          "txt": "-"
        },
        {
          "si": 7,
          "sti": 26,
          "dti": 245,
          "sco": 128,
          "dco": 1266,
          "txt": "0"
        },
        {
          "si": 7,
          "sti": 27,
          "dti": 246,
          "sco": 130,
          "dco": 1268,
          "txt": "just"
        },
        {
          "si": 7,
          "sti": 28,
          "dti": 247,
          "sco": 135,
          "dco": 1273,
          "txt": "one"
        },
        {
          "si": 7,
          "sti": 29,
          "dti": 248,
          "sco": 139,
          "dco": 1277,
          "txt": "minute"
        },
        {
          "si": 7,
          "sti": 30,
          "dti": 249,
          "sco": 146,
          "dco": 1284,
          "txt": "into"
        },
        {
          "si": 7,
          "sti": 31,
          "dti": 250,
          "sco": 151,
          "dco": 1289,
          "txt": "the"
        },
        {
          "si": 7,
          "sti": 32,
          "dti": 251,
          "sco": 155,
          "dco": 1293,
          "txt": "second"
        },
        {
          "si": 7,
          "sti": 33,
          "dti": 252,
          "sco": 162,
          "dco": 1300,
          "txt": "half"
        },
        {
          "si": 7,
          "sti": 34,
          "dti": 253,
          "sco": 166,
          "dco": 1304,
          "txt": "."
        },
        {
          "si": 8,
          "sti": 0,
          "dti": 254,
          "sco": 0,
          "dco": 1306,
          "txt": "By"
        },
        {
          "si": 8,
          "sti": 1,
          "dti": 255,
          "sco": 3,
          "dco": 1309,
          "txt": "this"
        },
        {
          "si": 8,
          "sti": 2,
          "dti": 256,
          "sco": 8,
          "dco": 1314,
          "txt": "time"
        },
        {
          "si": 8,
          "sti": 3,
          "dti": 257,
          "sco": 12,
          "dco": 1318,
          "txt": ","
        },
        {
          "si": 8,
          "sti": 4,
          "dti": 258,
          "sco": 14,
          "dco": 1320,
          "txt": "all"
        },
        {
          "si": 8,
          "sti": 5,
          "dti": 259,
          "sco": 18,
          "dco": 1324,
          "txt": "resistance"
        },
        {
          "si": 8,
          "sti": 6,
          "dti": 260,
          "sco": 29,
          "dco": 1335,
          "txt": "had"
        },
        {
          "si": 8,
          "sti": 7,
          "dti": 261,
          "sco": 33,
          "dco": 1339,
          "txt": "crumbled"
        },
        {
          "si": 8,
          "sti": 8,
          "dti": 262,
          "sco": 42,
          "dco": 1348,
          "txt": "and"
        },
        {
          "si": 8,
          "sti": 9,
          "dti": 263,
          "sco": 46,
          "dco": 1352,
          "txt": "Morocco"
        },
        {
          "si": 8,
          "sti": 10,
          "dti": 264,
          "sco": 54,
          "dco": 1360,
          "txt": "continued"
        },
        {
          "si": 8,
          "sti": 11,
          "dti": 265,
          "sco": 64,
          "dco": 1370,
          "txt": "to"
        },
        {
          "si": 8,
          "sti": 12,
          "dti": 266,
          "sco": 67,
          "dco": 1373,
          "txt": "go"
        },
        {
          "si": 8,
          "sti": 13,
          "dti": 267,
          "sco": 70,
          "dco": 1376,
          "txt": "in"
        },
        {
          "si": 8,
          "sti": 14,
          "dti": 268,
          "sco": 73,
          "dco": 1379,
          "txt": "search"
        },
        {
          "si": 8,
          "sti": 15,
          "dti": 269,
          "sco": 80,
          "dco": 1386,
          "txt": "of"
        },
        {
          "si": 8,
          "sti": 16,
          "dti": 270,
          "sco": 83,
          "dco": 1389,
          "txt": "goals"
        },
        {
          "si": 8,
          "sti": 17,
          "dti": 271,
          "sco": 89,
          "dco": 1395,
          "txt": "which"
        },
        {
          "si": 8,
          "sti": 18,
          "dti": 272,
          "sco": 95,
          "dco": 1401,
          "txt": "will"
        },
        {
          "si": 8,
          "sti": 19,
          "dti": 273,
          "sco": 100,
          "dco": 1406,
          "txt": "play"
        },
        {
          "si": 8,
          "sti": 20,
          "dti": 274,
          "sco": 105,
          "dco": 1411,
          "txt": "a"
        },
        {
          "si": 8,
          "sti": 21,
          "dti": 275,
          "sco": 107,
          "dco": 1413,
          "txt": "major"
        },
        {
          "si": 8,
          "sti": 22,
          "dti": 276,
          "sco": 113,
          "dco": 1419,
          "txt": "factor"
        },
        {
          "si": 8,
          "sti": 23,
          "dti": 277,
          "sco": 120,
          "dco": 1426,
          "txt": "if"
        },
        {
          "si": 8,
          "sti": 24,
          "dti": 278,
          "sco": 123,
          "dco": 1429,
          "txt": "this"
        },
        {
          "si": 8,
          "sti": 25,
          "dti": 279,
          "sco": 128,
          "dco": 1434,
          "txt": "tightly"
        },
        {
          "si": 8,
          "sti": 26,
          "dti": 280,
          "sco": 135,
          "dco": 1441,
          "txt": "-"
        },
        {
          "si": 8,
          "sti": 27,
          "dti": 281,
          "sco": 136,
          "dco": 1442,
          "txt": "contested"
        },
        {
          "si": 8,
          "sti": 28,
          "dti": 282,
          "sco": 146,
          "dco": 1452,
          "txt": "group"
        },
        {
          "si": 8,
          "sti": 29,
          "dti": 283,
          "sco": 152,
          "dco": 1458,
          "txt": "comes"
        },
        {
          "si": 8,
          "sti": 30,
          "dti": 284,
          "sco": 158,
          "dco": 1464,
          "txt": "down"
        },
        {
          "si": 8,
          "sti": 31,
          "dti": 285,
          "sco": 163,
          "dco": 1469,
          "txt": "to"
        },
        {
          "si": 8,
          "sti": 32,
          "dti": 286,
          "sco": 166,
          "dco": 1472,
          "txt": "goal"
        },
        {
          "si": 8,
          "sti": 33,
          "dti": 287,
          "sco": 171,
          "dco": 1477,
          "txt": "difference"
        },
        {
          "si": 8,
          "sti": 34,
          "dti": 288,
          "sco": 182,
          "dco": 1488,
          "txt": "at"
        },
        {
          "si": 8,
          "sti": 35,
          "dti": 289,
          "sco": 185,
          "dco": 1491,
          "txt": "its"
        },
        {
          "si": 8,
          "sti": 36,
          "dti": 290,
          "sco": 189,
          "dco": 1495,
          "txt": "conclusion"
        },
        {
          "si": 8,
          "sti": 37,
          "dti": 291,
          "sco": 200,
          "dco": 1506,
          "txt": "in"
        },
        {
          "si": 8,
          "sti": 38,
          "dti": 292,
          "sco": 203,
          "dco": 1509,
          "txt": "October"
        },
        {
          "si": 8,
          "sti": 39,
          "dti": 293,
          "sco": 210,
          "dco": 1516,
          "txt": "."
        },
        {
          "si": 9,
          "sti": 0,
          "dti": 294,
          "sco": 0,
          "dco": 1518,
          "txt": "Youssouf"
        },
        {
          "si": 9,
          "sti": 1,
          "dti": 295,
          "sco": 9,
          "dco": 1527,
          "txt": "Hadji"
        },
        {
          "si": 9,
          "sti": 2,
          "dti": 296,
          "sco": 15,
          "dco": 1533,
          "txt": "from"
        },
        {
          "si": 9,
          "sti": 3,
          "dti": 297,
          "sco": 20,
          "dco": 1538,
          "txt": "SC"
        },
        {
          "si": 9,
          "sti": 4,
          "dti": 298,
          "sco": 23,
          "dco": 1541,
          "txt": "Bastia"
        },
        {
          "si": 9,
          "sti": 5,
          "dti": 299,
          "sco": 30,
          "dco": 1548,
          "txt": "scored"
        },
        {
          "si": 9,
          "sti": 6,
          "dti": 300,
          "sco": 37,
          "dco": 1555,
          "txt": "the"
        },
        {
          "si": 9,
          "sti": 7,
          "dti": 301,
          "sco": 41,
          "dco": 1559,
          "txt": "fourth"
        },
        {
          "si": 9,
          "sti": 8,
          "dti": 302,
          "sco": 48,
          "dco": 1566,
          "txt": "goal"
        },
        {
          "si": 9,
          "sti": 9,
          "dti": 303,
          "sco": 53,
          "dco": 1571,
          "txt": "nine"
        },
        {
          "si": 9,
          "sti": 10,
          "dti": 304,
          "sco": 58,
          "dco": 1576,
          "txt": "minutes"
        },
        {
          "si": 9,
          "sti": 11,
          "dti": 305,
          "sco": 66,
          "dco": 1584,
          "txt": "before"
        },
        {
          "si": 9,
          "sti": 12,
          "dti": 306,
          "sco": 73,
          "dco": 1591,
          "txt": "the"
        },
        {
          "si": 9,
          "sti": 13,
          "dti": 307,
          "sco": 77,
          "dco": 1595,
          "txt": "final"
        },
        {
          "si": 9,
          "sti": 14,
          "dti": 308,
          "sco": 83,
          "dco": 1601,
          "txt": "whistle"
        },
        {
          "si": 9,
          "sti": 15,
          "dti": 309,
          "sco": 91,
          "dco": 1609,
          "txt": "and"
        },
        {
          "si": 9,
          "sti": 16,
          "dti": 310,
          "sco": 95,
          "dco": 1613,
          "txt": "then"
        },
        {
          "si": 9,
          "sti": 17,
          "dti": 311,
          "sco": 100,
          "dco": 1618,
          "txt": "Zairi"
        },
        {
          "si": 9,
          "sti": 18,
          "dti": 312,
          "sco": 105,
          "dco": 1623,
          "txt": ","
        },
        {
          "si": 9,
          "sti": 19,
          "dti": 313,
          "sco": 107,
          "dco": 1625,
          "txt": "who"
        },
        {
          "si": 9,
          "sti": 20,
          "dti": 314,
          "sco": 111,
          "dco": 1629,
          "txt": "plays"
        },
        {
          "si": 9,
          "sti": 21,
          "dti": 315,
          "sco": 117,
          "dco": 1635,
          "txt": "at"
        },
        {
          "si": 9,
          "sti": 22,
          "dti": 316,
          "sco": 120,
          "dco": 1638,
          "txt": "Sochaux"
        },
        {
          "si": 9,
          "sti": 23,
          "dti": 317,
          "sco": 127,
          "dco": 1645,
          "txt": ","
        },
        {
          "si": 9,
          "sti": 24,
          "dti": 318,
          "sco": 129,
          "dco": 1647,
          "txt": "completed"
        },
        {
          "si": 9,
          "sti": 25,
          "dti": 319,
          "sco": 139,
          "dco": 1657,
          "txt": "his"
        },
        {
          "si": 9,
          "sti": 26,
          "dti": 320,
          "sco": 143,
          "dco": 1661,
          "txt": "hat"
        },
        {
          "si": 9,
          "sti": 27,
          "dti": 321,
          "sco": 146,
          "dco": 1664,
          "txt": "-"
        },
        {
          "si": 9,
          "sti": 28,
          "dti": 322,
          "sco": 147,
          "dco": 1665,
          "txt": "trick"
        },
        {
          "si": 9,
          "sti": 29,
          "dti": 323,
          "sco": 153,
          "dco": 1671,
          "txt": "in"
        },
        {
          "si": 9,
          "sti": 30,
          "dti": 324,
          "sco": 156,
          "dco": 1674,
          "txt": "the"
        },
        {
          "si": 9,
          "sti": 31,
          "dti": 325,
          "sco": 160,
          "dco": 1678,
          "txt": "nick"
        },
        {
          "si": 9,
          "sti": 32,
          "dti": 326,
          "sco": 165,
          "dco": 1683,
          "txt": "of"
        },
        {
          "si": 9,
          "sti": 33,
          "dti": 327,
          "sco": 168,
          "dco": 1686,
          "txt": "time"
        },
        {
          "si": 9,
          "sti": 34,
          "dti": 328,
          "sco": 172,
          "dco": 1690,
          "txt": ","
        },
        {
          "si": 9,
          "sti": 35,
          "dti": 329,
          "sco": 174,
          "dco": 1692,
          "txt": "scoring"
        },
        {
          "si": 9,
          "sti": 36,
          "dti": 330,
          "sco": 182,
          "dco": 1700,
          "txt": "the"
        },
        {
          "si": 9,
          "sti": 37,
          "dti": 331,
          "sco": 186,
          "dco": 1704,
          "txt": "fifth"
        },
        {
          "si": 9,
          "sti": 38,
          "dti": 332,
          "sco": 192,
          "dco": 1710,
          "txt": "in"
        },
        {
          "si": 9,
          "sti": 39,
          "dti": 333,
          "sco": 195,
          "dco": 1713,
          "txt": "the"
        },
        {
          "si": 9,
          "sti": 40,
          "dti": 334,
          "sco": 199,
          "dco": 1717,
          "txt": "89"
        },
        {
          "si": 9,
          "sti": 41,
          "dti": 335,
          "sco": 201,
          "dco": 1719,
          "txt": "th"
        },
        {
          "si": 9,
          "sti": 42,
          "dti": 336,
          "sco": 204,
          "dco": 1722,
          "txt": "minute"
        },
        {
          "si": 9,
          "sti": 43,
          "dti": 337,
          "sco": 210,
          "dco": 1728,
          "txt": "."
        },
        {
          "si": 10,
          "sti": 0,
          "dti": 338,
          "sco": 0,
          "dco": 1730,
          "txt": "Zairi"
        },
        {
          "si": 10,
          "sti": 1,
          "dti": 339,
          "sco": 6,
          "dco": 1736,
          "txt": "had"
        },
        {
          "si": 10,
          "sti": 2,
          "dti": 340,
          "sco": 10,
          "dco": 1740,
          "txt": "also"
        },
        {
          "si": 10,
          "sti": 3,
          "dti": 341,
          "sco": 15,
          "dco": 1745,
          "txt": "played"
        },
        {
          "si": 10,
          "sti": 4,
          "dti": 342,
          "sco": 22,
          "dco": 1752,
          "txt": "a"
        },
        {
          "si": 10,
          "sti": 5,
          "dti": 343,
          "sco": 24,
          "dco": 1754,
          "txt": "hand"
        },
        {
          "si": 10,
          "sti": 6,
          "dti": 344,
          "sco": 29,
          "dco": 1759,
          "txt": "in"
        },
        {
          "si": 10,
          "sti": 7,
          "dti": 345,
          "sco": 32,
          "dco": 1762,
          "txt": "the"
        },
        {
          "si": 10,
          "sti": 8,
          "dti": 346,
          "sco": 36,
          "dco": 1766,
          "txt": "two"
        },
        {
          "si": 10,
          "sti": 9,
          "dti": 347,
          "sco": 40,
          "dco": 1770,
          "txt": "other"
        },
        {
          "si": 10,
          "sti": 10,
          "dti": 348,
          "sco": 46,
          "dco": 1776,
          "txt": "goals"
        },
        {
          "si": 10,
          "sti": 11,
          "dti": 349,
          "sco": 51,
          "dco": 1781,
          "txt": ","
        },
        {
          "si": 10,
          "sti": 12,
          "dti": 350,
          "sco": 53,
          "dco": 1783,
          "txt": "with"
        },
        {
          "si": 10,
          "sti": 13,
          "dti": 351,
          "sco": 58,
          "dco": 1788,
          "txt": "some"
        },
        {
          "si": 10,
          "sti": 14,
          "dti": 352,
          "sco": 63,
          "dco": 1793,
          "txt": "fancy"
        },
        {
          "si": 10,
          "sti": 15,
          "dti": 353,
          "sco": 69,
          "dco": 1799,
          "txt": "footwork"
        },
        {
          "si": 10,
          "sti": 16,
          "dti": 354,
          "sco": 78,
          "dco": 1808,
          "txt": "and"
        },
        {
          "si": 10,
          "sti": 17,
          "dti": 355,
          "sco": 82,
          "dco": 1812,
          "txt": "perseverance"
        },
        {
          "si": 10,
          "sti": 18,
          "dti": 356,
          "sco": 94,
          "dco": 1824,
          "txt": ","
        },
        {
          "si": 10,
          "sti": 19,
          "dti": 357,
          "sco": 96,
          "dco": 1826,
          "txt": "and"
        },
        {
          "si": 10,
          "sti": 20,
          "dti": 358,
          "sco": 100,
          "dco": 1830,
          "txt": "benefited"
        },
        {
          "si": 10,
          "sti": 21,
          "dti": 359,
          "sco": 110,
          "dco": 1840,
          "txt": "himself"
        },
        {
          "si": 10,
          "sti": 22,
          "dti": 360,
          "sco": 118,
          "dco": 1848,
          "txt": "from"
        },
        {
          "si": 10,
          "sti": 23,
          "dti": 361,
          "sco": 123,
          "dco": 1853,
          "txt": "some"
        },
        {
          "si": 10,
          "sti": 24,
          "dti": 362,
          "sco": 128,
          "dco": 1858,
          "txt": "clumsy"
        },
        {
          "si": 10,
          "sti": 25,
          "dti": 363,
          "sco": 135,
          "dco": 1865,
          "txt": "goalkeeping"
        },
        {
          "si": 10,
          "sti": 26,
          "dti": 364,
          "sco": 146,
          "dco": 1876,
          "txt": "."
        },
        {
          "si": 11,
          "sti": 0,
          "dti": 365,
          "sco": 0,
          "dco": 1878,
          "txt": "Kenyas"
        },
        {
          "si": 11,
          "sti": 1,
          "dti": 366,
          "sco": 7,
          "dco": 1885,
          "txt": "giant"
        },
        {
          "si": 11,
          "sti": 2,
          "dti": 367,
          "sco": 13,
          "dco": 1891,
          "txt": "captain"
        },
        {
          "si": 11,
          "sti": 3,
          "dti": 368,
          "sco": 21,
          "dco": 1899,
          "txt": "Musa"
        },
        {
          "si": 11,
          "sti": 4,
          "dti": 369,
          "sco": 26,
          "dco": 1904,
          "txt": "Otieno"
        },
        {
          "si": 11,
          "sti": 5,
          "dti": 370,
          "sco": 33,
          "dco": 1911,
          "txt": "scored"
        },
        {
          "si": 11,
          "sti": 6,
          "dti": 371,
          "sco": 40,
          "dco": 1918,
          "txt": "a"
        },
        {
          "si": 11,
          "sti": 7,
          "dti": 372,
          "sco": 42,
          "dco": 1920,
          "txt": "consolation"
        },
        {
          "si": 11,
          "sti": 8,
          "dti": 373,
          "sco": 54,
          "dco": 1932,
          "txt": "goal"
        },
        {
          "si": 11,
          "sti": 9,
          "dti": 374,
          "sco": 59,
          "dco": 1937,
          "txt": "just"
        },
        {
          "si": 11,
          "sti": 10,
          "dti": 375,
          "sco": 64,
          "dco": 1942,
          "txt": "before"
        },
        {
          "si": 11,
          "sti": 11,
          "dti": 376,
          "sco": 71,
          "dco": 1949,
          "txt": "the"
        },
        {
          "si": 11,
          "sti": 12,
          "dti": 377,
          "sco": 75,
          "dco": 1953,
          "txt": "final"
        },
        {
          "si": 11,
          "sti": 13,
          "dti": 378,
          "sco": 81,
          "dco": 1959,
          "txt": "whistle"
        },
        {
          "si": 11,
          "sti": 14,
          "dti": 379,
          "sco": 89,
          "dco": 1967,
          "txt": "but"
        },
        {
          "si": 11,
          "sti": 15,
          "dti": 380,
          "sco": 93,
          "dco": 1971,
          "txt": "it"
        },
        {
          "si": 11,
          "sti": 16,
          "dti": 381,
          "sco": 96,
          "dco": 1974,
          "txt": "was"
        },
        {
          "si": 11,
          "sti": 17,
          "dti": 382,
          "sco": 100,
          "dco": 1978,
          "txt": "a"
        },
        {
          "si": 11,
          "sti": 18,
          "dti": 383,
          "sco": 102,
          "dco": 1980,
          "txt": "disappointing"
        },
        {
          "si": 11,
          "sti": 19,
          "dti": 384,
          "sco": 116,
          "dco": 1994,
          "txt": "night"
        },
        {
          "si": 11,
          "sti": 20,
          "dti": 385,
          "sco": 122,
          "dco": 2000,
          "txt": "for"
        },
        {
          "si": 11,
          "sti": 21,
          "dti": 386,
          "sco": 126,
          "dco": 2004,
          "txt": "the"
        },
        {
          "si": 11,
          "sti": 22,
          "dti": 387,
          "sco": 130,
          "dco": 2008,
          "txt": "31"
        },
        {
          "si": 11,
          "sti": 23,
          "dti": 388,
          "sco": 132,
          "dco": 2010,
          "txt": "-"
        },
        {
          "si": 11,
          "sti": 24,
          "dti": 389,
          "sco": 133,
          "dco": 2011,
          "txt": "year"
        },
        {
          "si": 11,
          "sti": 25,
          "dti": 390,
          "sco": 137,
          "dco": 2015,
          "txt": "-"
        },
        {
          "si": 11,
          "sti": 26,
          "dti": 391,
          "sco": 138,
          "dco": 2016,
          "txt": "old"
        },
        {
          "si": 11,
          "sti": 27,
          "dti": 392,
          "sco": 141,
          "dco": 2019,
          "txt": ","
        },
        {
          "si": 11,
          "sti": 28,
          "dti": 393,
          "sco": 143,
          "dco": 2021,
          "txt": "who"
        },
        {
          "si": 11,
          "sti": 29,
          "dti": 394,
          "sco": 147,
          "dco": 2025,
          "txt": "had"
        },
        {
          "si": 11,
          "sti": 30,
          "dti": 395,
          "sco": 151,
          "dco": 2029,
          "txt": "announced"
        },
        {
          "si": 11,
          "sti": 31,
          "dti": 396,
          "sco": 161,
          "dco": 2039,
          "txt": "his"
        },
        {
          "si": 11,
          "sti": 32,
          "dti": 397,
          "sco": 165,
          "dco": 2043,
          "txt": "intention"
        },
        {
          "si": 11,
          "sti": 33,
          "dti": 398,
          "sco": 175,
          "dco": 2053,
          "txt": "to"
        },
        {
          "si": 11,
          "sti": 34,
          "dti": 399,
          "sco": 178,
          "dco": 2056,
          "txt": "retire"
        },
        {
          "si": 11,
          "sti": 35,
          "dti": 400,
          "sco": 185,
          "dco": 2063,
          "txt": "from"
        },
        {
          "si": 11,
          "sti": 36,
          "dti": 401,
          "sco": 190,
          "dco": 2068,
          "txt": "international"
        },
        {
          "si": 11,
          "sti": 37,
          "dti": 402,
          "sco": 204,
          "dco": 2082,
          "txt": "football"
        },
        {
          "si": 11,
          "sti": 38,
          "dti": 403,
          "sco": 213,
          "dco": 2091,
          "txt": "once"
        },
        {
          "si": 11,
          "sti": 39,
          "dti": 404,
          "sco": 218,
          "dco": 2096,
          "txt": "the"
        },
        {
          "si": 11,
          "sti": 40,
          "dti": 405,
          "sco": 222,
          "dco": 2100,
          "txt": "qualifying"
        },
        {
          "si": 11,
          "sti": 41,
          "dti": 406,
          "sco": 233,
          "dco": 2111,
          "txt": "campaign"
        },
        {
          "si": 11,
          "sti": 42,
          "dti": 407,
          "sco": 242,
          "dco": 2120,
          "txt": "is"
        },
        {
          "si": 11,
          "sti": 43,
          "dti": 408,
          "sco": 245,
          "dco": 2123,
          "txt": "completed"
        },
        {
          "si": 11,
          "sti": 44,
          "dti": 409,
          "sco": 254,
          "dco": 2132,
          "txt": "."
        },
        {
          "si": 12,
          "sti": 0,
          "dti": 410,
          "sco": 0,
          "dco": 2134,
          "txt": "It"
        },
        {
          "si": 12,
          "sti": 1,
          "dti": 411,
          "sco": 3,
          "dco": 2137,
          "txt": "was"
        },
        {
          "si": 12,
          "sti": 2,
          "dti": 412,
          "sco": 7,
          "dco": 2141,
          "txt": "for"
        },
        {
          "si": 12,
          "sti": 3,
          "dti": 413,
          "sco": 11,
          "dco": 2145,
          "txt": "a"
        },
        {
          "si": 12,
          "sti": 4,
          "dti": 414,
          "sco": 13,
          "dco": 2147,
          "txt": "second"
        },
        {
          "si": 12,
          "sti": 5,
          "dti": 415,
          "sco": 20,
          "dco": 2154,
          "txt": "successive"
        },
        {
          "si": 12,
          "sti": 6,
          "dti": 416,
          "sco": 31,
          "dco": 2165,
          "txt": "time"
        },
        {
          "si": 12,
          "sti": 7,
          "dti": 417,
          "sco": 36,
          "dco": 2170,
          "txt": "that"
        },
        {
          "si": 12,
          "sti": 8,
          "dti": 418,
          "sco": 41,
          "dco": 2175,
          "txt": "Morocco"
        },
        {
          "si": 12,
          "sti": 9,
          "dti": 419,
          "sco": 49,
          "dco": 2183,
          "txt": "had"
        },
        {
          "si": 12,
          "sti": 10,
          "dti": 420,
          "sco": 53,
          "dco": 2187,
          "txt": "won"
        },
        {
          "si": 12,
          "sti": 11,
          "dti": 421,
          "sco": 57,
          "dco": 2191,
          "txt": "by"
        },
        {
          "si": 12,
          "sti": 12,
          "dti": 422,
          "sco": 60,
          "dco": 2194,
          "txt": "a"
        },
        {
          "si": 12,
          "sti": 13,
          "dti": 423,
          "sco": 62,
          "dco": 2196,
          "txt": "four"
        },
        {
          "si": 12,
          "sti": 14,
          "dti": 424,
          "sco": 66,
          "dco": 2200,
          "txt": "-"
        },
        {
          "si": 12,
          "sti": 15,
          "dti": 425,
          "sco": 67,
          "dco": 2201,
          "txt": "goal"
        },
        {
          "si": 12,
          "sti": 16,
          "dti": 426,
          "sco": 72,
          "dco": 2206,
          "txt": "margin"
        },
        {
          "si": 12,
          "sti": 17,
          "dti": 427,
          "sco": 78,
          "dco": 2212,
          "txt": ","
        },
        {
          "si": 12,
          "sti": 18,
          "dti": 428,
          "sco": 80,
          "dco": 2214,
          "txt": "having"
        },
        {
          "si": 12,
          "sti": 19,
          "dti": 429,
          "sco": 87,
          "dco": 2221,
          "txt": "beaten"
        },
        {
          "si": 12,
          "sti": 20,
          "dti": 430,
          "sco": 94,
          "dco": 2228,
          "txt": "Burkina"
        },
        {
          "si": 12,
          "sti": 21,
          "dti": 431,
          "sco": 102,
          "dco": 2236,
          "txt": "Faso"
        },
        {
          "si": 12,
          "sti": 22,
          "dti": 432,
          "sco": 107,
          "dco": 2241,
          "txt": "4"
        },
        {
          "si": 12,
          "sti": 23,
          "dti": 433,
          "sco": 108,
          "dco": 2242,
          "txt": "-"
        },
        {
          "si": 12,
          "sti": 24,
          "dti": 434,
          "sco": 109,
          "dco": 2243,
          "txt": "0"
        },
        {
          "si": 12,
          "sti": 25,
          "dti": 435,
          "sco": 111,
          "dco": 2245,
          "txt": "in"
        },
        {
          "si": 12,
          "sti": 26,
          "dti": 436,
          "sco": 114,
          "dco": 2248,
          "txt": "Rabat"
        },
        {
          "si": 12,
          "sti": 27,
          "dti": 437,
          "sco": 120,
          "dco": 2254,
          "txt": "in"
        },
        {
          "si": 12,
          "sti": 28,
          "dti": 438,
          "sco": 123,
          "dco": 2257,
          "txt": "November"
        },
        {
          "si": 12,
          "sti": 29,
          "dti": 439,
          "sco": 132,
          "dco": 2266,
          "txt": "in"
        },
        {
          "si": 12,
          "sti": 30,
          "dti": 440,
          "sco": 135,
          "dco": 2269,
          "txt": "a"
        },
        {
          "si": 12,
          "sti": 31,
          "dti": 441,
          "sco": 137,
          "dco": 2271,
          "txt": "friendly"
        },
        {
          "si": 12,
          "sti": 32,
          "dti": 442,
          "sco": 146,
          "dco": 2280,
          "txt": "encounter"
        },
        {
          "si": 12,
          "sti": 33,
          "dti": 443,
          "sco": 155,
          "dco": 2289,
          "txt": "."
        },
        {
          "si": 13,
          "sti": 0,
          "dti": 444,
          "sco": 0,
          "dco": 2291,
          "txt": "But"
        },
        {
          "si": 13,
          "sti": 1,
          "dti": 445,
          "sco": 4,
          "dco": 2295,
          "txt": "the"
        },
        {
          "si": 13,
          "sti": 2,
          "dti": 446,
          "sco": 8,
          "dco": 2299,
          "txt": "5"
        },
        {
          "si": 13,
          "sti": 3,
          "dti": 447,
          "sco": 9,
          "dco": 2300,
          "txt": "-"
        },
        {
          "si": 13,
          "sti": 4,
          "dti": 448,
          "sco": 10,
          "dco": 2301,
          "txt": "1"
        },
        {
          "si": 13,
          "sti": 5,
          "dti": 449,
          "sco": 12,
          "dco": 2303,
          "txt": "margin"
        },
        {
          "si": 13,
          "sti": 6,
          "dti": 450,
          "sco": 19,
          "dco": 2310,
          "txt": "is"
        },
        {
          "si": 13,
          "sti": 7,
          "dti": 451,
          "sco": 22,
          "dco": 2313,
          "txt": "their"
        },
        {
          "si": 13,
          "sti": 8,
          "dti": 452,
          "sco": 28,
          "dco": 2319,
          "txt": "biggest"
        },
        {
          "si": 13,
          "sti": 9,
          "dti": 453,
          "sco": 36,
          "dco": 2327,
          "txt": "in"
        },
        {
          "si": 13,
          "sti": 10,
          "dti": 454,
          "sco": 39,
          "dco": 2330,
          "txt": "a"
        },
        {
          "si": 13,
          "sti": 11,
          "dti": 455,
          "sco": 41,
          "dco": 2332,
          "txt": "FIFA"
        },
        {
          "si": 13,
          "sti": 12,
          "dti": 456,
          "sco": 46,
          "dco": 2337,
          "txt": "World"
        },
        {
          "si": 13,
          "sti": 13,
          "dti": 457,
          "sco": 52,
          "dco": 2343,
          "txt": "Cup"
        },
        {
          "si": 13,
          "sti": 14,
          "dti": 458,
          "sco": 56,
          "dco": 2347,
          "txt": "match"
        },
        {
          "si": 13,
          "sti": 15,
          "dti": 459,
          "sco": 62,
          "dco": 2353,
          "txt": "since"
        },
        {
          "si": 13,
          "sti": 16,
          "dti": 460,
          "sco": 68,
          "dco": 2359,
          "txt": "they"
        },
        {
          "si": 13,
          "sti": 17,
          "dti": 461,
          "sco": 73,
          "dco": 2364,
          "txt": "beat"
        },
        {
          "si": 13,
          "sti": 18,
          "dti": 462,
          "sco": 78,
          "dco": 2369,
          "txt": "Ethiopia"
        },
        {
          "si": 13,
          "sti": 19,
          "dti": 463,
          "sco": 87,
          "dco": 2378,
          "txt": "5"
        },
        {
          "si": 13,
          "sti": 20,
          "dti": 464,
          "sco": 88,
          "dco": 2379,
          "txt": "-"
        },
        {
          "si": 13,
          "sti": 21,
          "dti": 465,
          "sco": 89,
          "dco": 2380,
          "txt": "0"
        },
        {
          "si": 13,
          "sti": 22,
          "dti": 466,
          "sco": 91,
          "dco": 2382,
          "txt": "in"
        },
        {
          "si": 13,
          "sti": 23,
          "dti": 467,
          "sco": 94,
          "dco": 2385,
          "txt": "Casablanca"
        },
        {
          "si": 13,
          "sti": 24,
          "dti": 468,
          "sco": 105,
          "dco": 2396,
          "txt": "in"
        },
        {
          "si": 13,
          "sti": 25,
          "dti": 469,
          "sco": 108,
          "dco": 2399,
          "txt": "a"
        },
        {
          "si": 13,
          "sti": 26,
          "dti": 470,
          "sco": 110,
          "dco": 2401,
          "txt": "qualifier"
        },
        {
          "si": 13,
          "sti": 27,
          "dti": 471,
          "sco": 120,
          "dco": 2411,
          "txt": "for"
        },
        {
          "si": 13,
          "sti": 28,
          "dti": 472,
          "sco": 124,
          "dco": 2415,
          "txt": "the"
        },
        {
          "si": 13,
          "sti": 29,
          "dti": 473,
          "sco": 128,
          "dco": 2419,
          "txt": "1994"
        },
        {
          "si": 13,
          "sti": 30,
          "dti": 474,
          "sco": 133,
          "dco": 2424,
          "txt": "finals"
        },
        {
          "si": 13,
          "sti": 31,
          "dti": 475,
          "sco": 140,
          "dco": 2431,
          "txt": "in"
        },
        {
          "si": 13,
          "sti": 32,
          "dti": 476,
          "sco": 143,
          "dco": 2434,
          "txt": "the"
        },
        {
          "si": 13,
          "sti": 33,
          "dti": 477,
          "sco": 147,
          "dco": 2438,
          "txt": "USA"
        },
        {
          "si": 13,
          "sti": 34,
          "dti": 478,
          "sco": 150,
          "dco": 2441,
          "txt": "."
        },
        {
          "si": 14,
          "sti": 0,
          "dti": 479,
          "sco": 0,
          "dco": 2443,
          "txt": "Ezakis"
        },
        {
          "si": 14,
          "sti": 1,
          "dti": 480,
          "sco": 7,
          "dco": 2450,
          "txt": "side"
        },
        {
          "si": 14,
          "sti": 2,
          "dti": 481,
          "sco": 12,
          "dco": 2455,
          "txt": "have"
        },
        {
          "si": 14,
          "sti": 3,
          "dti": 482,
          "sco": 17,
          "dco": 2460,
          "txt": "also"
        },
        {
          "si": 14,
          "sti": 4,
          "dti": 483,
          "sco": 22,
          "dco": 2465,
          "txt": "stretched"
        },
        {
          "si": 14,
          "sti": 5,
          "dti": 484,
          "sco": 32,
          "dco": 2475,
          "txt": "their"
        },
        {
          "si": 14,
          "sti": 6,
          "dti": 485,
          "sco": 38,
          "dco": 2481,
          "txt": "unbeaten"
        },
        {
          "si": 14,
          "sti": 7,
          "dti": 486,
          "sco": 47,
          "dco": 2490,
          "txt": "run"
        },
        {
          "si": 14,
          "sti": 8,
          "dti": 487,
          "sco": 51,
          "dco": 2494,
          "txt": "to"
        },
        {
          "si": 14,
          "sti": 9,
          "dti": 488,
          "sco": 54,
          "dco": 2497,
          "txt": "seven"
        },
        {
          "si": 14,
          "sti": 10,
          "dti": 489,
          "sco": 60,
          "dco": 2503,
          "txt": "matches"
        },
        {
          "si": 14,
          "sti": 11,
          "dti": 490,
          "sco": 68,
          "dco": 2511,
          "txt": "since"
        },
        {
          "si": 14,
          "sti": 12,
          "dti": 491,
          "sco": 74,
          "dco": 2517,
          "txt": "they"
        },
        {
          "si": 14,
          "sti": 13,
          "dti": 492,
          "sco": 79,
          "dco": 2522,
          "txt": "lost"
        },
        {
          "si": 14,
          "sti": 14,
          "dti": 493,
          "sco": 84,
          "dco": 2527,
          "txt": "a"
        },
        {
          "si": 14,
          "sti": 15,
          "dti": 494,
          "sco": 86,
          "dco": 2529,
          "txt": "friendly"
        },
        {
          "si": 14,
          "sti": 16,
          "dti": 495,
          "sco": 95,
          "dco": 2538,
          "txt": "to"
        },
        {
          "si": 14,
          "sti": 17,
          "dti": 496,
          "sco": 98,
          "dco": 2541,
          "txt": "Argentina"
        },
        {
          "si": 14,
          "sti": 18,
          "dti": 497,
          "sco": 108,
          "dco": 2551,
          "txt": "last"
        },
        {
          "si": 14,
          "sti": 19,
          "dti": 498,
          "sco": 113,
          "dco": 2556,
          "txt": "April"
        },
        {
          "si": 14,
          "sti": 20,
          "dti": 499,
          "sco": 118,
          "dco": 2561,
          "txt": "."
        },
        {
          "si": 15,
          "sti": 0,
          "dti": 500,
          "sco": 0,
          "dco": 2563,
          "txt": "Kenyas"
        },
        {
          "si": 15,
          "sti": 1,
          "dti": 501,
          "sco": 7,
          "dco": 2570,
          "txt": "Harambee"
        },
        {
          "si": 15,
          "sti": 2,
          "dti": 502,
          "sco": 16,
          "dco": 2579,
          "txt": "Stars"
        },
        {
          "si": 15,
          "sti": 3,
          "dti": 503,
          "sco": 22,
          "dco": 2585,
          "txt": "have"
        },
        {
          "si": 15,
          "sti": 4,
          "dti": 504,
          "sco": 27,
          "dco": 2590,
          "txt": "now"
        },
        {
          "si": 15,
          "sti": 5,
          "dti": 505,
          "sco": 31,
          "dco": 2594,
          "txt": "lost"
        },
        {
          "si": 15,
          "sti": 6,
          "dti": 506,
          "sco": 36,
          "dco": 2599,
          "txt": "two"
        },
        {
          "si": 15,
          "sti": 7,
          "dti": 507,
          "sco": 40,
          "dco": 2603,
          "txt": "of"
        },
        {
          "si": 15,
          "sti": 8,
          "dti": 508,
          "sco": 43,
          "dco": 2606,
          "txt": "their"
        },
        {
          "si": 15,
          "sti": 9,
          "dti": 509,
          "sco": 49,
          "dco": 2612,
          "txt": "four"
        },
        {
          "si": 15,
          "sti": 10,
          "dti": 510,
          "sco": 54,
          "dco": 2617,
          "txt": "matches"
        },
        {
          "si": 15,
          "sti": 11,
          "dti": 511,
          "sco": 62,
          "dco": 2625,
          "txt": "in"
        },
        {
          "si": 15,
          "sti": 12,
          "dti": 512,
          "sco": 65,
          "dco": 2628,
          "txt": "group"
        },
        {
          "si": 15,
          "sti": 13,
          "dti": 513,
          "sco": 71,
          "dco": 2634,
          "txt": "five"
        },
        {
          "si": 15,
          "sti": 14,
          "dti": 514,
          "sco": 75,
          "dco": 2638,
          "txt": ","
        },
        {
          "si": 15,
          "sti": 15,
          "dti": 515,
          "sco": 77,
          "dco": 2640,
          "txt": "wining"
        },
        {
          "si": 15,
          "sti": 16,
          "dti": 516,
          "sco": 84,
          "dco": 2647,
          "txt": "the"
        },
        {
          "si": 15,
          "sti": 17,
          "dti": 517,
          "sco": 88,
          "dco": 2651,
          "txt": "other"
        },
        {
          "si": 15,
          "sti": 18,
          "dti": 518,
          "sco": 94,
          "dco": 2657,
          "txt": "pair"
        },
        {
          "si": 15,
          "sti": 19,
          "dti": 519,
          "sco": 98,
          "dco": 2661,
          "txt": "."
        }
      ]
    },
    "ganns": {
      "dla": [],
      "la": [],
      "ea": [],
      "eta": [
        {
          "ra": {
            "ea": {
              "etn": "Goal"
            }
          },
          "sfs": [
            [
              {
                "stn": "scoreTeamB"
              },
              {
                "ea": {
                  "etn": "0"
                }
              }
            ],
            [
              {
                "stn": "forTeam"
              },
              {
                "ea": {
                  "etn": "Morocco"
                }
              }
            ],
            [
              {
                "stn": "scoreTeamA"
              },
              {
                "ea": {
                  "etn": "1"
                }
              }
            ],
            [
              {
                "stn": "minute"
              },
              {
                "ea": {
                  "etn": "12"
                }
              }
            ],
            [
              {
                "stn": "scorer"
              },
              {
                "ea": {
                  "etn": "Zairi Jaouad"
                }
              }
            ]
          ],
          "mfs": {}
        },
        {
          "ra": {
            "ea": {
              "etn": "Goal"
            }
          },
          "sfs": [
            [
              {
                "stn": "scoreTeamB"
              },
              {
                "ea": {
                  "etn": "0"
                }
              }
            ],
            [
              {
                "stn": "forTeam"
              },
              {
                "ea": {
                  "etn": "Morocco"
                }
              }
            ],
            [
              {
                "stn": "scoreTeamA"
              },
              {
                "ea": {
                  "etn": "2"
                }
              }
            ],
            [
              {
                "stn": "minute"
              },
              {
                "ea": {
                  "etn": "39"
                }
              }
            ],
            [
              {
                "stn": "scorer"
              },
              {
                "ea": {
                  "etn": "Zairi Jaouad"
                }
              }
            ]
          ],
          "mfs": {}
        },
        {
          "ra": {
            "ea": {
              "etn": "Goal"
            }
          },
          "sfs": [
            [
              {
                "stn": "scoreTeamB"
              },
              {
                "ea": {
                  "etn": "0"
                }
              }
            ],
            [
              {
                "stn": "forTeam"
              },
              {
                "ea": {
                  "etn": "Morocco"
                }
              }
            ],
            [
              {
                "stn": "scoreTeamA"
              },
              {
                "ea": {
                  "etn": "3"
                }
              }
            ],
            [
              {
                "stn": "minute"
              },
              {
                "ea": {
                  "etn": "46"
                }
              }
            ],
            [
              {
                "stn": "scorer"
              },
              {
                "ea": {
                  "etn": "Diane Mounir"
                }
              }
            ]
          ],
          "mfs": {}
        },
        {
          "ra": {
            "ea": {
              "etn": "Goal"
            }
          },
          "sfs": [
            [
              {
                "stn": "scoreTeamB"
              },
              {
                "ea": {
                  "etn": "0"
                }
              }
            ],
            [
              {
                "stn": "forTeam"
              },
              {
                "ea": {
                  "etn": "Morocco"
                }
              }
            ],
            [
              {
                "stn": "scoreTeamA"
              },
              {
                "ea": {
                  "etn": "4"
                }
              }
            ],
            [
              {
                "stn": "minute"
              },
              {
                "ea": {
                  "etn": "81"
                }
              }
            ],
            [
              {
                "stn": "scorer"
              },
              {
                "ea": {
                  "etn": "Hadji Youssef"
                }
              }
            ]
          ],
          "mfs": {}
        },
        {
          "ra": {
            "ea": {
              "etn": "Goal"
            }
          },
          "sfs": [
            [
              {
                "stn": "scoreTeamB"
              },
              {
                "ea": {
                  "etn": "0"
                }
              }
            ],
            [
              {
                "stn": "forTeam"
              },
              {
                "ea": {
                  "etn": "Morocco"
                }
              }
            ],
            [
              {
                "stn": "scoreTeamA"
              },
              {
                "ea": {
                  "etn": "5"
                }
              }
            ],
            [
              {
                "stn": "minute"
              },
              {
                "ea": {
                  "etn": "90"
                }
              }
            ],
            [
              {
                "stn": "scorer"
              },
              {
                "ea": {
                  "etn": "Zairi Jaouad"
                }
              }
            ]
          ],
          "mfs": {}
        },
        {
          "ra": {
            "ea": {
              "etn": "Goal"
            }
          },
          "sfs": [
            [
              {
                "stn": "scoreTeamB"
              },
              {
                "ea": {
                  "etn": "1"
                }
              }
            ],
            [
              {
                "stn": "forTeam"
              },
              {
                "ea": {
                  "etn": "Kenya"
                }
              }
            ],
            [
              {
                "stn": "scoreTeamA"
              },
              {
                "ea": {
                  "etn": "5"
                }
              }
            ],
            [
              {
                "stn": "minute"
              },
              {
                "ea": {
                  "etn": "93"
                }
              }
            ],
            [
              {
                "stn": "scorer"
              },
              {
                "ea": {
                  "etn": "Otieno Musa"
                }
              }
            ]
          ],
          "mfs": {}
        },
        {
          "ra": {
            "ea": {
              "etn": "YellowCard"
            }
          },
          "sfs": [
            [
              {
                "stn": "cardForTeam"
              },
              {
                "ea": {
                  "etn": "Kenya"
                }
              }
            ],
            [
              {
                "stn": "cardMinute"
              },
              {
                "ea": {
                  "etn": "17"
                }
              }
            ],
            [
              {
                "stn": "player"
              },
              {
                "ea": {
                  "etn": "Oundo Thomas Juma"
                }
              }
            ]
          ],
          "mfs": {}
        },
        {
          "ra": {
            "ea": {
              "etn": "YellowCard"
            }
          },
          "sfs": [
            [
              {
                "stn": "cardForTeam"
              },
              {
                "ea": {
                  "etn": "Morocco"
                }
              }
            ],
            [
              {
                "stn": "cardMinute"
              },
              {
                "ea": {
                  "etn": "39"
                }
              }
            ],
            [
              {
                "stn": "player"
              },
              {
                "ea": {
                  "etn": "Zairi Jaouad"
                }
              }
            ]
          ],
          "mfs": {}
        },
        {
          "ra": {
            "ea": {
              "etn": "YellowCard"
            }
          },
          "sfs": [
            [
              {
                "stn": "cardForTeam"
              },
              {
                "ea": {
                  "etn": "Kenya"
                }
              }
            ],
            [
              {
                "stn": "cardMinute"
              },
              {
                "ea": {
                  "etn": "43"
                }
              }
            ],
            [
              {
                "stn": "player"
              },
              {
                "ea": {
                  "etn": "Mariaga Macdonald"
                }
              }
            ]
          ],
          "mfs": {}
        },
        {
          "ra": {
            "ea": {
              "etn": "TeamStats"
            }
          },
          "sfs": [
            [
              {
                "stn": "finalScore"
              },
              {
                "ea": {
                  "etn": "5"
                }
              }
            ],
            [
              {
                "stn": "name"
              },
              {
                "ea": {
                  "etn": "Morocco"
                }
              }
            ]
          ],
          "mfs": {}
        },
        {
          "ra": {
            "ea": {
              "etn": "TeamStats"
            }
          },
          "sfs": [
            [
              {
                "stn": "finalScore"
              },
              {
                "ea": {
                  "etn": "1"
                }
              }
            ],
            [
              {
                "stn": "name"
              },
              {
                "ea": {
                  "etn": "Kenya"
                }
              }
            ]
          ],
          "mfs": {}
        }
      ]
    }
  }
]
