[
  {
    "context": "UNSPECIFIED",
    "doc": {
      "id": "en_mr39382_struct",
      "tl": [
        {
          "si": 0,
          "sti": 0,
          "dti": 0,
          "sco": 0,
          "dco": 0,
          "txt": "US"
        },
        {
          "si": 0,
          "sti": 1,
          "dti": 1,
          "sco": 3,
          "dco": 3,
          "txt": "down"
        },
        {
          "si": 0,
          "sti": 2,
          "dti": 2,
          "sco": 8,
          "dco": 8,
          "txt": "Panama"
        },
        {
          "si": 0,
          "sti": 3,
          "dti": 3,
          "sco": 15,
          "dco": 15,
          "txt": "in"
        },
        {
          "si": 0,
          "sti": 4,
          "dti": 4,
          "sco": 18,
          "dco": 18,
          "txt": "final"
        },
        {
          "si": 0,
          "sti": 5,
          "dti": 5,
          "sco": 24,
          "dco": 24,
          "txt": "qualifier"
        },
        {
          "si": 0,
          "sti": 6,
          "dti": 6,
          "sco": 33,
          "dco": 33,
          "txt": "."
        },
        {
          "si": 1,
          "sti": 0,
          "dti": 7,
          "sco": 0,
          "dco": 35,
          "txt": "Kyle"
        },
        {
          "si": 1,
          "sti": 1,
          "dti": 8,
          "sco": 5,
          "dco": 40,
          "txt": "Martino"
        },
        {
          "si": 1,
          "sti": 2,
          "dti": 9,
          "sco": 13,
          "dco": 48,
          "txt": "and"
        },
        {
          "si": 1,
          "sti": 3,
          "dti": 10,
          "sco": 17,
          "dco": 52,
          "txt": "Taylor"
        },
        {
          "si": 1,
          "sti": 4,
          "dti": 11,
          "sco": 24,
          "dco": 59,
          "txt": "Twellman"
        },
        {
          "si": 1,
          "sti": 5,
          "dti": 12,
          "sco": 33,
          "dco": 68,
          "txt": "scored"
        },
        {
          "si": 1,
          "sti": 6,
          "dti": 13,
          "sco": 40,
          "dco": 75,
          "txt": "their"
        },
        {
          "si": 1,
          "sti": 7,
          "dti": 14,
          "sco": 46,
          "dco": 81,
          "txt": "first"
        },
        {
          "si": 1,
          "sti": 8,
          "dti": 15,
          "sco": 52,
          "dco": 87,
          "txt": "international"
        },
        {
          "si": 1,
          "sti": 9,
          "dti": 16,
          "sco": 66,
          "dco": 101,
          "txt": "goals"
        },
        {
          "si": 1,
          "sti": 10,
          "dti": 17,
          "sco": 72,
          "dco": 107,
          "txt": "as"
        },
        {
          "si": 1,
          "sti": 11,
          "dti": 18,
          "sco": 75,
          "dco": 110,
          "txt": "the"
        },
        {
          "si": 1,
          "sti": 12,
          "dti": 19,
          "sco": 79,
          "dco": 114,
          "txt": "United"
        },
        {
          "si": 1,
          "sti": 13,
          "dti": 20,
          "sco": 86,
          "dco": 121,
          "txt": "States"
        },
        {
          "si": 1,
          "sti": 14,
          "dti": 21,
          "sco": 93,
          "dco": 128,
          "txt": "beat"
        },
        {
          "si": 1,
          "sti": 15,
          "dti": 22,
          "sco": 98,
          "dco": 133,
          "txt": "Panama"
        },
        {
          "si": 1,
          "sti": 16,
          "dti": 23,
          "sco": 105,
          "dco": 140,
          "txt": "2"
        },
        {
          "si": 1,
          "sti": 17,
          "dti": 24,
          "sco": 106,
          "dco": 141,
          "txt": "-"
        },
        {
          "si": 1,
          "sti": 18,
          "dti": 25,
          "sco": 107,
          "dco": 142,
          "txt": "0"
        },
        {
          "si": 1,
          "sti": 19,
          "dti": 26,
          "sco": 109,
          "dco": 144,
          "txt": "on"
        },
        {
          "si": 1,
          "sti": 20,
          "dti": 27,
          "sco": 112,
          "dco": 147,
          "txt": "Wednesday"
        },
        {
          "si": 1,
          "sti": 21,
          "dti": 28,
          "sco": 122,
          "dco": 157,
          "txt": "night"
        },
        {
          "si": 1,
          "sti": 22,
          "dti": 29,
          "sco": 128,
          "dco": 163,
          "txt": "in"
        },
        {
          "si": 1,
          "sti": 23,
          "dti": 30,
          "sco": 131,
          "dco": 166,
          "txt": "their"
        },
        {
          "si": 1,
          "sti": 24,
          "dti": 31,
          "sco": 137,
          "dco": 172,
          "txt": "final"
        },
        {
          "si": 1,
          "sti": 25,
          "dti": 32,
          "sco": 143,
          "dco": 178,
          "txt": "FIFA"
        },
        {
          "si": 1,
          "sti": 26,
          "dti": 33,
          "sco": 148,
          "dco": 183,
          "txt": "World"
        },
        {
          "si": 1,
          "sti": 27,
          "dti": 34,
          "sco": 154,
          "dco": 189,
          "txt": "Cup"
        },
        {
          "si": 1,
          "sti": 28,
          "dti": 35,
          "sco": 158,
          "dco": 193,
          "txt": "qualifying"
        },
        {
          "si": 1,
          "sti": 29,
          "dti": 36,
          "sco": 169,
          "dco": 204,
          "txt": "match"
        },
        {
          "si": 1,
          "sti": 30,
          "dti": 37,
          "sco": 174,
          "dco": 209,
          "txt": "."
        },
        {
          "si": 2,
          "sti": 0,
          "dti": 38,
          "sco": 0,
          "dco": 211,
          "txt": "Already"
        },
        {
          "si": 2,
          "sti": 1,
          "dti": 39,
          "sco": 8,
          "dco": 219,
          "txt": "qualified"
        },
        {
          "si": 2,
          "sti": 2,
          "dti": 40,
          "sco": 18,
          "dco": 229,
          "txt": "for"
        },
        {
          "si": 2,
          "sti": 3,
          "dti": 41,
          "sco": 22,
          "dco": 233,
          "txt": "the"
        },
        {
          "si": 2,
          "sti": 4,
          "dti": 42,
          "sco": 26,
          "dco": 237,
          "txt": "finals"
        },
        {
          "si": 2,
          "sti": 5,
          "dti": 43,
          "sco": 32,
          "dco": 243,
          "txt": ","
        },
        {
          "si": 2,
          "sti": 6,
          "dti": 44,
          "sco": 34,
          "dco": 245,
          "txt": "the"
        },
        {
          "si": 2,
          "sti": 7,
          "dti": 45,
          "sco": 38,
          "dco": 249,
          "txt": "US"
        },
        {
          "si": 2,
          "sti": 8,
          "dti": 46,
          "sco": 41,
          "dco": 252,
          "txt": "fielded"
        },
        {
          "si": 2,
          "sti": 9,
          "dti": 47,
          "sco": 49,
          "dco": 260,
          "txt": "a"
        },
        {
          "si": 2,
          "sti": 10,
          "dti": 48,
          "sco": 51,
          "dco": 262,
          "txt": "starting"
        },
        {
          "si": 2,
          "sti": 11,
          "dti": 49,
          "sco": 60,
          "dco": 271,
          "txt": "lineup"
        },
        {
          "si": 2,
          "sti": 12,
          "dti": 50,
          "sco": 67,
          "dco": 278,
          "txt": "that"
        },
        {
          "si": 2,
          "sti": 13,
          "dti": 51,
          "sco": 72,
          "dco": 283,
          "txt": "included"
        },
        {
          "si": 2,
          "sti": 14,
          "dti": 52,
          "sco": 81,
          "dco": 292,
          "txt": "six"
        },
        {
          "si": 2,
          "sti": 15,
          "dti": 53,
          "sco": 85,
          "dco": 296,
          "txt": "players"
        },
        {
          "si": 2,
          "sti": 16,
          "dti": 54,
          "sco": 93,
          "dco": 304,
          "txt": "with"
        },
        {
          "si": 2,
          "sti": 17,
          "dti": 55,
          "sco": 98,
          "dco": 309,
          "txt": "fewer"
        },
        {
          "si": 2,
          "sti": 18,
          "dti": 56,
          "sco": 104,
          "dco": 315,
          "txt": "than"
        },
        {
          "si": 2,
          "sti": 19,
          "dti": 57,
          "sco": 109,
          "dco": 320,
          "txt": "ten"
        },
        {
          "si": 2,
          "sti": 20,
          "dti": 58,
          "sco": 113,
          "dco": 324,
          "txt": "caps"
        },
        {
          "si": 2,
          "sti": 21,
          "dti": 59,
          "sco": 118,
          "dco": 329,
          "txt": "each"
        },
        {
          "si": 2,
          "sti": 22,
          "dti": 60,
          "sco": 123,
          "dco": 334,
          "txt": "and"
        },
        {
          "si": 2,
          "sti": 23,
          "dti": 61,
          "sco": 127,
          "dco": 338,
          "txt": "two"
        },
        {
          "si": 2,
          "sti": 24,
          "dti": 62,
          "sco": 131,
          "dco": 342,
          "txt": "players"
        },
        {
          "si": 2,
          "sti": 25,
          "dti": 63,
          "sco": 138,
          "dco": 349,
          "txt": ","
        },
        {
          "si": 2,
          "sti": 26,
          "dti": 64,
          "sco": 140,
          "dco": 351,
          "txt": "midfielders"
        },
        {
          "si": 2,
          "sti": 27,
          "dti": 65,
          "sco": 152,
          "dco": 363,
          "txt": "Justin"
        },
        {
          "si": 2,
          "sti": 28,
          "dti": 66,
          "sco": 159,
          "dco": 370,
          "txt": "Mapp"
        },
        {
          "si": 2,
          "sti": 29,
          "dti": 67,
          "sco": 164,
          "dco": 375,
          "txt": "and"
        },
        {
          "si": 2,
          "sti": 30,
          "dti": 68,
          "sco": 168,
          "dco": 379,
          "txt": "Brian"
        },
        {
          "si": 2,
          "sti": 31,
          "dti": 69,
          "sco": 174,
          "dco": 385,
          "txt": "Carroll"
        },
        {
          "si": 2,
          "sti": 32,
          "dti": 70,
          "sco": 181,
          "dco": 392,
          "txt": ","
        },
        {
          "si": 2,
          "sti": 33,
          "dti": 71,
          "sco": 183,
          "dco": 394,
          "txt": "making"
        },
        {
          "si": 2,
          "sti": 34,
          "dti": 72,
          "sco": 190,
          "dco": 401,
          "txt": "their"
        },
        {
          "si": 2,
          "sti": 35,
          "dti": 73,
          "sco": 196,
          "dco": 407,
          "txt": "first"
        },
        {
          "si": 2,
          "sti": 36,
          "dti": 74,
          "sco": 202,
          "dco": 413,
          "txt": "appearances"
        },
        {
          "si": 2,
          "sti": 37,
          "dti": 75,
          "sco": 214,
          "dco": 425,
          "txt": "for"
        },
        {
          "si": 2,
          "sti": 38,
          "dti": 76,
          "sco": 218,
          "dco": 429,
          "txt": "the"
        },
        {
          "si": 2,
          "sti": 39,
          "dti": 77,
          "sco": 222,
          "dco": 433,
          "txt": "national"
        },
        {
          "si": 2,
          "sti": 40,
          "dti": 78,
          "sco": 231,
          "dco": 442,
          "txt": "team"
        },
        {
          "si": 2,
          "sti": 41,
          "dti": 79,
          "sco": 235,
          "dco": 446,
          "txt": "."
        },
        {
          "si": 3,
          "sti": 0,
          "dti": 80,
          "sco": 0,
          "dco": 448,
          "txt": "Martino"
        },
        {
          "si": 3,
          "sti": 1,
          "dti": 81,
          "sco": 8,
          "dco": 456,
          "txt": "opened"
        },
        {
          "si": 3,
          "sti": 2,
          "dti": 82,
          "sco": 15,
          "dco": 463,
          "txt": "the"
        },
        {
          "si": 3,
          "sti": 3,
          "dti": 83,
          "sco": 19,
          "dco": 467,
          "txt": "scoring"
        },
        {
          "si": 3,
          "sti": 4,
          "dti": 84,
          "sco": 27,
          "dco": 475,
          "txt": "in"
        },
        {
          "si": 3,
          "sti": 5,
          "dti": 85,
          "sco": 30,
          "dco": 478,
          "txt": "the"
        },
        {
          "si": 3,
          "sti": 6,
          "dti": 86,
          "sco": 34,
          "dco": 482,
          "txt": "51"
        },
        {
          "si": 3,
          "sti": 7,
          "dti": 87,
          "sco": 36,
          "dco": 484,
          "txt": "st"
        },
        {
          "si": 3,
          "sti": 8,
          "dti": 88,
          "sco": 39,
          "dco": 487,
          "txt": "minute"
        },
        {
          "si": 3,
          "sti": 9,
          "dti": 89,
          "sco": 46,
          "dco": 494,
          "txt": "for"
        },
        {
          "si": 3,
          "sti": 10,
          "dti": 90,
          "sco": 50,
          "dco": 498,
          "txt": "the"
        },
        {
          "si": 3,
          "sti": 11,
          "dti": 91,
          "sco": 54,
          "dco": 502,
          "txt": "Americans"
        },
        {
          "si": 3,
          "sti": 12,
          "dti": 92,
          "sco": 63,
          "dco": 511,
          "txt": ","
        },
        {
          "si": 3,
          "sti": 13,
          "dti": 93,
          "sco": 65,
          "dco": 513,
          "txt": "who"
        },
        {
          "si": 3,
          "sti": 14,
          "dti": 94,
          "sco": 69,
          "dco": 517,
          "txt": "bounced"
        },
        {
          "si": 3,
          "sti": 15,
          "dti": 95,
          "sco": 77,
          "dco": 525,
          "txt": "back"
        },
        {
          "si": 3,
          "sti": 16,
          "dti": 96,
          "sco": 82,
          "dco": 530,
          "txt": "from"
        },
        {
          "si": 3,
          "sti": 17,
          "dti": 97,
          "sco": 87,
          "dco": 535,
          "txt": "a"
        },
        {
          "si": 3,
          "sti": 18,
          "dti": 98,
          "sco": 89,
          "dco": 537,
          "txt": "3"
        },
        {
          "si": 3,
          "sti": 19,
          "dti": 99,
          "sco": 90,
          "dco": 538,
          "txt": "-"
        },
        {
          "si": 3,
          "sti": 20,
          "dti": 100,
          "sco": 91,
          "dco": 539,
          "txt": "0"
        },
        {
          "si": 3,
          "sti": 21,
          "dti": 101,
          "sco": 93,
          "dco": 541,
          "txt": "loss"
        },
        {
          "si": 3,
          "sti": 22,
          "dti": 102,
          "sco": 98,
          "dco": 546,
          "txt": "to"
        },
        {
          "si": 3,
          "sti": 23,
          "dti": 103,
          "sco": 101,
          "dco": 549,
          "txt": "Costa"
        },
        {
          "si": 3,
          "sti": 24,
          "dti": 104,
          "sco": 107,
          "dco": 555,
          "txt": "Rica"
        },
        {
          "si": 3,
          "sti": 25,
          "dti": 105,
          "sco": 111,
          "dco": 559,
          "txt": "."
        },
        {
          "si": 4,
          "sti": 0,
          "dti": 106,
          "sco": 0,
          "dco": 561,
          "txt": "Defender"
        },
        {
          "si": 4,
          "sti": 1,
          "dti": 107,
          "sco": 9,
          "dco": 570,
          "txt": "Chris"
        },
        {
          "si": 4,
          "sti": 2,
          "dti": 108,
          "sco": 15,
          "dco": 576,
          "txt": "Albright"
        },
        {
          "si": 4,
          "sti": 3,
          "dti": 109,
          "sco": 24,
          "dco": 585,
          "txt": "collected"
        },
        {
          "si": 4,
          "sti": 4,
          "dti": 110,
          "sco": 34,
          "dco": 595,
          "txt": "a"
        },
        {
          "si": 4,
          "sti": 5,
          "dti": 111,
          "sco": 36,
          "dco": 597,
          "txt": "throw"
        },
        {
          "si": 4,
          "sti": 6,
          "dti": 112,
          "sco": 41,
          "dco": 602,
          "txt": "-"
        },
        {
          "si": 4,
          "sti": 7,
          "dti": 113,
          "sco": 42,
          "dco": 603,
          "txt": "in"
        },
        {
          "si": 4,
          "sti": 8,
          "dti": 114,
          "sco": 45,
          "dco": 606,
          "txt": "from"
        },
        {
          "si": 4,
          "sti": 9,
          "dti": 115,
          "sco": 50,
          "dco": 611,
          "txt": "Mapp"
        },
        {
          "si": 4,
          "sti": 10,
          "dti": 116,
          "sco": 55,
          "dco": 616,
          "txt": "and"
        },
        {
          "si": 4,
          "sti": 11,
          "dti": 117,
          "sco": 59,
          "dco": 620,
          "txt": "supplied"
        },
        {
          "si": 4,
          "sti": 12,
          "dti": 118,
          "sco": 68,
          "dco": 629,
          "txt": "Martino"
        },
        {
          "si": 4,
          "sti": 13,
          "dti": 119,
          "sco": 75,
          "dco": 636,
          "txt": ","
        },
        {
          "si": 4,
          "sti": 14,
          "dti": 120,
          "sco": 77,
          "dco": 638,
          "txt": "who"
        },
        {
          "si": 4,
          "sti": 15,
          "dti": 121,
          "sco": 81,
          "dco": 642,
          "txt": "beat"
        },
        {
          "si": 4,
          "sti": 16,
          "dti": 122,
          "sco": 86,
          "dco": 647,
          "txt": "Panama"
        },
        {
          "si": 4,
          "sti": 17,
          "dti": 123,
          "sco": 93,
          "dco": 654,
          "txt": "keeper"
        },
        {
          "si": 4,
          "sti": 18,
          "dti": 124,
          "sco": 100,
          "dco": 661,
          "txt": "Jaime"
        },
        {
          "si": 4,
          "sti": 19,
          "dti": 125,
          "sco": 106,
          "dco": 667,
          "txt": "Penedo"
        },
        {
          "si": 4,
          "sti": 20,
          "dti": 126,
          "sco": 113,
          "dco": 674,
          "txt": "from"
        },
        {
          "si": 4,
          "sti": 21,
          "dti": 127,
          "sco": 118,
          "dco": 679,
          "txt": "25"
        },
        {
          "si": 4,
          "sti": 22,
          "dti": 128,
          "sco": 121,
          "dco": 682,
          "txt": "yards"
        },
        {
          "si": 4,
          "sti": 23,
          "dti": 129,
          "sco": 126,
          "dco": 687,
          "txt": "."
        },
        {
          "si": 5,
          "sti": 0,
          "dti": 130,
          "sco": 0,
          "dco": 689,
          "txt": "Twellman"
        },
        {
          "si": 5,
          "sti": 1,
          "dti": 131,
          "sco": 8,
          "dco": 697,
          "txt": ","
        },
        {
          "si": 5,
          "sti": 2,
          "dti": 132,
          "sco": 10,
          "dco": 699,
          "txt": "who"
        },
        {
          "si": 5,
          "sti": 3,
          "dti": 133,
          "sco": 14,
          "dco": 703,
          "txt": "has"
        },
        {
          "si": 5,
          "sti": 4,
          "dti": 134,
          "sco": 18,
          "dco": 707,
          "txt": "scored"
        },
        {
          "si": 5,
          "sti": 5,
          "dti": 135,
          "sco": 25,
          "dco": 714,
          "txt": "16"
        },
        {
          "si": 5,
          "sti": 6,
          "dti": 136,
          "sco": 28,
          "dco": 717,
          "txt": "goals"
        },
        {
          "si": 5,
          "sti": 7,
          "dti": 137,
          "sco": 34,
          "dco": 723,
          "txt": "in"
        },
        {
          "si": 5,
          "sti": 8,
          "dti": 138,
          "sco": 37,
          "dco": 726,
          "txt": "24"
        },
        {
          "si": 5,
          "sti": 9,
          "dti": 139,
          "sco": 40,
          "dco": 729,
          "txt": "games"
        },
        {
          "si": 5,
          "sti": 10,
          "dti": 140,
          "sco": 46,
          "dco": 735,
          "txt": "for"
        },
        {
          "si": 5,
          "sti": 11,
          "dti": 141,
          "sco": 50,
          "dco": 739,
          "txt": "the"
        },
        {
          "si": 5,
          "sti": 12,
          "dti": 142,
          "sco": 54,
          "dco": 743,
          "txt": "New"
        },
        {
          "si": 5,
          "sti": 13,
          "dti": 143,
          "sco": 58,
          "dco": 747,
          "txt": "England"
        },
        {
          "si": 5,
          "sti": 14,
          "dti": 144,
          "sco": 66,
          "dco": 755,
          "txt": "Revolution"
        },
        {
          "si": 5,
          "sti": 15,
          "dti": 145,
          "sco": 77,
          "dco": 766,
          "txt": "this"
        },
        {
          "si": 5,
          "sti": 16,
          "dti": 146,
          "sco": 82,
          "dco": 771,
          "txt": "term"
        },
        {
          "si": 5,
          "sti": 17,
          "dti": 147,
          "sco": 86,
          "dco": 775,
          "txt": ","
        },
        {
          "si": 5,
          "sti": 18,
          "dti": 148,
          "sco": 88,
          "dco": 777,
          "txt": "gave"
        },
        {
          "si": 5,
          "sti": 19,
          "dti": 149,
          "sco": 93,
          "dco": 782,
          "txt": "the"
        },
        {
          "si": 5,
          "sti": 20,
          "dti": 150,
          "sco": 97,
          "dco": 786,
          "txt": "Americans"
        },
        {
          "si": 5,
          "sti": 21,
          "dti": 151,
          "sco": 107,
          "dco": 796,
          "txt": "a"
        },
        {
          "si": 5,
          "sti": 22,
          "dti": 152,
          "sco": 109,
          "dco": 798,
          "txt": "two"
        },
        {
          "si": 5,
          "sti": 23,
          "dti": 153,
          "sco": 112,
          "dco": 801,
          "txt": "-"
        },
        {
          "si": 5,
          "sti": 24,
          "dti": 154,
          "sco": 113,
          "dco": 802,
          "txt": "goal"
        },
        {
          "si": 5,
          "sti": 25,
          "dti": 155,
          "sco": 118,
          "dco": 807,
          "txt": "lead"
        },
        {
          "si": 5,
          "sti": 26,
          "dti": 156,
          "sco": 123,
          "dco": 812,
          "txt": "in"
        },
        {
          "si": 5,
          "sti": 27,
          "dti": 157,
          "sco": 126,
          "dco": 815,
          "txt": "the"
        },
        {
          "si": 5,
          "sti": 28,
          "dti": 158,
          "sco": 130,
          "dco": 819,
          "txt": "57"
        },
        {
          "si": 5,
          "sti": 29,
          "dti": 159,
          "sco": 132,
          "dco": 821,
          "txt": "th"
        },
        {
          "si": 5,
          "sti": 30,
          "dti": 160,
          "sco": 135,
          "dco": 824,
          "txt": "minute"
        },
        {
          "si": 5,
          "sti": 31,
          "dti": 161,
          "sco": 142,
          "dco": 831,
          "txt": "with"
        },
        {
          "si": 5,
          "sti": 32,
          "dti": 162,
          "sco": 147,
          "dco": 836,
          "txt": "a"
        },
        {
          "si": 5,
          "sti": 33,
          "dti": 163,
          "sco": 149,
          "dco": 838,
          "txt": "breakaway"
        },
        {
          "si": 5,
          "sti": 34,
          "dti": 164,
          "sco": 159,
          "dco": 848,
          "txt": "goal"
        },
        {
          "si": 5,
          "sti": 35,
          "dti": 165,
          "sco": 163,
          "dco": 852,
          "txt": "."
        },
        {
          "si": 6,
          "sti": 0,
          "dti": 166,
          "sco": 0,
          "dco": 854,
          "txt": "Penedo"
        },
        {
          "si": 6,
          "sti": 1,
          "dti": 167,
          "sco": 7,
          "dco": 861,
          "txt": "came"
        },
        {
          "si": 6,
          "sti": 2,
          "dti": 168,
          "sco": 12,
          "dco": 866,
          "txt": "out"
        },
        {
          "si": 6,
          "sti": 3,
          "dti": 169,
          "sco": 16,
          "dco": 870,
          "txt": "to"
        },
        {
          "si": 6,
          "sti": 4,
          "dti": 170,
          "sco": 19,
          "dco": 873,
          "txt": "clear"
        },
        {
          "si": 6,
          "sti": 5,
          "dti": 171,
          "sco": 25,
          "dco": 879,
          "txt": "a"
        },
        {
          "si": 6,
          "sti": 6,
          "dti": 172,
          "sco": 27,
          "dco": 881,
          "txt": "long"
        },
        {
          "si": 6,
          "sti": 7,
          "dti": 173,
          "sco": 32,
          "dco": 886,
          "txt": "ball"
        },
        {
          "si": 6,
          "sti": 8,
          "dti": 174,
          "sco": 37,
          "dco": 891,
          "txt": "from"
        },
        {
          "si": 6,
          "sti": 9,
          "dti": 175,
          "sco": 42,
          "dco": 896,
          "txt": "Danny"
        },
        {
          "si": 6,
          "sti": 10,
          "dti": 176,
          "sco": 48,
          "dco": 902,
          "txt": "Califf"
        },
        {
          "si": 6,
          "sti": 11,
          "dti": 177,
          "sco": 55,
          "dco": 909,
          "txt": "but"
        },
        {
          "si": 6,
          "sti": 12,
          "dti": 178,
          "sco": 59,
          "dco": 913,
          "txt": "Twellman"
        },
        {
          "si": 6,
          "sti": 13,
          "dti": 179,
          "sco": 68,
          "dco": 922,
          "txt": "got"
        },
        {
          "si": 6,
          "sti": 14,
          "dti": 180,
          "sco": 72,
          "dco": 926,
          "txt": "to"
        },
        {
          "si": 6,
          "sti": 15,
          "dti": 181,
          "sco": 75,
          "dco": 929,
          "txt": "the"
        },
        {
          "si": 6,
          "sti": 16,
          "dti": 182,
          "sco": 79,
          "dco": 933,
          "txt": "ball"
        },
        {
          "si": 6,
          "sti": 17,
          "dti": 183,
          "sco": 84,
          "dco": 938,
          "txt": "first"
        },
        {
          "si": 6,
          "sti": 18,
          "dti": 184,
          "sco": 89,
          "dco": 943,
          "txt": ","
        },
        {
          "si": 6,
          "sti": 19,
          "dti": 185,
          "sco": 91,
          "dco": 945,
          "txt": "touching"
        },
        {
          "si": 6,
          "sti": 20,
          "dti": 186,
          "sco": 100,
          "dco": 954,
          "txt": "it"
        },
        {
          "si": 6,
          "sti": 21,
          "dti": 187,
          "sco": 103,
          "dco": 957,
          "txt": "past"
        },
        {
          "si": 6,
          "sti": 22,
          "dti": 188,
          "sco": 108,
          "dco": 962,
          "txt": "Penedo"
        },
        {
          "si": 6,
          "sti": 23,
          "dti": 189,
          "sco": 115,
          "dco": 969,
          "txt": "before"
        },
        {
          "si": 6,
          "sti": 24,
          "dti": 190,
          "sco": 122,
          "dco": 976,
          "txt": "finishing"
        },
        {
          "si": 6,
          "sti": 25,
          "dti": 191,
          "sco": 132,
          "dco": 986,
          "txt": "into"
        },
        {
          "si": 6,
          "sti": 26,
          "dti": 192,
          "sco": 137,
          "dco": 991,
          "txt": "an"
        },
        {
          "si": 6,
          "sti": 27,
          "dti": 193,
          "sco": 140,
          "dco": 994,
          "txt": "open"
        },
        {
          "si": 6,
          "sti": 28,
          "dti": 194,
          "sco": 145,
          "dco": 999,
          "txt": "net"
        },
        {
          "si": 6,
          "sti": 29,
          "dti": 195,
          "sco": 148,
          "dco": 1002,
          "txt": "."
        },
        {
          "si": 7,
          "sti": 0,
          "dti": 196,
          "sco": 0,
          "dco": 1004,
          "txt": "Panama"
        },
        {
          "si": 7,
          "sti": 1,
          "dti": 197,
          "sco": 7,
          "dco": 1011,
          "txt": "captain"
        },
        {
          "si": 7,
          "sti": 2,
          "dti": 198,
          "sco": 15,
          "dco": 1019,
          "txt": "Julio"
        },
        {
          "si": 7,
          "sti": 3,
          "dti": 199,
          "sco": 21,
          "dco": 1025,
          "txt": "Dely"
        },
        {
          "si": 7,
          "sti": 4,
          "dti": 200,
          "sco": 26,
          "dco": 1030,
          "txt": "Valdes"
        },
        {
          "si": 7,
          "sti": 5,
          "dti": 201,
          "sco": 33,
          "dco": 1037,
          "txt": "missed"
        },
        {
          "si": 7,
          "sti": 6,
          "dti": 202,
          "sco": 40,
          "dco": 1044,
          "txt": "a"
        },
        {
          "si": 7,
          "sti": 7,
          "dti": 203,
          "sco": 42,
          "dco": 1046,
          "txt": "penalty"
        },
        {
          "si": 7,
          "sti": 8,
          "dti": 204,
          "sco": 50,
          "dco": 1054,
          "txt": "kick"
        },
        {
          "si": 7,
          "sti": 9,
          "dti": 205,
          "sco": 55,
          "dco": 1059,
          "txt": "in"
        },
        {
          "si": 7,
          "sti": 10,
          "dti": 206,
          "sco": 58,
          "dco": 1062,
          "txt": "the"
        },
        {
          "si": 7,
          "sti": 11,
          "dti": 207,
          "sco": 62,
          "dco": 1066,
          "txt": "86"
        },
        {
          "si": 7,
          "sti": 12,
          "dti": 208,
          "sco": 64,
          "dco": 1068,
          "txt": "th"
        },
        {
          "si": 7,
          "sti": 13,
          "dti": 209,
          "sco": 67,
          "dco": 1071,
          "txt": "minute"
        },
        {
          "si": 7,
          "sti": 14,
          "dti": 210,
          "sco": 74,
          "dco": 1078,
          "txt": "as"
        },
        {
          "si": 7,
          "sti": 15,
          "dti": 211,
          "sco": 77,
          "dco": 1081,
          "txt": "Tim"
        },
        {
          "si": 7,
          "sti": 16,
          "dti": 212,
          "sco": 81,
          "dco": 1085,
          "txt": "Howard"
        },
        {
          "si": 7,
          "sti": 17,
          "dti": 213,
          "sco": 88,
          "dco": 1092,
          "txt": "earned"
        },
        {
          "si": 7,
          "sti": 18,
          "dti": 214,
          "sco": 95,
          "dco": 1099,
          "txt": "his"
        },
        {
          "si": 7,
          "sti": 19,
          "dti": 215,
          "sco": 99,
          "dco": 1103,
          "txt": "sixth"
        },
        {
          "si": 7,
          "sti": 20,
          "dti": 216,
          "sco": 105,
          "dco": 1109,
          "txt": "career"
        },
        {
          "si": 7,
          "sti": 21,
          "dti": 217,
          "sco": 112,
          "dco": 1116,
          "txt": "shutout"
        },
        {
          "si": 7,
          "sti": 22,
          "dti": 218,
          "sco": 120,
          "dco": 1124,
          "txt": "for"
        },
        {
          "si": 7,
          "sti": 23,
          "dti": 219,
          "sco": 124,
          "dco": 1128,
          "txt": "the"
        },
        {
          "si": 7,
          "sti": 24,
          "dti": 220,
          "sco": 128,
          "dco": 1132,
          "txt": "US"
        },
        {
          "si": 7,
          "sti": 25,
          "dti": 221,
          "sco": 131,
          "dco": 1135,
          "txt": "The"
        },
        {
          "si": 7,
          "sti": 26,
          "dti": 222,
          "sco": 135,
          "dco": 1139,
          "txt": "Americans"
        },
        {
          "si": 7,
          "sti": 27,
          "dti": 223,
          "sco": 145,
          "dco": 1149,
          "txt": "finished"
        },
        {
          "si": 7,
          "sti": 28,
          "dti": 224,
          "sco": 154,
          "dco": 1158,
          "txt": "7"
        },
        {
          "si": 7,
          "sti": 29,
          "dti": 225,
          "sco": 155,
          "dco": 1159,
          "txt": "-"
        },
        {
          "si": 7,
          "sti": 30,
          "dti": 226,
          "sco": 156,
          "dco": 1160,
          "txt": "2"
        },
        {
          "si": 7,
          "sti": 31,
          "dti": 227,
          "sco": 157,
          "dco": 1161,
          "txt": "-"
        },
        {
          "si": 7,
          "sti": 32,
          "dti": 228,
          "sco": 158,
          "dco": 1162,
          "txt": "1"
        },
        {
          "si": 7,
          "sti": 33,
          "dti": 229,
          "sco": 160,
          "dco": 1164,
          "txt": "in"
        },
        {
          "si": 7,
          "sti": 34,
          "dti": 230,
          "sco": 163,
          "dco": 1167,
          "txt": "FIFA"
        },
        {
          "si": 7,
          "sti": 35,
          "dti": 231,
          "sco": 168,
          "dco": 1172,
          "txt": "World"
        },
        {
          "si": 7,
          "sti": 36,
          "dti": 232,
          "sco": 174,
          "dco": 1178,
          "txt": "Cup"
        },
        {
          "si": 7,
          "sti": 37,
          "dti": 233,
          "sco": 178,
          "dco": 1182,
          "txt": "qualifying"
        },
        {
          "si": 7,
          "sti": 38,
          "dti": 234,
          "sco": 188,
          "dco": 1192,
          "txt": "."
        },
        {
          "si": 8,
          "sti": 0,
          "dti": 235,
          "sco": 0,
          "dco": 1194,
          "txt": "Panama"
        },
        {
          "si": 8,
          "sti": 1,
          "dti": 236,
          "sco": 7,
          "dco": 1201,
          "txt": "went"
        },
        {
          "si": 8,
          "sti": 2,
          "dti": 237,
          "sco": 12,
          "dco": 1206,
          "txt": "0"
        },
        {
          "si": 8,
          "sti": 3,
          "dti": 238,
          "sco": 13,
          "dco": 1207,
          "txt": "-"
        },
        {
          "si": 8,
          "sti": 4,
          "dti": 239,
          "sco": 14,
          "dco": 1208,
          "txt": "8"
        },
        {
          "si": 8,
          "sti": 5,
          "dti": 240,
          "sco": 15,
          "dco": 1209,
          "txt": "-"
        },
        {
          "si": 8,
          "sti": 6,
          "dti": 241,
          "sco": 16,
          "dco": 1210,
          "txt": "2"
        },
        {
          "si": 8,
          "sti": 7,
          "dti": 242,
          "sco": 18,
          "dco": 1212,
          "txt": "in"
        },
        {
          "si": 8,
          "sti": 8,
          "dti": 243,
          "sco": 21,
          "dco": 1215,
          "txt": "qualifying"
        },
        {
          "si": 8,
          "sti": 9,
          "dti": 244,
          "sco": 31,
          "dco": 1225,
          "txt": "."
        }
      ]
    },
    "ganns": {
      "dla": [],
      "la": [],
      "ea": [],
      "eta": [
        {
          "ra": {
            "ea": {
              "etn": "Goal"
            }
          },
          "sfs": [
            [
              {
                "stn": "scoreTeamB"
              },
              {
                "ea": {
                  "etn": "0"
                }
              }
            ],
            [
              {
                "stn": "forTeam"
              },
              {
                "ea": {
                  "etn": "USA"
                }
              }
            ],
            [
              {
                "stn": "scoreTeamA"
              },
              {
                "ea": {
                  "etn": "1"
                }
              }
            ],
            [
              {
                "stn": "minute"
              },
              {
                "ea": {
                  "etn": "51"
                }
              }
            ],
            [
              {
                "stn": "scorer"
              },
              {
                "ea": {
                  "etn": "Martino Kyle"
                }
              }
            ]
          ],
          "mfs": {}
        },
        {
          "ra": {
            "ea": {
              "etn": "Goal"
            }
          },
          "sfs": [
            [
              {
                "stn": "scoreTeamB"
              },
              {
                "ea": {
                  "etn": "0"
                }
              }
            ],
            [
              {
                "stn": "forTeam"
              },
              {
                "ea": {
                  "etn": "USA"
                }
              }
            ],
            [
              {
                "stn": "scoreTeamA"
              },
              {
                "ea": {
                  "etn": "2"
                }
              }
            ],
            [
              {
                "stn": "minute"
              },
              {
                "ea": {
                  "etn": "57"
                }
              }
            ],
            [
              {
                "stn": "scorer"
              },
              {
                "ea": {
                  "etn": "Twellman Taylor"
                }
              }
            ]
          ],
          "mfs": {}
        },
        {
          "ra": {
            "ea": {
              "etn": "TeamStats"
            }
          },
          "sfs": [
            [
              {
                "stn": "finalScore"
              },
              {
                "ea": {
                  "etn": "2"
                }
              }
            ],
            [
              {
                "stn": "name"
              },
              {
                "ea": {
                  "etn": "USA"
                }
              }
            ]
          ],
          "mfs": {}
        },
        {
          "ra": {
            "ea": {
              "etn": "TeamStats"
            }
          },
          "sfs": [
            [
              {
                "stn": "finalScore"
              },
              {
                "ea": {
                  "etn": "0"
                }
              }
            ],
            [
              {
                "stn": "name"
              },
              {
                "ea": {
                  "etn": "Panama"
                }
              }
            ]
          ],
          "mfs": {}
        }
      ]
    }
  }
]
