[
  {
    "context": "UNSPECIFIED",
    "doc": {
      "id": "de_mr35952_struct",
      "tl": [
        {
          "si": 0,
          "sti": 0,
          "dti": 0,
          "sco": 0,
          "dco": 0,
          "txt": "undquot"
        },
        {
          "si": 0,
          "sti": 1,
          "dti": 1,
          "sco": 7,
          "dco": 7,
          "txt": ";"
        },
        {
          "si": 0,
          "sti": 2,
          "dti": 2,
          "sco": 8,
          "dco": 8,
          "txt": "Reggae"
        },
        {
          "si": 0,
          "sti": 3,
          "dti": 3,
          "sco": 14,
          "dco": 14,
          "txt": "-"
        },
        {
          "si": 0,
          "sti": 4,
          "dti": 4,
          "sco": 15,
          "dco": 15,
          "txt": "Boysundquot"
        },
        {
          "si": 0,
          "sti": 5,
          "dti": 5,
          "sco": 26,
          "dco": 26,
          "txt": ";"
        },
        {
          "si": 0,
          "sti": 6,
          "dti": 6,
          "sco": 28,
          "dco": 28,
          "txt": "mit"
        },
        {
          "si": 0,
          "sti": 7,
          "dti": 7,
          "sco": 32,
          "dco": 32,
          "txt": "Remis"
        },
        {
          "si": 0,
          "sti": 8,
          "dti": 8,
          "sco": 38,
          "dco": 38,
          "txt": "gegen"
        },
        {
          "si": 0,
          "sti": 9,
          "dti": 9,
          "sco": 44,
          "dco": 44,
          "txt": "Haiti"
        },
        {
          "si": 0,
          "sti": 10,
          "dti": 10,
          "sco": 49,
          "dco": 49,
          "txt": "."
        },
        {
          "si": 1,
          "sti": 0,
          "dti": 11,
          "sco": 0,
          "dco": 51,
          "txt": "In"
        },
        {
          "si": 1,
          "sti": 1,
          "dti": 12,
          "sco": 3,
          "dco": 54,
          "txt": "einer"
        },
        {
          "si": 1,
          "sti": 2,
          "dti": 13,
          "sco": 9,
          "dco": 60,
          "txt": "von"
        },
        {
          "si": 1,
          "sti": 3,
          "dti": 14,
          "sco": 13,
          "dco": 64,
          "txt": "der"
        },
        {
          "si": 1,
          "sti": 4,
          "dti": 15,
          "sco": 17,
          "dco": 68,
          "txt": "Schnelligkeit"
        },
        {
          "si": 1,
          "sti": 5,
          "dti": 16,
          "sco": 31,
          "dco": 82,
          "txt": "beider"
        },
        {
          "si": 1,
          "sti": 6,
          "dti": 17,
          "sco": 38,
          "dco": 89,
          "txt": "Teams"
        },
        {
          "si": 1,
          "sti": 7,
          "dti": 18,
          "sco": 44,
          "dco": 95,
          "txt": "gepraegten"
        },
        {
          "si": 1,
          "sti": 8,
          "dti": 19,
          "sco": 55,
          "dco": 106,
          "txt": "Partie"
        },
        {
          "si": 1,
          "sti": 9,
          "dti": 20,
          "sco": 62,
          "dco": 113,
          "txt": "trennten"
        },
        {
          "si": 1,
          "sti": 10,
          "dti": 21,
          "sco": 71,
          "dco": 122,
          "txt": "sich"
        },
        {
          "si": 1,
          "sti": 11,
          "dti": 22,
          "sco": 76,
          "dco": 127,
          "txt": "die"
        },
        {
          "si": 1,
          "sti": 12,
          "dti": 23,
          "sco": 80,
          "dco": 131,
          "txt": "Nationalmannschaften"
        },
        {
          "si": 1,
          "sti": 13,
          "dti": 24,
          "sco": 101,
          "dco": 152,
          "txt": "Haitis"
        },
        {
          "si": 1,
          "sti": 14,
          "dti": 25,
          "sco": 108,
          "dco": 159,
          "txt": "und"
        },
        {
          "si": 1,
          "sti": 15,
          "dti": 26,
          "sco": 112,
          "dco": 163,
          "txt": "Jamaikas"
        },
        {
          "si": 1,
          "sti": 16,
          "dti": 27,
          "sco": 121,
          "dco": 172,
          "txt": "am"
        },
        {
          "si": 1,
          "sti": 17,
          "dti": 28,
          "sco": 124,
          "dco": 175,
          "txt": "Samstag"
        },
        {
          "si": 1,
          "sti": 18,
          "dti": 29,
          "sco": 132,
          "dco": 183,
          "txt": "in"
        },
        {
          "si": 1,
          "sti": 19,
          "dti": 30,
          "sco": 135,
          "dco": 186,
          "txt": "Miami"
        },
        {
          "si": 1,
          "sti": 20,
          "dti": 31,
          "sco": 141,
          "dco": 192,
          "txt": "im"
        },
        {
          "si": 1,
          "sti": 21,
          "dti": 32,
          "sco": 144,
          "dco": 195,
          "txt": "Hinspiel"
        },
        {
          "si": 1,
          "sti": 22,
          "dti": 33,
          "sco": 153,
          "dco": 204,
          "txt": "der"
        },
        {
          "si": 1,
          "sti": 23,
          "dti": 34,
          "sco": 157,
          "dco": 208,
          "txt": "CONCACAF"
        },
        {
          "si": 1,
          "sti": 24,
          "dti": 35,
          "sco": 165,
          "dco": 216,
          "txt": "-"
        },
        {
          "si": 1,
          "sti": 25,
          "dti": 36,
          "sco": 166,
          "dco": 217,
          "txt": "Qualifikation"
        },
        {
          "si": 1,
          "sti": 26,
          "dti": 37,
          "sco": 180,
          "dco": 231,
          "txt": "fuer"
        },
        {
          "si": 1,
          "sti": 27,
          "dti": 38,
          "sco": 185,
          "dco": 236,
          "txt": "die"
        },
        {
          "si": 1,
          "sti": 28,
          "dti": 39,
          "sco": 189,
          "dco": 240,
          "txt": "FIFA"
        },
        {
          "si": 1,
          "sti": 29,
          "dti": 40,
          "sco": 194,
          "dco": 245,
          "txt": "Fussball"
        },
        {
          "si": 1,
          "sti": 30,
          "dti": 41,
          "sco": 202,
          "dco": 253,
          "txt": "-"
        },
        {
          "si": 1,
          "sti": 31,
          "dti": 42,
          "sco": 203,
          "dco": 254,
          "txt": "Weltmeisterschaft"
        },
        {
          "si": 1,
          "sti": 32,
          "dti": 43,
          "sco": 221,
          "dco": 272,
          "txt": "Deutschland"
        },
        {
          "si": 1,
          "sti": 33,
          "dti": 44,
          "sco": 233,
          "dco": 284,
          "txt": "2006"
        },
        {
          "si": 1,
          "sti": 34,
          "dti": 45,
          "sco": 238,
          "dco": 289,
          "txt": "mit"
        },
        {
          "si": 1,
          "sti": 35,
          "dti": 46,
          "sco": 242,
          "dco": 293,
          "txt": "einem"
        },
        {
          "si": 1,
          "sti": 36,
          "dti": 47,
          "sco": 248,
          "dco": 299,
          "txt": "1"
        },
        {
          "si": 1,
          "sti": 37,
          "dti": 48,
          "sco": 249,
          "dco": 300,
          "txt": ":"
        },
        {
          "si": 1,
          "sti": 38,
          "dti": 49,
          "sco": 250,
          "dco": 301,
          "txt": "1"
        },
        {
          "si": 1,
          "sti": 39,
          "dti": 50,
          "sco": 251,
          "dco": 302,
          "txt": "-"
        },
        {
          "si": 1,
          "sti": 40,
          "dti": 51,
          "sco": 252,
          "dco": 303,
          "txt": "Unentschieden"
        },
        {
          "si": 1,
          "sti": 41,
          "dti": 52,
          "sco": 265,
          "dco": 316,
          "txt": "."
        },
        {
          "si": 2,
          "sti": 0,
          "dti": 53,
          "sco": 0,
          "dco": 318,
          "txt": "Die"
        },
        {
          "si": 2,
          "sti": 1,
          "dti": 54,
          "sco": 4,
          "dco": 322,
          "txt": "Treffer"
        },
        {
          "si": 2,
          "sti": 2,
          "dti": 55,
          "sco": 12,
          "dco": 330,
          "txt": "erzielten"
        },
        {
          "si": 2,
          "sti": 3,
          "dti": 56,
          "sco": 22,
          "dco": 340,
          "txt": "Marlon"
        },
        {
          "si": 2,
          "sti": 4,
          "dti": 57,
          "sco": 29,
          "dco": 347,
          "txt": "King"
        },
        {
          "si": 2,
          "sti": 5,
          "dti": 58,
          "sco": 34,
          "dco": 352,
          "txt": "fuer"
        },
        {
          "si": 2,
          "sti": 6,
          "dti": 59,
          "sco": 39,
          "dco": 357,
          "txt": "Jamaika"
        },
        {
          "si": 2,
          "sti": 7,
          "dti": 60,
          "sco": 47,
          "dco": 365,
          "txt": "in"
        },
        {
          "si": 2,
          "sti": 8,
          "dti": 61,
          "sco": 50,
          "dco": 368,
          "txt": "der"
        },
        {
          "si": 2,
          "sti": 9,
          "dti": 62,
          "sco": 54,
          "dco": 372,
          "txt": "38"
        },
        {
          "si": 2,
          "sti": 10,
          "dti": 63,
          "sco": 56,
          "dco": 374,
          "txt": "."
        },
        {
          "si": 3,
          "sti": 0,
          "dti": 64,
          "sco": 0,
          "dco": 376,
          "txt": "Minute"
        },
        {
          "si": 3,
          "sti": 1,
          "dti": 65,
          "sco": 7,
          "dco": 383,
          "txt": "und"
        },
        {
          "si": 3,
          "sti": 2,
          "dti": 66,
          "sco": 11,
          "dco": 387,
          "txt": "Jean"
        },
        {
          "si": 3,
          "sti": 3,
          "dti": 67,
          "sco": 16,
          "dco": 392,
          "txt": "Philipps"
        },
        {
          "si": 3,
          "sti": 4,
          "dti": 68,
          "sco": 25,
          "dco": 401,
          "txt": "Peguero"
        },
        {
          "si": 3,
          "sti": 5,
          "dti": 69,
          "sco": 33,
          "dco": 409,
          "txt": "fuer"
        },
        {
          "si": 3,
          "sti": 6,
          "dti": 70,
          "sco": 38,
          "dco": 414,
          "txt": "Haiti"
        },
        {
          "si": 3,
          "sti": 7,
          "dti": 71,
          "sco": 44,
          "dco": 420,
          "txt": "per"
        },
        {
          "si": 3,
          "sti": 8,
          "dti": 72,
          "sco": 48,
          "dco": 424,
          "txt": "Strafstoss"
        },
        {
          "si": 3,
          "sti": 9,
          "dti": 73,
          "sco": 59,
          "dco": 435,
          "txt": "nach"
        },
        {
          "si": 3,
          "sti": 10,
          "dti": 74,
          "sco": 64,
          "dco": 440,
          "txt": "48"
        },
        {
          "si": 3,
          "sti": 11,
          "dti": 75,
          "sco": 67,
          "dco": 443,
          "txt": "Minuten"
        },
        {
          "si": 3,
          "sti": 12,
          "dti": 76,
          "sco": 74,
          "dco": 450,
          "txt": "."
        },
        {
          "si": 4,
          "sti": 0,
          "dti": 77,
          "sco": 0,
          "dco": 452,
          "txt": "King"
        },
        {
          "si": 4,
          "sti": 1,
          "dti": 78,
          "sco": 5,
          "dco": 457,
          "txt": "war"
        },
        {
          "si": 4,
          "sti": 2,
          "dti": 79,
          "sco": 9,
          "dco": 461,
          "txt": "in"
        },
        {
          "si": 4,
          "sti": 3,
          "dti": 80,
          "sco": 12,
          "dco": 464,
          "txt": "der"
        },
        {
          "si": 4,
          "sti": 4,
          "dti": 81,
          "sco": 16,
          "dco": 468,
          "txt": "Mitte"
        },
        {
          "si": 4,
          "sti": 5,
          "dti": 82,
          "sco": 22,
          "dco": 474,
          "txt": "von"
        },
        {
          "si": 4,
          "sti": 6,
          "dti": 83,
          "sco": 26,
          "dco": 478,
          "txt": "Damion"
        },
        {
          "si": 4,
          "sti": 7,
          "dti": 84,
          "sco": 33,
          "dco": 485,
          "txt": "Stewart"
        },
        {
          "si": 4,
          "sti": 8,
          "dti": 85,
          "sco": 41,
          "dco": 493,
          "txt": "angespielt"
        },
        {
          "si": 4,
          "sti": 9,
          "dti": 86,
          "sco": 52,
          "dco": 504,
          "txt": "worden"
        },
        {
          "si": 4,
          "sti": 10,
          "dti": 87,
          "sco": 59,
          "dco": 511,
          "txt": "und"
        },
        {
          "si": 4,
          "sti": 11,
          "dti": 88,
          "sco": 63,
          "dco": 515,
          "txt": "ueberwand"
        },
        {
          "si": 4,
          "sti": 12,
          "dti": 89,
          "sco": 73,
          "dco": 525,
          "txt": "mit"
        },
        {
          "si": 4,
          "sti": 13,
          "dti": 90,
          "sco": 77,
          "dco": 529,
          "txt": "einem"
        },
        {
          "si": 4,
          "sti": 14,
          "dti": 91,
          "sco": 83,
          "dco": 535,
          "txt": "Linksschuss"
        },
        {
          "si": 4,
          "sti": 15,
          "dti": 92,
          "sco": 95,
          "dco": 547,
          "txt": "Haitis"
        },
        {
          "si": 4,
          "sti": 16,
          "dti": 93,
          "sco": 102,
          "dco": 554,
          "txt": "Torhueter"
        },
        {
          "si": 4,
          "sti": 17,
          "dti": 94,
          "sco": 112,
          "dco": 564,
          "txt": "Fenelon"
        },
        {
          "si": 4,
          "sti": 18,
          "dti": 95,
          "sco": 120,
          "dco": 572,
          "txt": "Gabard"
        },
        {
          "si": 4,
          "sti": 19,
          "dti": 96,
          "sco": 127,
          "dco": 579,
          "txt": "zum"
        },
        {
          "si": 4,
          "sti": 20,
          "dti": 97,
          "sco": 131,
          "dco": 583,
          "txt": "1"
        },
        {
          "si": 4,
          "sti": 21,
          "dti": 98,
          "sco": 132,
          "dco": 584,
          "txt": ":"
        },
        {
          "si": 4,
          "sti": 22,
          "dti": 99,
          "sco": 133,
          "dco": 585,
          "txt": "0"
        },
        {
          "si": 4,
          "sti": 23,
          "dti": 100,
          "sco": 134,
          "dco": 586,
          "txt": "-"
        },
        {
          "si": 4,
          "sti": 24,
          "dti": 101,
          "sco": 135,
          "dco": 587,
          "txt": "Fuehrungstreffer"
        },
        {
          "si": 4,
          "sti": 25,
          "dti": 102,
          "sco": 152,
          "dco": 604,
          "txt": "fuer"
        },
        {
          "si": 4,
          "sti": 26,
          "dti": 103,
          "sco": 157,
          "dco": 609,
          "txt": "Jamaika"
        },
        {
          "si": 4,
          "sti": 27,
          "dti": 104,
          "sco": 164,
          "dco": 616,
          "txt": "."
        },
        {
          "si": 5,
          "sti": 0,
          "dti": 105,
          "sco": 0,
          "dco": 618,
          "txt": "In"
        },
        {
          "si": 5,
          "sti": 1,
          "dti": 106,
          "sco": 3,
          "dco": 621,
          "txt": "der"
        },
        {
          "si": 5,
          "sti": 2,
          "dti": 107,
          "sco": 7,
          "dco": 625,
          "txt": "48"
        },
        {
          "si": 5,
          "sti": 3,
          "dti": 108,
          "sco": 9,
          "dco": 627,
          "txt": "."
        },
        {
          "si": 6,
          "sti": 0,
          "dti": 109,
          "sco": 0,
          "dco": 629,
          "txt": "Minute"
        },
        {
          "si": 6,
          "sti": 1,
          "dti": 110,
          "sco": 7,
          "dco": 636,
          "txt": "beging"
        },
        {
          "si": 6,
          "sti": 2,
          "dti": 111,
          "sco": 14,
          "dco": 643,
          "txt": "Jamaikas"
        },
        {
          "si": 6,
          "sti": 3,
          "dti": 112,
          "sco": 23,
          "dco": 652,
          "txt": "Verteidiger"
        },
        {
          "si": 6,
          "sti": 4,
          "dti": 113,
          "sco": 35,
          "dco": 664,
          "txt": "Claude"
        },
        {
          "si": 6,
          "sti": 5,
          "dti": 114,
          "sco": 42,
          "dco": 671,
          "txt": "Davis"
        },
        {
          "si": 6,
          "sti": 6,
          "dti": 115,
          "sco": 48,
          "dco": 677,
          "txt": "ein"
        },
        {
          "si": 6,
          "sti": 7,
          "dti": 116,
          "sco": 52,
          "dco": 681,
          "txt": "Foul"
        },
        {
          "si": 6,
          "sti": 8,
          "dti": 117,
          "sco": 57,
          "dco": 686,
          "txt": "im"
        },
        {
          "si": 6,
          "sti": 9,
          "dti": 118,
          "sco": 60,
          "dco": 689,
          "txt": "eigenen"
        },
        {
          "si": 6,
          "sti": 10,
          "dti": 119,
          "sco": 68,
          "dco": 697,
          "txt": "Strafraum"
        },
        {
          "si": 6,
          "sti": 11,
          "dti": 120,
          "sco": 77,
          "dco": 706,
          "txt": "."
        },
        {
          "si": 7,
          "sti": 0,
          "dti": 121,
          "sco": 0,
          "dco": 708,
          "txt": "Den"
        },
        {
          "si": 7,
          "sti": 1,
          "dti": 122,
          "sco": 4,
          "dco": 712,
          "txt": "faelligen"
        },
        {
          "si": 7,
          "sti": 2,
          "dti": 123,
          "sco": 14,
          "dco": 722,
          "txt": "Strafstoss"
        },
        {
          "si": 7,
          "sti": 3,
          "dti": 124,
          "sco": 25,
          "dco": 733,
          "txt": "verwandelte"
        },
        {
          "si": 7,
          "sti": 4,
          "dti": 125,
          "sco": 37,
          "dco": 745,
          "txt": "Mittelfeldspieler"
        },
        {
          "si": 7,
          "sti": 5,
          "dti": 126,
          "sco": 55,
          "dco": 763,
          "txt": "Peguero"
        },
        {
          "si": 7,
          "sti": 6,
          "dti": 127,
          "sco": 63,
          "dco": 771,
          "txt": "problemlos"
        },
        {
          "si": 7,
          "sti": 7,
          "dti": 128,
          "sco": 74,
          "dco": 782,
          "txt": "zum"
        },
        {
          "si": 7,
          "sti": 8,
          "dti": 129,
          "sco": 78,
          "dco": 786,
          "txt": "Ausgleichstreffer"
        },
        {
          "si": 7,
          "sti": 9,
          "dti": 130,
          "sco": 95,
          "dco": 803,
          "txt": ","
        },
        {
          "si": 7,
          "sti": 10,
          "dti": 131,
          "sco": 97,
          "dco": 805,
          "txt": "wobei"
        },
        {
          "si": 7,
          "sti": 11,
          "dti": 132,
          "sco": 103,
          "dco": 811,
          "txt": "er"
        },
        {
          "si": 7,
          "sti": 12,
          "dti": 133,
          "sco": 106,
          "dco": 814,
          "txt": "Keeper"
        },
        {
          "si": 7,
          "sti": 13,
          "dti": 134,
          "sco": 113,
          "dco": 821,
          "txt": "Donovan"
        },
        {
          "si": 7,
          "sti": 14,
          "dti": 135,
          "sco": 121,
          "dco": 829,
          "txt": "Ricketts"
        },
        {
          "si": 7,
          "sti": 15,
          "dti": 136,
          "sco": 130,
          "dco": 838,
          "txt": "in"
        },
        {
          "si": 7,
          "sti": 16,
          "dti": 137,
          "sco": 133,
          "dco": 841,
          "txt": "die"
        },
        {
          "si": 7,
          "sti": 17,
          "dti": 138,
          "sco": 137,
          "dco": 845,
          "txt": "falsche"
        },
        {
          "si": 7,
          "sti": 18,
          "dti": 139,
          "sco": 145,
          "dco": 853,
          "txt": "Ecke"
        },
        {
          "si": 7,
          "sti": 19,
          "dti": 140,
          "sco": 150,
          "dco": 858,
          "txt": "schickte"
        },
        {
          "si": 7,
          "sti": 20,
          "dti": 141,
          "sco": 158,
          "dco": 866,
          "txt": "."
        },
        {
          "si": 8,
          "sti": 0,
          "dti": 142,
          "sco": 0,
          "dco": 868,
          "txt": "Bereits"
        },
        {
          "si": 8,
          "sti": 1,
          "dti": 143,
          "sco": 8,
          "dco": 876,
          "txt": "sehr"
        },
        {
          "si": 8,
          "sti": 2,
          "dti": 144,
          "sco": 13,
          "dco": 881,
          "txt": "frueh"
        },
        {
          "si": 8,
          "sti": 3,
          "dti": 145,
          "sco": 18,
          "dco": 886,
          "txt": ","
        },
        {
          "si": 8,
          "sti": 4,
          "dti": 146,
          "sco": 20,
          "dco": 888,
          "txt": "naemlich"
        },
        {
          "si": 8,
          "sti": 5,
          "dti": 147,
          "sco": 29,
          "dco": 897,
          "txt": "nach"
        },
        {
          "si": 8,
          "sti": 6,
          "dti": 148,
          "sco": 34,
          "dco": 902,
          "txt": "nur"
        },
        {
          "si": 8,
          "sti": 7,
          "dti": 149,
          "sco": 38,
          "dco": 906,
          "txt": "sieben"
        },
        {
          "si": 8,
          "sti": 8,
          "dti": 150,
          "sco": 45,
          "dco": 913,
          "txt": "Minuten"
        },
        {
          "si": 8,
          "sti": 9,
          "dti": 151,
          "sco": 52,
          "dco": 920,
          "txt": ","
        },
        {
          "si": 8,
          "sti": 10,
          "dti": 152,
          "sco": 54,
          "dco": 922,
          "txt": "hatte"
        },
        {
          "si": 8,
          "sti": 11,
          "dti": 153,
          "sco": 60,
          "dco": 928,
          "txt": "Jamaika"
        },
        {
          "si": 8,
          "sti": 12,
          "dti": 154,
          "sco": 68,
          "dco": 936,
          "txt": "bereits"
        },
        {
          "si": 8,
          "sti": 13,
          "dti": 155,
          "sco": 76,
          "dco": 944,
          "txt": "ein"
        },
        {
          "si": 8,
          "sti": 14,
          "dti": 156,
          "sco": 80,
          "dco": 948,
          "txt": "Foul"
        },
        {
          "si": 8,
          "sti": 15,
          "dti": 157,
          "sco": 85,
          "dco": 953,
          "txt": "im"
        },
        {
          "si": 8,
          "sti": 16,
          "dti": 158,
          "sco": 88,
          "dco": 956,
          "txt": "eigenen"
        },
        {
          "si": 8,
          "sti": 17,
          "dti": 159,
          "sco": 96,
          "dco": 964,
          "txt": "Strafraum"
        },
        {
          "si": 8,
          "sti": 18,
          "dti": 160,
          "sco": 106,
          "dco": 974,
          "txt": "begangen"
        },
        {
          "si": 8,
          "sti": 19,
          "dti": 161,
          "sco": 114,
          "dco": 982,
          "txt": "."
        },
        {
          "si": 9,
          "sti": 0,
          "dti": 162,
          "sco": 0,
          "dco": 984,
          "txt": "Der"
        },
        {
          "si": 9,
          "sti": 1,
          "dti": 163,
          "sco": 4,
          "dco": 988,
          "txt": "Elfmeter"
        },
        {
          "si": 9,
          "sti": 2,
          "dti": 164,
          "sco": 13,
          "dco": 997,
          "txt": "fuer"
        },
        {
          "si": 9,
          "sti": 3,
          "dti": 165,
          "sco": 18,
          "dco": 1002,
          "txt": "Haiti"
        },
        {
          "si": 9,
          "sti": 4,
          "dti": 166,
          "sco": 24,
          "dco": 1008,
          "txt": "wurde"
        },
        {
          "si": 9,
          "sti": 5,
          "dti": 167,
          "sco": 30,
          "dco": 1014,
          "txt": "jedoch"
        },
        {
          "si": 9,
          "sti": 6,
          "dti": 168,
          "sco": 37,
          "dco": 1021,
          "txt": "leichtfertig"
        },
        {
          "si": 9,
          "sti": 7,
          "dti": 169,
          "sco": 50,
          "dco": 1034,
          "txt": "von"
        },
        {
          "si": 9,
          "sti": 8,
          "dti": 170,
          "sco": 54,
          "dco": 1038,
          "txt": "Mittelfeldspieler"
        },
        {
          "si": 9,
          "sti": 9,
          "dti": 171,
          "sco": 72,
          "dco": 1056,
          "txt": "Wadson"
        },
        {
          "si": 9,
          "sti": 10,
          "dti": 172,
          "sco": 79,
          "dco": 1063,
          "txt": "Corrialan"
        },
        {
          "si": 9,
          "sti": 11,
          "dti": 173,
          "sco": 89,
          "dco": 1073,
          "txt": "verschossen"
        },
        {
          "si": 9,
          "sti": 12,
          "dti": 174,
          "sco": 100,
          "dco": 1084,
          "txt": "."
        },
        {
          "si": 10,
          "sti": 0,
          "dti": 175,
          "sco": 0,
          "dco": 1086,
          "txt": "Anschliessend"
        },
        {
          "si": 10,
          "sti": 1,
          "dti": 176,
          "sco": 14,
          "dco": 1100,
          "txt": "erwies"
        },
        {
          "si": 10,
          "sti": 2,
          "dti": 177,
          "sco": 21,
          "dco": 1107,
          "txt": "sich"
        },
        {
          "si": 10,
          "sti": 3,
          "dti": 178,
          "sco": 26,
          "dco": 1112,
          "txt": "Haiti"
        },
        {
          "si": 10,
          "sti": 4,
          "dti": 179,
          "sco": 32,
          "dco": 1118,
          "txt": "im"
        },
        {
          "si": 10,
          "sti": 5,
          "dti": 180,
          "sco": 35,
          "dco": 1121,
          "txt": "Angriff"
        },
        {
          "si": 10,
          "sti": 6,
          "dti": 181,
          "sco": 43,
          "dco": 1129,
          "txt": "als"
        },
        {
          "si": 10,
          "sti": 7,
          "dti": 182,
          "sco": 47,
          "dco": 1133,
          "txt": "das"
        },
        {
          "si": 10,
          "sti": 8,
          "dti": 183,
          "sco": 51,
          "dco": 1137,
          "txt": "staerkere"
        },
        {
          "si": 10,
          "sti": 9,
          "dti": 184,
          "sco": 61,
          "dco": 1147,
          "txt": "Team"
        },
        {
          "si": 10,
          "sti": 10,
          "dti": 185,
          "sco": 65,
          "dco": 1151,
          "txt": ","
        },
        {
          "si": 10,
          "sti": 11,
          "dti": 186,
          "sco": 67,
          "dco": 1153,
          "txt": "das"
        },
        {
          "si": 10,
          "sti": 12,
          "dti": 187,
          "sco": 71,
          "dco": 1157,
          "txt": "immer"
        },
        {
          "si": 10,
          "sti": 13,
          "dti": 188,
          "sco": 77,
          "dco": 1163,
          "txt": "wieder"
        },
        {
          "si": 10,
          "sti": 14,
          "dti": 189,
          "sco": 84,
          "dco": 1170,
          "txt": "gefaehrlich"
        },
        {
          "si": 10,
          "sti": 15,
          "dti": 190,
          "sco": 96,
          "dco": 1182,
          "txt": "in"
        },
        {
          "si": 10,
          "sti": 16,
          "dti": 191,
          "sco": 99,
          "dco": 1185,
          "txt": "den"
        },
        {
          "si": 10,
          "sti": 17,
          "dti": 192,
          "sco": 103,
          "dco": 1189,
          "txt": "Strafraum"
        },
        {
          "si": 10,
          "sti": 18,
          "dti": 193,
          "sco": 113,
          "dco": 1199,
          "txt": "des"
        },
        {
          "si": 10,
          "sti": 19,
          "dti": 194,
          "sco": 117,
          "dco": 1203,
          "txt": "Gegners"
        },
        {
          "si": 10,
          "sti": 20,
          "dti": 195,
          "sco": 125,
          "dco": 1211,
          "txt": "eindrang"
        },
        {
          "si": 10,
          "sti": 21,
          "dti": 196,
          "sco": 134,
          "dco": 1220,
          "txt": "und"
        },
        {
          "si": 10,
          "sti": 22,
          "dti": 197,
          "sco": 138,
          "dco": 1224,
          "txt": "ein"
        },
        {
          "si": 10,
          "sti": 23,
          "dti": 198,
          "sco": 142,
          "dco": 1228,
          "txt": "ums"
        },
        {
          "si": 10,
          "sti": 24,
          "dti": 199,
          "sco": 146,
          "dco": 1232,
          "txt": "andere"
        },
        {
          "si": 10,
          "sti": 25,
          "dti": 200,
          "sco": 153,
          "dco": 1239,
          "txt": "Mal"
        },
        {
          "si": 10,
          "sti": 26,
          "dti": 201,
          "sco": 157,
          "dco": 1243,
          "txt": "durch"
        },
        {
          "si": 10,
          "sti": 27,
          "dti": 202,
          "sco": 163,
          "dco": 1249,
          "txt": "Jemps"
        },
        {
          "si": 10,
          "sti": 28,
          "dti": 203,
          "sco": 169,
          "dco": 1255,
          "txt": "Dorcelus"
        },
        {
          "si": 10,
          "sti": 29,
          "dti": 204,
          "sco": 178,
          "dco": 1264,
          "txt": "und"
        },
        {
          "si": 10,
          "sti": 30,
          "dti": 205,
          "sco": 182,
          "dco": 1268,
          "txt": "Johnny"
        },
        {
          "si": 10,
          "sti": 31,
          "dti": 206,
          "sco": 189,
          "dco": 1275,
          "txt": "Descollines"
        },
        {
          "si": 10,
          "sti": 32,
          "dti": 207,
          "sco": 201,
          "dco": 1287,
          "txt": "das"
        },
        {
          "si": 10,
          "sti": 33,
          "dti": 208,
          "sco": 205,
          "dco": 1291,
          "txt": "Tor"
        },
        {
          "si": 10,
          "sti": 34,
          "dti": 209,
          "sco": 209,
          "dco": 1295,
          "txt": "von"
        },
        {
          "si": 10,
          "sti": 35,
          "dti": 210,
          "sco": 213,
          "dco": 1299,
          "txt": "Keeper"
        },
        {
          "si": 10,
          "sti": 36,
          "dti": 211,
          "sco": 220,
          "dco": 1306,
          "txt": "Donovan"
        },
        {
          "si": 10,
          "sti": 37,
          "dti": 212,
          "sco": 228,
          "dco": 1314,
          "txt": "Ricketts"
        },
        {
          "si": 10,
          "sti": 38,
          "dti": 213,
          "sco": 237,
          "dco": 1323,
          "txt": "in"
        },
        {
          "si": 10,
          "sti": 39,
          "dti": 214,
          "sco": 240,
          "dco": 1326,
          "txt": "Gefahr"
        },
        {
          "si": 10,
          "sti": 40,
          "dti": 215,
          "sco": 247,
          "dco": 1333,
          "txt": "brachte"
        },
        {
          "si": 10,
          "sti": 41,
          "dti": 216,
          "sco": 254,
          "dco": 1340,
          "txt": "."
        },
        {
          "si": 11,
          "sti": 0,
          "dti": 217,
          "sco": 0,
          "dco": 1342,
          "txt": "Nach"
        },
        {
          "si": 11,
          "sti": 1,
          "dti": 218,
          "sco": 5,
          "dco": 1347,
          "txt": "30"
        },
        {
          "si": 11,
          "sti": 2,
          "dti": 219,
          "sco": 8,
          "dco": 1350,
          "txt": "Minuten"
        },
        {
          "si": 11,
          "sti": 3,
          "dti": 220,
          "sco": 16,
          "dco": 1358,
          "txt": "war"
        },
        {
          "si": 11,
          "sti": 4,
          "dti": 221,
          "sco": 20,
          "dco": 1362,
          "txt": "es"
        },
        {
          "si": 11,
          "sti": 5,
          "dti": 222,
          "sco": 23,
          "dco": 1365,
          "txt": "erneut"
        },
        {
          "si": 11,
          "sti": 6,
          "dti": 223,
          "sco": 30,
          "dco": 1372,
          "txt": "Descollines"
        },
        {
          "si": 11,
          "sti": 7,
          "dti": 224,
          "sco": 41,
          "dco": 1383,
          "txt": ","
        },
        {
          "si": 11,
          "sti": 8,
          "dti": 225,
          "sco": 43,
          "dco": 1385,
          "txt": "der"
        },
        {
          "si": 11,
          "sti": 9,
          "dti": 226,
          "sco": 47,
          "dco": 1389,
          "txt": "fuer"
        },
        {
          "si": 11,
          "sti": 10,
          "dti": 227,
          "sco": 52,
          "dco": 1394,
          "txt": "grosse"
        },
        {
          "si": 11,
          "sti": 11,
          "dti": 228,
          "sco": 59,
          "dco": 1401,
          "txt": "Gefahr"
        },
        {
          "si": 11,
          "sti": 12,
          "dti": 229,
          "sco": 66,
          "dco": 1408,
          "txt": "sorgte"
        },
        {
          "si": 11,
          "sti": 13,
          "dti": 230,
          "sco": 72,
          "dco": 1414,
          "txt": "."
        },
        {
          "si": 12,
          "sti": 0,
          "dti": 231,
          "sco": 0,
          "dco": 1416,
          "txt": "Sein"
        },
        {
          "si": 12,
          "sti": 1,
          "dti": 232,
          "sco": 5,
          "dco": 1421,
          "txt": "Freistoss"
        },
        {
          "si": 12,
          "sti": 2,
          "dti": 233,
          "sco": 15,
          "dco": 1431,
          "txt": "aus"
        },
        {
          "si": 12,
          "sti": 3,
          "dti": 234,
          "sco": 19,
          "dco": 1435,
          "txt": "zwanzig"
        },
        {
          "si": 12,
          "sti": 4,
          "dti": 235,
          "sco": 27,
          "dco": 1443,
          "txt": "Metern"
        },
        {
          "si": 12,
          "sti": 5,
          "dti": 236,
          "sco": 34,
          "dco": 1450,
          "txt": "zwang"
        },
        {
          "si": 12,
          "sti": 6,
          "dti": 237,
          "sco": 40,
          "dco": 1456,
          "txt": "Torhueter"
        },
        {
          "si": 12,
          "sti": 7,
          "dti": 238,
          "sco": 50,
          "dco": 1466,
          "txt": "Ricketts"
        },
        {
          "si": 12,
          "sti": 8,
          "dti": 239,
          "sco": 59,
          "dco": 1475,
          "txt": "zu"
        },
        {
          "si": 12,
          "sti": 9,
          "dti": 240,
          "sco": 62,
          "dco": 1478,
          "txt": "einer"
        },
        {
          "si": 12,
          "sti": 10,
          "dti": 241,
          "sco": 68,
          "dco": 1484,
          "txt": "tollen"
        },
        {
          "si": 12,
          "sti": 11,
          "dti": 242,
          "sco": 75,
          "dco": 1491,
          "txt": "Parade"
        },
        {
          "si": 12,
          "sti": 12,
          "dti": 243,
          "sco": 81,
          "dco": 1497,
          "txt": ","
        },
        {
          "si": 12,
          "sti": 13,
          "dti": 244,
          "sco": 83,
          "dco": 1499,
          "txt": "wobei"
        },
        {
          "si": 12,
          "sti": 14,
          "dti": 245,
          "sco": 89,
          "dco": 1505,
          "txt": "der"
        },
        {
          "si": 12,
          "sti": 15,
          "dti": 246,
          "sco": 93,
          "dco": 1509,
          "txt": "Ball"
        },
        {
          "si": 12,
          "sti": 16,
          "dti": 247,
          "sco": 98,
          "dco": 1514,
          "txt": "noch"
        },
        {
          "si": 12,
          "sti": 17,
          "dti": 248,
          "sco": 103,
          "dco": 1519,
          "txt": "den"
        },
        {
          "si": 12,
          "sti": 18,
          "dti": 249,
          "sco": 107,
          "dco": 1523,
          "txt": "rechten"
        },
        {
          "si": 12,
          "sti": 19,
          "dti": 250,
          "sco": 115,
          "dco": 1531,
          "txt": "Torpfosten"
        },
        {
          "si": 12,
          "sti": 20,
          "dti": 251,
          "sco": 126,
          "dco": 1542,
          "txt": "streifte"
        },
        {
          "si": 12,
          "sti": 21,
          "dti": 252,
          "sco": 134,
          "dco": 1550,
          "txt": "."
        },
        {
          "si": 13,
          "sti": 0,
          "dti": 253,
          "sco": 0,
          "dco": 1552,
          "txt": "Jamaika"
        },
        {
          "si": 13,
          "sti": 1,
          "dti": 254,
          "sco": 8,
          "dco": 1560,
          "txt": "uebernahm"
        },
        {
          "si": 13,
          "sti": 2,
          "dti": 255,
          "sco": 18,
          "dco": 1570,
          "txt": "daraufhin"
        },
        {
          "si": 13,
          "sti": 3,
          "dti": 256,
          "sco": 28,
          "dco": 1580,
          "txt": "das"
        },
        {
          "si": 13,
          "sti": 4,
          "dti": 257,
          "sco": 32,
          "dco": 1584,
          "txt": "Kommando"
        },
        {
          "si": 13,
          "sti": 5,
          "dti": 258,
          "sco": 40,
          "dco": 1592,
          "txt": "."
        },
        {
          "si": 14,
          "sti": 0,
          "dti": 259,
          "sco": 0,
          "dco": 1594,
          "txt": "Als"
        },
        {
          "si": 14,
          "sti": 1,
          "dti": 260,
          "sco": 4,
          "dco": 1598,
          "txt": "Stuermer"
        },
        {
          "si": 14,
          "sti": 2,
          "dti": 261,
          "sco": 13,
          "dco": 1607,
          "txt": "King"
        },
        {
          "si": 14,
          "sti": 3,
          "dti": 262,
          "sco": 18,
          "dco": 1612,
          "txt": "durchgebrochen"
        },
        {
          "si": 14,
          "sti": 4,
          "dti": 263,
          "sco": 33,
          "dco": 1627,
          "txt": "war"
        },
        {
          "si": 14,
          "sti": 5,
          "dti": 264,
          "sco": 36,
          "dco": 1630,
          "txt": ","
        },
        {
          "si": 14,
          "sti": 6,
          "dti": 265,
          "sco": 38,
          "dco": 1632,
          "txt": "haette"
        },
        {
          "si": 14,
          "sti": 7,
          "dti": 266,
          "sco": 45,
          "dco": 1639,
          "txt": "er"
        },
        {
          "si": 14,
          "sti": 8,
          "dti": 267,
          "sco": 48,
          "dco": 1642,
          "txt": "fast"
        },
        {
          "si": 14,
          "sti": 9,
          "dti": 268,
          "sco": 53,
          "dco": 1647,
          "txt": "mit"
        },
        {
          "si": 14,
          "sti": 10,
          "dti": 269,
          "sco": 57,
          "dco": 1651,
          "txt": "einem"
        },
        {
          "si": 14,
          "sti": 11,
          "dti": 270,
          "sco": 63,
          "dco": 1657,
          "txt": "gewaltigen"
        },
        {
          "si": 14,
          "sti": 12,
          "dti": 271,
          "sco": 74,
          "dco": 1668,
          "txt": "Linksschuss"
        },
        {
          "si": 14,
          "sti": 13,
          "dti": 272,
          "sco": 86,
          "dco": 1680,
          "txt": "den"
        },
        {
          "si": 14,
          "sti": 14,
          "dti": 273,
          "sco": 90,
          "dco": 1684,
          "txt": "ersten"
        },
        {
          "si": 14,
          "sti": 15,
          "dti": 274,
          "sco": 97,
          "dco": 1691,
          "txt": "Treffer"
        },
        {
          "si": 14,
          "sti": 16,
          "dti": 275,
          "sco": 105,
          "dco": 1699,
          "txt": "der"
        },
        {
          "si": 14,
          "sti": 17,
          "dti": 276,
          "sco": 109,
          "dco": 1703,
          "txt": "Partie"
        },
        {
          "si": 14,
          "sti": 18,
          "dti": 277,
          "sco": 116,
          "dco": 1710,
          "txt": "erzielt"
        },
        {
          "si": 14,
          "sti": 19,
          "dti": 278,
          "sco": 123,
          "dco": 1717,
          "txt": ","
        },
        {
          "si": 14,
          "sti": 20,
          "dti": 279,
          "sco": 125,
          "dco": 1719,
          "txt": "doch"
        },
        {
          "si": 14,
          "sti": 21,
          "dti": 280,
          "sco": 130,
          "dco": 1724,
          "txt": "Torhueter"
        },
        {
          "si": 14,
          "sti": 22,
          "dti": 281,
          "sco": 140,
          "dco": 1734,
          "txt": "Gabard"
        },
        {
          "si": 14,
          "sti": 23,
          "dti": 282,
          "sco": 147,
          "dco": 1741,
          "txt": "konnte"
        },
        {
          "si": 14,
          "sti": 24,
          "dti": 283,
          "sco": 154,
          "dco": 1748,
          "txt": "den"
        },
        {
          "si": 14,
          "sti": 25,
          "dti": 284,
          "sco": 158,
          "dco": 1752,
          "txt": "Ball"
        },
        {
          "si": 14,
          "sti": 26,
          "dti": 285,
          "sco": 163,
          "dco": 1757,
          "txt": "noch"
        },
        {
          "si": 14,
          "sti": 27,
          "dti": 286,
          "sco": 168,
          "dco": 1762,
          "txt": "mit"
        },
        {
          "si": 14,
          "sti": 28,
          "dti": 287,
          "sco": 172,
          "dco": 1766,
          "txt": "einer"
        },
        {
          "si": 14,
          "sti": 29,
          "dti": 288,
          "sco": 178,
          "dco": 1772,
          "txt": "Faust"
        },
        {
          "si": 14,
          "sti": 30,
          "dti": 289,
          "sco": 184,
          "dco": 1778,
          "txt": "abwehren"
        },
        {
          "si": 14,
          "sti": 31,
          "dti": 290,
          "sco": 192,
          "dco": 1786,
          "txt": "."
        },
        {
          "si": 15,
          "sti": 0,
          "dti": 291,
          "sco": 0,
          "dco": 1788,
          "txt": "King"
        },
        {
          "si": 15,
          "sti": 1,
          "dti": 292,
          "sco": 5,
          "dco": 1793,
          "txt": "vollbrachte"
        },
        {
          "si": 15,
          "sti": 2,
          "dti": 293,
          "sco": 17,
          "dco": 1805,
          "txt": "in"
        },
        {
          "si": 15,
          "sti": 3,
          "dti": 294,
          "sco": 20,
          "dco": 1808,
          "txt": "der"
        },
        {
          "si": 15,
          "sti": 4,
          "dti": 295,
          "sco": 24,
          "dco": 1812,
          "txt": "Tat"
        },
        {
          "si": 15,
          "sti": 5,
          "dti": 296,
          "sco": 28,
          "dco": 1816,
          "txt": "immer"
        },
        {
          "si": 15,
          "sti": 6,
          "dti": 297,
          "sco": 34,
          "dco": 1822,
          "txt": "wieder"
        },
        {
          "si": 15,
          "sti": 7,
          "dti": 298,
          "sco": 41,
          "dco": 1829,
          "txt": "Wunderdinge"
        },
        {
          "si": 15,
          "sti": 8,
          "dti": 299,
          "sco": 53,
          "dco": 1841,
          "txt": "mit"
        },
        {
          "si": 15,
          "sti": 9,
          "dti": 300,
          "sco": 57,
          "dco": 1845,
          "txt": "dem"
        },
        {
          "si": 15,
          "sti": 10,
          "dti": 301,
          "sco": 61,
          "dco": 1849,
          "txt": "Ball"
        },
        {
          "si": 15,
          "sti": 11,
          "dti": 302,
          "sco": 66,
          "dco": 1854,
          "txt": "und"
        },
        {
          "si": 15,
          "sti": 12,
          "dti": 303,
          "sco": 70,
          "dco": 1858,
          "txt": "bereitete"
        },
        {
          "si": 15,
          "sti": 13,
          "dti": 304,
          "sco": 80,
          "dco": 1868,
          "txt": "Haitis"
        },
        {
          "si": 15,
          "sti": 14,
          "dti": 305,
          "sco": 87,
          "dco": 1875,
          "txt": "Abwehr"
        },
        {
          "si": 15,
          "sti": 15,
          "dti": 306,
          "sco": 94,
          "dco": 1882,
          "txt": "in"
        },
        {
          "si": 15,
          "sti": 16,
          "dti": 307,
          "sco": 97,
          "dco": 1885,
          "txt": "der"
        },
        {
          "si": 15,
          "sti": 17,
          "dti": 308,
          "sco": 101,
          "dco": 1889,
          "txt": "ersten"
        },
        {
          "si": 15,
          "sti": 18,
          "dti": 309,
          "sco": 108,
          "dco": 1896,
          "txt": "Halbzeit"
        },
        {
          "si": 15,
          "sti": 19,
          "dti": 310,
          "sco": 117,
          "dco": 1905,
          "txt": "mehr"
        },
        {
          "si": 15,
          "sti": 20,
          "dti": 311,
          "sco": 122,
          "dco": 1910,
          "txt": "als"
        },
        {
          "si": 15,
          "sti": 21,
          "dti": 312,
          "sco": 126,
          "dco": 1914,
          "txt": "einmal"
        },
        {
          "si": 15,
          "sti": 22,
          "dti": 313,
          "sco": 133,
          "dco": 1921,
          "txt": "Kopfzerbrechen"
        },
        {
          "si": 15,
          "sti": 23,
          "dti": 314,
          "sco": 147,
          "dco": 1935,
          "txt": "."
        },
        {
          "si": 16,
          "sti": 0,
          "dti": 315,
          "sco": 0,
          "dco": 1937,
          "txt": "Jamaika"
        },
        {
          "si": 16,
          "sti": 1,
          "dti": 316,
          "sco": 8,
          "dco": 1945,
          "txt": "begann"
        },
        {
          "si": 16,
          "sti": 2,
          "dti": 317,
          "sco": 15,
          "dco": 1952,
          "txt": "die"
        },
        {
          "si": 16,
          "sti": 3,
          "dti": 318,
          "sco": 19,
          "dco": 1956,
          "txt": "zweite"
        },
        {
          "si": 16,
          "sti": 4,
          "dti": 319,
          "sco": 26,
          "dco": 1963,
          "txt": "Halbzeit"
        },
        {
          "si": 16,
          "sti": 5,
          "dti": 320,
          "sco": 35,
          "dco": 1972,
          "txt": "erneut"
        },
        {
          "si": 16,
          "sti": 6,
          "dti": 321,
          "sco": 42,
          "dco": 1979,
          "txt": "aggressiv"
        },
        {
          "si": 16,
          "sti": 7,
          "dti": 322,
          "sco": 51,
          "dco": 1988,
          "txt": "."
        },
        {
          "si": 17,
          "sti": 0,
          "dti": 323,
          "sco": 0,
          "dco": 1990,
          "txt": "So"
        },
        {
          "si": 17,
          "sti": 1,
          "dti": 324,
          "sco": 3,
          "dco": 1993,
          "txt": "koepfte"
        },
        {
          "si": 17,
          "sti": 2,
          "dti": 325,
          "sco": 11,
          "dco": 2001,
          "txt": "Mittelfeldspieler"
        },
        {
          "si": 17,
          "sti": 3,
          "dti": 326,
          "sco": 29,
          "dco": 2019,
          "txt": "Ian"
        },
        {
          "si": 17,
          "sti": 4,
          "dti": 327,
          "sco": 33,
          "dco": 2023,
          "txt": "Gooddison"
        },
        {
          "si": 17,
          "sti": 5,
          "dti": 328,
          "sco": 43,
          "dco": 2033,
          "txt": "nach"
        },
        {
          "si": 17,
          "sti": 6,
          "dti": 329,
          "sco": 48,
          "dco": 2038,
          "txt": "47"
        },
        {
          "si": 17,
          "sti": 7,
          "dti": 330,
          "sco": 51,
          "dco": 2041,
          "txt": "Minuten"
        },
        {
          "si": 17,
          "sti": 8,
          "dti": 331,
          "sco": 59,
          "dco": 2049,
          "txt": "im"
        },
        {
          "si": 17,
          "sti": 9,
          "dti": 332,
          "sco": 62,
          "dco": 2052,
          "txt": "Anschluss"
        },
        {
          "si": 17,
          "sti": 10,
          "dti": 333,
          "sco": 72,
          "dco": 2062,
          "txt": "an"
        },
        {
          "si": 17,
          "sti": 11,
          "dti": 334,
          "sco": 75,
          "dco": 2065,
          "txt": "einen"
        },
        {
          "si": 17,
          "sti": 12,
          "dti": 335,
          "sco": 81,
          "dco": 2071,
          "txt": "Eckball"
        },
        {
          "si": 17,
          "sti": 13,
          "dti": 336,
          "sco": 89,
          "dco": 2079,
          "txt": "gefaehrlich"
        },
        {
          "si": 17,
          "sti": 14,
          "dti": 337,
          "sco": 101,
          "dco": 2091,
          "txt": "aufs"
        },
        {
          "si": 17,
          "sti": 15,
          "dti": 338,
          "sco": 106,
          "dco": 2096,
          "txt": "Tor"
        },
        {
          "si": 17,
          "sti": 16,
          "dti": 339,
          "sco": 109,
          "dco": 2099,
          "txt": ","
        },
        {
          "si": 17,
          "sti": 17,
          "dti": 340,
          "sco": 111,
          "dco": 2101,
          "txt": "doch"
        },
        {
          "si": 17,
          "sti": 18,
          "dti": 341,
          "sco": 116,
          "dco": 2106,
          "txt": "Torhueter"
        },
        {
          "si": 17,
          "sti": 19,
          "dti": 342,
          "sco": 126,
          "dco": 2116,
          "txt": "Gabard"
        },
        {
          "si": 17,
          "sti": 20,
          "dti": 343,
          "sco": 133,
          "dco": 2123,
          "txt": "gelang"
        },
        {
          "si": 17,
          "sti": 21,
          "dti": 344,
          "sco": 140,
          "dco": 2130,
          "txt": "es"
        },
        {
          "si": 17,
          "sti": 22,
          "dti": 345,
          "sco": 143,
          "dco": 2133,
          "txt": "noch"
        },
        {
          "si": 17,
          "sti": 23,
          "dti": 346,
          "sco": 147,
          "dco": 2137,
          "txt": ","
        },
        {
          "si": 17,
          "sti": 24,
          "dti": 347,
          "sco": 149,
          "dco": 2139,
          "txt": "den"
        },
        {
          "si": 17,
          "sti": 25,
          "dti": 348,
          "sco": 153,
          "dco": 2143,
          "txt": "Ball"
        },
        {
          "si": 17,
          "sti": 26,
          "dti": 349,
          "sco": 158,
          "dco": 2148,
          "txt": "ueber"
        },
        {
          "si": 17,
          "sti": 27,
          "dti": 350,
          "sco": 164,
          "dco": 2154,
          "txt": "die"
        },
        {
          "si": 17,
          "sti": 28,
          "dti": 351,
          "sco": 168,
          "dco": 2158,
          "txt": "Querlatte"
        },
        {
          "si": 17,
          "sti": 29,
          "dti": 352,
          "sco": 178,
          "dco": 2168,
          "txt": "zu"
        },
        {
          "si": 17,
          "sti": 30,
          "dti": 353,
          "sco": 181,
          "dco": 2171,
          "txt": "lenken"
        },
        {
          "si": 17,
          "sti": 31,
          "dti": 354,
          "sco": 187,
          "dco": 2177,
          "txt": "."
        },
        {
          "si": 18,
          "sti": 0,
          "dti": 355,
          "sco": 0,
          "dco": 2179,
          "txt": "Fuer"
        },
        {
          "si": 18,
          "sti": 1,
          "dti": 356,
          "sco": 5,
          "dco": 2184,
          "txt": "Corriolan"
        },
        {
          "si": 18,
          "sti": 2,
          "dti": 357,
          "sco": 14,
          "dco": 2193,
          "txt": ","
        },
        {
          "si": 18,
          "sti": 3,
          "dti": 358,
          "sco": 16,
          "dco": 2195,
          "txt": "Mittelfeldspieler"
        },
        {
          "si": 18,
          "sti": 4,
          "dti": 359,
          "sco": 34,
          "dco": 2213,
          "txt": "der"
        },
        {
          "si": 18,
          "sti": 5,
          "dti": 360,
          "sco": 38,
          "dco": 2217,
          "txt": "haitianischen"
        },
        {
          "si": 18,
          "sti": 6,
          "dti": 361,
          "sco": 52,
          "dco": 2231,
          "txt": "Nationalelf"
        },
        {
          "si": 18,
          "sti": 7,
          "dti": 362,
          "sco": 63,
          "dco": 2242,
          "txt": ","
        },
        {
          "si": 18,
          "sti": 8,
          "dti": 363,
          "sco": 65,
          "dco": 2244,
          "txt": "war"
        },
        {
          "si": 18,
          "sti": 9,
          "dti": 364,
          "sco": 69,
          "dco": 2248,
          "txt": "es"
        },
        {
          "si": 18,
          "sti": 10,
          "dti": 365,
          "sco": 72,
          "dco": 2251,
          "txt": "kein"
        },
        {
          "si": 18,
          "sti": 11,
          "dti": 366,
          "sco": 77,
          "dco": 2256,
          "txt": "Glueckstag"
        },
        {
          "si": 18,
          "sti": 12,
          "dti": 367,
          "sco": 87,
          "dco": 2266,
          "txt": "."
        },
        {
          "si": 19,
          "sti": 0,
          "dti": 368,
          "sco": 0,
          "dco": 2268,
          "txt": "Nachdem"
        },
        {
          "si": 19,
          "sti": 1,
          "dti": 369,
          "sco": 8,
          "dco": 2276,
          "txt": "er"
        },
        {
          "si": 19,
          "sti": 2,
          "dti": 370,
          "sco": 11,
          "dco": 2279,
          "txt": "bereits"
        },
        {
          "si": 19,
          "sti": 3,
          "dti": 371,
          "sco": 19,
          "dco": 2287,
          "txt": "zu"
        },
        {
          "si": 19,
          "sti": 4,
          "dti": 372,
          "sco": 22,
          "dco": 2290,
          "txt": "Beginn"
        },
        {
          "si": 19,
          "sti": 5,
          "dti": 373,
          "sco": 29,
          "dco": 2297,
          "txt": "des"
        },
        {
          "si": 19,
          "sti": 6,
          "dti": 374,
          "sco": 33,
          "dco": 2301,
          "txt": "Spiels"
        },
        {
          "si": 19,
          "sti": 7,
          "dti": 375,
          "sco": 40,
          "dco": 2308,
          "txt": "einen"
        },
        {
          "si": 19,
          "sti": 8,
          "dti": 376,
          "sco": 46,
          "dco": 2314,
          "txt": "Elfmeter"
        },
        {
          "si": 19,
          "sti": 9,
          "dti": 377,
          "sco": 55,
          "dco": 2323,
          "txt": "verschossen"
        },
        {
          "si": 19,
          "sti": 10,
          "dti": 378,
          "sco": 67,
          "dco": 2335,
          "txt": "hatte"
        },
        {
          "si": 19,
          "sti": 11,
          "dti": 379,
          "sco": 72,
          "dco": 2340,
          "txt": ","
        },
        {
          "si": 19,
          "sti": 12,
          "dti": 380,
          "sco": 74,
          "dco": 2342,
          "txt": "scheiterte"
        },
        {
          "si": 19,
          "sti": 13,
          "dti": 381,
          "sco": 85,
          "dco": 2353,
          "txt": "er"
        },
        {
          "si": 19,
          "sti": 14,
          "dti": 382,
          "sco": 88,
          "dco": 2356,
          "txt": "in"
        },
        {
          "si": 19,
          "sti": 15,
          "dti": 383,
          "sco": 91,
          "dco": 2359,
          "txt": "der"
        },
        {
          "si": 19,
          "sti": 16,
          "dti": 384,
          "sco": 95,
          "dco": 2363,
          "txt": "60"
        },
        {
          "si": 19,
          "sti": 17,
          "dti": 385,
          "sco": 97,
          "dco": 2365,
          "txt": "."
        },
        {
          "si": 20,
          "sti": 0,
          "dti": 386,
          "sco": 0,
          "dco": 2367,
          "txt": "Minute"
        },
        {
          "si": 20,
          "sti": 1,
          "dti": 387,
          "sco": 7,
          "dco": 2374,
          "txt": "aus"
        },
        {
          "si": 20,
          "sti": 2,
          "dti": 388,
          "sco": 11,
          "dco": 2378,
          "txt": "aussichtsreicher"
        },
        {
          "si": 20,
          "sti": 3,
          "dti": 389,
          "sco": 28,
          "dco": 2395,
          "txt": "Position"
        },
        {
          "si": 20,
          "sti": 4,
          "dti": 390,
          "sco": 37,
          "dco": 2404,
          "txt": "am"
        },
        {
          "si": 20,
          "sti": 5,
          "dti": 391,
          "sco": 40,
          "dco": 2407,
          "txt": "jamaikanischen"
        },
        {
          "si": 20,
          "sti": 6,
          "dti": 392,
          "sco": 55,
          "dco": 2422,
          "txt": "Torhueter"
        },
        {
          "si": 20,
          "sti": 7,
          "dti": 393,
          "sco": 64,
          "dco": 2431,
          "txt": "."
        },
        {
          "si": 21,
          "sti": 0,
          "dti": 394,
          "sco": 0,
          "dco": 2433,
          "txt": "Wenig"
        },
        {
          "si": 21,
          "sti": 1,
          "dti": 395,
          "sco": 6,
          "dco": 2439,
          "txt": "spaeter"
        },
        {
          "si": 21,
          "sti": 2,
          "dti": 396,
          "sco": 13,
          "dco": 2446,
          "txt": ","
        },
        {
          "si": 21,
          "sti": 3,
          "dti": 397,
          "sco": 15,
          "dco": 2448,
          "txt": "in"
        },
        {
          "si": 21,
          "sti": 4,
          "dti": 398,
          "sco": 18,
          "dco": 2451,
          "txt": "der"
        },
        {
          "si": 21,
          "sti": 5,
          "dti": 399,
          "sco": 22,
          "dco": 2455,
          "txt": "65"
        },
        {
          "si": 21,
          "sti": 6,
          "dti": 400,
          "sco": 24,
          "dco": 2457,
          "txt": "."
        },
        {
          "si": 22,
          "sti": 0,
          "dti": 401,
          "sco": 0,
          "dco": 2459,
          "txt": "Minute"
        },
        {
          "si": 22,
          "sti": 1,
          "dti": 402,
          "sco": 6,
          "dco": 2465,
          "txt": ","
        },
        {
          "si": 22,
          "sti": 2,
          "dti": 403,
          "sco": 8,
          "dco": 2467,
          "txt": "schoss"
        },
        {
          "si": 22,
          "sti": 3,
          "dti": 404,
          "sco": 15,
          "dco": 2474,
          "txt": "der"
        },
        {
          "si": 22,
          "sti": 4,
          "dti": 405,
          "sco": 19,
          "dco": 2478,
          "txt": "Jamaikaner"
        },
        {
          "si": 22,
          "sti": 5,
          "dti": 406,
          "sco": 30,
          "dco": 2489,
          "txt": "Fabin"
        },
        {
          "si": 22,
          "sti": 6,
          "dti": 407,
          "sco": 36,
          "dco": 2495,
          "txt": "Davis"
        },
        {
          "si": 22,
          "sti": 7,
          "dti": 408,
          "sco": 42,
          "dco": 2501,
          "txt": "einen"
        },
        {
          "si": 22,
          "sti": 8,
          "dti": 409,
          "sco": 48,
          "dco": 2507,
          "txt": "gefaehrlichen"
        },
        {
          "si": 22,
          "sti": 9,
          "dti": 410,
          "sco": 62,
          "dco": 2521,
          "txt": "Freistoss"
        },
        {
          "si": 22,
          "sti": 10,
          "dti": 411,
          "sco": 72,
          "dco": 2531,
          "txt": "aufs"
        },
        {
          "si": 22,
          "sti": 11,
          "dti": 412,
          "sco": 77,
          "dco": 2536,
          "txt": "gegnerische"
        },
        {
          "si": 22,
          "sti": 12,
          "dti": 413,
          "sco": 89,
          "dco": 2548,
          "txt": "Tor"
        },
        {
          "si": 22,
          "sti": 13,
          "dti": 414,
          "sco": 92,
          "dco": 2551,
          "txt": ","
        },
        {
          "si": 22,
          "sti": 14,
          "dti": 415,
          "sco": 94,
          "dco": 2553,
          "txt": "doch"
        },
        {
          "si": 22,
          "sti": 15,
          "dti": 416,
          "sco": 99,
          "dco": 2558,
          "txt": "erneut"
        },
        {
          "si": 22,
          "sti": 16,
          "dti": 417,
          "sco": 106,
          "dco": 2565,
          "txt": "gelang"
        },
        {
          "si": 22,
          "sti": 17,
          "dti": 418,
          "sco": 113,
          "dco": 2572,
          "txt": "es"
        },
        {
          "si": 22,
          "sti": 18,
          "dti": 419,
          "sco": 116,
          "dco": 2575,
          "txt": "Gabard"
        },
        {
          "si": 22,
          "sti": 19,
          "dti": 420,
          "sco": 122,
          "dco": 2581,
          "txt": ","
        },
        {
          "si": 22,
          "sti": 20,
          "dti": 421,
          "sco": 124,
          "dco": 2583,
          "txt": "mit"
        },
        {
          "si": 22,
          "sti": 21,
          "dti": 422,
          "sco": 128,
          "dco": 2587,
          "txt": "einer"
        },
        {
          "si": 22,
          "sti": 22,
          "dti": 423,
          "sco": 134,
          "dco": 2593,
          "txt": "katzenhaften"
        },
        {
          "si": 22,
          "sti": 23,
          "dti": 424,
          "sco": 147,
          "dco": 2606,
          "txt": "Parade"
        },
        {
          "si": 22,
          "sti": 24,
          "dti": 425,
          "sco": 154,
          "dco": 2613,
          "txt": "den"
        },
        {
          "si": 22,
          "sti": 25,
          "dti": 426,
          "sco": 158,
          "dco": 2617,
          "txt": "Ball"
        },
        {
          "si": 22,
          "sti": 26,
          "dti": 427,
          "sco": 163,
          "dco": 2622,
          "txt": "ueber"
        },
        {
          "si": 22,
          "sti": 27,
          "dti": 428,
          "sco": 169,
          "dco": 2628,
          "txt": "das"
        },
        {
          "si": 22,
          "sti": 28,
          "dti": 429,
          "sco": 173,
          "dco": 2632,
          "txt": "haitianische"
        },
        {
          "si": 22,
          "sti": 29,
          "dti": 430,
          "sco": 186,
          "dco": 2645,
          "txt": "Tor"
        },
        {
          "si": 22,
          "sti": 30,
          "dti": 431,
          "sco": 190,
          "dco": 2649,
          "txt": "zu"
        },
        {
          "si": 22,
          "sti": 31,
          "dti": 432,
          "sco": 193,
          "dco": 2652,
          "txt": "lenken"
        },
        {
          "si": 22,
          "sti": 32,
          "dti": 433,
          "sco": 199,
          "dco": 2658,
          "txt": "."
        },
        {
          "si": 23,
          "sti": 0,
          "dti": 434,
          "sco": 0,
          "dco": 2660,
          "txt": "Als"
        },
        {
          "si": 23,
          "sti": 1,
          "dti": 435,
          "sco": 4,
          "dco": 2664,
          "txt": "Jaimaikas"
        },
        {
          "si": 23,
          "sti": 2,
          "dti": 436,
          "sco": 14,
          "dco": 2674,
          "txt": "Claude"
        },
        {
          "si": 23,
          "sti": 3,
          "dti": 437,
          "sco": 21,
          "dco": 2681,
          "txt": "Davis"
        },
        {
          "si": 23,
          "sti": 4,
          "dti": 438,
          "sco": 27,
          "dco": 2687,
          "txt": "drei"
        },
        {
          "si": 23,
          "sti": 5,
          "dti": 439,
          "sco": 32,
          "dco": 2692,
          "txt": "Minuten"
        },
        {
          "si": 23,
          "sti": 6,
          "dti": 440,
          "sco": 40,
          "dco": 2700,
          "txt": "wegen"
        },
        {
          "si": 23,
          "sti": 7,
          "dti": 441,
          "sco": 46,
          "dco": 2706,
          "txt": "einer"
        },
        {
          "si": 23,
          "sti": 8,
          "dti": 442,
          "sco": 52,
          "dco": 2712,
          "txt": "Verletzung"
        },
        {
          "si": 23,
          "sti": 9,
          "dti": 443,
          "sco": 63,
          "dco": 2723,
          "txt": "an"
        },
        {
          "si": 23,
          "sti": 10,
          "dti": 444,
          "sco": 66,
          "dco": 2726,
          "txt": "der"
        },
        {
          "si": 23,
          "sti": 11,
          "dti": 445,
          "sco": 70,
          "dco": 2730,
          "txt": "Aussenlinie"
        },
        {
          "si": 23,
          "sti": 12,
          "dti": 446,
          "sco": 82,
          "dco": 2742,
          "txt": "behandelt"
        },
        {
          "si": 23,
          "sti": 13,
          "dti": 447,
          "sco": 92,
          "dco": 2752,
          "txt": "wurde"
        },
        {
          "si": 23,
          "sti": 14,
          "dti": 448,
          "sco": 97,
          "dco": 2757,
          "txt": ","
        },
        {
          "si": 23,
          "sti": 15,
          "dti": 449,
          "sco": 99,
          "dco": 2759,
          "txt": "gelang"
        },
        {
          "si": 23,
          "sti": 16,
          "dti": 450,
          "sco": 106,
          "dco": 2766,
          "txt": "es"
        },
        {
          "si": 23,
          "sti": 17,
          "dti": 451,
          "sco": 109,
          "dco": 2769,
          "txt": "Haiti"
        },
        {
          "si": 23,
          "sti": 18,
          "dti": 452,
          "sco": 115,
          "dco": 2775,
          "txt": "nicht"
        },
        {
          "si": 23,
          "sti": 19,
          "dti": 453,
          "sco": 120,
          "dco": 2780,
          "txt": ","
        },
        {
          "si": 23,
          "sti": 20,
          "dti": 454,
          "sco": 122,
          "dco": 2782,
          "txt": "aus"
        },
        {
          "si": 23,
          "sti": 21,
          "dti": 455,
          "sco": 126,
          "dco": 2786,
          "txt": "dieser"
        },
        {
          "si": 23,
          "sti": 22,
          "dti": 456,
          "sco": 133,
          "dco": 2793,
          "txt": "numerischen"
        },
        {
          "si": 23,
          "sti": 23,
          "dti": 457,
          "sco": 145,
          "dco": 2805,
          "txt": "Ueberlegenheit"
        },
        {
          "si": 23,
          "sti": 24,
          "dti": 458,
          "sco": 160,
          "dco": 2820,
          "txt": "Kapital"
        },
        {
          "si": 23,
          "sti": 25,
          "dti": 459,
          "sco": 168,
          "dco": 2828,
          "txt": "zu"
        },
        {
          "si": 23,
          "sti": 26,
          "dti": 460,
          "sco": 171,
          "dco": 2831,
          "txt": "schlagen"
        },
        {
          "si": 23,
          "sti": 27,
          "dti": 461,
          "sco": 179,
          "dco": 2839,
          "txt": "."
        },
        {
          "si": 24,
          "sti": 0,
          "dti": 462,
          "sco": 0,
          "dco": 2841,
          "txt": "In"
        },
        {
          "si": 24,
          "sti": 1,
          "dti": 463,
          "sco": 3,
          "dco": 2844,
          "txt": "der"
        },
        {
          "si": 24,
          "sti": 2,
          "dti": 464,
          "sco": 7,
          "dco": 2848,
          "txt": "71"
        },
        {
          "si": 24,
          "sti": 3,
          "dti": 465,
          "sco": 9,
          "dco": 2850,
          "txt": "."
        },
        {
          "si": 25,
          "sti": 0,
          "dti": 466,
          "sco": 0,
          "dco": 2852,
          "txt": "Minute"
        },
        {
          "si": 25,
          "sti": 1,
          "dti": 467,
          "sco": 7,
          "dco": 2859,
          "txt": "brachte"
        },
        {
          "si": 25,
          "sti": 2,
          "dti": 468,
          "sco": 15,
          "dco": 2867,
          "txt": "Garfield"
        },
        {
          "si": 25,
          "sti": 3,
          "dti": 469,
          "sco": 24,
          "dco": 2876,
          "txt": "Reid"
        },
        {
          "si": 25,
          "sti": 4,
          "dti": 470,
          "sco": 29,
          "dco": 2881,
          "txt": "mit"
        },
        {
          "si": 25,
          "sti": 5,
          "dti": 471,
          "sco": 33,
          "dco": 2885,
          "txt": "einem"
        },
        {
          "si": 25,
          "sti": 6,
          "dti": 472,
          "sco": 39,
          "dco": 2891,
          "txt": "Gewaltschuss"
        },
        {
          "si": 25,
          "sti": 7,
          "dti": 473,
          "sco": 52,
          "dco": 2904,
          "txt": "aus"
        },
        {
          "si": 25,
          "sti": 8,
          "dti": 474,
          "sco": 56,
          "dco": 2908,
          "txt": "30"
        },
        {
          "si": 25,
          "sti": 9,
          "dti": 475,
          "sco": 59,
          "dco": 2911,
          "txt": "Metern"
        },
        {
          "si": 25,
          "sti": 10,
          "dti": 476,
          "sco": 66,
          "dco": 2918,
          "txt": "das"
        },
        {
          "si": 25,
          "sti": 11,
          "dti": 477,
          "sco": 70,
          "dco": 2922,
          "txt": "haitianische"
        },
        {
          "si": 25,
          "sti": 12,
          "dti": 478,
          "sco": 83,
          "dco": 2935,
          "txt": "Tor"
        },
        {
          "si": 25,
          "sti": 13,
          "dti": 479,
          "sco": 87,
          "dco": 2939,
          "txt": "in"
        },
        {
          "si": 25,
          "sti": 14,
          "dti": 480,
          "sco": 90,
          "dco": 2942,
          "txt": "Gefahr"
        },
        {
          "si": 25,
          "sti": 15,
          "dti": 481,
          "sco": 96,
          "dco": 2948,
          "txt": ","
        },
        {
          "si": 25,
          "sti": 16,
          "dti": 482,
          "sco": 98,
          "dco": 2950,
          "txt": "doch"
        },
        {
          "si": 25,
          "sti": 17,
          "dti": 483,
          "sco": 103,
          "dco": 2955,
          "txt": "erneut"
        },
        {
          "si": 25,
          "sti": 18,
          "dti": 484,
          "sco": 110,
          "dco": 2962,
          "txt": "zeigte"
        },
        {
          "si": 25,
          "sti": 19,
          "dti": 485,
          "sco": 117,
          "dco": 2969,
          "txt": "Gabard"
        },
        {
          "si": 25,
          "sti": 20,
          "dti": 486,
          "sco": 124,
          "dco": 2976,
          "txt": "eine"
        },
        {
          "si": 25,
          "sti": 21,
          "dti": 487,
          "sco": 129,
          "dco": 2981,
          "txt": "seiner"
        },
        {
          "si": 25,
          "sti": 22,
          "dti": 488,
          "sco": 136,
          "dco": 2988,
          "txt": "hervorragenden"
        },
        {
          "si": 25,
          "sti": 23,
          "dti": 489,
          "sco": 151,
          "dco": 3003,
          "txt": "Paraden"
        },
        {
          "si": 25,
          "sti": 24,
          "dti": 490,
          "sco": 158,
          "dco": 3010,
          "txt": "."
        },
        {
          "si": 26,
          "sti": 0,
          "dti": 491,
          "sco": 0,
          "dco": 3012,
          "txt": "In"
        },
        {
          "si": 26,
          "sti": 1,
          "dti": 492,
          "sco": 3,
          "dco": 3015,
          "txt": "den"
        },
        {
          "si": 26,
          "sti": 2,
          "dti": 493,
          "sco": 7,
          "dco": 3019,
          "txt": "letzten"
        },
        {
          "si": 26,
          "sti": 3,
          "dti": 494,
          "sco": 15,
          "dco": 3027,
          "txt": "20"
        },
        {
          "si": 26,
          "sti": 4,
          "dti": 495,
          "sco": 18,
          "dco": 3030,
          "txt": "Minuten"
        },
        {
          "si": 26,
          "sti": 5,
          "dti": 496,
          "sco": 26,
          "dco": 3038,
          "txt": "gelang"
        },
        {
          "si": 26,
          "sti": 6,
          "dti": 497,
          "sco": 33,
          "dco": 3045,
          "txt": "es"
        },
        {
          "si": 26,
          "sti": 7,
          "dti": 498,
          "sco": 36,
          "dco": 3048,
          "txt": "Jamaika"
        },
        {
          "si": 26,
          "sti": 8,
          "dti": 499,
          "sco": 44,
          "dco": 3056,
          "txt": "nicht"
        },
        {
          "si": 26,
          "sti": 9,
          "dti": 500,
          "sco": 50,
          "dco": 3062,
          "txt": "mehr"
        },
        {
          "si": 26,
          "sti": 10,
          "dti": 501,
          "sco": 54,
          "dco": 3066,
          "txt": ","
        },
        {
          "si": 26,
          "sti": 11,
          "dti": 502,
          "sco": 56,
          "dco": 3068,
          "txt": "mit"
        },
        {
          "si": 26,
          "sti": 12,
          "dti": 503,
          "sco": 60,
          "dco": 3072,
          "txt": "seinen"
        },
        {
          "si": 26,
          "sti": 13,
          "dti": 504,
          "sco": 67,
          "dco": 3079,
          "txt": "blitzartig"
        },
        {
          "si": 26,
          "sti": 14,
          "dti": 505,
          "sco": 78,
          "dco": 3090,
          "txt": "vorgetragenen"
        },
        {
          "si": 26,
          "sti": 15,
          "dti": 506,
          "sco": 92,
          "dco": 3104,
          "txt": "Angriffen"
        },
        {
          "si": 26,
          "sti": 16,
          "dti": 507,
          "sco": 102,
          "dco": 3114,
          "txt": "Haitis"
        },
        {
          "si": 26,
          "sti": 17,
          "dti": 508,
          "sco": 109,
          "dco": 3121,
          "txt": "Tor"
        },
        {
          "si": 26,
          "sti": 18,
          "dti": 509,
          "sco": 113,
          "dco": 3125,
          "txt": "zu"
        },
        {
          "si": 26,
          "sti": 19,
          "dti": 510,
          "sco": 116,
          "dco": 3128,
          "txt": "gefaehrden"
        },
        {
          "si": 26,
          "sti": 20,
          "dti": 511,
          "sco": 126,
          "dco": 3138,
          "txt": ","
        },
        {
          "si": 26,
          "sti": 21,
          "dti": 512,
          "sco": 128,
          "dco": 3140,
          "txt": "denn"
        },
        {
          "si": 26,
          "sti": 22,
          "dti": 513,
          "sco": 133,
          "dco": 3145,
          "txt": "auch"
        },
        {
          "si": 26,
          "sti": 23,
          "dti": 514,
          "sco": 138,
          "dco": 3150,
          "txt": "die"
        },
        {
          "si": 26,
          "sti": 24,
          "dti": 515,
          "sco": 142,
          "dco": 3154,
          "txt": "Abwehr"
        },
        {
          "si": 26,
          "sti": 25,
          "dti": 516,
          "sco": 149,
          "dco": 3161,
          "txt": "der"
        },
        {
          "si": 26,
          "sti": 26,
          "dti": 517,
          "sco": 153,
          "dco": 3165,
          "txt": "Haitianer"
        },
        {
          "si": 26,
          "sti": 27,
          "dti": 518,
          "sco": 163,
          "dco": 3175,
          "txt": "stand"
        },
        {
          "si": 26,
          "sti": 28,
          "dti": 519,
          "sco": 169,
          "dco": 3181,
          "txt": "nun"
        },
        {
          "si": 26,
          "sti": 29,
          "dti": 520,
          "sco": 173,
          "dco": 3185,
          "txt": "felsenfest"
        },
        {
          "si": 26,
          "sti": 30,
          "dti": 521,
          "sco": 184,
          "dco": 3196,
          "txt": "und"
        },
        {
          "si": 26,
          "sti": 31,
          "dti": 522,
          "sco": 188,
          "dco": 3200,
          "txt": "wusste"
        },
        {
          "si": 26,
          "sti": 32,
          "dti": 523,
          "sco": 195,
          "dco": 3207,
          "txt": "jede"
        },
        {
          "si": 26,
          "sti": 33,
          "dti": 524,
          "sco": 200,
          "dco": 3212,
          "txt": "Gefahr"
        },
        {
          "si": 26,
          "sti": 34,
          "dti": 525,
          "sco": 207,
          "dco": 3219,
          "txt": "fuer"
        },
        {
          "si": 26,
          "sti": 35,
          "dti": 526,
          "sco": 212,
          "dco": 3224,
          "txt": "ihr"
        },
        {
          "si": 26,
          "sti": 36,
          "dti": 527,
          "sco": 216,
          "dco": 3228,
          "txt": "Tor"
        },
        {
          "si": 26,
          "sti": 37,
          "dti": 528,
          "sco": 220,
          "dco": 3232,
          "txt": "abzuwehren"
        },
        {
          "si": 26,
          "sti": 38,
          "dti": 529,
          "sco": 230,
          "dco": 3242,
          "txt": "."
        },
        {
          "si": 27,
          "sti": 0,
          "dti": 530,
          "sco": 0,
          "dco": 3244,
          "txt": "Das"
        },
        {
          "si": 27,
          "sti": 1,
          "dti": 531,
          "sco": 4,
          "dco": 3248,
          "txt": "Rueckspiel"
        },
        {
          "si": 27,
          "sti": 2,
          "dti": 532,
          "sco": 15,
          "dco": 3259,
          "txt": "findet"
        },
        {
          "si": 27,
          "sti": 3,
          "dti": 533,
          "sco": 22,
          "dco": 3266,
          "txt": "am"
        },
        {
          "si": 27,
          "sti": 4,
          "dti": 534,
          "sco": 25,
          "dco": 3269,
          "txt": "20"
        },
        {
          "si": 27,
          "sti": 5,
          "dti": 535,
          "sco": 27,
          "dco": 3271,
          "txt": "."
        },
        {
          "si": 28,
          "sti": 0,
          "dti": 536,
          "sco": 0,
          "dco": 3273,
          "txt": "Juni"
        },
        {
          "si": 28,
          "sti": 1,
          "dti": 537,
          "sco": 5,
          "dco": 3278,
          "txt": "in"
        },
        {
          "si": 28,
          "sti": 2,
          "dti": 538,
          "sco": 8,
          "dco": 3281,
          "txt": "Kingston"
        },
        {
          "si": 28,
          "sti": 3,
          "dti": 539,
          "sco": 17,
          "dco": 3290,
          "txt": "("
        },
        {
          "si": 28,
          "sti": 4,
          "dti": 540,
          "sco": 18,
          "dco": 3291,
          "txt": "Jamaika"
        },
        {
          "si": 28,
          "sti": 5,
          "dti": 541,
          "sco": 25,
          "dco": 3298,
          "txt": ")"
        },
        {
          "si": 28,
          "sti": 6,
          "dti": 542,
          "sco": 27,
          "dco": 3300,
          "txt": "statt"
        },
        {
          "si": 28,
          "sti": 7,
          "dti": 543,
          "sco": 32,
          "dco": 3305,
          "txt": "."
        }
      ]
    },
    "ganns": {
      "dla": [],
      "la": [],
      "ea": [],
      "eta": [
        {
          "ra": {
            "ea": {
              "etn": "QAInstance"
            }
          },
          "sfs": [
            [
              {
                "stn": "hasQuestion22"
              },
              {
                "la": {
                  "txtc": {
                    "sff": "N/A"
                  },
                  "et": {
                    "etn": "Answer"
                  }
                }
              }
            ],
            [
              {
                "stn": "hasQuestion21"
              },
              {
                "la": {
                  "txtc": {
                    "sff": "25"
                  },
                  "et": {
                    "etn": "Answer"
                  }
                }
              }
            ],
            [
              {
                "stn": "hasQuestion20"
              },
              {
                "la": {
                  "txtc": {
                    "sff": "8"
                  },
                  "et": {
                    "etn": "Answer"
                  }
                }
              }
            ],
            [
              {
                "stn": "hasQuestion15"
              },
              {
                "la": {
                  "txtc": {
                    "sff": "N/A"
                  },
                  "et": {
                    "etn": "Answer"
                  }
                }
              }
            ],
            [
              {
                "stn": "hasQuestion14"
              },
              {
                "la": {
                  "txtc": {
                    "sff": "Bruny Pierre"
                  },
                  "et": {
                    "etn": "Answer"
                  }
                }
              }
            ],
            [
              {
                "stn": "hasQuestion13"
              },
              {
                "la": {
                  "txtc": {
                    "sff": "N/A"
                  },
                  "et": {
                    "etn": "Answer"
                  }
                }
              }
            ],
            [
              {
                "stn": "hasQuestion12"
              },
              {
                "la": {
                  "txtc": {
                    "sff": "Goodison Ian"
                  },
                  "et": {
                    "etn": "Answer"
                  }
                }
              }
            ],
            [
              {
                "stn": "hasQuestion19"
              },
              {
                "la": {
                  "txtc": {
                    "sff": "50"
                  },
                  "et": {
                    "etn": "Answer"
                  }
                }
              }
            ],
            [
              {
                "stn": "hasQuestion18"
              },
              {
                "la": {
                  "txtc": {
                    "sff": "39"
                  },
                  "et": {
                    "etn": "Answer"
                  }
                }
              }
            ],
            [
              {
                "stn": "hasQuestion17"
              },
              {
                "la": {
                  "txtc": {
                    "sff": "Peguero Jeanphilippe"
                  },
                  "et": {
                    "etn": "Answer"
                  }
                }
              }
            ],
            [
              {
                "stn": "hasQuestion16"
              },
              {
                "la": {
                  "txtc": {
                    "sff": "King Marlon"
                  },
                  "et": {
                    "etn": "Answer"
                  }
                }
              }
            ],
            [
              {
                "stn": "hasQuestion11"
              },
              {
                "la": {
                  "txtc": {
                    "sff": "N/A"
                  },
                  "et": {
                    "etn": "Answer"
                  }
                }
              }
            ],
            [
              {
                "stn": "hasQuestion10"
              },
              {
                "la": {
                  "txtc": {
                    "sff": "N/A"
                  },
                  "et": {
                    "etn": "Answer"
                  }
                }
              }
            ],
            [
              {
                "stn": "hasQuestion31"
              },
              {
                "la": {
                  "txtc": {
                    "sff": "0"
                  },
                  "et": {
                    "etn": "Answer"
                  }
                }
              }
            ],
            [
              {
                "stn": "hasQuestion30"
              },
              {
                "la": {
                  "txtc": {
                    "sff": "2"
                  },
                  "et": {
                    "etn": "Answer"
                  }
                }
              }
            ],
            [
              {
                "stn": "hasTeamB"
              },
              {
                "eta": {
                  "ra": {
                    "ea": {
                      "etn": "Haiti"
                    }
                  },
                  "sfs": {},
                  "mfs": [
                    [
                      {
                        "stn": "hasPlayers"
                      },
                      {
                        "dla": [],
                        "la": [],
                        "ea": [
                          {
                            "etn": "Burton Deon"
                          },
                          {
                            "etn": "Davis Claude"
                          },
                          {
                            "etn": "Davis Fabian"
                          },
                          {
                            "etn": "Fuller Ricardo"
                          },
                          {
                            "etn": "Gardner Ricardo"
                          },
                          {
                            "etn": "Goodison Ian"
                          },
                          {
                            "etn": "Hyde Micah"
                          },
                          {
                            "etn": "Johnson Jermaine"
                          },
                          {
                            "etn": "King Marlon"
                          },
                          {
                            "etn": "Langley Richard"
                          },
                          {
                            "etn": "Lawrence Aaron"
                          },
                          {
                            "etn": "Ralph Damani"
                          },
                          {
                            "etn": "Reid Garfield"
                          },
                          {
                            "etn": "Ricketts Donovan"
                          },
                          {
                            "etn": "Steward Damian"
                          },
                          {
                            "etn": "Whitmore Theodore"
                          },
                          {
                            "etn": "Williams Andrew"
                          },
                          {
                            "etn": "Ziadie Craig"
                          }
                        ],
                        "eta": []
                      }
                    ]
                  ]
                }
              }
            ],
            [
              {
                "stn": "hasTeamA"
              },
              {
                "eta": {
                  "ra": {
                    "ea": {
                      "etn": "Haiti"
                    }
                  },
                  "sfs": {},
                  "mfs": [
                    [
                      {
                        "stn": "hasPlayers"
                      },
                      {
                        "dla": [],
                        "la": [],
                        "ea": [
                          {
                            "etn": "Bourcicaut Jeanmichel"
                          },
                          {
                            "etn": "Bruny Pierre"
                          },
                          {
                            "etn": "David Sancius"
                          },
                          {
                            "etn": "Descouines Johnny"
                          },
                          {
                            "etn": "Desir Roosevelt"
                          },
                          {
                            "etn": "Fenelon Gabard"
                          },
                          {
                            "etn": "Frantz Gilles"
                          },
                          {
                            "etn": "Germain Peter"
                          },
                          {
                            "etn": "Gracien Marc"
                          },
                          {
                            "etn": "Luiogi Beauzile"
                          },
                          {
                            "etn": "Mones Chery"
                          },
                          {
                            "etn": "Peguero Jeanphilippe"
                          },
                          {
                            "etn": "Pierre Jean Jacques"
                          },
                          {
                            "etn": "Temps Dorcelus"
                          },
                          {
                            "etn": "Thelamour Dieuphene"
                          },
                          {
                            "etn": "Turlien Romulus"
                          },
                          {
                            "etn": "Wadson Corriolan"
                          }
                        ],
                        "eta": []
                      }
                    ]
                  ]
                }
              }
            ],
            [
              {
                "stn": "hasQuestion9"
              },
              {
                "la": {
                  "txtc": {
                    "sff": "N/A"
                  },
                  "et": {
                    "etn": "Answer"
                  }
                }
              }
            ],
            [
              {
                "stn": "hasQuestion1"
              },
              {
                "la": {
                  "txtc": {
                    "sff": "true"
                  },
                  "et": {
                    "etn": "Answer"
                  }
                }
              }
            ],
            [
              {
                "stn": "hasQuestion26"
              },
              {
                "la": {
                  "txtc": {
                    "sff": "1"
                  },
                  "et": {
                    "etn": "Answer"
                  }
                }
              }
            ],
            [
              {
                "stn": "hasQuestion2"
              },
              {
                "la": {
                  "txtc": {
                    "sff": "0:1"
                  },
                  "et": {
                    "etn": "Answer"
                  }
                }
              }
            ],
            [
              {
                "stn": "hasQuestion25"
              },
              {
                "la": {
                  "txtc": {
                    "sff": "50"
                  },
                  "et": {
                    "etn": "Answer"
                  }
                }
              }
            ],
            [
              {
                "stn": "hasQuestion24"
              },
              {
                "la": {
                  "txtc": {
                    "sff": "50"
                  },
                  "et": {
                    "etn": "Answer"
                  }
                }
              }
            ],
            [
              {
                "stn": "hasQuestion3"
              },
              {
                "la": {
                  "txtc": {
                    "sff": "1:1"
                  },
                  "et": {
                    "etn": "Answer"
                  }
                }
              }
            ],
            [
              {
                "stn": "hasQuestion23"
              },
              {
                "la": {
                  "txtc": {
                    "sff": "N/A"
                  },
                  "et": {
                    "etn": "Answer"
                  }
                }
              }
            ],
            [
              {
                "stn": "hasQuestion4"
              },
              {
                "la": {
                  "txtc": {
                    "sff": "N/A"
                  },
                  "et": {
                    "etn": "Answer"
                  }
                }
              }
            ],
            [
              {
                "stn": "hasQuestion5"
              },
              {
                "la": {
                  "txtc": {
                    "sff": "Haiti,Jamaika"
                  },
                  "et": {
                    "etn": "Answer"
                  }
                }
              }
            ],
            [
              {
                "stn": "hasQuestion29"
              },
              {
                "la": {
                  "txtc": {
                    "sff": "11"
                  },
                  "et": {
                    "etn": "Answer"
                  }
                }
              }
            ],
            [
              {
                "stn": "hasQuestion6"
              },
              {
                "la": {
                  "txtc": {
                    "sff": "N/A"
                  },
                  "et": {
                    "etn": "Answer"
                  }
                }
              }
            ],
            [
              {
                "stn": "hasQuestion28"
              },
              {
                "la": {
                  "txtc": {
                    "sff": "0"
                  },
                  "et": {
                    "etn": "Answer"
                  }
                }
              }
            ],
            [
              {
                "stn": "hasQuestion7"
              },
              {
                "la": {
                  "txtc": {
                    "sff": "N/A"
                  },
                  "et": {
                    "etn": "Answer"
                  }
                }
              }
            ],
            [
              {
                "stn": "hasQuestion27"
              },
              {
                "la": {
                  "txtc": {
                    "sff": "79"
                  },
                  "et": {
                    "etn": "Answer"
                  }
                }
              }
            ],
            [
              {
                "stn": "hasQuestion8"
              },
              {
                "la": {
                  "txtc": {
                    "sff": "Jamaika"
                  },
                  "et": {
                    "etn": "Answer"
                  }
                }
              }
            ]
          ],
          "mfs": {}
        }
      ]
    }
  }
]
