[
  {
    "context": "UNSPECIFIED",
    "doc": {
      "id": "de_mr33841_struct",
      "tl": [
        {
          "si": 0,
          "sti": 0,
          "dti": 0,
          "sco": 0,
          "dco": 0,
          "txt": "Ecuador"
        },
        {
          "si": 0,
          "sti": 1,
          "dti": 1,
          "sco": 8,
          "dco": 8,
          "txt": "mit"
        },
        {
          "si": 0,
          "sti": 2,
          "dti": 2,
          "sco": 12,
          "dco": 12,
          "txt": "3"
        },
        {
          "si": 0,
          "sti": 3,
          "dti": 3,
          "sco": 13,
          "dco": 13,
          "txt": ":"
        },
        {
          "si": 0,
          "sti": 4,
          "dti": 4,
          "sco": 14,
          "dco": 14,
          "txt": "2"
        },
        {
          "si": 0,
          "sti": 5,
          "dti": 5,
          "sco": 15,
          "dco": 15,
          "txt": "-"
        },
        {
          "si": 0,
          "sti": 6,
          "dti": 6,
          "sco": 16,
          "dco": 16,
          "txt": "Sieg"
        },
        {
          "si": 0,
          "sti": 7,
          "dti": 7,
          "sco": 21,
          "dco": 21,
          "txt": "gegen"
        },
        {
          "si": 0,
          "sti": 8,
          "dti": 8,
          "sco": 27,
          "dco": 27,
          "txt": "Bolivien"
        },
        {
          "si": 0,
          "sti": 9,
          "dti": 9,
          "sco": 35,
          "dco": 35,
          "txt": "."
        },
        {
          "si": 1,
          "sti": 0,
          "dti": 10,
          "sco": 0,
          "dco": 37,
          "txt": "Ecuador"
        },
        {
          "si": 1,
          "sti": 1,
          "dti": 11,
          "sco": 8,
          "dco": 45,
          "txt": "kam"
        },
        {
          "si": 1,
          "sti": 2,
          "dti": 12,
          "sco": 12,
          "dco": 49,
          "txt": "am"
        },
        {
          "si": 1,
          "sti": 3,
          "dti": 13,
          "sco": 15,
          "dco": 52,
          "txt": "Samstag"
        },
        {
          "si": 1,
          "sti": 4,
          "dti": 14,
          "sco": 23,
          "dco": 60,
          "txt": "in"
        },
        {
          "si": 1,
          "sti": 5,
          "dti": 15,
          "sco": 26,
          "dco": 63,
          "txt": "Quito"
        },
        {
          "si": 1,
          "sti": 6,
          "dti": 16,
          "sco": 32,
          "dco": 69,
          "txt": "im"
        },
        {
          "si": 1,
          "sti": 7,
          "dti": 17,
          "sco": 35,
          "dco": 72,
          "txt": "ersten"
        },
        {
          "si": 1,
          "sti": 8,
          "dti": 18,
          "sco": 42,
          "dco": 79,
          "txt": "Spiel"
        },
        {
          "si": 1,
          "sti": 9,
          "dti": 19,
          "sco": 48,
          "dco": 85,
          "txt": "der"
        },
        {
          "si": 1,
          "sti": 10,
          "dti": 20,
          "sco": 52,
          "dco": 89,
          "txt": "siebten"
        },
        {
          "si": 1,
          "sti": 11,
          "dti": 21,
          "sco": 60,
          "dco": 97,
          "txt": "WM"
        },
        {
          "si": 1,
          "sti": 12,
          "dti": 22,
          "sco": 62,
          "dco": 99,
          "txt": "-"
        },
        {
          "si": 1,
          "sti": 13,
          "dti": 23,
          "sco": 63,
          "dco": 100,
          "txt": "Qualifikationsrunde"
        },
        {
          "si": 1,
          "sti": 14,
          "dti": 24,
          "sco": 83,
          "dco": 120,
          "txt": "in"
        },
        {
          "si": 1,
          "sti": 15,
          "dti": 25,
          "sco": 86,
          "dco": 123,
          "txt": "Suedamerika"
        },
        {
          "si": 1,
          "sti": 16,
          "dti": 26,
          "sco": 98,
          "dco": 135,
          "txt": "zu"
        },
        {
          "si": 1,
          "sti": 17,
          "dti": 27,
          "sco": 101,
          "dco": 138,
          "txt": "einem"
        },
        {
          "si": 1,
          "sti": 18,
          "dti": 28,
          "sco": 107,
          "dco": 144,
          "txt": "3"
        },
        {
          "si": 1,
          "sti": 19,
          "dti": 29,
          "sco": 108,
          "dco": 145,
          "txt": ":"
        },
        {
          "si": 1,
          "sti": 20,
          "dti": 30,
          "sco": 109,
          "dco": 146,
          "txt": "2"
        },
        {
          "si": 1,
          "sti": 21,
          "dti": 31,
          "sco": 110,
          "dco": 147,
          "txt": "-"
        },
        {
          "si": 1,
          "sti": 22,
          "dti": 32,
          "sco": 111,
          "dco": 148,
          "txt": "Sieg"
        },
        {
          "si": 1,
          "sti": 23,
          "dti": 33,
          "sco": 116,
          "dco": 153,
          "txt": "ueber"
        },
        {
          "si": 1,
          "sti": 24,
          "dti": 34,
          "sco": 122,
          "dco": 159,
          "txt": "Bolivien"
        },
        {
          "si": 1,
          "sti": 25,
          "dti": 35,
          "sco": 130,
          "dco": 167,
          "txt": "."
        },
        {
          "si": 2,
          "sti": 0,
          "dti": 36,
          "sco": 0,
          "dco": 169,
          "txt": "Zur"
        },
        {
          "si": 2,
          "sti": 1,
          "dti": 37,
          "sco": 4,
          "dco": 173,
          "txt": "Halbzeit"
        },
        {
          "si": 2,
          "sti": 2,
          "dti": 38,
          "sco": 13,
          "dco": 182,
          "txt": "hatte"
        },
        {
          "si": 2,
          "sti": 3,
          "dti": 39,
          "sco": 19,
          "dco": 188,
          "txt": "es"
        },
        {
          "si": 2,
          "sti": 4,
          "dti": 40,
          "sco": 22,
          "dco": 191,
          "txt": "noch"
        },
        {
          "si": 2,
          "sti": 5,
          "dti": 41,
          "sco": 27,
          "dco": 196,
          "txt": "3"
        },
        {
          "si": 2,
          "sti": 6,
          "dti": 42,
          "sco": 28,
          "dco": 197,
          "txt": ":"
        },
        {
          "si": 2,
          "sti": 7,
          "dti": 43,
          "sco": 29,
          "dco": 198,
          "txt": "0"
        },
        {
          "si": 2,
          "sti": 8,
          "dti": 44,
          "sco": 31,
          "dco": 200,
          "txt": "gestanden"
        },
        {
          "si": 2,
          "sti": 9,
          "dti": 45,
          "sco": 40,
          "dco": 209,
          "txt": "."
        },
        {
          "si": 3,
          "sti": 0,
          "dti": 46,
          "sco": 0,
          "dco": 211,
          "txt": "Den"
        },
        {
          "si": 3,
          "sti": 1,
          "dti": 47,
          "sco": 4,
          "dco": 215,
          "txt": "ersten"
        },
        {
          "si": 3,
          "sti": 2,
          "dti": 48,
          "sco": 11,
          "dco": 222,
          "txt": "Treffer"
        },
        {
          "si": 3,
          "sti": 3,
          "dti": 49,
          "sco": 19,
          "dco": 230,
          "txt": "fuer"
        },
        {
          "si": 3,
          "sti": 4,
          "dti": 50,
          "sco": 24,
          "dco": 235,
          "txt": "die"
        },
        {
          "si": 3,
          "sti": 5,
          "dti": 51,
          "sco": 28,
          "dco": 239,
          "txt": "Gastgeber"
        },
        {
          "si": 3,
          "sti": 6,
          "dti": 52,
          "sco": 38,
          "dco": 249,
          "txt": "erzielte"
        },
        {
          "si": 3,
          "sti": 7,
          "dti": 53,
          "sco": 47,
          "dco": 258,
          "txt": "allerdings"
        },
        {
          "si": 3,
          "sti": 8,
          "dti": 54,
          "sco": 58,
          "dco": 269,
          "txt": "der"
        },
        {
          "si": 3,
          "sti": 9,
          "dti": 55,
          "sco": 62,
          "dco": 273,
          "txt": "Bolivianer"
        },
        {
          "si": 3,
          "sti": 10,
          "dti": 56,
          "sco": 73,
          "dco": 284,
          "txt": "Hernn"
        },
        {
          "si": 3,
          "sti": 11,
          "dti": 57,
          "sco": 79,
          "dco": 290,
          "txt": "Soliz"
        },
        {
          "si": 3,
          "sti": 12,
          "dti": 58,
          "sco": 85,
          "dco": 296,
          "txt": "durch"
        },
        {
          "si": 3,
          "sti": 13,
          "dti": 59,
          "sco": 91,
          "dco": 302,
          "txt": "ein"
        },
        {
          "si": 3,
          "sti": 14,
          "dti": 60,
          "sco": 95,
          "dco": 306,
          "txt": "Eigentor"
        },
        {
          "si": 3,
          "sti": 15,
          "dti": 61,
          "sco": 104,
          "dco": 315,
          "txt": "in"
        },
        {
          "si": 3,
          "sti": 16,
          "dti": 62,
          "sco": 107,
          "dco": 318,
          "txt": "der"
        },
        {
          "si": 3,
          "sti": 17,
          "dti": 63,
          "sco": 111,
          "dco": 322,
          "txt": "27"
        },
        {
          "si": 3,
          "sti": 18,
          "dti": 64,
          "sco": 113,
          "dco": 324,
          "txt": "."
        },
        {
          "si": 4,
          "sti": 0,
          "dti": 65,
          "sco": 0,
          "dco": 326,
          "txt": "Minute"
        },
        {
          "si": 4,
          "sti": 1,
          "dti": 66,
          "sco": 6,
          "dco": 332,
          "txt": "."
        },
        {
          "si": 5,
          "sti": 0,
          "dti": 67,
          "sco": 0,
          "dco": 334,
          "txt": "Agustn"
        },
        {
          "si": 5,
          "sti": 1,
          "dti": 68,
          "sco": 7,
          "dco": 341,
          "txt": "Delgado"
        },
        {
          "si": 5,
          "sti": 2,
          "dti": 69,
          "sco": 15,
          "dco": 349,
          "txt": "erhoehte"
        },
        {
          "si": 5,
          "sti": 3,
          "dti": 70,
          "sco": 24,
          "dco": 358,
          "txt": "in"
        },
        {
          "si": 5,
          "sti": 4,
          "dti": 71,
          "sco": 27,
          "dco": 361,
          "txt": "der"
        },
        {
          "si": 5,
          "sti": 5,
          "dti": 72,
          "sco": 31,
          "dco": 365,
          "txt": "32"
        },
        {
          "si": 5,
          "sti": 6,
          "dti": 73,
          "sco": 33,
          "dco": 367,
          "txt": "."
        },
        {
          "si": 6,
          "sti": 0,
          "dti": 74,
          "sco": 0,
          "dco": 369,
          "txt": "Minute"
        },
        {
          "si": 6,
          "sti": 1,
          "dti": 75,
          "sco": 7,
          "dco": 376,
          "txt": "auf"
        },
        {
          "si": 6,
          "sti": 2,
          "dti": 76,
          "sco": 11,
          "dco": 380,
          "txt": "2"
        },
        {
          "si": 6,
          "sti": 3,
          "dti": 77,
          "sco": 12,
          "dco": 381,
          "txt": ":"
        },
        {
          "si": 6,
          "sti": 4,
          "dti": 78,
          "sco": 13,
          "dco": 382,
          "txt": "0"
        },
        {
          "si": 6,
          "sti": 5,
          "dti": 79,
          "sco": 15,
          "dco": 384,
          "txt": "und"
        },
        {
          "si": 6,
          "sti": 6,
          "dti": 80,
          "sco": 19,
          "dco": 388,
          "txt": "Ulises"
        },
        {
          "si": 6,
          "sti": 7,
          "dti": 81,
          "sco": 26,
          "dco": 395,
          "txt": "de"
        },
        {
          "si": 6,
          "sti": 8,
          "dti": 82,
          "sco": 29,
          "dco": 398,
          "txt": "la"
        },
        {
          "si": 6,
          "sti": 9,
          "dti": 83,
          "sco": 32,
          "dco": 401,
          "txt": "Cruz"
        },
        {
          "si": 6,
          "sti": 10,
          "dti": 84,
          "sco": 37,
          "dco": 406,
          "txt": "besorgte"
        },
        {
          "si": 6,
          "sti": 11,
          "dti": 85,
          "sco": 46,
          "dco": 415,
          "txt": "in"
        },
        {
          "si": 6,
          "sti": 12,
          "dti": 86,
          "sco": 49,
          "dco": 418,
          "txt": "der"
        },
        {
          "si": 6,
          "sti": 13,
          "dti": 87,
          "sco": 53,
          "dco": 422,
          "txt": "39"
        },
        {
          "si": 6,
          "sti": 14,
          "dti": 88,
          "sco": 55,
          "dco": 424,
          "txt": "."
        },
        {
          "si": 7,
          "sti": 0,
          "dti": 89,
          "sco": 0,
          "dco": 426,
          "txt": "Minute"
        },
        {
          "si": 7,
          "sti": 1,
          "dti": 90,
          "sco": 7,
          "dco": 433,
          "txt": "den"
        },
        {
          "si": 7,
          "sti": 2,
          "dti": 91,
          "sco": 11,
          "dco": 437,
          "txt": "3"
        },
        {
          "si": 7,
          "sti": 3,
          "dti": 92,
          "sco": 12,
          "dco": 438,
          "txt": ":"
        },
        {
          "si": 7,
          "sti": 4,
          "dti": 93,
          "sco": 13,
          "dco": 439,
          "txt": "0"
        },
        {
          "si": 7,
          "sti": 5,
          "dti": 94,
          "sco": 14,
          "dco": 440,
          "txt": "-"
        },
        {
          "si": 7,
          "sti": 6,
          "dti": 95,
          "sco": 15,
          "dco": 441,
          "txt": "Pausenstand"
        },
        {
          "si": 7,
          "sti": 7,
          "dti": 96,
          "sco": 26,
          "dco": 452,
          "txt": "."
        },
        {
          "si": 8,
          "sti": 0,
          "dti": 97,
          "sco": 0,
          "dco": 454,
          "txt": "Doch"
        },
        {
          "si": 8,
          "sti": 1,
          "dti": 98,
          "sco": 5,
          "dco": 459,
          "txt": "Bolivien"
        },
        {
          "si": 8,
          "sti": 2,
          "dti": 99,
          "sco": 14,
          "dco": 468,
          "txt": "wollte"
        },
        {
          "si": 8,
          "sti": 3,
          "dti": 100,
          "sco": 21,
          "dco": 475,
          "txt": "sich"
        },
        {
          "si": 8,
          "sti": 4,
          "dti": 101,
          "sco": 26,
          "dco": 480,
          "txt": "trotz"
        },
        {
          "si": 8,
          "sti": 5,
          "dti": 102,
          "sco": 32,
          "dco": 486,
          "txt": "des"
        },
        {
          "si": 8,
          "sti": 6,
          "dti": 103,
          "sco": 36,
          "dco": 490,
          "txt": "hohen"
        },
        {
          "si": 8,
          "sti": 7,
          "dti": 104,
          "sco": 42,
          "dco": 496,
          "txt": "Rueckstandes"
        },
        {
          "si": 8,
          "sti": 8,
          "dti": 105,
          "sco": 55,
          "dco": 509,
          "txt": "nicht"
        },
        {
          "si": 8,
          "sti": 9,
          "dti": 106,
          "sco": 61,
          "dco": 515,
          "txt": "geschlagen"
        },
        {
          "si": 8,
          "sti": 10,
          "dti": 107,
          "sco": 72,
          "dco": 526,
          "txt": "geben"
        },
        {
          "si": 8,
          "sti": 11,
          "dti": 108,
          "sco": 78,
          "dco": 532,
          "txt": "und"
        },
        {
          "si": 8,
          "sti": 12,
          "dti": 109,
          "sco": 82,
          "dco": 536,
          "txt": "kam"
        },
        {
          "si": 8,
          "sti": 13,
          "dti": 110,
          "sco": 86,
          "dco": 540,
          "txt": "in"
        },
        {
          "si": 8,
          "sti": 14,
          "dti": 111,
          "sco": 89,
          "dco": 543,
          "txt": "der"
        },
        {
          "si": 8,
          "sti": 15,
          "dti": 112,
          "sco": 93,
          "dco": 547,
          "txt": "zweiten"
        },
        {
          "si": 8,
          "sti": 16,
          "dti": 113,
          "sco": 101,
          "dco": 555,
          "txt": "Halbzeit"
        },
        {
          "si": 8,
          "sti": 17,
          "dti": 114,
          "sco": 110,
          "dco": 564,
          "txt": "zurueck"
        },
        {
          "si": 8,
          "sti": 18,
          "dti": 115,
          "sco": 117,
          "dco": 571,
          "txt": ":"
        },
        {
          "si": 8,
          "sti": 19,
          "dti": 116,
          "sco": 119,
          "dco": 573,
          "txt": "in"
        },
        {
          "si": 8,
          "sti": 20,
          "dti": 117,
          "sco": 122,
          "dco": 576,
          "txt": "der"
        },
        {
          "si": 8,
          "sti": 21,
          "dti": 118,
          "sco": 126,
          "dco": 580,
          "txt": "58"
        },
        {
          "si": 8,
          "sti": 22,
          "dti": 119,
          "sco": 128,
          "dco": 582,
          "txt": "."
        },
        {
          "si": 9,
          "sti": 0,
          "dti": 120,
          "sco": 0,
          "dco": 584,
          "txt": "Minute"
        },
        {
          "si": 9,
          "sti": 1,
          "dti": 121,
          "sco": 7,
          "dco": 591,
          "txt": "verkuerzte"
        },
        {
          "si": 9,
          "sti": 2,
          "dti": 122,
          "sco": 18,
          "dco": 602,
          "txt": "Limberg"
        },
        {
          "si": 9,
          "sti": 3,
          "dti": 123,
          "sco": 26,
          "dco": 610,
          "txt": "Gutirrez"
        },
        {
          "si": 9,
          "sti": 4,
          "dti": 124,
          "sco": 35,
          "dco": 619,
          "txt": "auf"
        },
        {
          "si": 9,
          "sti": 5,
          "dti": 125,
          "sco": 39,
          "dco": 623,
          "txt": "3"
        },
        {
          "si": 9,
          "sti": 6,
          "dti": 126,
          "sco": 40,
          "dco": 624,
          "txt": ":"
        },
        {
          "si": 9,
          "sti": 7,
          "dti": 127,
          "sco": 41,
          "dco": 625,
          "txt": "1"
        },
        {
          "si": 9,
          "sti": 8,
          "dti": 128,
          "sco": 42,
          "dco": 626,
          "txt": ","
        },
        {
          "si": 9,
          "sti": 9,
          "dti": 129,
          "sco": 44,
          "dco": 628,
          "txt": "bevor"
        },
        {
          "si": 9,
          "sti": 10,
          "dti": 130,
          "sco": 50,
          "dco": 634,
          "txt": "Jos"
        },
        {
          "si": 9,
          "sti": 11,
          "dti": 131,
          "sco": 54,
          "dco": 638,
          "txt": "Castillo"
        },
        {
          "si": 9,
          "sti": 12,
          "dti": 132,
          "sco": 63,
          "dco": 647,
          "txt": "in"
        },
        {
          "si": 9,
          "sti": 13,
          "dti": 133,
          "sco": 66,
          "dco": 650,
          "txt": "der"
        },
        {
          "si": 9,
          "sti": 14,
          "dti": 134,
          "sco": 70,
          "dco": 654,
          "txt": "75"
        },
        {
          "si": 9,
          "sti": 15,
          "dti": 135,
          "sco": 72,
          "dco": 656,
          "txt": "."
        },
        {
          "si": 10,
          "sti": 0,
          "dti": 136,
          "sco": 0,
          "dco": 658,
          "txt": "Minute"
        },
        {
          "si": 10,
          "sti": 1,
          "dti": 137,
          "sco": 7,
          "dco": 665,
          "txt": "das"
        },
        {
          "si": 10,
          "sti": 2,
          "dti": 138,
          "sco": 11,
          "dco": 669,
          "txt": "3"
        },
        {
          "si": 10,
          "sti": 3,
          "dti": 139,
          "sco": 12,
          "dco": 670,
          "txt": ":"
        },
        {
          "si": 10,
          "sti": 4,
          "dti": 140,
          "sco": 13,
          "dco": 671,
          "txt": "2"
        },
        {
          "si": 10,
          "sti": 5,
          "dti": 141,
          "sco": 15,
          "dco": 673,
          "txt": "gelang"
        },
        {
          "si": 10,
          "sti": 6,
          "dti": 142,
          "sco": 21,
          "dco": 679,
          "txt": "."
        },
        {
          "si": 11,
          "sti": 0,
          "dti": 143,
          "sco": 0,
          "dco": 681,
          "txt": "Die"
        },
        {
          "si": 11,
          "sti": 1,
          "dti": 144,
          "sco": 4,
          "dco": 685,
          "txt": "letzten"
        },
        {
          "si": 11,
          "sti": 2,
          "dti": 145,
          "sco": 12,
          "dco": 693,
          "txt": "15"
        },
        {
          "si": 11,
          "sti": 3,
          "dti": 146,
          "sco": 15,
          "dco": 696,
          "txt": "Minuten"
        },
        {
          "si": 11,
          "sti": 4,
          "dti": 147,
          "sco": 23,
          "dco": 704,
          "txt": "wurden"
        },
        {
          "si": 11,
          "sti": 5,
          "dti": 148,
          "sco": 30,
          "dco": 711,
          "txt": "somit"
        },
        {
          "si": 11,
          "sti": 6,
          "dti": 149,
          "sco": 36,
          "dco": 717,
          "txt": "noch"
        },
        {
          "si": 11,
          "sti": 7,
          "dti": 150,
          "sco": 41,
          "dco": 722,
          "txt": "einmal"
        },
        {
          "si": 11,
          "sti": 8,
          "dti": 151,
          "sco": 48,
          "dco": 729,
          "txt": "richtig"
        },
        {
          "si": 11,
          "sti": 9,
          "dti": 152,
          "sco": 56,
          "dco": 737,
          "txt": "spannend"
        },
        {
          "si": 11,
          "sti": 10,
          "dti": 153,
          "sco": 64,
          "dco": 745,
          "txt": "."
        },
        {
          "si": 12,
          "sti": 0,
          "dti": 154,
          "sco": 0,
          "dco": 747,
          "txt": "Knapp"
        },
        {
          "si": 12,
          "sti": 1,
          "dti": 155,
          "sco": 6,
          "dco": 753,
          "txt": "eine"
        },
        {
          "si": 12,
          "sti": 2,
          "dti": 156,
          "sco": 11,
          "dco": 758,
          "txt": "Stunde"
        },
        {
          "si": 12,
          "sti": 3,
          "dti": 157,
          "sco": 18,
          "dco": 765,
          "txt": "lang"
        },
        {
          "si": 12,
          "sti": 4,
          "dti": 158,
          "sco": 23,
          "dco": 770,
          "txt": "hatte"
        },
        {
          "si": 12,
          "sti": 5,
          "dti": 159,
          "sco": 29,
          "dco": 776,
          "txt": "Ecuador"
        },
        {
          "si": 12,
          "sti": 6,
          "dti": 160,
          "sco": 37,
          "dco": 784,
          "txt": "die"
        },
        {
          "si": 12,
          "sti": 7,
          "dti": 161,
          "sco": 41,
          "dco": 788,
          "txt": "3"
        },
        {
          "si": 12,
          "sti": 8,
          "dti": 162,
          "sco": 42,
          "dco": 789,
          "txt": ":"
        },
        {
          "si": 12,
          "sti": 9,
          "dti": 163,
          "sco": 43,
          "dco": 790,
          "txt": "0"
        },
        {
          "si": 12,
          "sti": 10,
          "dti": 164,
          "sco": 44,
          "dco": 791,
          "txt": "-"
        },
        {
          "si": 12,
          "sti": 11,
          "dti": 165,
          "sco": 45,
          "dco": 792,
          "txt": "Fuehrung"
        },
        {
          "si": 12,
          "sti": 12,
          "dti": 166,
          "sco": 54,
          "dco": 801,
          "txt": "beaupten"
        },
        {
          "si": 12,
          "sti": 13,
          "dti": 167,
          "sco": 63,
          "dco": 810,
          "txt": "koennen"
        },
        {
          "si": 12,
          "sti": 14,
          "dti": 168,
          "sco": 70,
          "dco": 817,
          "txt": "."
        },
        {
          "si": 13,
          "sti": 0,
          "dti": 169,
          "sco": 0,
          "dco": 819,
          "txt": "Doch"
        },
        {
          "si": 13,
          "sti": 1,
          "dti": 170,
          "sco": 5,
          "dco": 824,
          "txt": "nachdem"
        },
        {
          "si": 13,
          "sti": 2,
          "dti": 171,
          "sco": 13,
          "dco": 832,
          "txt": "die"
        },
        {
          "si": 13,
          "sti": 3,
          "dti": 172,
          "sco": 17,
          "dco": 836,
          "txt": "Gaeste"
        },
        {
          "si": 13,
          "sti": 4,
          "dti": 173,
          "sco": 24,
          "dco": 843,
          "txt": "in"
        },
        {
          "si": 13,
          "sti": 5,
          "dti": 174,
          "sco": 27,
          "dco": 846,
          "txt": "der"
        },
        {
          "si": 13,
          "sti": 6,
          "dti": 175,
          "sco": 31,
          "dco": 850,
          "txt": "58"
        },
        {
          "si": 13,
          "sti": 7,
          "dti": 176,
          "sco": 33,
          "dco": 852,
          "txt": "."
        },
        {
          "si": 14,
          "sti": 0,
          "dti": 177,
          "sco": 0,
          "dco": 854,
          "txt": "Minute"
        },
        {
          "si": 14,
          "sti": 1,
          "dti": 178,
          "sco": 7,
          "dco": 861,
          "txt": "erstmals"
        },
        {
          "si": 14,
          "sti": 2,
          "dti": 179,
          "sco": 16,
          "dco": 870,
          "txt": "erfolgreich"
        },
        {
          "si": 14,
          "sti": 3,
          "dti": 180,
          "sco": 28,
          "dco": 882,
          "txt": "waren"
        },
        {
          "si": 14,
          "sti": 4,
          "dti": 181,
          "sco": 33,
          "dco": 887,
          "txt": ","
        },
        {
          "si": 14,
          "sti": 5,
          "dti": 182,
          "sco": 35,
          "dco": 889,
          "txt": "und"
        },
        {
          "si": 14,
          "sti": 6,
          "dti": 183,
          "sco": 39,
          "dco": 893,
          "txt": "eine"
        },
        {
          "si": 14,
          "sti": 7,
          "dti": 184,
          "sco": 44,
          "dco": 898,
          "txt": "Viertelstunde"
        },
        {
          "si": 14,
          "sti": 8,
          "dti": 185,
          "sco": 58,
          "dco": 912,
          "txt": "spaeter"
        },
        {
          "si": 14,
          "sti": 9,
          "dti": 186,
          "sco": 66,
          "dco": 920,
          "txt": "sogar"
        },
        {
          "si": 14,
          "sti": 10,
          "dti": 187,
          "sco": 72,
          "dco": 926,
          "txt": "auf"
        },
        {
          "si": 14,
          "sti": 11,
          "dti": 188,
          "sco": 76,
          "dco": 930,
          "txt": "3"
        },
        {
          "si": 14,
          "sti": 12,
          "dti": 189,
          "sco": 77,
          "dco": 931,
          "txt": ":"
        },
        {
          "si": 14,
          "sti": 13,
          "dti": 190,
          "sco": 78,
          "dco": 932,
          "txt": "2"
        },
        {
          "si": 14,
          "sti": 14,
          "dti": 191,
          "sco": 80,
          "dco": 934,
          "txt": "herankamen"
        },
        {
          "si": 14,
          "sti": 15,
          "dti": 192,
          "sco": 90,
          "dco": 944,
          "txt": ","
        },
        {
          "si": 14,
          "sti": 16,
          "dti": 193,
          "sco": 92,
          "dco": 946,
          "txt": "wirkte"
        },
        {
          "si": 14,
          "sti": 17,
          "dti": 194,
          "sco": 99,
          "dco": 953,
          "txt": "die"
        },
        {
          "si": 14,
          "sti": 18,
          "dti": 195,
          "sco": 103,
          "dco": 957,
          "txt": "Mannschaft"
        },
        {
          "si": 14,
          "sti": 19,
          "dti": 196,
          "sco": 114,
          "dco": 968,
          "txt": "der"
        },
        {
          "si": 14,
          "sti": 20,
          "dti": 197,
          "sco": 118,
          "dco": 972,
          "txt": "Gastgeber"
        },
        {
          "si": 14,
          "sti": 21,
          "dti": 198,
          "sco": 128,
          "dco": 982,
          "txt": "alles"
        },
        {
          "si": 14,
          "sti": 22,
          "dti": 199,
          "sco": 134,
          "dco": 988,
          "txt": "andere"
        },
        {
          "si": 14,
          "sti": 23,
          "dti": 200,
          "sco": 141,
          "dco": 995,
          "txt": "als"
        },
        {
          "si": 14,
          "sti": 24,
          "dti": 201,
          "sco": 145,
          "dco": 999,
          "txt": "ueberzeugend"
        },
        {
          "si": 14,
          "sti": 25,
          "dti": 202,
          "sco": 158,
          "dco": 1012,
          "txt": "und"
        },
        {
          "si": 14,
          "sti": 26,
          "dti": 203,
          "sco": 162,
          "dco": 1016,
          "txt": "eine"
        },
        {
          "si": 14,
          "sti": 27,
          "dti": 204,
          "sco": 167,
          "dco": 1021,
          "txt": "Punkteteilung"
        },
        {
          "si": 14,
          "sti": 28,
          "dti": 205,
          "sco": 181,
          "dco": 1035,
          "txt": "schien"
        },
        {
          "si": 14,
          "sti": 29,
          "dti": 206,
          "sco": 188,
          "dco": 1042,
          "txt": "in"
        },
        {
          "si": 14,
          "sti": 30,
          "dti": 207,
          "sco": 191,
          "dco": 1045,
          "txt": "greifbare"
        },
        {
          "si": 14,
          "sti": 31,
          "dti": 208,
          "sco": 201,
          "dco": 1055,
          "txt": "Naehe"
        },
        {
          "si": 14,
          "sti": 32,
          "dti": 209,
          "sco": 207,
          "dco": 1061,
          "txt": "zu"
        },
        {
          "si": 14,
          "sti": 33,
          "dti": 210,
          "sco": 210,
          "dco": 1064,
          "txt": "ruecken"
        },
        {
          "si": 14,
          "sti": 34,
          "dti": 211,
          "sco": 217,
          "dco": 1071,
          "txt": "."
        },
        {
          "si": 15,
          "sti": 0,
          "dti": 212,
          "sco": 0,
          "dco": 1073,
          "txt": "Nach"
        },
        {
          "si": 15,
          "sti": 1,
          "dti": 213,
          "sco": 5,
          "dco": 1078,
          "txt": "diesem"
        },
        {
          "si": 15,
          "sti": 2,
          "dti": 214,
          "sco": 12,
          "dco": 1085,
          "txt": "hart"
        },
        {
          "si": 15,
          "sti": 3,
          "dti": 215,
          "sco": 17,
          "dco": 1090,
          "txt": "erkaempften"
        },
        {
          "si": 15,
          "sti": 4,
          "dti": 216,
          "sco": 29,
          "dco": 1102,
          "txt": "Sieg"
        },
        {
          "si": 15,
          "sti": 5,
          "dti": 217,
          "sco": 34,
          "dco": 1107,
          "txt": "am"
        },
        {
          "si": 15,
          "sti": 6,
          "dti": 218,
          "sco": 37,
          "dco": 1110,
          "txt": "siebten"
        },
        {
          "si": 15,
          "sti": 7,
          "dti": 219,
          "sco": 45,
          "dco": 1118,
          "txt": "Spieltag"
        },
        {
          "si": 15,
          "sti": 8,
          "dti": 220,
          "sco": 54,
          "dco": 1127,
          "txt": "rueckt"
        },
        {
          "si": 15,
          "sti": 9,
          "dti": 221,
          "sco": 61,
          "dco": 1134,
          "txt": "Ecuador"
        },
        {
          "si": 15,
          "sti": 10,
          "dti": 222,
          "sco": 69,
          "dco": 1142,
          "txt": "mit"
        },
        {
          "si": 15,
          "sti": 11,
          "dti": 223,
          "sco": 73,
          "dco": 1146,
          "txt": "zehn"
        },
        {
          "si": 15,
          "sti": 12,
          "dti": 224,
          "sco": 78,
          "dco": 1151,
          "txt": "Punkten"
        },
        {
          "si": 15,
          "sti": 13,
          "dti": 225,
          "sco": 86,
          "dco": 1159,
          "txt": "und"
        },
        {
          "si": 15,
          "sti": 14,
          "dti": 226,
          "sco": 90,
          "dco": 1163,
          "txt": "einer"
        },
        {
          "si": 15,
          "sti": 15,
          "dti": 227,
          "sco": 96,
          "dco": 1169,
          "txt": "Tordifferenz"
        },
        {
          "si": 15,
          "sti": 16,
          "dti": 228,
          "sco": 109,
          "dco": 1182,
          "txt": "von"
        },
        {
          "si": 15,
          "sti": 17,
          "dti": 229,
          "sco": 113,
          "dco": 1186,
          "txt": "+"
        },
        {
          "si": 15,
          "sti": 18,
          "dti": 230,
          "sco": 114,
          "dco": 1187,
          "txt": "1"
        },
        {
          "si": 15,
          "sti": 19,
          "dti": 231,
          "sco": 116,
          "dco": 1189,
          "txt": "zumindest"
        },
        {
          "si": 15,
          "sti": 20,
          "dti": 232,
          "sco": 126,
          "dco": 1199,
          "txt": "kurzfristig"
        },
        {
          "si": 15,
          "sti": 21,
          "dti": 233,
          "sco": 138,
          "dco": 1211,
          "txt": "auf"
        },
        {
          "si": 15,
          "sti": 22,
          "dti": 234,
          "sco": 142,
          "dco": 1215,
          "txt": "Rang"
        },
        {
          "si": 15,
          "sti": 23,
          "dti": 235,
          "sco": 147,
          "dco": 1220,
          "txt": "5"
        },
        {
          "si": 15,
          "sti": 24,
          "dti": 236,
          "sco": 149,
          "dco": 1222,
          "txt": "in"
        },
        {
          "si": 15,
          "sti": 25,
          "dti": 237,
          "sco": 152,
          "dco": 1225,
          "txt": "der"
        },
        {
          "si": 15,
          "sti": 26,
          "dti": 238,
          "sco": 156,
          "dco": 1229,
          "txt": "Tabelle"
        },
        {
          "si": 15,
          "sti": 27,
          "dti": 239,
          "sco": 164,
          "dco": 1237,
          "txt": "vor"
        },
        {
          "si": 15,
          "sti": 28,
          "dti": 240,
          "sco": 167,
          "dco": 1240,
          "txt": "."
        },
        {
          "si": 16,
          "sti": 0,
          "dti": 241,
          "sco": 0,
          "dco": 1242,
          "txt": "Chile"
        },
        {
          "si": 16,
          "sti": 1,
          "dti": 242,
          "sco": 6,
          "dco": 1248,
          "txt": "und"
        },
        {
          "si": 16,
          "sti": 2,
          "dti": 243,
          "sco": 10,
          "dco": 1252,
          "txt": "Paraguay"
        },
        {
          "si": 16,
          "sti": 3,
          "dti": 244,
          "sco": 20,
          "dco": 1262,
          "txt": "die"
        },
        {
          "si": 16,
          "sti": 4,
          "dti": 245,
          "sco": 24,
          "dco": 1266,
          "txt": "beide"
        },
        {
          "si": 16,
          "sti": 5,
          "dti": 246,
          "sco": 30,
          "dco": 1272,
          "txt": "heute"
        },
        {
          "si": 16,
          "sti": 6,
          "dti": 247,
          "sco": 36,
          "dco": 1278,
          "txt": "noch"
        },
        {
          "si": 16,
          "sti": 7,
          "dti": 248,
          "sco": 41,
          "dco": 1283,
          "txt": "spielen"
        },
        {
          "si": 16,
          "sti": 8,
          "dti": 249,
          "sco": 50,
          "dco": 1292,
          "txt": "haben"
        },
        {
          "si": 16,
          "sti": 9,
          "dti": 250,
          "sco": 56,
          "dco": 1298,
          "txt": "ebenfalls"
        },
        {
          "si": 16,
          "sti": 10,
          "dti": 251,
          "sco": 66,
          "dco": 1308,
          "txt": "zehn"
        },
        {
          "si": 16,
          "sti": 11,
          "dti": 252,
          "sco": 71,
          "dco": 1313,
          "txt": "Punkte"
        },
        {
          "si": 16,
          "sti": 12,
          "dti": 253,
          "sco": 77,
          "dco": 1319,
          "txt": ","
        },
        {
          "si": 16,
          "sti": 13,
          "dti": 254,
          "sco": 79,
          "dco": 1321,
          "txt": "liegen"
        },
        {
          "si": 16,
          "sti": 14,
          "dti": 255,
          "sco": 86,
          "dco": 1328,
          "txt": "aber"
        },
        {
          "si": 16,
          "sti": 15,
          "dti": 256,
          "sco": 91,
          "dco": 1333,
          "txt": "wegen"
        },
        {
          "si": 16,
          "sti": 16,
          "dti": 257,
          "sco": 97,
          "dco": 1339,
          "txt": "der"
        },
        {
          "si": 16,
          "sti": 17,
          "dti": 258,
          "sco": 101,
          "dco": 1343,
          "txt": "besseren"
        },
        {
          "si": 16,
          "sti": 18,
          "dti": 259,
          "sco": 110,
          "dco": 1352,
          "txt": "Tordifferenz"
        },
        {
          "si": 16,
          "sti": 19,
          "dti": 260,
          "sco": 123,
          "dco": 1365,
          "txt": "("
        },
        {
          "si": 16,
          "sti": 20,
          "dti": 261,
          "sco": 124,
          "dco": 1366,
          "txt": "Chile"
        },
        {
          "si": 16,
          "sti": 21,
          "dti": 262,
          "sco": 130,
          "dco": 1372,
          "txt": "hat"
        },
        {
          "si": 16,
          "sti": 22,
          "dti": 263,
          "sco": 134,
          "dco": 1376,
          "txt": "+"
        },
        {
          "si": 16,
          "sti": 23,
          "dti": 264,
          "sco": 135,
          "dco": 1377,
          "txt": "2"
        },
        {
          "si": 16,
          "sti": 24,
          "dti": 265,
          "sco": 136,
          "dco": 1378,
          "txt": ")"
        },
        {
          "si": 16,
          "sti": 25,
          "dti": 266,
          "sco": 138,
          "dco": 1380,
          "txt": "bzw"
        },
        {
          "si": 16,
          "sti": 26,
          "dti": 267,
          "sco": 141,
          "dco": 1383,
          "txt": "."
        },
        {
          "si": 16,
          "sti": 27,
          "dti": 268,
          "sco": 143,
          "dco": 1385,
          "txt": "der"
        },
        {
          "si": 16,
          "sti": 28,
          "dti": 269,
          "sco": 147,
          "dco": 1389,
          "txt": "mehr"
        },
        {
          "si": 16,
          "sti": 29,
          "dti": 270,
          "sco": 152,
          "dco": 1394,
          "txt": "erzielten"
        },
        {
          "si": 16,
          "sti": 30,
          "dti": 271,
          "sco": 162,
          "dco": 1404,
          "txt": "Tore"
        },
        {
          "si": 16,
          "sti": 31,
          "dti": 272,
          "sco": 167,
          "dco": 1409,
          "txt": "("
        },
        {
          "si": 16,
          "sti": 32,
          "dti": 273,
          "sco": 168,
          "dco": 1410,
          "txt": "Paraguay"
        },
        {
          "si": 16,
          "sti": 33,
          "dti": 274,
          "sco": 177,
          "dco": 1419,
          "txt": "hat"
        },
        {
          "si": 16,
          "sti": 34,
          "dti": 275,
          "sco": 181,
          "dco": 1423,
          "txt": "9"
        },
        {
          "si": 16,
          "sti": 35,
          "dti": 276,
          "sco": 182,
          "dco": 1424,
          "txt": ":"
        },
        {
          "si": 16,
          "sti": 36,
          "dti": 277,
          "sco": 183,
          "dco": 1425,
          "txt": "8"
        },
        {
          "si": 16,
          "sti": 37,
          "dti": 278,
          "sco": 184,
          "dco": 1426,
          "txt": ")"
        },
        {
          "si": 16,
          "sti": 38,
          "dti": 279,
          "sco": 186,
          "dco": 1428,
          "txt": "noch"
        },
        {
          "si": 16,
          "sti": 39,
          "dti": 280,
          "sco": 191,
          "dco": 1433,
          "txt": "vor"
        },
        {
          "si": 16,
          "sti": 40,
          "dti": 281,
          "sco": 195,
          "dco": 1437,
          "txt": "Equador"
        },
        {
          "si": 16,
          "sti": 41,
          "dti": 282,
          "sco": 202,
          "dco": 1444,
          "txt": "."
        },
        {
          "si": 17,
          "sti": 0,
          "dti": 283,
          "sco": 0,
          "dco": 1446,
          "txt": "Bolivien"
        },
        {
          "si": 17,
          "sti": 1,
          "dti": 284,
          "sco": 9,
          "dco": 1455,
          "txt": "liegt"
        },
        {
          "si": 17,
          "sti": 2,
          "dti": 285,
          "sco": 15,
          "dco": 1461,
          "txt": "mit"
        },
        {
          "si": 17,
          "sti": 3,
          "dti": 286,
          "sco": 19,
          "dco": 1465,
          "txt": "6"
        },
        {
          "si": 17,
          "sti": 4,
          "dti": 287,
          "sco": 21,
          "dco": 1467,
          "txt": "Punkten"
        },
        {
          "si": 17,
          "sti": 5,
          "dti": 288,
          "sco": 29,
          "dco": 1475,
          "txt": "weiterhin"
        },
        {
          "si": 17,
          "sti": 6,
          "dti": 289,
          "sco": 39,
          "dco": 1485,
          "txt": "auf"
        },
        {
          "si": 17,
          "sti": 7,
          "dti": 290,
          "sco": 43,
          "dco": 1489,
          "txt": "dem"
        },
        {
          "si": 17,
          "sti": 8,
          "dti": 291,
          "sco": 47,
          "dco": 1493,
          "txt": "vorletzten"
        },
        {
          "si": 17,
          "sti": 9,
          "dti": 292,
          "sco": 58,
          "dco": 1504,
          "txt": "Tabellenplatz"
        },
        {
          "si": 17,
          "sti": 10,
          "dti": 293,
          "sco": 71,
          "dco": 1517,
          "txt": "."
        },
        {
          "si": 18,
          "sti": 0,
          "dti": 294,
          "sco": 0,
          "dco": 1519,
          "txt": "Am"
        },
        {
          "si": 18,
          "sti": 1,
          "dti": 295,
          "sco": 3,
          "dco": 1522,
          "txt": "achten"
        },
        {
          "si": 18,
          "sti": 2,
          "dti": 296,
          "sco": 10,
          "dco": 1529,
          "txt": "Spieltag"
        },
        {
          "si": 18,
          "sti": 3,
          "dti": 297,
          "sco": 19,
          "dco": 1538,
          "txt": "trifft"
        },
        {
          "si": 18,
          "sti": 4,
          "dti": 298,
          "sco": 26,
          "dco": 1545,
          "txt": "Ecuador"
        },
        {
          "si": 18,
          "sti": 5,
          "dti": 299,
          "sco": 34,
          "dco": 1553,
          "txt": "im"
        },
        {
          "si": 18,
          "sti": 6,
          "dti": 300,
          "sco": 37,
          "dco": 1556,
          "txt": "September"
        },
        {
          "si": 18,
          "sti": 7,
          "dti": 301,
          "sco": 47,
          "dco": 1566,
          "txt": "in"
        },
        {
          "si": 18,
          "sti": 8,
          "dti": 302,
          "sco": 50,
          "dco": 1569,
          "txt": "Montevideo"
        },
        {
          "si": 18,
          "sti": 9,
          "dti": 303,
          "sco": 61,
          "dco": 1580,
          "txt": "auf"
        },
        {
          "si": 18,
          "sti": 10,
          "dti": 304,
          "sco": 65,
          "dco": 1584,
          "txt": "Uruguay"
        },
        {
          "si": 18,
          "sti": 11,
          "dti": 305,
          "sco": 72,
          "dco": 1591,
          "txt": ","
        },
        {
          "si": 18,
          "sti": 12,
          "dti": 306,
          "sco": 74,
          "dco": 1593,
          "txt": "waehrend"
        },
        {
          "si": 18,
          "sti": 13,
          "dti": 307,
          "sco": 83,
          "dco": 1602,
          "txt": "Bolivien"
        },
        {
          "si": 18,
          "sti": 14,
          "dti": 308,
          "sco": 92,
          "dco": 1611,
          "txt": "nach"
        },
        {
          "si": 18,
          "sti": 15,
          "dti": 309,
          "sco": 97,
          "dco": 1616,
          "txt": "Sao"
        },
        {
          "si": 18,
          "sti": 16,
          "dti": 310,
          "sco": 101,
          "dco": 1620,
          "txt": "Paulo"
        },
        {
          "si": 18,
          "sti": 17,
          "dti": 311,
          "sco": 107,
          "dco": 1626,
          "txt": "reist"
        },
        {
          "si": 18,
          "sti": 18,
          "dti": 312,
          "sco": 113,
          "dco": 1632,
          "txt": "um"
        },
        {
          "si": 18,
          "sti": 19,
          "dti": 313,
          "sco": 116,
          "dco": 1635,
          "txt": "gegen"
        },
        {
          "si": 18,
          "sti": 20,
          "dti": 314,
          "sco": 122,
          "dco": 1641,
          "txt": "Brasilien"
        },
        {
          "si": 18,
          "sti": 21,
          "dti": 315,
          "sco": 132,
          "dco": 1651,
          "txt": "anzutreten"
        },
        {
          "si": 18,
          "sti": 22,
          "dti": 316,
          "sco": 142,
          "dco": 1661,
          "txt": "."
        }
      ]
    },
    "ganns": {
      "dla": [],
      "la": [],
      "ea": [],
      "eta": [
        {
          "ra": {
            "ea": {
              "etn": "QAInstance"
            }
          },
          "sfs": [
            [
              {
                "stn": "hasQuestion22"
              },
              {
                "la": {
                  "txtc": {
                    "sff": "N/A"
                  },
                  "et": {
                    "etn": "Answer"
                  }
                }
              }
            ],
            [
              {
                "stn": "hasQuestion21"
              },
              {
                "la": {
                  "txtc": {
                    "sff": "87"
                  },
                  "et": {
                    "etn": "Answer"
                  }
                }
              }
            ],
            [
              {
                "stn": "hasQuestion20"
              },
              {
                "la": {
                  "txtc": {
                    "sff": "26"
                  },
                  "et": {
                    "etn": "Answer"
                  }
                }
              }
            ],
            [
              {
                "stn": "hasQuestion15"
              },
              {
                "la": {
                  "txtc": {
                    "sff": "N/A"
                  },
                  "et": {
                    "etn": "Answer"
                  }
                }
              }
            ],
            [
              {
                "stn": "hasQuestion14"
              },
              {
                "la": {
                  "txtc": {
                    "sff": "N/A"
                  },
                  "et": {
                    "etn": "Answer"
                  }
                }
              }
            ],
            [
              {
                "stn": "hasQuestion13"
              },
              {
                "la": {
                  "txtc": {
                    "sff": "N/A"
                  },
                  "et": {
                    "etn": "Answer"
                  }
                }
              }
            ],
            [
              {
                "stn": "hasQuestion12"
              },
              {
                "la": {
                  "txtc": {
                    "sff": "Fernandez Leonardo"
                  },
                  "et": {
                    "etn": "Answer"
                  }
                }
              }
            ],
            [
              {
                "stn": "hasQuestion19"
              },
              {
                "la": {
                  "txtc": {
                    "sff": "74"
                  },
                  "et": {
                    "etn": "Answer"
                  }
                }
              }
            ],
            [
              {
                "stn": "hasQuestion18"
              },
              {
                "la": {
                  "txtc": {
                    "sff": "27"
                  },
                  "et": {
                    "etn": "Answer"
                  }
                }
              }
            ],
            [
              {
                "stn": "hasQuestion17"
              },
              {
                "la": {
                  "txtc": {
                    "sff": "Castillo Jose"
                  },
                  "et": {
                    "etn": "Answer"
                  }
                }
              }
            ],
            [
              {
                "stn": "hasQuestion16"
              },
              {
                "la": {
                  "txtc": {
                    "sff": "Soliz Herman"
                  },
                  "et": {
                    "etn": "Answer"
                  }
                }
              }
            ],
            [
              {
                "stn": "hasQuestion11"
              },
              {
                "la": {
                  "txtc": {
                    "sff": "Bolivien"
                  },
                  "et": {
                    "etn": "Answer"
                  }
                }
              }
            ],
            [
              {
                "stn": "hasQuestion10"
              },
              {
                "la": {
                  "txtc": {
                    "sff": "Ecuador"
                  },
                  "et": {
                    "etn": "Answer"
                  }
                }
              }
            ],
            [
              {
                "stn": "hasQuestion31"
              },
              {
                "la": {
                  "txtc": {
                    "sff": "0"
                  },
                  "et": {
                    "etn": "Answer"
                  }
                }
              }
            ],
            [
              {
                "stn": "hasQuestion30"
              },
              {
                "la": {
                  "txtc": {
                    "sff": "6"
                  },
                  "et": {
                    "etn": "Answer"
                  }
                }
              }
            ],
            [
              {
                "stn": "hasTeamB"
              },
              {
                "eta": {
                  "ra": {
                    "ea": {
                      "etn": "Ecuador"
                    }
                  },
                  "sfs": {},
                  "mfs": [
                    [
                      {
                        "stn": "hasPlayers"
                      },
                      {
                        "dla": [],
                        "la": [],
                        "ea": [
                          {
                            "etn": "Alvarez Lorgio"
                          },
                          {
                            "etn": "Angulo Carmelo"
                          },
                          {
                            "etn": "Baldivieso Julio"
                          },
                          {
                            "etn": "Botero Joaquin"
                          },
                          {
                            "etn": "Castillo Jose"
                          },
                          {
                            "etn": "Fernandez Leonardo"
                          },
                          {
                            "etn": "Flores Walter"
                          },
                          {
                            "etn": "Galindo Gonzalo"
                          },
                          {
                            "etn": "Gutierrez Limberg"
                          },
                          {
                            "etn": "Jauregui Sergio"
                          },
                          {
                            "etn": "Mercado Miguel"
                          },
                          {
                            "etn": "Raldes Ronald"
                          },
                          {
                            "etn": "Ribeiro Luis"
                          },
                          {
                            "etn": "Ricaldi Alvaro"
                          },
                          {
                            "etn": "Sanchez Oscar"
                          },
                          {
                            "etn": "Soliz Herman"
                          },
                          {
                            "etn": "Suarez Roger"
                          }
                        ],
                        "eta": []
                      }
                    ]
                  ]
                }
              }
            ],
            [
              {
                "stn": "hasTeamA"
              },
              {
                "eta": {
                  "ra": {
                    "ea": {
                      "etn": "Ecuador"
                    }
                  },
                  "sfs": {},
                  "mfs": [
                    [
                      {
                        "stn": "hasPlayers"
                      },
                      {
                        "dla": [],
                        "la": [],
                        "ea": [
                          {
                            "etn": "Aguinaga Alex"
                          },
                          {
                            "etn": "Ambrosi Vicente"
                          },
                          {
                            "etn": "Ayovi Marlon"
                          },
                          {
                            "etn": "Chala Clever"
                          },
                          {
                            "etn": "De La Cruz Ulises"
                          },
                          {
                            "etn": "Delgado Agustin"
                          },
                          {
                            "etn": "Espinoza Giovanny"
                          },
                          {
                            "etn": "Espinoza Jacinto"
                          },
                          {
                            "etn": "Fernandez Angel"
                          },
                          {
                            "etn": "Guagua Jorge"
                          },
                          {
                            "etn": "Hurtado Ivan"
                          },
                          {
                            "etn": "Mendez Edison"
                          },
                          {
                            "etn": "Obregon Alfonso"
                          },
                          {
                            "etn": "Ordonez Ebelio"
                          },
                          {
                            "etn": "Reasco Neicer"
                          },
                          {
                            "etn": "Salas Franklin"
                          },
                          {
                            "etn": "Tenorio Carlos"
                          }
                        ],
                        "eta": []
                      }
                    ]
                  ]
                }
              }
            ],
            [
              {
                "stn": "hasQuestion9"
              },
              {
                "la": {
                  "txtc": {
                    "sff": "N/A"
                  },
                  "et": {
                    "etn": "Answer"
                  }
                }
              }
            ],
            [
              {
                "stn": "hasQuestion1"
              },
              {
                "la": {
                  "txtc": {
                    "sff": "false"
                  },
                  "et": {
                    "etn": "Answer"
                  }
                }
              }
            ],
            [
              {
                "stn": "hasQuestion26"
              },
              {
                "la": {
                  "txtc": {
                    "sff": "2"
                  },
                  "et": {
                    "etn": "Answer"
                  }
                }
              }
            ],
            [
              {
                "stn": "hasQuestion2"
              },
              {
                "la": {
                  "txtc": {
                    "sff": "2:1"
                  },
                  "et": {
                    "etn": "Answer"
                  }
                }
              }
            ],
            [
              {
                "stn": "hasQuestion25"
              },
              {
                "la": {
                  "txtc": {
                    "sff": "57"
                  },
                  "et": {
                    "etn": "Answer"
                  }
                }
              }
            ],
            [
              {
                "stn": "hasQuestion24"
              },
              {
                "la": {
                  "txtc": {
                    "sff": "32"
                  },
                  "et": {
                    "etn": "Answer"
                  }
                }
              }
            ],
            [
              {
                "stn": "hasQuestion3"
              },
              {
                "la": {
                  "txtc": {
                    "sff": "2:3"
                  },
                  "et": {
                    "etn": "Answer"
                  }
                }
              }
            ],
            [
              {
                "stn": "hasQuestion23"
              },
              {
                "la": {
                  "txtc": {
                    "sff": "N/A"
                  },
                  "et": {
                    "etn": "Answer"
                  }
                }
              }
            ],
            [
              {
                "stn": "hasQuestion4"
              },
              {
                "la": {
                  "txtc": {
                    "sff": "N/A"
                  },
                  "et": {
                    "etn": "Answer"
                  }
                }
              }
            ],
            [
              {
                "stn": "hasQuestion5"
              },
              {
                "la": {
                  "txtc": {
                    "sff": "Ecuador,Bolivien"
                  },
                  "et": {
                    "etn": "Answer"
                  }
                }
              }
            ],
            [
              {
                "stn": "hasQuestion29"
              },
              {
                "la": {
                  "txtc": {
                    "sff": "21"
                  },
                  "et": {
                    "etn": "Answer"
                  }
                }
              }
            ],
            [
              {
                "stn": "hasQuestion6"
              },
              {
                "la": {
                  "txtc": {
                    "sff": "Bolivien"
                  },
                  "et": {
                    "etn": "Answer"
                  }
                }
              }
            ],
            [
              {
                "stn": "hasQuestion28"
              },
              {
                "la": {
                  "txtc": {
                    "sff": "19"
                  },
                  "et": {
                    "etn": "Answer"
                  }
                }
              }
            ],
            [
              {
                "stn": "hasQuestion7"
              },
              {
                "la": {
                  "txtc": {
                    "sff": "N/A"
                  },
                  "et": {
                    "etn": "Answer"
                  }
                }
              }
            ],
            [
              {
                "stn": "hasQuestion27"
              },
              {
                "la": {
                  "txtc": {
                    "sff": "50"
                  },
                  "et": {
                    "etn": "Answer"
                  }
                }
              }
            ],
            [
              {
                "stn": "hasQuestion8"
              },
              {
                "la": {
                  "txtc": {
                    "sff": "Bolivien"
                  },
                  "et": {
                    "etn": "Answer"
                  }
                }
              }
            ]
          ],
          "mfs": {}
        }
      ]
    }
  }
]
