[
  {
    "context": "UNSPECIFIED",
    "doc": {
      "id": "de_mr33902_struct",
      "tl": [
        {
          "si": 0,
          "sti": 0,
          "dti": 0,
          "sco": 0,
          "dco": 0,
          "txt": "Peru"
        },
        {
          "si": 0,
          "sti": 1,
          "dti": 1,
          "sco": 5,
          "dco": 5,
          "txt": "beendet"
        },
        {
          "si": 0,
          "sti": 2,
          "dti": 2,
          "sco": 13,
          "dco": 13,
          "txt": "Qualifikation"
        },
        {
          "si": 0,
          "sti": 3,
          "dti": 3,
          "sco": 27,
          "dco": 27,
          "txt": "mit"
        },
        {
          "si": 0,
          "sti": 4,
          "dti": 4,
          "sco": 31,
          "dco": 31,
          "txt": "deutlichem"
        },
        {
          "si": 0,
          "sti": 5,
          "dti": 5,
          "sco": 42,
          "dco": 42,
          "txt": "Sieg"
        },
        {
          "si": 0,
          "sti": 6,
          "dti": 6,
          "sco": 47,
          "dco": 47,
          "txt": "gegen"
        },
        {
          "si": 0,
          "sti": 7,
          "dti": 7,
          "sco": 53,
          "dco": 53,
          "txt": "Bolivien"
        },
        {
          "si": 0,
          "sti": 8,
          "dti": 8,
          "sco": 61,
          "dco": 61,
          "txt": "."
        },
        {
          "si": 1,
          "sti": 0,
          "dti": 9,
          "sco": 0,
          "dco": 63,
          "txt": "Peru"
        },
        {
          "si": 1,
          "sti": 1,
          "dti": 10,
          "sco": 5,
          "dco": 68,
          "txt": "fuhr"
        },
        {
          "si": 1,
          "sti": 2,
          "dti": 11,
          "sco": 10,
          "dco": 73,
          "txt": "am"
        },
        {
          "si": 1,
          "sti": 3,
          "dti": 12,
          "sco": 13,
          "dco": 76,
          "txt": "Mittwochabend"
        },
        {
          "si": 1,
          "sti": 4,
          "dti": 13,
          "sco": 27,
          "dco": 90,
          "txt": "am"
        },
        {
          "si": 1,
          "sti": 5,
          "dti": 14,
          "sco": 30,
          "dco": 93,
          "txt": "letzten"
        },
        {
          "si": 1,
          "sti": 6,
          "dti": 15,
          "sco": 38,
          "dco": 101,
          "txt": "Spieltag"
        },
        {
          "si": 1,
          "sti": 7,
          "dti": 16,
          "sco": 47,
          "dco": 110,
          "txt": "der"
        },
        {
          "si": 1,
          "sti": 8,
          "dti": 17,
          "sco": 51,
          "dco": 114,
          "txt": "Qualifikation"
        },
        {
          "si": 1,
          "sti": 9,
          "dti": 18,
          "sco": 65,
          "dco": 128,
          "txt": "in"
        },
        {
          "si": 1,
          "sti": 10,
          "dti": 19,
          "sco": 68,
          "dco": 131,
          "txt": "der"
        },
        {
          "si": 1,
          "sti": 11,
          "dti": 20,
          "sco": 72,
          "dco": 135,
          "txt": "Suedamerikazone"
        },
        {
          "si": 1,
          "sti": 12,
          "dti": 21,
          "sco": 88,
          "dco": 151,
          "txt": "zur"
        },
        {
          "si": 1,
          "sti": 13,
          "dti": 22,
          "sco": 92,
          "dco": 155,
          "txt": "FIFA"
        },
        {
          "si": 1,
          "sti": 14,
          "dti": 23,
          "sco": 97,
          "dco": 160,
          "txt": "WM"
        },
        {
          "si": 1,
          "sti": 15,
          "dti": 24,
          "sco": 100,
          "dco": 163,
          "txt": "Deutschland"
        },
        {
          "si": 1,
          "sti": 16,
          "dti": 25,
          "sco": 112,
          "dco": 175,
          "txt": "2006"
        },
        {
          "si": 1,
          "sti": 17,
          "dti": 26,
          "sco": 117,
          "dco": 180,
          "txt": "im"
        },
        {
          "si": 1,
          "sti": 18,
          "dti": 27,
          "sco": 120,
          "dco": 183,
          "txt": "Estadio"
        },
        {
          "si": 1,
          "sti": 19,
          "dti": 28,
          "sco": 128,
          "dco": 191,
          "txt": "Jorge"
        },
        {
          "si": 1,
          "sti": 20,
          "dti": 29,
          "sco": 134,
          "dco": 197,
          "txt": "Basadre"
        },
        {
          "si": 1,
          "sti": 21,
          "dti": 30,
          "sco": 142,
          "dco": 205,
          "txt": "in"
        },
        {
          "si": 1,
          "sti": 22,
          "dti": 31,
          "sco": 145,
          "dco": 208,
          "txt": "Tecna"
        },
        {
          "si": 1,
          "sti": 23,
          "dti": 32,
          "sco": 151,
          "dco": 214,
          "txt": "einen"
        },
        {
          "si": 1,
          "sti": 24,
          "dti": 33,
          "sco": 157,
          "dco": 220,
          "txt": "4"
        },
        {
          "si": 1,
          "sti": 25,
          "dti": 34,
          "sco": 158,
          "dco": 221,
          "txt": ":"
        },
        {
          "si": 1,
          "sti": 26,
          "dti": 35,
          "sco": 159,
          "dco": 222,
          "txt": "1"
        },
        {
          "si": 1,
          "sti": 27,
          "dti": 36,
          "sco": 160,
          "dco": 223,
          "txt": "-"
        },
        {
          "si": 1,
          "sti": 28,
          "dti": 37,
          "sco": 161,
          "dco": 224,
          "txt": "Sieg"
        },
        {
          "si": 1,
          "sti": 29,
          "dti": 38,
          "sco": 166,
          "dco": 229,
          "txt": "gegen"
        },
        {
          "si": 1,
          "sti": 30,
          "dti": 39,
          "sco": 172,
          "dco": 235,
          "txt": "Bolivien"
        },
        {
          "si": 1,
          "sti": 31,
          "dti": 40,
          "sco": 181,
          "dco": 244,
          "txt": "ein"
        },
        {
          "si": 1,
          "sti": 32,
          "dti": 41,
          "sco": 184,
          "dco": 247,
          "txt": "."
        },
        {
          "si": 2,
          "sti": 0,
          "dti": 42,
          "sco": 0,
          "dco": 249,
          "txt": "Die"
        },
        {
          "si": 2,
          "sti": 1,
          "dti": 43,
          "sco": 4,
          "dco": 253,
          "txt": "Treffer"
        },
        {
          "si": 2,
          "sti": 2,
          "dti": 44,
          "sco": 12,
          "dco": 261,
          "txt": "der"
        },
        {
          "si": 2,
          "sti": 3,
          "dti": 45,
          "sco": 16,
          "dco": 265,
          "txt": "Peruaner"
        },
        {
          "si": 2,
          "sti": 4,
          "dti": 46,
          "sco": 25,
          "dco": 274,
          "txt": "erzielten"
        },
        {
          "si": 2,
          "sti": 5,
          "dti": 47,
          "sco": 35,
          "dco": 284,
          "txt": "Gustavo"
        },
        {
          "si": 2,
          "sti": 6,
          "dti": 48,
          "sco": 43,
          "dco": 292,
          "txt": "Vasallo"
        },
        {
          "si": 2,
          "sti": 7,
          "dti": 49,
          "sco": 51,
          "dco": 300,
          "txt": "("
        },
        {
          "si": 2,
          "sti": 8,
          "dti": 50,
          "sco": 52,
          "dco": 301,
          "txt": "10"
        },
        {
          "si": 2,
          "sti": 9,
          "dti": 51,
          "sco": 54,
          "dco": 303,
          "txt": "."
        },
        {
          "si": 2,
          "sti": 10,
          "dti": 52,
          "sco": 55,
          "dco": 304,
          "txt": ")"
        },
        {
          "si": 2,
          "sti": 11,
          "dti": 53,
          "sco": 56,
          "dco": 305,
          "txt": ","
        },
        {
          "si": 2,
          "sti": 12,
          "dti": 54,
          "sco": 58,
          "dco": 307,
          "txt": "Santiago"
        },
        {
          "si": 2,
          "sti": 13,
          "dti": 55,
          "sco": 67,
          "dco": 316,
          "txt": "Acasiete"
        },
        {
          "si": 2,
          "sti": 14,
          "dti": 56,
          "sco": 76,
          "dco": 325,
          "txt": "("
        },
        {
          "si": 2,
          "sti": 15,
          "dti": 57,
          "sco": 77,
          "dco": 326,
          "txt": "38"
        },
        {
          "si": 2,
          "sti": 16,
          "dti": 58,
          "sco": 79,
          "dco": 328,
          "txt": "."
        },
        {
          "si": 2,
          "sti": 17,
          "dti": 59,
          "sco": 80,
          "dco": 329,
          "txt": ")"
        },
        {
          "si": 2,
          "sti": 18,
          "dti": 60,
          "sco": 82,
          "dco": 331,
          "txt": "und"
        },
        {
          "si": 2,
          "sti": 19,
          "dti": 61,
          "sco": 86,
          "dco": 335,
          "txt": "Jefferson"
        },
        {
          "si": 2,
          "sti": 20,
          "dti": 62,
          "sco": 96,
          "dco": 345,
          "txt": "Farfn"
        },
        {
          "si": 2,
          "sti": 21,
          "dti": 63,
          "sco": 102,
          "dco": 351,
          "txt": "("
        },
        {
          "si": 2,
          "sti": 22,
          "dti": 64,
          "sco": 103,
          "dco": 352,
          "txt": "45"
        },
        {
          "si": 2,
          "sti": 23,
          "dti": 65,
          "sco": 105,
          "dco": 354,
          "txt": "."
        },
        {
          "si": 2,
          "sti": 24,
          "dti": 66,
          "sco": 107,
          "dco": 356,
          "txt": "und"
        },
        {
          "si": 2,
          "sti": 25,
          "dti": 67,
          "sco": 111,
          "dco": 360,
          "txt": "82"
        },
        {
          "si": 2,
          "sti": 26,
          "dti": 68,
          "sco": 113,
          "dco": 362,
          "txt": ")"
        },
        {
          "si": 2,
          "sti": 27,
          "dti": 69,
          "sco": 114,
          "dco": 363,
          "txt": "."
        },
        {
          "si": 3,
          "sti": 0,
          "dti": 70,
          "sco": 0,
          "dco": 365,
          "txt": "Limberg"
        },
        {
          "si": 3,
          "sti": 1,
          "dti": 71,
          "sco": 8,
          "dco": 373,
          "txt": "Gutirrez"
        },
        {
          "si": 3,
          "sti": 2,
          "dti": 72,
          "sco": 17,
          "dco": 382,
          "txt": "erzielte"
        },
        {
          "si": 3,
          "sti": 3,
          "dti": 73,
          "sco": 26,
          "dco": 391,
          "txt": "fuer"
        },
        {
          "si": 3,
          "sti": 4,
          "dti": 74,
          "sco": 31,
          "dco": 396,
          "txt": "Bolivien"
        },
        {
          "si": 3,
          "sti": 5,
          "dti": 75,
          "sco": 40,
          "dco": 405,
          "txt": "den"
        },
        {
          "si": 3,
          "sti": 6,
          "dti": 76,
          "sco": 44,
          "dco": 409,
          "txt": "zwischenzeitlichen"
        },
        {
          "si": 3,
          "sti": 7,
          "dti": 77,
          "sco": 63,
          "dco": 428,
          "txt": "Anschlusstreffer"
        },
        {
          "si": 3,
          "sti": 8,
          "dti": 78,
          "sco": 80,
          "dco": 445,
          "txt": "("
        },
        {
          "si": 3,
          "sti": 9,
          "dti": 79,
          "sco": 81,
          "dco": 446,
          "txt": "66"
        },
        {
          "si": 3,
          "sti": 10,
          "dti": 80,
          "sco": 83,
          "dco": 448,
          "txt": "."
        },
        {
          "si": 3,
          "sti": 11,
          "dti": 81,
          "sco": 84,
          "dco": 449,
          "txt": ")"
        },
        {
          "si": 3,
          "sti": 12,
          "dti": 82,
          "sco": 85,
          "dco": 450,
          "txt": "."
        },
        {
          "si": 4,
          "sti": 0,
          "dti": 83,
          "sco": 0,
          "dco": 452,
          "txt": "Peru"
        },
        {
          "si": 4,
          "sti": 1,
          "dti": 84,
          "sco": 5,
          "dco": 457,
          "txt": "und"
        },
        {
          "si": 4,
          "sti": 2,
          "dti": 85,
          "sco": 9,
          "dco": 461,
          "txt": "Bolivien"
        },
        {
          "si": 4,
          "sti": 3,
          "dti": 86,
          "sco": 18,
          "dco": 470,
          "txt": "waren"
        },
        {
          "si": 4,
          "sti": 4,
          "dti": 87,
          "sco": 24,
          "dco": 476,
          "txt": "beide"
        },
        {
          "si": 4,
          "sti": 5,
          "dti": 88,
          "sco": 30,
          "dco": 482,
          "txt": "in"
        },
        {
          "si": 4,
          "sti": 6,
          "dti": 89,
          "sco": 33,
          "dco": 485,
          "txt": "Tecna"
        },
        {
          "si": 4,
          "sti": 7,
          "dti": 90,
          "sco": 39,
          "dco": 491,
          "txt": "angetreten"
        },
        {
          "si": 4,
          "sti": 8,
          "dti": 91,
          "sco": 49,
          "dco": 501,
          "txt": ","
        },
        {
          "si": 4,
          "sti": 9,
          "dti": 92,
          "sco": 51,
          "dco": 503,
          "txt": "um"
        },
        {
          "si": 4,
          "sti": 10,
          "dti": 93,
          "sco": 54,
          "dco": 506,
          "txt": "drei"
        },
        {
          "si": 4,
          "sti": 11,
          "dti": 94,
          "sco": 59,
          "dco": 511,
          "txt": "Punkte"
        },
        {
          "si": 4,
          "sti": 12,
          "dti": 95,
          "sco": 66,
          "dco": 518,
          "txt": "einzufahren"
        },
        {
          "si": 4,
          "sti": 13,
          "dti": 96,
          "sco": 78,
          "dco": 530,
          "txt": "und"
        },
        {
          "si": 4,
          "sti": 14,
          "dti": 97,
          "sco": 82,
          "dco": 534,
          "txt": "die"
        },
        {
          "si": 4,
          "sti": 15,
          "dti": 98,
          "sco": 86,
          "dco": 538,
          "txt": "Qualifikation"
        },
        {
          "si": 4,
          "sti": 16,
          "dti": 99,
          "sco": 100,
          "dco": 552,
          "txt": "der"
        },
        {
          "si": 4,
          "sti": 17,
          "dti": 100,
          "sco": 104,
          "dco": 556,
          "txt": "Suedamerikazone"
        },
        {
          "si": 4,
          "sti": 18,
          "dti": 101,
          "sco": 120,
          "dco": 572,
          "txt": "nicht"
        },
        {
          "si": 4,
          "sti": 19,
          "dti": 102,
          "sco": 126,
          "dco": 578,
          "txt": "als"
        },
        {
          "si": 4,
          "sti": 20,
          "dti": 103,
          "sco": 130,
          "dco": 582,
          "txt": "Schlusslicht"
        },
        {
          "si": 4,
          "sti": 21,
          "dti": 104,
          "sco": 143,
          "dco": 595,
          "txt": "zu"
        },
        {
          "si": 4,
          "sti": 22,
          "dti": 105,
          "sco": 146,
          "dco": 598,
          "txt": "beenden"
        },
        {
          "si": 4,
          "sti": 23,
          "dti": 106,
          "sco": 153,
          "dco": 605,
          "txt": "."
        },
        {
          "si": 5,
          "sti": 0,
          "dti": 107,
          "sco": 0,
          "dco": 607,
          "txt": "Die"
        },
        {
          "si": 5,
          "sti": 1,
          "dti": 108,
          "sco": 4,
          "dco": 611,
          "txt": "Peruaner"
        },
        {
          "si": 5,
          "sti": 2,
          "dti": 109,
          "sco": 13,
          "dco": 620,
          "txt": "spielten"
        },
        {
          "si": 5,
          "sti": 3,
          "dti": 110,
          "sco": 22,
          "dco": 629,
          "txt": "dabei"
        },
        {
          "si": 5,
          "sti": 4,
          "dti": 111,
          "sco": 28,
          "dco": 635,
          "txt": "im"
        },
        {
          "si": 5,
          "sti": 5,
          "dti": 112,
          "sco": 31,
          "dco": 638,
          "txt": "4"
        },
        {
          "si": 5,
          "sti": 6,
          "dti": 113,
          "sco": 32,
          "dco": 639,
          "txt": "-"
        },
        {
          "si": 5,
          "sti": 7,
          "dti": 114,
          "sco": 33,
          "dco": 640,
          "txt": "4"
        },
        {
          "si": 5,
          "sti": 8,
          "dti": 115,
          "sco": 34,
          "dco": 641,
          "txt": "-"
        },
        {
          "si": 5,
          "sti": 9,
          "dti": 116,
          "sco": 35,
          "dco": 642,
          "txt": "2"
        },
        {
          "si": 5,
          "sti": 10,
          "dti": 117,
          "sco": 36,
          "dco": 643,
          "txt": "-"
        },
        {
          "si": 5,
          "sti": 11,
          "dti": 118,
          "sco": 37,
          "dco": 644,
          "txt": "System"
        },
        {
          "si": 5,
          "sti": 12,
          "dti": 119,
          "sco": 44,
          "dco": 651,
          "txt": "im"
        },
        {
          "si": 5,
          "sti": 13,
          "dti": 120,
          "sco": 47,
          "dco": 654,
          "txt": "Unterschied"
        },
        {
          "si": 5,
          "sti": 14,
          "dti": 121,
          "sco": 59,
          "dco": 666,
          "txt": "zur"
        },
        {
          "si": 5,
          "sti": 15,
          "dti": 122,
          "sco": 63,
          "dco": 670,
          "txt": "Partie"
        },
        {
          "si": 5,
          "sti": 16,
          "dti": 123,
          "sco": 70,
          "dco": 677,
          "txt": "gegen"
        },
        {
          "si": 5,
          "sti": 17,
          "dti": 124,
          "sco": 76,
          "dco": 683,
          "txt": "Argentinien"
        },
        {
          "si": 5,
          "sti": 18,
          "dti": 125,
          "sco": 87,
          "dco": 694,
          "txt": ","
        },
        {
          "si": 5,
          "sti": 19,
          "dti": 126,
          "sco": 89,
          "dco": 696,
          "txt": "das"
        },
        {
          "si": 5,
          "sti": 20,
          "dti": 127,
          "sco": 93,
          "dco": 700,
          "txt": "sie"
        },
        {
          "si": 5,
          "sti": 21,
          "dti": 128,
          "sco": 97,
          "dco": 704,
          "txt": "verloren"
        },
        {
          "si": 5,
          "sti": 22,
          "dti": 129,
          "sco": 106,
          "dco": 713,
          "txt": "hatten"
        },
        {
          "si": 5,
          "sti": 23,
          "dti": 130,
          "sco": 113,
          "dco": 720,
          "txt": "("
        },
        {
          "si": 5,
          "sti": 24,
          "dti": 131,
          "sco": 114,
          "dco": 721,
          "txt": "0"
        },
        {
          "si": 5,
          "sti": 25,
          "dti": 132,
          "sco": 115,
          "dco": 722,
          "txt": ":"
        },
        {
          "si": 5,
          "sti": 26,
          "dti": 133,
          "sco": 116,
          "dco": 723,
          "txt": "2"
        },
        {
          "si": 5,
          "sti": 27,
          "dti": 134,
          "sco": 117,
          "dco": 724,
          "txt": ")"
        },
        {
          "si": 5,
          "sti": 28,
          "dti": 135,
          "sco": 118,
          "dco": 725,
          "txt": ","
        },
        {
          "si": 5,
          "sti": 29,
          "dti": 136,
          "sco": 120,
          "dco": 727,
          "txt": "um"
        },
        {
          "si": 5,
          "sti": 30,
          "dti": 137,
          "sco": 123,
          "dco": 730,
          "txt": "so"
        },
        {
          "si": 5,
          "sti": 31,
          "dti": 138,
          "sco": 126,
          "dco": 733,
          "txt": "Stuermer"
        },
        {
          "si": 5,
          "sti": 32,
          "dti": 139,
          "sco": 135,
          "dco": 742,
          "txt": "Juan"
        },
        {
          "si": 5,
          "sti": 33,
          "dti": 140,
          "sco": 140,
          "dco": 747,
          "txt": "Cominges"
        },
        {
          "si": 5,
          "sti": 34,
          "dti": 141,
          "sco": 149,
          "dco": 756,
          "txt": "von"
        },
        {
          "si": 5,
          "sti": 35,
          "dti": 142,
          "sco": 153,
          "dco": 760,
          "txt": "Coln"
        },
        {
          "si": 5,
          "sti": 36,
          "dti": 143,
          "sco": 158,
          "dco": 765,
          "txt": "de"
        },
        {
          "si": 5,
          "sti": 37,
          "dti": 144,
          "sco": 161,
          "dco": 768,
          "txt": "Santa"
        },
        {
          "si": 5,
          "sti": 38,
          "dti": 145,
          "sco": 167,
          "dco": 774,
          "txt": "Fe"
        },
        {
          "si": 5,
          "sti": 39,
          "dti": 146,
          "sco": 170,
          "dco": 777,
          "txt": "einsetzen"
        },
        {
          "si": 5,
          "sti": 40,
          "dti": 147,
          "sco": 180,
          "dco": 787,
          "txt": "zu"
        },
        {
          "si": 5,
          "sti": 41,
          "dti": 148,
          "sco": 183,
          "dco": 790,
          "txt": "koennen"
        },
        {
          "si": 5,
          "sti": 42,
          "dti": 149,
          "sco": 190,
          "dco": 797,
          "txt": ","
        },
        {
          "si": 5,
          "sti": 43,
          "dti": 150,
          "sco": 192,
          "dco": 799,
          "txt": "der"
        },
        {
          "si": 5,
          "sti": 44,
          "dti": 151,
          "sco": 196,
          "dco": 803,
          "txt": "im"
        },
        {
          "si": 5,
          "sti": 45,
          "dti": 152,
          "sco": 199,
          "dco": 806,
          "txt": "Sturm"
        },
        {
          "si": 5,
          "sti": 46,
          "dti": 153,
          "sco": 205,
          "dco": 812,
          "txt": "fuer"
        },
        {
          "si": 5,
          "sti": 47,
          "dti": 154,
          "sco": 210,
          "dco": 817,
          "txt": "die"
        },
        {
          "si": 5,
          "sti": 48,
          "dti": 155,
          "sco": 214,
          "dco": 821,
          "txt": "noetige"
        },
        {
          "si": 5,
          "sti": 49,
          "dti": 156,
          "sco": 222,
          "dco": 829,
          "txt": "Unterstuetzung"
        },
        {
          "si": 5,
          "sti": 50,
          "dti": 157,
          "sco": 237,
          "dco": 844,
          "txt": "seiner"
        },
        {
          "si": 5,
          "sti": 51,
          "dti": 158,
          "sco": 244,
          "dco": 851,
          "txt": "Mitspieler"
        },
        {
          "si": 5,
          "sti": 52,
          "dti": 159,
          "sco": 255,
          "dco": 862,
          "txt": "Farfn"
        },
        {
          "si": 5,
          "sti": 53,
          "dti": 160,
          "sco": 261,
          "dco": 868,
          "txt": "und"
        },
        {
          "si": 5,
          "sti": 54,
          "dti": 161,
          "sco": 265,
          "dco": 872,
          "txt": "Vasallo"
        },
        {
          "si": 5,
          "sti": 55,
          "dti": 162,
          "sco": 273,
          "dco": 880,
          "txt": "sorgen"
        },
        {
          "si": 5,
          "sti": 56,
          "dti": 163,
          "sco": 280,
          "dco": 887,
          "txt": "sollte"
        },
        {
          "si": 5,
          "sti": 57,
          "dti": 164,
          "sco": 286,
          "dco": 893,
          "txt": "."
        },
        {
          "si": 6,
          "sti": 0,
          "dti": 165,
          "sco": 0,
          "dco": 895,
          "txt": "Bolivien"
        },
        {
          "si": 6,
          "sti": 1,
          "dti": 166,
          "sco": 9,
          "dco": 904,
          "txt": "spielte"
        },
        {
          "si": 6,
          "sti": 2,
          "dti": 167,
          "sco": 17,
          "dco": 912,
          "txt": "seinerseits"
        },
        {
          "si": 6,
          "sti": 3,
          "dti": 168,
          "sco": 29,
          "dco": 924,
          "txt": "mit"
        },
        {
          "si": 6,
          "sti": 4,
          "dti": 169,
          "sco": 33,
          "dco": 928,
          "txt": "einem"
        },
        {
          "si": 6,
          "sti": 5,
          "dti": 170,
          "sco": 39,
          "dco": 934,
          "txt": "3"
        },
        {
          "si": 6,
          "sti": 6,
          "dti": 171,
          "sco": 40,
          "dco": 935,
          "txt": "-"
        },
        {
          "si": 6,
          "sti": 7,
          "dti": 172,
          "sco": 41,
          "dco": 936,
          "txt": "3"
        },
        {
          "si": 6,
          "sti": 8,
          "dti": 173,
          "sco": 42,
          "dco": 937,
          "txt": "-"
        },
        {
          "si": 6,
          "sti": 9,
          "dti": 174,
          "sco": 43,
          "dco": 938,
          "txt": "2"
        },
        {
          "si": 6,
          "sti": 10,
          "dti": 175,
          "sco": 44,
          "dco": 939,
          "txt": "-"
        },
        {
          "si": 6,
          "sti": 11,
          "dti": 176,
          "sco": 45,
          "dco": 940,
          "txt": "1"
        },
        {
          "si": 6,
          "sti": 12,
          "dti": 177,
          "sco": 46,
          "dco": 941,
          "txt": "-"
        },
        {
          "si": 6,
          "sti": 13,
          "dti": 178,
          "sco": 47,
          "dco": 942,
          "txt": "1"
        },
        {
          "si": 6,
          "sti": 14,
          "dti": 179,
          "sco": 48,
          "dco": 943,
          "txt": "-"
        },
        {
          "si": 6,
          "sti": 15,
          "dti": 180,
          "sco": 49,
          "dco": 944,
          "txt": "System"
        },
        {
          "si": 6,
          "sti": 16,
          "dti": 181,
          "sco": 55,
          "dco": 950,
          "txt": ","
        },
        {
          "si": 6,
          "sti": 17,
          "dti": 182,
          "sco": 57,
          "dco": 952,
          "txt": "um"
        },
        {
          "si": 6,
          "sti": 18,
          "dti": 183,
          "sco": 60,
          "dco": 955,
          "txt": "fuer"
        },
        {
          "si": 6,
          "sti": 19,
          "dti": 184,
          "sco": 65,
          "dco": 960,
          "txt": "mehr"
        },
        {
          "si": 6,
          "sti": 20,
          "dti": 185,
          "sco": 70,
          "dco": 965,
          "txt": "Freiraeume"
        },
        {
          "si": 6,
          "sti": 21,
          "dti": 186,
          "sco": 81,
          "dco": 976,
          "txt": "in"
        },
        {
          "si": 6,
          "sti": 22,
          "dti": 187,
          "sco": 84,
          "dco": 979,
          "txt": "der"
        },
        {
          "si": 6,
          "sti": 23,
          "dti": 188,
          "sco": 88,
          "dco": 983,
          "txt": "Mitte"
        },
        {
          "si": 6,
          "sti": 24,
          "dti": 189,
          "sco": 94,
          "dco": 989,
          "txt": "zu"
        },
        {
          "si": 6,
          "sti": 25,
          "dti": 190,
          "sco": 97,
          "dco": 992,
          "txt": "sorgen"
        },
        {
          "si": 6,
          "sti": 26,
          "dti": 191,
          "sco": 103,
          "dco": 998,
          "txt": "."
        },
        {
          "si": 7,
          "sti": 0,
          "dti": 192,
          "sco": 0,
          "dco": 1000,
          "txt": "Trainer"
        },
        {
          "si": 7,
          "sti": 1,
          "dti": 193,
          "sco": 8,
          "dco": 1008,
          "txt": "Ovidio"
        },
        {
          "si": 7,
          "sti": 2,
          "dti": 194,
          "sco": 15,
          "dco": 1015,
          "txt": "Mesa"
        },
        {
          "si": 7,
          "sti": 3,
          "dti": 195,
          "sco": 20,
          "dco": 1020,
          "txt": "machte"
        },
        {
          "si": 7,
          "sti": 4,
          "dti": 196,
          "sco": 27,
          "dco": 1027,
          "txt": "jedoch"
        },
        {
          "si": 7,
          "sti": 5,
          "dti": 197,
          "sco": 34,
          "dco": 1034,
          "txt": "bereits"
        },
        {
          "si": 7,
          "sti": 6,
          "dti": 198,
          "sco": 42,
          "dco": 1042,
          "txt": "nach"
        },
        {
          "si": 7,
          "sti": 7,
          "dti": 199,
          "sco": 47,
          "dco": 1047,
          "txt": "fuenf"
        },
        {
          "si": 7,
          "sti": 8,
          "dti": 200,
          "sco": 53,
          "dco": 1053,
          "txt": "Minuten"
        },
        {
          "si": 7,
          "sti": 9,
          "dti": 201,
          "sco": 61,
          "dco": 1061,
          "txt": "Schwaechen"
        },
        {
          "si": 7,
          "sti": 10,
          "dti": 202,
          "sco": 72,
          "dco": 1072,
          "txt": "in"
        },
        {
          "si": 7,
          "sti": 11,
          "dti": 203,
          "sco": 75,
          "dco": 1075,
          "txt": "der"
        },
        {
          "si": 7,
          "sti": 12,
          "dti": 204,
          "sco": 79,
          "dco": 1079,
          "txt": "Defensive"
        },
        {
          "si": 7,
          "sti": 13,
          "dti": 205,
          "sco": 89,
          "dco": 1089,
          "txt": "aus"
        },
        {
          "si": 7,
          "sti": 14,
          "dti": 206,
          "sco": 92,
          "dco": 1092,
          "txt": "."
        },
        {
          "si": 8,
          "sti": 0,
          "dti": 207,
          "sco": 0,
          "dco": 1094,
          "txt": "In"
        },
        {
          "si": 8,
          "sti": 1,
          "dti": 208,
          "sco": 3,
          "dco": 1097,
          "txt": "der"
        },
        {
          "si": 8,
          "sti": 2,
          "dti": 209,
          "sco": 7,
          "dco": 1101,
          "txt": "zehnten"
        },
        {
          "si": 8,
          "sti": 3,
          "dti": 210,
          "sco": 15,
          "dco": 1109,
          "txt": "Minute"
        },
        {
          "si": 8,
          "sti": 4,
          "dti": 211,
          "sco": 22,
          "dco": 1116,
          "txt": "konnte"
        },
        {
          "si": 8,
          "sti": 5,
          "dti": 212,
          "sco": 29,
          "dco": 1123,
          "txt": "die"
        },
        {
          "si": 8,
          "sti": 6,
          "dti": 213,
          "sco": 33,
          "dco": 1127,
          "txt": "ungeordnete"
        },
        {
          "si": 8,
          "sti": 7,
          "dti": 214,
          "sco": 45,
          "dco": 1139,
          "txt": "bolivianische"
        },
        {
          "si": 8,
          "sti": 8,
          "dti": 215,
          "sco": 59,
          "dco": 1153,
          "txt": "Abwehr"
        },
        {
          "si": 8,
          "sti": 9,
          "dti": 216,
          "sco": 66,
          "dco": 1160,
          "txt": "einen"
        },
        {
          "si": 8,
          "sti": 10,
          "dti": 217,
          "sco": 72,
          "dco": 1166,
          "txt": "Freistoss"
        },
        {
          "si": 8,
          "sti": 11,
          "dti": 218,
          "sco": 82,
          "dco": 1176,
          "txt": "von"
        },
        {
          "si": 8,
          "sti": 12,
          "dti": 219,
          "sco": 86,
          "dco": 1180,
          "txt": "Cominges"
        },
        {
          "si": 8,
          "sti": 13,
          "dti": 220,
          "sco": 95,
          "dco": 1189,
          "txt": "nicht"
        },
        {
          "si": 8,
          "sti": 14,
          "dti": 221,
          "sco": 101,
          "dco": 1195,
          "txt": "aus"
        },
        {
          "si": 8,
          "sti": 15,
          "dti": 222,
          "sco": 105,
          "dco": 1199,
          "txt": "der"
        },
        {
          "si": 8,
          "sti": 16,
          "dti": 223,
          "sco": 109,
          "dco": 1203,
          "txt": "Gefahrenzone"
        },
        {
          "si": 8,
          "sti": 17,
          "dti": 224,
          "sco": 122,
          "dco": 1216,
          "txt": "bringen"
        },
        {
          "si": 8,
          "sti": 18,
          "dti": 225,
          "sco": 130,
          "dco": 1224,
          "txt": "und"
        },
        {
          "si": 8,
          "sti": 19,
          "dti": 226,
          "sco": 134,
          "dco": 1228,
          "txt": "Vasallo"
        },
        {
          "si": 8,
          "sti": 20,
          "dti": 227,
          "sco": 142,
          "dco": 1236,
          "txt": "traf"
        },
        {
          "si": 8,
          "sti": 21,
          "dti": 228,
          "sco": 147,
          "dco": 1241,
          "txt": "per"
        },
        {
          "si": 8,
          "sti": 22,
          "dti": 229,
          "sco": 151,
          "dco": 1245,
          "txt": "Kopf"
        },
        {
          "si": 8,
          "sti": 23,
          "dti": 230,
          "sco": 156,
          "dco": 1250,
          "txt": "zur"
        },
        {
          "si": 8,
          "sti": 24,
          "dti": 231,
          "sco": 160,
          "dco": 1254,
          "txt": "Fuehrung"
        },
        {
          "si": 8,
          "sti": 25,
          "dti": 232,
          "sco": 168,
          "dco": 1262,
          "txt": "."
        },
        {
          "si": 9,
          "sti": 0,
          "dti": 233,
          "sco": 0,
          "dco": 1264,
          "txt": "In"
        },
        {
          "si": 9,
          "sti": 1,
          "dti": 234,
          "sco": 3,
          "dco": 1267,
          "txt": "der"
        },
        {
          "si": 9,
          "sti": 2,
          "dti": 235,
          "sco": 7,
          "dco": 1271,
          "txt": "38"
        },
        {
          "si": 9,
          "sti": 3,
          "dti": 236,
          "sco": 9,
          "dco": 1273,
          "txt": "."
        },
        {
          "si": 10,
          "sti": 0,
          "dti": 237,
          "sco": 0,
          "dco": 1275,
          "txt": "Minute"
        },
        {
          "si": 10,
          "sti": 1,
          "dti": 238,
          "sco": 7,
          "dco": 1282,
          "txt": "erreichte"
        },
        {
          "si": 10,
          "sti": 2,
          "dti": 239,
          "sco": 17,
          "dco": 1292,
          "txt": "ein"
        },
        {
          "si": 10,
          "sti": 3,
          "dti": 240,
          "sco": 21,
          "dco": 1296,
          "txt": "weiterer"
        },
        {
          "si": 10,
          "sti": 4,
          "dti": 241,
          "sco": 30,
          "dco": 1305,
          "txt": "Freistoss"
        },
        {
          "si": 10,
          "sti": 5,
          "dti": 242,
          "sco": 40,
          "dco": 1315,
          "txt": "des"
        },
        {
          "si": 10,
          "sti": 6,
          "dti": 243,
          "sco": 44,
          "dco": 1319,
          "txt": "Spielers"
        },
        {
          "si": 10,
          "sti": 7,
          "dti": 244,
          "sco": 53,
          "dco": 1328,
          "txt": "von"
        },
        {
          "si": 10,
          "sti": 8,
          "dti": 245,
          "sco": 57,
          "dco": 1332,
          "txt": "Coln"
        },
        {
          "si": 10,
          "sti": 9,
          "dti": 246,
          "sco": 62,
          "dco": 1337,
          "txt": "Verteidiger"
        },
        {
          "si": 10,
          "sti": 10,
          "dti": 247,
          "sco": 74,
          "dco": 1349,
          "txt": "Acasiete"
        },
        {
          "si": 10,
          "sti": 11,
          "dti": 248,
          "sco": 82,
          "dco": 1357,
          "txt": ","
        },
        {
          "si": 10,
          "sti": 12,
          "dti": 249,
          "sco": 84,
          "dco": 1359,
          "txt": "der"
        },
        {
          "si": 10,
          "sti": 13,
          "dti": 250,
          "sco": 88,
          "dco": 1363,
          "txt": "mit"
        },
        {
          "si": 10,
          "sti": 14,
          "dti": 251,
          "sco": 92,
          "dco": 1367,
          "txt": "seinem"
        },
        {
          "si": 10,
          "sti": 15,
          "dti": 252,
          "sco": 99,
          "dco": 1374,
          "txt": "Tor"
        },
        {
          "si": 10,
          "sti": 16,
          "dti": 253,
          "sco": 103,
          "dco": 1378,
          "txt": "die"
        },
        {
          "si": 10,
          "sti": 17,
          "dti": 254,
          "sco": 107,
          "dco": 1382,
          "txt": "Fuehrung"
        },
        {
          "si": 10,
          "sti": 18,
          "dti": 255,
          "sco": 116,
          "dco": 1391,
          "txt": "weiter"
        },
        {
          "si": 10,
          "sti": 19,
          "dti": 256,
          "sco": 123,
          "dco": 1398,
          "txt": "ausbaute"
        },
        {
          "si": 10,
          "sti": 20,
          "dti": 257,
          "sco": 131,
          "dco": 1406,
          "txt": "."
        },
        {
          "si": 11,
          "sti": 0,
          "dti": 258,
          "sco": 0,
          "dco": 1408,
          "txt": "Kurz"
        },
        {
          "si": 11,
          "sti": 1,
          "dti": 259,
          "sco": 5,
          "dco": 1413,
          "txt": "vor"
        },
        {
          "si": 11,
          "sti": 2,
          "dti": 260,
          "sco": 9,
          "dco": 1417,
          "txt": "dem"
        },
        {
          "si": 11,
          "sti": 3,
          "dti": 261,
          "sco": 13,
          "dco": 1421,
          "txt": "Ende"
        },
        {
          "si": 11,
          "sti": 4,
          "dti": 262,
          "sco": 18,
          "dco": 1426,
          "txt": "der"
        },
        {
          "si": 11,
          "sti": 5,
          "dti": 263,
          "sco": 22,
          "dco": 1430,
          "txt": "zweiten"
        },
        {
          "si": 11,
          "sti": 6,
          "dti": 264,
          "sco": 30,
          "dco": 1438,
          "txt": "Halbzeit"
        },
        {
          "si": 11,
          "sti": 7,
          "dti": 265,
          "sco": 39,
          "dco": 1447,
          "txt": "setzte"
        },
        {
          "si": 11,
          "sti": 8,
          "dti": 266,
          "sco": 46,
          "dco": 1454,
          "txt": "sich"
        },
        {
          "si": 11,
          "sti": 9,
          "dti": 267,
          "sco": 51,
          "dco": 1459,
          "txt": "Farfn"
        },
        {
          "si": 11,
          "sti": 10,
          "dti": 268,
          "sco": 57,
          "dco": 1465,
          "txt": "auf"
        },
        {
          "si": 11,
          "sti": 11,
          "dti": 269,
          "sco": 61,
          "dco": 1469,
          "txt": "der"
        },
        {
          "si": 11,
          "sti": 12,
          "dti": 270,
          "sco": 65,
          "dco": 1473,
          "txt": "rechten"
        },
        {
          "si": 11,
          "sti": 13,
          "dti": 271,
          "sco": 73,
          "dco": 1481,
          "txt": "Seite"
        },
        {
          "si": 11,
          "sti": 14,
          "dti": 272,
          "sco": 79,
          "dco": 1487,
          "txt": "durch"
        },
        {
          "si": 11,
          "sti": 15,
          "dti": 273,
          "sco": 84,
          "dco": 1492,
          "txt": ","
        },
        {
          "si": 11,
          "sti": 16,
          "dti": 274,
          "sco": 86,
          "dco": 1494,
          "txt": "zog"
        },
        {
          "si": 11,
          "sti": 17,
          "dti": 275,
          "sco": 90,
          "dco": 1498,
          "txt": "nach"
        },
        {
          "si": 11,
          "sti": 18,
          "dti": 276,
          "sco": 95,
          "dco": 1503,
          "txt": "innen"
        },
        {
          "si": 11,
          "sti": 19,
          "dti": 277,
          "sco": 101,
          "dco": 1509,
          "txt": "und"
        },
        {
          "si": 11,
          "sti": 20,
          "dti": 278,
          "sco": 105,
          "dco": 1513,
          "txt": "bezwang"
        },
        {
          "si": 11,
          "sti": 21,
          "dti": 279,
          "sco": 113,
          "dco": 1521,
          "txt": "Arias"
        },
        {
          "si": 11,
          "sti": 22,
          "dti": 280,
          "sco": 119,
          "dco": 1527,
          "txt": "erneut"
        },
        {
          "si": 11,
          "sti": 23,
          "dti": 281,
          "sco": 125,
          "dco": 1533,
          "txt": "."
        },
        {
          "si": 12,
          "sti": 0,
          "dti": 282,
          "sco": 0,
          "dco": 1535,
          "txt": "In"
        },
        {
          "si": 12,
          "sti": 1,
          "dti": 283,
          "sco": 3,
          "dco": 1538,
          "txt": "der"
        },
        {
          "si": 12,
          "sti": 2,
          "dti": 284,
          "sco": 7,
          "dco": 1542,
          "txt": "zweiten"
        },
        {
          "si": 12,
          "sti": 3,
          "dti": 285,
          "sco": 15,
          "dco": 1550,
          "txt": "Halbzeit"
        },
        {
          "si": 12,
          "sti": 4,
          "dti": 286,
          "sco": 24,
          "dco": 1559,
          "txt": "kamen"
        },
        {
          "si": 12,
          "sti": 5,
          "dti": 287,
          "sco": 30,
          "dco": 1565,
          "txt": "die"
        },
        {
          "si": 12,
          "sti": 6,
          "dti": 288,
          "sco": 34,
          "dco": 1569,
          "txt": "Bolivianer"
        },
        {
          "si": 12,
          "sti": 7,
          "dti": 289,
          "sco": 45,
          "dco": 1580,
          "txt": "zunaechst"
        },
        {
          "si": 12,
          "sti": 8,
          "dti": 290,
          "sco": 55,
          "dco": 1590,
          "txt": "besser"
        },
        {
          "si": 12,
          "sti": 9,
          "dti": 291,
          "sco": 62,
          "dco": 1597,
          "txt": "ins"
        },
        {
          "si": 12,
          "sti": 10,
          "dti": 292,
          "sco": 66,
          "dco": 1601,
          "txt": "Spiel"
        },
        {
          "si": 12,
          "sti": 11,
          "dti": 293,
          "sco": 72,
          "dco": 1607,
          "txt": "und"
        },
        {
          "si": 12,
          "sti": 12,
          "dti": 294,
          "sco": 76,
          "dco": 1611,
          "txt": "in"
        },
        {
          "si": 12,
          "sti": 13,
          "dti": 295,
          "sco": 79,
          "dco": 1614,
          "txt": "der"
        },
        {
          "si": 12,
          "sti": 14,
          "dti": 296,
          "sco": 83,
          "dco": 1618,
          "txt": "66"
        },
        {
          "si": 12,
          "sti": 15,
          "dti": 297,
          "sco": 85,
          "dco": 1620,
          "txt": "."
        },
        {
          "si": 13,
          "sti": 0,
          "dti": 298,
          "sco": 0,
          "dco": 1622,
          "txt": "Minute"
        },
        {
          "si": 13,
          "sti": 1,
          "dti": 299,
          "sco": 7,
          "dco": 1629,
          "txt": "erzielte"
        },
        {
          "si": 13,
          "sti": 2,
          "dti": 300,
          "sco": 16,
          "dco": 1638,
          "txt": "Gutirrez"
        },
        {
          "si": 13,
          "sti": 3,
          "dti": 301,
          "sco": 25,
          "dco": 1647,
          "txt": "per"
        },
        {
          "si": 13,
          "sti": 4,
          "dti": 302,
          "sco": 29,
          "dco": 1651,
          "txt": "Freistoss"
        },
        {
          "si": 13,
          "sti": 5,
          "dti": 303,
          "sco": 39,
          "dco": 1661,
          "txt": "den"
        },
        {
          "si": 13,
          "sti": 6,
          "dti": 304,
          "sco": 43,
          "dco": 1665,
          "txt": "Anschluss"
        },
        {
          "si": 13,
          "sti": 7,
          "dti": 305,
          "sco": 52,
          "dco": 1674,
          "txt": "."
        },
        {
          "si": 14,
          "sti": 0,
          "dti": 306,
          "sco": 0,
          "dco": 1676,
          "txt": "Nur"
        },
        {
          "si": 14,
          "sti": 1,
          "dti": 307,
          "sco": 4,
          "dco": 1680,
          "txt": "acht"
        },
        {
          "si": 14,
          "sti": 2,
          "dti": 308,
          "sco": 9,
          "dco": 1685,
          "txt": "Minuten"
        },
        {
          "si": 14,
          "sti": 3,
          "dti": 309,
          "sco": 17,
          "dco": 1693,
          "txt": "spaeter"
        },
        {
          "si": 14,
          "sti": 4,
          "dti": 310,
          "sco": 25,
          "dco": 1701,
          "txt": "wurde"
        },
        {
          "si": 14,
          "sti": 5,
          "dti": 311,
          "sco": 31,
          "dco": 1707,
          "txt": "er"
        },
        {
          "si": 14,
          "sti": 6,
          "dti": 312,
          "sco": 34,
          "dco": 1710,
          "txt": "zusammen"
        },
        {
          "si": 14,
          "sti": 7,
          "dti": 313,
          "sco": 43,
          "dco": 1719,
          "txt": "mit"
        },
        {
          "si": 14,
          "sti": 8,
          "dti": 314,
          "sco": 47,
          "dco": 1723,
          "txt": "dem"
        },
        {
          "si": 14,
          "sti": 9,
          "dti": 315,
          "sco": 51,
          "dco": 1727,
          "txt": "Peruaner"
        },
        {
          "si": 14,
          "sti": 10,
          "dti": 316,
          "sco": 60,
          "dco": 1736,
          "txt": "Ciurlizza"
        },
        {
          "si": 14,
          "sti": 11,
          "dti": 317,
          "sco": 70,
          "dco": 1746,
          "txt": "vom"
        },
        {
          "si": 14,
          "sti": 12,
          "dti": 318,
          "sco": 74,
          "dco": 1750,
          "txt": "Platz"
        },
        {
          "si": 14,
          "sti": 13,
          "dti": 319,
          "sco": 80,
          "dco": 1756,
          "txt": "gestellt"
        },
        {
          "si": 14,
          "sti": 14,
          "dti": 320,
          "sco": 88,
          "dco": 1764,
          "txt": "."
        },
        {
          "si": 15,
          "sti": 0,
          "dti": 321,
          "sco": 0,
          "dco": 1766,
          "txt": "Stuermer"
        },
        {
          "si": 15,
          "sti": 1,
          "dti": 322,
          "sco": 9,
          "dco": 1775,
          "txt": "Farfn"
        },
        {
          "si": 15,
          "sti": 2,
          "dti": 323,
          "sco": 15,
          "dco": 1781,
          "txt": "besiegelte"
        },
        {
          "si": 15,
          "sti": 3,
          "dti": 324,
          "sco": 26,
          "dco": 1792,
          "txt": "dann"
        },
        {
          "si": 15,
          "sti": 4,
          "dti": 325,
          "sco": 31,
          "dco": 1797,
          "txt": "nach"
        },
        {
          "si": 15,
          "sti": 5,
          "dti": 326,
          "sco": 36,
          "dco": 1802,
          "txt": "einem"
        },
        {
          "si": 15,
          "sti": 6,
          "dti": 327,
          "sco": 42,
          "dco": 1808,
          "txt": "schoenen"
        },
        {
          "si": 15,
          "sti": 7,
          "dti": 328,
          "sco": 51,
          "dco": 1817,
          "txt": "Solo"
        },
        {
          "si": 15,
          "sti": 8,
          "dti": 329,
          "sco": 56,
          "dco": 1822,
          "txt": "den"
        },
        {
          "si": 15,
          "sti": 9,
          "dti": 330,
          "sco": 60,
          "dco": 1826,
          "txt": "Triumph"
        },
        {
          "si": 15,
          "sti": 10,
          "dti": 331,
          "sco": 68,
          "dco": 1834,
          "txt": "der"
        },
        {
          "si": 15,
          "sti": 11,
          "dti": 332,
          "sco": 72,
          "dco": 1838,
          "txt": "Peruaner"
        },
        {
          "si": 15,
          "sti": 12,
          "dti": 333,
          "sco": 81,
          "dco": 1847,
          "txt": "und"
        },
        {
          "si": 15,
          "sti": 13,
          "dti": 334,
          "sco": 85,
          "dco": 1851,
          "txt": "liess"
        },
        {
          "si": 15,
          "sti": 14,
          "dti": 335,
          "sco": 91,
          "dco": 1857,
          "txt": "Arias"
        },
        {
          "si": 15,
          "sti": 15,
          "dti": 336,
          "sco": 97,
          "dco": 1863,
          "txt": "dabei"
        },
        {
          "si": 15,
          "sti": 16,
          "dti": 337,
          "sco": 103,
          "dco": 1869,
          "txt": "keine"
        },
        {
          "si": 15,
          "sti": 17,
          "dti": 338,
          "sco": 109,
          "dco": 1875,
          "txt": "Chance"
        },
        {
          "si": 15,
          "sti": 18,
          "dti": 339,
          "sco": 115,
          "dco": 1881,
          "txt": "."
        }
      ]
    },
    "ganns": {
      "dla": [],
      "la": [],
      "ea": [],
      "eta": [
        {
          "ra": {
            "ea": {
              "etn": "QAInstance"
            }
          },
          "sfs": [
            [
              {
                "stn": "hasQuestion22"
              },
              {
                "la": {
                  "txtc": {
                    "sff": "74"
                  },
                  "et": {
                    "etn": "Answer"
                  }
                }
              }
            ],
            [
              {
                "stn": "hasQuestion21"
              },
              {
                "la": {
                  "txtc": {
                    "sff": "32"
                  },
                  "et": {
                    "etn": "Answer"
                  }
                }
              }
            ],
            [
              {
                "stn": "hasQuestion20"
              },
              {
                "la": {
                  "txtc": {
                    "sff": "5"
                  },
                  "et": {
                    "etn": "Answer"
                  }
                }
              }
            ],
            [
              {
                "stn": "hasQuestion15"
              },
              {
                "la": {
                  "txtc": {
                    "sff": "N/A"
                  },
                  "et": {
                    "etn": "Answer"
                  }
                }
              }
            ],
            [
              {
                "stn": "hasQuestion14"
              },
              {
                "la": {
                  "txtc": {
                    "sff": "Hidalgo Martin"
                  },
                  "et": {
                    "etn": "Answer"
                  }
                }
              }
            ],
            [
              {
                "stn": "hasQuestion13"
              },
              {
                "la": {
                  "txtc": {
                    "sff": "N/A"
                  },
                  "et": {
                    "etn": "Answer"
                  }
                }
              }
            ],
            [
              {
                "stn": "hasQuestion12"
              },
              {
                "la": {
                  "txtc": {
                    "sff": "Jauregui Sergio"
                  },
                  "et": {
                    "etn": "Answer"
                  }
                }
              }
            ],
            [
              {
                "stn": "hasQuestion19"
              },
              {
                "la": {
                  "txtc": {
                    "sff": "82"
                  },
                  "et": {
                    "etn": "Answer"
                  }
                }
              }
            ],
            [
              {
                "stn": "hasQuestion18"
              },
              {
                "la": {
                  "txtc": {
                    "sff": "11"
                  },
                  "et": {
                    "etn": "Answer"
                  }
                }
              }
            ],
            [
              {
                "stn": "hasQuestion17"
              },
              {
                "la": {
                  "txtc": {
                    "sff": "Farfan Jefferson"
                  },
                  "et": {
                    "etn": "Answer"
                  }
                }
              }
            ],
            [
              {
                "stn": "hasQuestion16"
              },
              {
                "la": {
                  "txtc": {
                    "sff": "Vassallo Gustavo"
                  },
                  "et": {
                    "etn": "Answer"
                  }
                }
              }
            ],
            [
              {
                "stn": "hasQuestion11"
              },
              {
                "la": {
                  "txtc": {
                    "sff": "Bolivien"
                  },
                  "et": {
                    "etn": "Answer"
                  }
                }
              }
            ],
            [
              {
                "stn": "hasQuestion10"
              },
              {
                "la": {
                  "txtc": {
                    "sff": "Peru"
                  },
                  "et": {
                    "etn": "Answer"
                  }
                }
              }
            ],
            [
              {
                "stn": "hasQuestion31"
              },
              {
                "la": {
                  "txtc": {
                    "sff": "2"
                  },
                  "et": {
                    "etn": "Answer"
                  }
                }
              }
            ],
            [
              {
                "stn": "hasQuestion30"
              },
              {
                "la": {
                  "txtc": {
                    "sff": "2"
                  },
                  "et": {
                    "etn": "Answer"
                  }
                }
              }
            ],
            [
              {
                "stn": "hasTeamB"
              },
              {
                "eta": {
                  "ra": {
                    "ea": {
                      "etn": "Peru"
                    }
                  },
                  "sfs": {},
                  "mfs": [
                    [
                      {
                        "stn": "hasPlayers"
                      },
                      {
                        "dla": [],
                        "la": [],
                        "ea": [
                          {
                            "etn": "Angulo Carmelo"
                          },
                          {
                            "etn": "Arce Juan Carlos"
                          },
                          {
                            "etn": "Arias Carlos"
                          },
                          {
                            "etn": "Baldivieso Julio"
                          },
                          {
                            "etn": "Botero Joaquin"
                          },
                          {
                            "etn": "Castillo Jose"
                          },
                          {
                            "etn": "Cortez Julio Cesar"
                          },
                          {
                            "etn": "Galindo Gonzalo"
                          },
                          {
                            "etn": "Gomez Jesus"
                          },
                          {
                            "etn": "Gutierrez Limberg"
                          },
                          {
                            "etn": "Jauregui Sergio"
                          },
                          {
                            "etn": "Melgar Eduardo"
                          },
                          {
                            "etn": "Pachi Danner"
                          },
                          {
                            "etn": "Paz Lider"
                          },
                          {
                            "etn": "Raldes Ronald"
                          },
                          {
                            "etn": "Vaca Doyle"
                          },
                          {
                            "etn": "Vaca Joselito"
                          }
                        ],
                        "eta": []
                      }
                    ]
                  ]
                }
              }
            ],
            [
              {
                "stn": "hasTeamA"
              },
              {
                "eta": {
                  "ra": {
                    "ea": {
                      "etn": "Peru"
                    }
                  },
                  "sfs": {},
                  "mfs": [
                    [
                      {
                        "stn": "hasPlayers"
                      },
                      {
                        "dla": [],
                        "la": [],
                        "ea": [
                          {
                            "etn": "Acasiete Santiago"
                          },
                          {
                            "etn": "Ciurlizza Marco"
                          },
                          {
                            "etn": "Cominges Juan"
                          },
                          {
                            "etn": "Delgado Erick"
                          },
                          {
                            "etn": "Farfan Jefferson"
                          },
                          {
                            "etn": "Galliquio John"
                          },
                          {
                            "etn": "Garcia Julio"
                          },
                          {
                            "etn": "Guadalupe Luis"
                          },
                          {
                            "etn": "Hidalgo Martin"
                          },
                          {
                            "etn": "Mendoza Jose"
                          },
                          {
                            "etn": "Penny Diego"
                          },
                          {
                            "etn": "Ramirez Luis"
                          },
                          {
                            "etn": "Ross Douglas"
                          },
                          {
                            "etn": "Soto Jorge"
                          },
                          {
                            "etn": "Torres Rainer"
                          },
                          {
                            "etn": "Vargas Juan"
                          },
                          {
                            "etn": "Vassallo Gustavo"
                          },
                          {
                            "etn": "Villalta Miguel"
                          }
                        ],
                        "eta": []
                      }
                    ]
                  ]
                }
              }
            ],
            [
              {
                "stn": "hasQuestion9"
              },
              {
                "la": {
                  "txtc": {
                    "sff": "N/A"
                  },
                  "et": {
                    "etn": "Answer"
                  }
                }
              }
            ],
            [
              {
                "stn": "hasQuestion1"
              },
              {
                "la": {
                  "txtc": {
                    "sff": "false"
                  },
                  "et": {
                    "etn": "Answer"
                  }
                }
              }
            ],
            [
              {
                "stn": "hasQuestion26"
              },
              {
                "la": {
                  "txtc": {
                    "sff": "0"
                  },
                  "et": {
                    "etn": "Answer"
                  }
                }
              }
            ],
            [
              {
                "stn": "hasQuestion2"
              },
              {
                "la": {
                  "txtc": {
                    "sff": "3:0"
                  },
                  "et": {
                    "etn": "Answer"
                  }
                }
              }
            ],
            [
              {
                "stn": "hasQuestion25"
              },
              {
                "la": {
                  "txtc": {
                    "sff": "N/A"
                  },
                  "et": {
                    "etn": "Answer"
                  }
                }
              }
            ],
            [
              {
                "stn": "hasQuestion24"
              },
              {
                "la": {
                  "txtc": {
                    "sff": "N/A"
                  },
                  "et": {
                    "etn": "Answer"
                  }
                }
              }
            ],
            [
              {
                "stn": "hasQuestion3"
              },
              {
                "la": {
                  "txtc": {
                    "sff": "4:1"
                  },
                  "et": {
                    "etn": "Answer"
                  }
                }
              }
            ],
            [
              {
                "stn": "hasQuestion23"
              },
              {
                "la": {
                  "txtc": {
                    "sff": "N/A"
                  },
                  "et": {
                    "etn": "Answer"
                  }
                }
              }
            ],
            [
              {
                "stn": "hasQuestion4"
              },
              {
                "la": {
                  "txtc": {
                    "sff": "Peru,Bolivien"
                  },
                  "et": {
                    "etn": "Answer"
                  }
                }
              }
            ],
            [
              {
                "stn": "hasQuestion5"
              },
              {
                "la": {
                  "txtc": {
                    "sff": "Bolivien,Peru"
                  },
                  "et": {
                    "etn": "Answer"
                  }
                }
              }
            ],
            [
              {
                "stn": "hasQuestion29"
              },
              {
                "la": {
                  "txtc": {
                    "sff": "0"
                  },
                  "et": {
                    "etn": "Answer"
                  }
                }
              }
            ],
            [
              {
                "stn": "hasQuestion6"
              },
              {
                "la": {
                  "txtc": {
                    "sff": "N/A"
                  },
                  "et": {
                    "etn": "Answer"
                  }
                }
              }
            ],
            [
              {
                "stn": "hasQuestion28"
              },
              {
                "la": {
                  "txtc": {
                    "sff": "79"
                  },
                  "et": {
                    "etn": "Answer"
                  }
                }
              }
            ],
            [
              {
                "stn": "hasQuestion7"
              },
              {
                "la": {
                  "txtc": {
                    "sff": "N/A"
                  },
                  "et": {
                    "etn": "Answer"
                  }
                }
              }
            ],
            [
              {
                "stn": "hasQuestion27"
              },
              {
                "la": {
                  "txtc": {
                    "sff": "11"
                  },
                  "et": {
                    "etn": "Answer"
                  }
                }
              }
            ],
            [
              {
                "stn": "hasQuestion8"
              },
              {
                "la": {
                  "txtc": {
                    "sff": "Bolivien"
                  },
                  "et": {
                    "etn": "Answer"
                  }
                }
              }
            ]
          ],
          "mfs": {}
        }
      ]
    }
  }
]
