[
  {
    "context": "UNSPECIFIED",
    "doc": {
      "id": "de_mr38003_struct",
      "tl": [
        {
          "si": 0,
          "sti": 0,
          "dti": 0,
          "sco": 0,
          "dco": 0,
          "txt": "Kanada"
        },
        {
          "si": 0,
          "sti": 1,
          "dti": 1,
          "sco": 7,
          "dco": 7,
          "txt": "hat"
        },
        {
          "si": 0,
          "sti": 2,
          "dti": 2,
          "sco": 11,
          "dco": 11,
          "txt": "nach"
        },
        {
          "si": 0,
          "sti": 3,
          "dti": 3,
          "sco": 16,
          "dco": 16,
          "txt": "wie"
        },
        {
          "si": 0,
          "sti": 4,
          "dti": 4,
          "sco": 20,
          "dco": 20,
          "txt": "vor"
        },
        {
          "si": 0,
          "sti": 5,
          "dti": 5,
          "sco": 24,
          "dco": 24,
          "txt": "nur"
        },
        {
          "si": 0,
          "sti": 6,
          "dti": 6,
          "sco": 28,
          "dco": 28,
          "txt": "ein"
        },
        {
          "si": 0,
          "sti": 7,
          "dti": 7,
          "sco": 32,
          "dco": 32,
          "txt": "mageres"
        },
        {
          "si": 0,
          "sti": 8,
          "dti": 8,
          "sco": 40,
          "dco": 40,
          "txt": "Puenktchen"
        },
        {
          "si": 0,
          "sti": 9,
          "dti": 9,
          "sco": 50,
          "dco": 50,
          "txt": "."
        },
        {
          "si": 1,
          "sti": 0,
          "dti": 10,
          "sco": 0,
          "dco": 52,
          "txt": "Vor"
        },
        {
          "si": 1,
          "sti": 1,
          "dti": 11,
          "sco": 4,
          "dco": 56,
          "txt": "dem"
        },
        {
          "si": 1,
          "sti": 2,
          "dti": 12,
          "sco": 8,
          "dco": 60,
          "txt": "anstehenden"
        },
        {
          "si": 1,
          "sti": 3,
          "dti": 13,
          "sco": 20,
          "dco": 72,
          "txt": "langen"
        },
        {
          "si": 1,
          "sti": 4,
          "dti": 14,
          "sco": 27,
          "dco": 79,
          "txt": "kalten"
        },
        {
          "si": 1,
          "sti": 5,
          "dti": 15,
          "sco": 34,
          "dco": 86,
          "txt": "Winter"
        },
        {
          "si": 1,
          "sti": 6,
          "dti": 16,
          "sco": 41,
          "dco": 93,
          "txt": "duerfte"
        },
        {
          "si": 1,
          "sti": 7,
          "dti": 17,
          "sco": 49,
          "dco": 101,
          "txt": "die"
        },
        {
          "si": 1,
          "sti": 8,
          "dti": 18,
          "sco": 53,
          "dco": 105,
          "txt": "schlechte"
        },
        {
          "si": 1,
          "sti": 9,
          "dti": 19,
          "sco": 63,
          "dco": 115,
          "txt": "Stimmung"
        },
        {
          "si": 1,
          "sti": 10,
          "dti": 20,
          "sco": 72,
          "dco": 124,
          "txt": "der"
        },
        {
          "si": 1,
          "sti": 11,
          "dti": 21,
          "sco": 76,
          "dco": 128,
          "txt": "kanadischen"
        },
        {
          "si": 1,
          "sti": 12,
          "dti": 22,
          "sco": 88,
          "dco": 140,
          "txt": "Fussballfans"
        },
        {
          "si": 1,
          "sti": 13,
          "dti": 23,
          "sco": 101,
          "dco": 153,
          "txt": "in"
        },
        {
          "si": 1,
          "sti": 14,
          "dti": 24,
          "sco": 104,
          "dco": 156,
          "txt": "diesem"
        },
        {
          "si": 1,
          "sti": 15,
          "dti": 25,
          "sco": 111,
          "dco": 163,
          "txt": "Jahr"
        },
        {
          "si": 1,
          "sti": 16,
          "dti": 26,
          "sco": 116,
          "dco": 168,
          "txt": "schlimmer"
        },
        {
          "si": 1,
          "sti": 17,
          "dti": 27,
          "sco": 126,
          "dco": 178,
          "txt": "sein"
        },
        {
          "si": 1,
          "sti": 18,
          "dti": 28,
          "sco": 131,
          "dco": 183,
          "txt": "als"
        },
        {
          "si": 1,
          "sti": 19,
          "dti": 29,
          "sco": 135,
          "dco": 187,
          "txt": "je"
        },
        {
          "si": 1,
          "sti": 20,
          "dti": 30,
          "sco": 138,
          "dco": 190,
          "txt": "zuvor"
        },
        {
          "si": 1,
          "sti": 21,
          "dti": 31,
          "sco": 143,
          "dco": 195,
          "txt": "."
        },
        {
          "si": 2,
          "sti": 0,
          "dti": 32,
          "sco": 0,
          "dco": 197,
          "txt": "Trotz"
        },
        {
          "si": 2,
          "sti": 1,
          "dti": 33,
          "sco": 6,
          "dco": 203,
          "txt": "der"
        },
        {
          "si": 2,
          "sti": 2,
          "dti": 34,
          "sco": 10,
          "dco": 207,
          "txt": "Verpflichtung"
        },
        {
          "si": 2,
          "sti": 3,
          "dti": 35,
          "sco": 24,
          "dco": 221,
          "txt": "des"
        },
        {
          "si": 2,
          "sti": 4,
          "dti": 36,
          "sco": 28,
          "dco": 225,
          "txt": "respektierten"
        },
        {
          "si": 2,
          "sti": 5,
          "dti": 37,
          "sco": 42,
          "dco": 239,
          "txt": "ehemaligen"
        },
        {
          "si": 2,
          "sti": 6,
          "dti": 38,
          "sco": 53,
          "dco": 250,
          "txt": "Spielers"
        },
        {
          "si": 2,
          "sti": 7,
          "dti": 39,
          "sco": 62,
          "dco": 259,
          "txt": "Frank"
        },
        {
          "si": 2,
          "sti": 8,
          "dti": 40,
          "sco": 68,
          "dco": 265,
          "txt": "Yallop"
        },
        {
          "si": 2,
          "sti": 9,
          "dti": 41,
          "sco": 75,
          "dco": 272,
          "txt": "als"
        },
        {
          "si": 2,
          "sti": 10,
          "dti": 42,
          "sco": 79,
          "dco": 276,
          "txt": "Trainer"
        },
        {
          "si": 2,
          "sti": 11,
          "dti": 43,
          "sco": 87,
          "dco": 284,
          "txt": "der"
        },
        {
          "si": 2,
          "sti": 12,
          "dti": 44,
          "sco": 91,
          "dco": 288,
          "txt": "talentierten"
        },
        {
          "si": 2,
          "sti": 13,
          "dti": 45,
          "sco": 104,
          "dco": 301,
          "txt": "Mannschaft"
        },
        {
          "si": 2,
          "sti": 14,
          "dti": 46,
          "sco": 115,
          "dco": 312,
          "txt": "ist"
        },
        {
          "si": 2,
          "sti": 15,
          "dti": 47,
          "sco": 119,
          "dco": 316,
          "txt": "der"
        },
        {
          "si": 2,
          "sti": 16,
          "dti": 48,
          "sco": 123,
          "dco": 320,
          "txt": "Misserfolg"
        },
        {
          "si": 2,
          "sti": 17,
          "dti": 49,
          "sco": 134,
          "dco": 331,
          "txt": "der"
        },
        {
          "si": 2,
          "sti": 18,
          "dti": 50,
          "sco": 138,
          "dco": 335,
          "txt": "Kanadier"
        },
        {
          "si": 2,
          "sti": 19,
          "dti": 51,
          "sco": 147,
          "dco": 344,
          "txt": "in"
        },
        {
          "si": 2,
          "sti": 20,
          "dti": 52,
          "sco": 150,
          "dco": 347,
          "txt": "der"
        },
        {
          "si": 2,
          "sti": 21,
          "dti": 53,
          "sco": 154,
          "dco": 351,
          "txt": "Qualifikation"
        },
        {
          "si": 2,
          "sti": 22,
          "dti": 54,
          "sco": 168,
          "dco": 365,
          "txt": "zur"
        },
        {
          "si": 2,
          "sti": 23,
          "dti": 55,
          "sco": 172,
          "dco": 369,
          "txt": "FIFA"
        },
        {
          "si": 2,
          "sti": 24,
          "dti": 56,
          "sco": 177,
          "dco": 374,
          "txt": "Fussball"
        },
        {
          "si": 2,
          "sti": 25,
          "dti": 57,
          "sco": 185,
          "dco": 382,
          "txt": "-"
        },
        {
          "si": 2,
          "sti": 26,
          "dti": 58,
          "sco": 186,
          "dco": 383,
          "txt": "Weltmeisterschaft"
        },
        {
          "si": 2,
          "sti": 27,
          "dti": 59,
          "sco": 204,
          "dco": 401,
          "txt": "Deutschland"
        },
        {
          "si": 2,
          "sti": 28,
          "dti": 60,
          "sco": 216,
          "dco": 413,
          "txt": "2006"
        },
        {
          "si": 2,
          "sti": 29,
          "dti": 61,
          "sco": 221,
          "dco": 418,
          "txt": "allzu"
        },
        {
          "si": 2,
          "sti": 30,
          "dti": 62,
          "sco": 227,
          "dco": 424,
          "txt": "deutlich"
        },
        {
          "si": 2,
          "sti": 31,
          "dti": 63,
          "sco": 235,
          "dco": 432,
          "txt": "."
        },
        {
          "si": 3,
          "sti": 0,
          "dti": 64,
          "sco": 0,
          "dco": 434,
          "txt": "Nach"
        },
        {
          "si": 3,
          "sti": 1,
          "dti": 65,
          "sco": 5,
          "dco": 439,
          "txt": "einem"
        },
        {
          "si": 3,
          "sti": 2,
          "dti": 66,
          "sco": 11,
          "dco": 445,
          "txt": "deutlichen"
        },
        {
          "si": 3,
          "sti": 3,
          "dti": 67,
          "sco": 22,
          "dco": 456,
          "txt": "Sieg"
        },
        {
          "si": 3,
          "sti": 4,
          "dti": 68,
          "sco": 27,
          "dco": 461,
          "txt": "mit"
        },
        {
          "si": 3,
          "sti": 5,
          "dti": 69,
          "sco": 31,
          "dco": 465,
          "txt": "8"
        },
        {
          "si": 3,
          "sti": 6,
          "dti": 70,
          "sco": 32,
          "dco": 466,
          "txt": ":"
        },
        {
          "si": 3,
          "sti": 7,
          "dti": 71,
          "sco": 33,
          "dco": 467,
          "txt": "0"
        },
        {
          "si": 3,
          "sti": 8,
          "dti": 72,
          "sco": 35,
          "dco": 469,
          "txt": "gegen"
        },
        {
          "si": 3,
          "sti": 9,
          "dti": 73,
          "sco": 41,
          "dco": 475,
          "txt": "Belize"
        },
        {
          "si": 3,
          "sti": 10,
          "dti": 74,
          "sco": 48,
          "dco": 482,
          "txt": "in"
        },
        {
          "si": 3,
          "sti": 11,
          "dti": 75,
          "sco": 51,
          "dco": 485,
          "txt": "der"
        },
        {
          "si": 3,
          "sti": 12,
          "dti": 76,
          "sco": 55,
          "dco": 489,
          "txt": "Vorausscheidungsrunde"
        },
        {
          "si": 3,
          "sti": 13,
          "dti": 77,
          "sco": 77,
          "dco": 511,
          "txt": "folgte"
        },
        {
          "si": 3,
          "sti": 14,
          "dti": 78,
          "sco": 84,
          "dco": 518,
          "txt": "ein"
        },
        {
          "si": 3,
          "sti": 15,
          "dti": 79,
          "sco": 88,
          "dco": 522,
          "txt": "unglueckliches"
        },
        {
          "si": 3,
          "sti": 16,
          "dti": 80,
          "sco": 103,
          "dco": 537,
          "txt": "Unentschieden"
        },
        {
          "si": 3,
          "sti": 17,
          "dti": 81,
          "sco": 117,
          "dco": 551,
          "txt": "und"
        },
        {
          "si": 3,
          "sti": 18,
          "dti": 82,
          "sco": 121,
          "dco": 555,
          "txt": "so"
        },
        {
          "si": 3,
          "sti": 19,
          "dti": 83,
          "sco": 124,
          "dco": 558,
          "txt": "landete"
        },
        {
          "si": 3,
          "sti": 20,
          "dti": 84,
          "sco": 132,
          "dco": 566,
          "txt": "Kanada"
        },
        {
          "si": 3,
          "sti": 21,
          "dti": 85,
          "sco": 139,
          "dco": 573,
          "txt": "in"
        },
        {
          "si": 3,
          "sti": 22,
          "dti": 86,
          "sco": 142,
          "dco": 576,
          "txt": "einer"
        },
        {
          "si": 3,
          "sti": 23,
          "dti": 87,
          "sco": 148,
          "dco": 582,
          "txt": "schweren"
        },
        {
          "si": 3,
          "sti": 24,
          "dti": 88,
          "sco": 157,
          "dco": 591,
          "txt": "Halbfinalgruppe"
        },
        {
          "si": 3,
          "sti": 25,
          "dti": 89,
          "sco": 173,
          "dco": 607,
          "txt": "mit"
        },
        {
          "si": 3,
          "sti": 26,
          "dti": 90,
          "sco": 177,
          "dco": 611,
          "txt": "Guatemala"
        },
        {
          "si": 3,
          "sti": 27,
          "dti": 91,
          "sco": 186,
          "dco": 620,
          "txt": ","
        },
        {
          "si": 3,
          "sti": 28,
          "dti": 92,
          "sco": 188,
          "dco": 622,
          "txt": "Honduras"
        },
        {
          "si": 3,
          "sti": 29,
          "dti": 93,
          "sco": 197,
          "dco": 631,
          "txt": "und"
        },
        {
          "si": 3,
          "sti": 30,
          "dti": 94,
          "sco": 201,
          "dco": 635,
          "txt": "Costa"
        },
        {
          "si": 3,
          "sti": 31,
          "dti": 95,
          "sco": 207,
          "dco": 641,
          "txt": "Rica"
        },
        {
          "si": 3,
          "sti": 32,
          "dti": 96,
          "sco": 212,
          "dco": 646,
          "txt": "-"
        },
        {
          "si": 3,
          "sti": 33,
          "dti": 97,
          "sco": 214,
          "dco": 648,
          "txt": "und"
        },
        {
          "si": 3,
          "sti": 34,
          "dti": 98,
          "sco": 218,
          "dco": 652,
          "txt": "nur"
        },
        {
          "si": 3,
          "sti": 35,
          "dti": 99,
          "sco": 222,
          "dco": 656,
          "txt": "die"
        },
        {
          "si": 3,
          "sti": 36,
          "dti": 100,
          "sco": 226,
          "dco": 660,
          "txt": "beiden"
        },
        {
          "si": 3,
          "sti": 37,
          "dti": 101,
          "sco": 233,
          "dco": 667,
          "txt": "Gruppenersten"
        },
        {
          "si": 3,
          "sti": 38,
          "dti": 102,
          "sco": 247,
          "dco": 681,
          "txt": "erreichen"
        },
        {
          "si": 3,
          "sti": 39,
          "dti": 103,
          "sco": 257,
          "dco": 691,
          "txt": "die"
        },
        {
          "si": 3,
          "sti": 40,
          "dti": 104,
          "sco": 261,
          "dco": 695,
          "txt": "letzte"
        },
        {
          "si": 3,
          "sti": 41,
          "dti": 105,
          "sco": 268,
          "dco": 702,
          "txt": "Qualifikationsrunde"
        },
        {
          "si": 3,
          "sti": 42,
          "dti": 106,
          "sco": 287,
          "dco": 721,
          "txt": "."
        },
        {
          "si": 4,
          "sti": 0,
          "dti": 107,
          "sco": 0,
          "dco": 723,
          "txt": "Aber"
        },
        {
          "si": 4,
          "sti": 1,
          "dti": 108,
          "sco": 5,
          "dco": 728,
          "txt": "mit"
        },
        {
          "si": 4,
          "sti": 2,
          "dti": 109,
          "sco": 9,
          "dco": 732,
          "txt": "der"
        },
        {
          "si": 4,
          "sti": 3,
          "dti": 110,
          "sco": 13,
          "dco": 736,
          "txt": "Nominierung"
        },
        {
          "si": 4,
          "sti": 4,
          "dti": 111,
          "sco": 25,
          "dco": 748,
          "txt": "talentierter"
        },
        {
          "si": 4,
          "sti": 5,
          "dti": 112,
          "sco": 38,
          "dco": 761,
          "txt": "Nachwuchsspieler"
        },
        {
          "si": 4,
          "sti": 6,
          "dti": 113,
          "sco": 54,
          "dco": 777,
          "txt": ","
        },
        {
          "si": 4,
          "sti": 7,
          "dti": 114,
          "sco": 56,
          "dco": 779,
          "txt": "einem"
        },
        {
          "si": 4,
          "sti": 8,
          "dti": 115,
          "sco": 62,
          "dco": 785,
          "txt": ","
        },
        {
          "si": 4,
          "sti": 9,
          "dti": 116,
          "sco": 64,
          "dco": 787,
          "txt": "und"
        },
        {
          "si": 4,
          "sti": 10,
          "dti": 117,
          "sco": 68,
          "dco": 791,
          "txt": "zunaechst"
        },
        {
          "si": 4,
          "sti": 11,
          "dti": 118,
          "sco": 78,
          "dco": 801,
          "txt": "zwei"
        },
        {
          "si": 4,
          "sti": 12,
          "dti": 119,
          "sco": 83,
          "dco": 806,
          "txt": "Heimspielen"
        },
        {
          "si": 4,
          "sti": 13,
          "dti": 120,
          "sco": 95,
          "dco": 818,
          "txt": "rechneten"
        },
        {
          "si": 4,
          "sti": 14,
          "dti": 121,
          "sco": 105,
          "dco": 828,
          "txt": "sich"
        },
        {
          "si": 4,
          "sti": 15,
          "dti": 122,
          "sco": 110,
          "dco": 833,
          "txt": "die"
        },
        {
          "si": 4,
          "sti": 16,
          "dti": 123,
          "sco": 114,
          "dco": 837,
          "txt": "Kanadier"
        },
        {
          "si": 4,
          "sti": 17,
          "dti": 124,
          "sco": 123,
          "dco": 846,
          "txt": "einen"
        },
        {
          "si": 4,
          "sti": 18,
          "dti": 125,
          "sco": 129,
          "dco": 852,
          "txt": "guten"
        },
        {
          "si": 4,
          "sti": 19,
          "dti": 126,
          "sco": 135,
          "dco": 858,
          "txt": "Start"
        },
        {
          "si": 4,
          "sti": 20,
          "dti": 127,
          "sco": 141,
          "dco": 864,
          "txt": "aus"
        },
        {
          "si": 4,
          "sti": 21,
          "dti": 128,
          "sco": 144,
          "dco": 867,
          "txt": "."
        },
        {
          "si": 5,
          "sti": 0,
          "dti": 129,
          "sco": 0,
          "dco": 869,
          "txt": "In"
        },
        {
          "si": 5,
          "sti": 1,
          "dti": 130,
          "sco": 3,
          "dco": 872,
          "txt": "der"
        },
        {
          "si": 5,
          "sti": 2,
          "dti": 131,
          "sco": 7,
          "dco": 876,
          "txt": "relativen"
        },
        {
          "si": 5,
          "sti": 3,
          "dti": 132,
          "sco": 17,
          "dco": 886,
          "txt": "Beschaulichkeit"
        },
        {
          "si": 5,
          "sti": 4,
          "dti": 133,
          "sco": 33,
          "dco": 902,
          "txt": "ausserhalb"
        },
        {
          "si": 5,
          "sti": 5,
          "dti": 134,
          "sco": 44,
          "dco": 913,
          "txt": "Vancouvers"
        },
        {
          "si": 5,
          "sti": 6,
          "dti": 135,
          "sco": 55,
          "dco": 924,
          "txt": "konnte"
        },
        {
          "si": 5,
          "sti": 7,
          "dti": 136,
          "sco": 62,
          "dco": 931,
          "txt": "im"
        },
        {
          "si": 5,
          "sti": 8,
          "dti": 137,
          "sco": 65,
          "dco": 934,
          "txt": "ersten"
        },
        {
          "si": 5,
          "sti": 9,
          "dti": 138,
          "sco": 72,
          "dco": 941,
          "txt": "Spiel"
        },
        {
          "si": 5,
          "sti": 10,
          "dti": 139,
          "sco": 78,
          "dco": 947,
          "txt": "Kanadas"
        },
        {
          "si": 5,
          "sti": 11,
          "dti": 140,
          "sco": 86,
          "dco": 955,
          "txt": "nur"
        },
        {
          "si": 5,
          "sti": 12,
          "dti": 141,
          "sco": 90,
          "dco": 959,
          "txt": "Guatemalas"
        },
        {
          "si": 5,
          "sti": 13,
          "dti": 142,
          "sco": 101,
          "dco": 970,
          "txt": "Carlos"
        },
        {
          "si": 5,
          "sti": 14,
          "dti": 143,
          "sco": 108,
          "dco": 977,
          "txt": "Ruiz"
        },
        {
          "si": 5,
          "sti": 15,
          "dti": 144,
          "sco": 113,
          "dco": 982,
          "txt": "Akzente"
        },
        {
          "si": 5,
          "sti": 16,
          "dti": 145,
          "sco": 121,
          "dco": 990,
          "txt": "setzen"
        },
        {
          "si": 5,
          "sti": 17,
          "dti": 146,
          "sco": 127,
          "dco": 996,
          "txt": "."
        },
        {
          "si": 6,
          "sti": 0,
          "dti": 147,
          "sco": 0,
          "dco": 998,
          "txt": "Der"
        },
        {
          "si": 6,
          "sti": 1,
          "dti": 148,
          "sco": 4,
          "dco": 1002,
          "txt": "talentierte"
        },
        {
          "si": 6,
          "sti": 2,
          "dti": 149,
          "sco": 16,
          "dco": 1014,
          "txt": "Spieler"
        },
        {
          "si": 6,
          "sti": 3,
          "dti": 150,
          "sco": 24,
          "dco": 1022,
          "txt": "sorgte"
        },
        {
          "si": 6,
          "sti": 4,
          "dti": 151,
          "sco": 31,
          "dco": 1029,
          "txt": "waehrend"
        },
        {
          "si": 6,
          "sti": 5,
          "dti": 152,
          "sco": 40,
          "dco": 1038,
          "txt": "der"
        },
        {
          "si": 6,
          "sti": 6,
          "dti": 153,
          "sco": 44,
          "dco": 1042,
          "txt": "gesamten"
        },
        {
          "si": 6,
          "sti": 7,
          "dti": 154,
          "sco": 53,
          "dco": 1051,
          "txt": "Partie"
        },
        {
          "si": 6,
          "sti": 8,
          "dti": 155,
          "sco": 60,
          "dco": 1058,
          "txt": "fuer"
        },
        {
          "si": 6,
          "sti": 9,
          "dti": 156,
          "sco": 65,
          "dco": 1063,
          "txt": "Unruhe"
        },
        {
          "si": 6,
          "sti": 10,
          "dti": 157,
          "sco": 72,
          "dco": 1070,
          "txt": "in"
        },
        {
          "si": 6,
          "sti": 11,
          "dti": 158,
          "sco": 75,
          "dco": 1073,
          "txt": "der"
        },
        {
          "si": 6,
          "sti": 12,
          "dti": 159,
          "sco": 79,
          "dco": 1077,
          "txt": "kanadischen"
        },
        {
          "si": 6,
          "sti": 13,
          "dti": 160,
          "sco": 91,
          "dco": 1089,
          "txt": "Abwehr"
        },
        {
          "si": 6,
          "sti": 14,
          "dti": 161,
          "sco": 97,
          "dco": 1095,
          "txt": ","
        },
        {
          "si": 6,
          "sti": 15,
          "dti": 162,
          "sco": 99,
          "dco": 1097,
          "txt": "erzielte"
        },
        {
          "si": 6,
          "sti": 16,
          "dti": 163,
          "sco": 108,
          "dco": 1106,
          "txt": "zwei"
        },
        {
          "si": 6,
          "sti": 17,
          "dti": 164,
          "sco": 113,
          "dco": 1111,
          "txt": "Treffer"
        },
        {
          "si": 6,
          "sti": 18,
          "dti": 165,
          "sco": 121,
          "dco": 1119,
          "txt": "und"
        },
        {
          "si": 6,
          "sti": 19,
          "dti": 166,
          "sco": 125,
          "dco": 1123,
          "txt": "erspielte"
        },
        {
          "si": 6,
          "sti": 20,
          "dti": 167,
          "sco": 135,
          "dco": 1133,
          "txt": "sich"
        },
        {
          "si": 6,
          "sti": 21,
          "dti": 168,
          "sco": 140,
          "dco": 1138,
          "txt": "mehr"
        },
        {
          "si": 6,
          "sti": 22,
          "dti": 169,
          "sco": 145,
          "dco": 1143,
          "txt": "Torchancen"
        },
        {
          "si": 6,
          "sti": 23,
          "dti": 170,
          "sco": 156,
          "dco": 1154,
          "txt": "als"
        },
        {
          "si": 6,
          "sti": 24,
          "dti": 171,
          "sco": 160,
          "dco": 1158,
          "txt": "die"
        },
        {
          "si": 6,
          "sti": 25,
          "dti": 172,
          "sco": 164,
          "dco": 1162,
          "txt": "gesamte"
        },
        {
          "si": 6,
          "sti": 26,
          "dti": 173,
          "sco": 172,
          "dco": 1170,
          "txt": "kanadische"
        },
        {
          "si": 6,
          "sti": 27,
          "dti": 174,
          "sco": 183,
          "dco": 1181,
          "txt": "Mannschaft"
        },
        {
          "si": 6,
          "sti": 28,
          "dti": 175,
          "sco": 193,
          "dco": 1191,
          "txt": "."
        },
        {
          "si": 7,
          "sti": 0,
          "dti": 176,
          "sco": 0,
          "dco": 1193,
          "txt": "Yallop"
        },
        {
          "si": 7,
          "sti": 1,
          "dti": 177,
          "sco": 7,
          "dco": 1200,
          "txt": "blickte"
        },
        {
          "si": 7,
          "sti": 2,
          "dti": 178,
          "sco": 15,
          "dco": 1208,
          "txt": "sorgenvoll"
        },
        {
          "si": 7,
          "sti": 3,
          "dti": 179,
          "sco": 26,
          "dco": 1219,
          "txt": "drein"
        },
        {
          "si": 7,
          "sti": 4,
          "dti": 180,
          "sco": 31,
          "dco": 1224,
          "txt": ","
        },
        {
          "si": 7,
          "sti": 5,
          "dti": 181,
          "sco": 33,
          "dco": 1226,
          "txt": "nachdem"
        },
        {
          "si": 7,
          "sti": 6,
          "dti": 182,
          "sco": 41,
          "dco": 1234,
          "txt": "der"
        },
        {
          "si": 7,
          "sti": 7,
          "dti": 183,
          "sco": 45,
          "dco": 1238,
          "txt": "MLS"
        },
        {
          "si": 7,
          "sti": 8,
          "dti": 184,
          "sco": 48,
          "dco": 1241,
          "txt": "-"
        },
        {
          "si": 7,
          "sti": 9,
          "dti": 185,
          "sco": 49,
          "dco": 1242,
          "txt": "Star"
        },
        {
          "si": 7,
          "sti": 10,
          "dti": 186,
          "sco": 54,
          "dco": 1247,
          "txt": "in"
        },
        {
          "si": 7,
          "sti": 11,
          "dti": 187,
          "sco": 57,
          "dco": 1250,
          "txt": "der"
        },
        {
          "si": 7,
          "sti": 12,
          "dti": 188,
          "sco": 61,
          "dco": 1254,
          "txt": "ersten"
        },
        {
          "si": 7,
          "sti": 13,
          "dti": 189,
          "sco": 68,
          "dco": 1261,
          "txt": "Halbzeit"
        },
        {
          "si": 7,
          "sti": 14,
          "dti": 190,
          "sco": 77,
          "dco": 1270,
          "txt": "den"
        },
        {
          "si": 7,
          "sti": 15,
          "dti": 191,
          "sco": 81,
          "dco": 1274,
          "txt": "Fuehrungstreffer"
        },
        {
          "si": 7,
          "sti": 16,
          "dti": 192,
          "sco": 98,
          "dco": 1291,
          "txt": "erzielte"
        },
        {
          "si": 7,
          "sti": 17,
          "dti": 193,
          "sco": 107,
          "dco": 1300,
          "txt": "und"
        },
        {
          "si": 7,
          "sti": 18,
          "dti": 194,
          "sco": 111,
          "dco": 1304,
          "txt": "dann"
        },
        {
          "si": 7,
          "sti": 19,
          "dti": 195,
          "sco": 116,
          "dco": 1309,
          "txt": "mit"
        },
        {
          "si": 7,
          "sti": 20,
          "dti": 196,
          "sco": 120,
          "dco": 1313,
          "txt": "einem"
        },
        {
          "si": 7,
          "sti": 21,
          "dti": 197,
          "sco": 126,
          "dco": 1319,
          "txt": "Heber"
        },
        {
          "si": 7,
          "sti": 22,
          "dti": 198,
          "sco": 132,
          "dco": 1325,
          "txt": "ueber"
        },
        {
          "si": 7,
          "sti": 23,
          "dti": 199,
          "sco": 138,
          "dco": 1331,
          "txt": "den"
        },
        {
          "si": 7,
          "sti": 24,
          "dti": 200,
          "sco": 142,
          "dco": 1335,
          "txt": "erfahrenen"
        },
        {
          "si": 7,
          "sti": 25,
          "dti": 201,
          "sco": 153,
          "dco": 1346,
          "txt": "Torhueter"
        },
        {
          "si": 7,
          "sti": 26,
          "dti": 202,
          "sco": 163,
          "dco": 1356,
          "txt": "Pat"
        },
        {
          "si": 7,
          "sti": 27,
          "dti": 203,
          "sco": 167,
          "dco": 1360,
          "txt": "Onstad"
        },
        {
          "si": 7,
          "sti": 28,
          "dti": 204,
          "sco": 174,
          "dco": 1367,
          "txt": "in"
        },
        {
          "si": 7,
          "sti": 29,
          "dti": 205,
          "sco": 177,
          "dco": 1370,
          "txt": "der"
        },
        {
          "si": 7,
          "sti": 30,
          "dti": 206,
          "sco": 181,
          "dco": 1374,
          "txt": "59"
        },
        {
          "si": 7,
          "sti": 31,
          "dti": 207,
          "sco": 183,
          "dco": 1376,
          "txt": "."
        },
        {
          "si": 8,
          "sti": 0,
          "dti": 208,
          "sco": 0,
          "dco": 1378,
          "txt": "Minute"
        },
        {
          "si": 8,
          "sti": 1,
          "dti": 209,
          "sco": 7,
          "dco": 1385,
          "txt": "fuer"
        },
        {
          "si": 8,
          "sti": 2,
          "dti": 210,
          "sco": 12,
          "dco": 1390,
          "txt": "den"
        },
        {
          "si": 8,
          "sti": 3,
          "dti": 211,
          "sco": 16,
          "dco": 1394,
          "txt": "2"
        },
        {
          "si": 8,
          "sti": 4,
          "dti": 212,
          "sco": 17,
          "dco": 1395,
          "txt": ":"
        },
        {
          "si": 8,
          "sti": 5,
          "dti": 213,
          "sco": 18,
          "dco": 1396,
          "txt": "0"
        },
        {
          "si": 8,
          "sti": 6,
          "dti": 214,
          "sco": 19,
          "dco": 1397,
          "txt": "-"
        },
        {
          "si": 8,
          "sti": 7,
          "dti": 215,
          "sco": 20,
          "dco": 1398,
          "txt": "Endstand"
        },
        {
          "si": 8,
          "sti": 8,
          "dti": 216,
          "sco": 29,
          "dco": 1407,
          "txt": "sorgte"
        },
        {
          "si": 8,
          "sti": 9,
          "dti": 217,
          "sco": 35,
          "dco": 1413,
          "txt": "."
        },
        {
          "si": 9,
          "sti": 0,
          "dti": 218,
          "sco": 0,
          "dco": 1415,
          "txt": "Nach"
        },
        {
          "si": 9,
          "sti": 1,
          "dti": 219,
          "sco": 5,
          "dco": 1420,
          "txt": "dem"
        },
        {
          "si": 9,
          "sti": 2,
          "dti": 220,
          "sco": 9,
          "dco": 1424,
          "txt": "Spiel"
        },
        {
          "si": 9,
          "sti": 3,
          "dti": 221,
          "sco": 15,
          "dco": 1430,
          "txt": "erklaerte"
        },
        {
          "si": 9,
          "sti": 4,
          "dti": 222,
          "sco": 25,
          "dco": 1440,
          "txt": "Yallop"
        },
        {
          "si": 9,
          "sti": 5,
          "dti": 223,
          "sco": 32,
          "dco": 1447,
          "txt": "offen"
        },
        {
          "si": 9,
          "sti": 6,
          "dti": 224,
          "sco": 37,
          "dco": 1452,
          "txt": ":"
        },
        {
          "si": 9,
          "sti": 7,
          "dti": 225,
          "sco": 39,
          "dco": 1454,
          "txt": "Der"
        },
        {
          "si": 9,
          "sti": 8,
          "dti": 226,
          "sco": 43,
          "dco": 1458,
          "txt": "Spielverlauf"
        },
        {
          "si": 9,
          "sti": 9,
          "dti": 227,
          "sco": 56,
          "dco": 1471,
          "txt": "war"
        },
        {
          "si": 9,
          "sti": 10,
          "dti": 228,
          "sco": 60,
          "dco": 1475,
          "txt": "sehr"
        },
        {
          "si": 9,
          "sti": 11,
          "dti": 229,
          "sco": 65,
          "dco": 1480,
          "txt": "enttaeuschend"
        },
        {
          "si": 9,
          "sti": 12,
          "dti": 230,
          "sco": 78,
          "dco": 1493,
          "txt": "."
        },
        {
          "si": 10,
          "sti": 0,
          "dti": 231,
          "sco": 0,
          "dco": 1495,
          "txt": "Das"
        },
        {
          "si": 10,
          "sti": 1,
          "dti": 232,
          "sco": 4,
          "dco": 1499,
          "txt": "war"
        },
        {
          "si": 10,
          "sti": 2,
          "dti": 233,
          "sco": 8,
          "dco": 1503,
          "txt": "das"
        },
        {
          "si": 10,
          "sti": 3,
          "dti": 234,
          "sco": 12,
          "dco": 1507,
          "txt": "erste"
        },
        {
          "si": 10,
          "sti": 4,
          "dti": 235,
          "sco": 18,
          "dco": 1513,
          "txt": "von"
        },
        {
          "si": 10,
          "sti": 5,
          "dti": 236,
          "sco": 22,
          "dco": 1517,
          "txt": "sechs"
        },
        {
          "si": 10,
          "sti": 6,
          "dti": 237,
          "sco": 28,
          "dco": 1523,
          "txt": "Spielen"
        },
        {
          "si": 10,
          "sti": 7,
          "dti": 238,
          "sco": 36,
          "dco": 1531,
          "txt": "und"
        },
        {
          "si": 10,
          "sti": 8,
          "dti": 239,
          "sco": 40,
          "dco": 1535,
          "txt": "wir"
        },
        {
          "si": 10,
          "sti": 9,
          "dti": 240,
          "sco": 44,
          "dco": 1539,
          "txt": "wissen"
        },
        {
          "si": 10,
          "sti": 10,
          "dti": 241,
          "sco": 50,
          "dco": 1545,
          "txt": ","
        },
        {
          "si": 10,
          "sti": 11,
          "dti": 242,
          "sco": 52,
          "dco": 1547,
          "txt": "dass"
        },
        {
          "si": 10,
          "sti": 12,
          "dti": 243,
          "sco": 57,
          "dco": 1552,
          "txt": "noch"
        },
        {
          "si": 10,
          "sti": 13,
          "dti": 244,
          "sco": 62,
          "dco": 1557,
          "txt": "viel"
        },
        {
          "si": 10,
          "sti": 14,
          "dti": 245,
          "sco": 67,
          "dco": 1562,
          "txt": "Arbeit"
        },
        {
          "si": 10,
          "sti": 15,
          "dti": 246,
          "sco": 74,
          "dco": 1569,
          "txt": "vor"
        },
        {
          "si": 10,
          "sti": 16,
          "dti": 247,
          "sco": 78,
          "dco": 1573,
          "txt": "uns"
        },
        {
          "si": 10,
          "sti": 17,
          "dti": 248,
          "sco": 82,
          "dco": 1577,
          "txt": "liegt"
        },
        {
          "si": 10,
          "sti": 18,
          "dti": 249,
          "sco": 87,
          "dco": 1582,
          "txt": "."
        },
        {
          "si": 11,
          "sti": 0,
          "dti": 250,
          "sco": 0,
          "dco": 1584,
          "txt": "Unser"
        },
        {
          "si": 11,
          "sti": 1,
          "dti": 251,
          "sco": 6,
          "dco": 1590,
          "txt": "Gegner"
        },
        {
          "si": 11,
          "sti": 2,
          "dti": 252,
          "sco": 13,
          "dco": 1597,
          "txt": "war"
        },
        {
          "si": 11,
          "sti": 3,
          "dti": 253,
          "sco": 17,
          "dco": 1601,
          "txt": "heute"
        },
        {
          "si": 11,
          "sti": 4,
          "dti": 254,
          "sco": 23,
          "dco": 1607,
          "txt": "zu"
        },
        {
          "si": 11,
          "sti": 5,
          "dti": 255,
          "sco": 26,
          "dco": 1610,
          "txt": "stark"
        },
        {
          "si": 11,
          "sti": 6,
          "dti": 256,
          "sco": 32,
          "dco": 1616,
          "txt": "fuer"
        },
        {
          "si": 11,
          "sti": 7,
          "dti": 257,
          "sco": 37,
          "dco": 1621,
          "txt": "uns"
        },
        {
          "si": 11,
          "sti": 8,
          "dti": 258,
          "sco": 40,
          "dco": 1624,
          "txt": "."
        },
        {
          "si": 12,
          "sti": 0,
          "dti": 259,
          "sco": 0,
          "dco": 1626,
          "txt": "Aber"
        },
        {
          "si": 12,
          "sti": 1,
          "dti": 260,
          "sco": 5,
          "dco": 1631,
          "txt": "diese"
        },
        {
          "si": 12,
          "sti": 2,
          "dti": 261,
          "sco": 11,
          "dco": 1637,
          "txt": "Szenen"
        },
        {
          "si": 12,
          "sti": 3,
          "dti": 262,
          "sco": 18,
          "dco": 1644,
          "txt": "sollten"
        },
        {
          "si": 12,
          "sti": 4,
          "dti": 263,
          "sco": 26,
          "dco": 1652,
          "txt": "sich"
        },
        {
          "si": 12,
          "sti": 5,
          "dti": 264,
          "sco": 31,
          "dco": 1657,
          "txt": "wiederholen"
        },
        {
          "si": 12,
          "sti": 6,
          "dti": 265,
          "sco": 42,
          "dco": 1668,
          "txt": "."
        },
        {
          "si": 13,
          "sti": 0,
          "dti": 266,
          "sco": 0,
          "dco": 1670,
          "txt": "Zunaechst"
        },
        {
          "si": 13,
          "sti": 1,
          "dti": 267,
          "sco": 10,
          "dco": 1680,
          "txt": "ging"
        },
        {
          "si": 13,
          "sti": 2,
          "dti": 268,
          "sco": 15,
          "dco": 1685,
          "txt": "Kanada"
        },
        {
          "si": 13,
          "sti": 3,
          "dti": 269,
          "sco": 22,
          "dco": 1692,
          "txt": "jedoch"
        },
        {
          "si": 13,
          "sti": 4,
          "dti": 270,
          "sco": 29,
          "dco": 1699,
          "txt": "guter"
        },
        {
          "si": 13,
          "sti": 5,
          "dti": 271,
          "sco": 35,
          "dco": 1705,
          "txt": "Hoffnung"
        },
        {
          "si": 13,
          "sti": 6,
          "dti": 272,
          "sco": 44,
          "dco": 1714,
          "txt": "ins"
        },
        {
          "si": 13,
          "sti": 7,
          "dti": 273,
          "sco": 48,
          "dco": 1718,
          "txt": "Spiel"
        },
        {
          "si": 13,
          "sti": 8,
          "dti": 274,
          "sco": 54,
          "dco": 1724,
          "txt": "gegen"
        },
        {
          "si": 13,
          "sti": 9,
          "dti": 275,
          "sco": 60,
          "dco": 1730,
          "txt": "Honduras"
        },
        {
          "si": 13,
          "sti": 10,
          "dti": 276,
          "sco": 68,
          "dco": 1738,
          "txt": ","
        },
        {
          "si": 13,
          "sti": 11,
          "dti": 277,
          "sco": 70,
          "dco": 1740,
          "txt": "da"
        },
        {
          "si": 13,
          "sti": 12,
          "dti": 278,
          "sco": 73,
          "dco": 1743,
          "txt": "Tomasz"
        },
        {
          "si": 13,
          "sti": 13,
          "dti": 279,
          "sco": 80,
          "dco": 1750,
          "txt": "Radzinski"
        },
        {
          "si": 13,
          "sti": 14,
          "dti": 280,
          "sco": 90,
          "dco": 1760,
          "txt": "und"
        },
        {
          "si": 13,
          "sti": 15,
          "dti": 281,
          "sco": 94,
          "dco": 1764,
          "txt": "Jason"
        },
        {
          "si": 13,
          "sti": 16,
          "dti": 282,
          "sco": 100,
          "dco": 1770,
          "txt": "de"
        },
        {
          "si": 13,
          "sti": 17,
          "dti": 283,
          "sco": 103,
          "dco": 1773,
          "txt": "Vos"
        },
        {
          "si": 13,
          "sti": 18,
          "dti": 284,
          "sco": 107,
          "dco": 1777,
          "txt": "nach"
        },
        {
          "si": 13,
          "sti": 19,
          "dti": 285,
          "sco": 112,
          "dco": 1782,
          "txt": "Verletzungspause"
        },
        {
          "si": 13,
          "sti": 20,
          "dti": 286,
          "sco": 129,
          "dco": 1799,
          "txt": "und"
        },
        {
          "si": 13,
          "sti": 21,
          "dti": 287,
          "sco": 133,
          "dco": 1803,
          "txt": "Iain"
        },
        {
          "si": 13,
          "sti": 22,
          "dti": 288,
          "sco": 138,
          "dco": 1808,
          "txt": "Hume"
        },
        {
          "si": 13,
          "sti": 23,
          "dti": 289,
          "sco": 143,
          "dco": 1813,
          "txt": "nach"
        },
        {
          "si": 13,
          "sti": 24,
          "dti": 290,
          "sco": 148,
          "dco": 1818,
          "txt": "einer"
        },
        {
          "si": 13,
          "sti": 25,
          "dti": 291,
          "sco": 154,
          "dco": 1824,
          "txt": "Sperre"
        },
        {
          "si": 13,
          "sti": 26,
          "dti": 292,
          "sco": 161,
          "dco": 1831,
          "txt": "in"
        },
        {
          "si": 13,
          "sti": 27,
          "dti": 293,
          "sco": 164,
          "dco": 1834,
          "txt": "die"
        },
        {
          "si": 13,
          "sti": 28,
          "dti": 294,
          "sco": 168,
          "dco": 1838,
          "txt": "Mannschaft"
        },
        {
          "si": 13,
          "sti": 29,
          "dti": 295,
          "sco": 179,
          "dco": 1849,
          "txt": "zurueckkehrten"
        },
        {
          "si": 13,
          "sti": 30,
          "dti": 296,
          "sco": 193,
          "dco": 1863,
          "txt": "."
        },
        {
          "si": 14,
          "sti": 0,
          "dti": 297,
          "sco": 0,
          "dco": 1865,
          "txt": "Diesmal"
        },
        {
          "si": 14,
          "sti": 1,
          "dti": 298,
          "sco": 8,
          "dco": 1873,
          "txt": "spielte"
        },
        {
          "si": 14,
          "sti": 2,
          "dti": 299,
          "sco": 16,
          "dco": 1881,
          "txt": "man"
        },
        {
          "si": 14,
          "sti": 3,
          "dti": 300,
          "sco": 20,
          "dco": 1885,
          "txt": "in"
        },
        {
          "si": 14,
          "sti": 4,
          "dti": 301,
          "sco": 23,
          "dco": 1888,
          "txt": "Edmonton"
        },
        {
          "si": 14,
          "sti": 5,
          "dti": 302,
          "sco": 32,
          "dco": 1897,
          "txt": "und"
        },
        {
          "si": 14,
          "sti": 6,
          "dti": 303,
          "sco": 36,
          "dco": 1901,
          "txt": "zeigte"
        },
        {
          "si": 14,
          "sti": 7,
          "dti": 304,
          "sco": 43,
          "dco": 1908,
          "txt": "eine"
        },
        {
          "si": 14,
          "sti": 8,
          "dti": 305,
          "sco": 48,
          "dco": 1913,
          "txt": "deutlich"
        },
        {
          "si": 14,
          "sti": 9,
          "dti": 306,
          "sco": 57,
          "dco": 1922,
          "txt": "bessere"
        },
        {
          "si": 14,
          "sti": 10,
          "dti": 307,
          "sco": 65,
          "dco": 1930,
          "txt": "Leistung"
        },
        {
          "si": 14,
          "sti": 11,
          "dti": 308,
          "sco": 74,
          "dco": 1939,
          "txt": "gegen"
        },
        {
          "si": 14,
          "sti": 12,
          "dti": 309,
          "sco": 80,
          "dco": 1945,
          "txt": "die"
        },
        {
          "si": 14,
          "sti": 13,
          "dti": 310,
          "sco": 84,
          "dco": 1949,
          "txt": "geschickten"
        },
        {
          "si": 14,
          "sti": 14,
          "dti": 311,
          "sco": 96,
          "dco": 1961,
          "txt": "Honduraner"
        },
        {
          "si": 14,
          "sti": 15,
          "dti": 312,
          "sco": 106,
          "dco": 1971,
          "txt": "."
        },
        {
          "si": 15,
          "sti": 0,
          "dti": 313,
          "sco": 0,
          "dco": 1973,
          "txt": "Doch"
        },
        {
          "si": 15,
          "sti": 1,
          "dti": 314,
          "sco": 5,
          "dco": 1978,
          "txt": "am"
        },
        {
          "si": 15,
          "sti": 2,
          "dti": 315,
          "sco": 8,
          "dco": 1981,
          "txt": "Ende"
        },
        {
          "si": 15,
          "sti": 3,
          "dti": 316,
          "sco": 13,
          "dco": 1986,
          "txt": "gaben"
        },
        {
          "si": 15,
          "sti": 4,
          "dti": 317,
          "sco": 19,
          "dco": 1992,
          "txt": "die"
        },
        {
          "si": 15,
          "sti": 5,
          "dti": 318,
          "sco": 23,
          "dco": 1996,
          "txt": "Kanadier"
        },
        {
          "si": 15,
          "sti": 6,
          "dti": 319,
          "sco": 32,
          "dco": 2005,
          "txt": "den"
        },
        {
          "si": 15,
          "sti": 7,
          "dti": 320,
          "sco": 36,
          "dco": 2009,
          "txt": "Sieg"
        },
        {
          "si": 15,
          "sti": 8,
          "dti": 321,
          "sco": 41,
          "dco": 2014,
          "txt": "aus"
        },
        {
          "si": 15,
          "sti": 9,
          "dti": 322,
          "sco": 45,
          "dco": 2018,
          "txt": "der"
        },
        {
          "si": 15,
          "sti": 10,
          "dti": 323,
          "sco": 49,
          "dco": 2022,
          "txt": "Hand"
        },
        {
          "si": 15,
          "sti": 11,
          "dti": 324,
          "sco": 53,
          "dco": 2026,
          "txt": ":"
        },
        {
          "si": 15,
          "sti": 12,
          "dti": 325,
          "sco": 55,
          "dco": 2028,
          "txt": "in"
        },
        {
          "si": 15,
          "sti": 13,
          "dti": 326,
          "sco": 58,
          "dco": 2031,
          "txt": "der"
        },
        {
          "si": 15,
          "sti": 14,
          "dti": 327,
          "sco": 62,
          "dco": 2035,
          "txt": "Nachspielzeit"
        },
        {
          "si": 15,
          "sti": 15,
          "dti": 328,
          "sco": 76,
          "dco": 2049,
          "txt": "bekam"
        },
        {
          "si": 15,
          "sti": 16,
          "dti": 329,
          "sco": 82,
          "dco": 2055,
          "txt": "Honduras"
        },
        {
          "si": 15,
          "sti": 17,
          "dti": 330,
          "sco": 91,
          "dco": 2064,
          "txt": "einen"
        },
        {
          "si": 15,
          "sti": 18,
          "dti": 331,
          "sco": 97,
          "dco": 2070,
          "txt": "Elfmeter"
        },
        {
          "si": 15,
          "sti": 19,
          "dti": 332,
          "sco": 106,
          "dco": 2079,
          "txt": "zugesprochen"
        },
        {
          "si": 15,
          "sti": 20,
          "dti": 333,
          "sco": 119,
          "dco": 2092,
          "txt": "und"
        },
        {
          "si": 15,
          "sti": 21,
          "dti": 334,
          "sco": 123,
          "dco": 2096,
          "txt": "glich"
        },
        {
          "si": 15,
          "sti": 22,
          "dti": 335,
          "sco": 129,
          "dco": 2102,
          "txt": "damit"
        },
        {
          "si": 15,
          "sti": 23,
          "dti": 336,
          "sco": 135,
          "dco": 2108,
          "txt": "die"
        },
        {
          "si": 15,
          "sti": 24,
          "dti": 337,
          "sco": 139,
          "dco": 2112,
          "txt": "Fuehrung"
        },
        {
          "si": 15,
          "sti": 25,
          "dti": 338,
          "sco": 148,
          "dco": 2121,
          "txt": "von"
        },
        {
          "si": 15,
          "sti": 26,
          "dti": 339,
          "sco": 152,
          "dco": 2125,
          "txt": "De"
        },
        {
          "si": 15,
          "sti": 27,
          "dti": 340,
          "sco": 155,
          "dco": 2128,
          "txt": "Vos"
        },
        {
          "si": 15,
          "sti": 28,
          "dti": 341,
          "sco": 159,
          "dco": 2132,
          "txt": "aus"
        },
        {
          "si": 15,
          "sti": 29,
          "dti": 342,
          "sco": 162,
          "dco": 2135,
          "txt": "."
        },
        {
          "si": 16,
          "sti": 0,
          "dti": 343,
          "sco": 0,
          "dco": 2137,
          "txt": "Kanada"
        },
        {
          "si": 16,
          "sti": 1,
          "dti": 344,
          "sco": 7,
          "dco": 2144,
          "txt": "spielte"
        },
        {
          "si": 16,
          "sti": 2,
          "dti": 345,
          "sco": 15,
          "dco": 2152,
          "txt": "wesentlich"
        },
        {
          "si": 16,
          "sti": 3,
          "dti": 346,
          "sco": 26,
          "dco": 2163,
          "txt": "ueberzeugender"
        },
        {
          "si": 16,
          "sti": 4,
          "dti": 347,
          "sco": 41,
          "dco": 2178,
          "txt": "als"
        },
        {
          "si": 16,
          "sti": 5,
          "dti": 348,
          "sco": 45,
          "dco": 2182,
          "txt": "im"
        },
        {
          "si": 16,
          "sti": 6,
          "dti": 349,
          "sco": 48,
          "dco": 2185,
          "txt": "ersten"
        },
        {
          "si": 16,
          "sti": 7,
          "dti": 350,
          "sco": 55,
          "dco": 2192,
          "txt": "Gruppenspiel"
        },
        {
          "si": 16,
          "sti": 8,
          "dti": 351,
          "sco": 67,
          "dco": 2204,
          "txt": ","
        },
        {
          "si": 16,
          "sti": 9,
          "dti": 352,
          "sco": 69,
          "dco": 2206,
          "txt": "hatte"
        },
        {
          "si": 16,
          "sti": 10,
          "dti": 353,
          "sco": 75,
          "dco": 2212,
          "txt": "aber"
        },
        {
          "si": 16,
          "sti": 11,
          "dti": 354,
          "sco": 80,
          "dco": 2217,
          "txt": "dennoch"
        },
        {
          "si": 16,
          "sti": 12,
          "dti": 355,
          "sco": 88,
          "dco": 2225,
          "txt": "nach"
        },
        {
          "si": 16,
          "sti": 13,
          "dti": 356,
          "sco": 93,
          "dco": 2230,
          "txt": "wie"
        },
        {
          "si": 16,
          "sti": 14,
          "dti": 357,
          "sco": 97,
          "dco": 2234,
          "txt": "vor"
        },
        {
          "si": 16,
          "sti": 15,
          "dti": 358,
          "sco": 101,
          "dco": 2238,
          "txt": "nur"
        },
        {
          "si": 16,
          "sti": 16,
          "dti": 359,
          "sco": 105,
          "dco": 2242,
          "txt": "einen"
        },
        {
          "si": 16,
          "sti": 17,
          "dti": 360,
          "sco": 111,
          "dco": 2248,
          "txt": "Punkt"
        },
        {
          "si": 16,
          "sti": 18,
          "dti": 361,
          "sco": 117,
          "dco": 2254,
          "txt": "auf"
        },
        {
          "si": 16,
          "sti": 19,
          "dti": 362,
          "sco": 121,
          "dco": 2258,
          "txt": "dem"
        },
        {
          "si": 16,
          "sti": 20,
          "dti": 363,
          "sco": 125,
          "dco": 2262,
          "txt": "Konto"
        },
        {
          "si": 16,
          "sti": 21,
          "dti": 364,
          "sco": 130,
          "dco": 2267,
          "txt": "."
        },
        {
          "si": 17,
          "sti": 0,
          "dti": 365,
          "sco": 0,
          "dco": 2269,
          "txt": "Yallop"
        },
        {
          "si": 17,
          "sti": 1,
          "dti": 366,
          "sco": 7,
          "dco": 2276,
          "txt": "erklaerte"
        },
        {
          "si": 17,
          "sti": 2,
          "dti": 367,
          "sco": 17,
          "dco": 2286,
          "txt": "daraufhin"
        },
        {
          "si": 17,
          "sti": 3,
          "dti": 368,
          "sco": 26,
          "dco": 2295,
          "txt": ","
        },
        {
          "si": 17,
          "sti": 4,
          "dti": 369,
          "sco": 28,
          "dco": 2297,
          "txt": "dass"
        },
        {
          "si": 17,
          "sti": 5,
          "dti": 370,
          "sco": 33,
          "dco": 2302,
          "txt": "Kanada"
        },
        {
          "si": 17,
          "sti": 6,
          "dti": 371,
          "sco": 40,
          "dco": 2309,
          "txt": "drei"
        },
        {
          "si": 17,
          "sti": 7,
          "dti": 372,
          "sco": 45,
          "dco": 2314,
          "txt": "der"
        },
        {
          "si": 17,
          "sti": 8,
          "dti": 373,
          "sco": 49,
          "dco": 2318,
          "txt": "naechsten"
        },
        {
          "si": 17,
          "sti": 9,
          "dti": 374,
          "sco": 59,
          "dco": 2328,
          "txt": "vier"
        },
        {
          "si": 17,
          "sti": 10,
          "dti": 375,
          "sco": 64,
          "dco": 2333,
          "txt": "Spiele"
        },
        {
          "si": 17,
          "sti": 11,
          "dti": 376,
          "sco": 71,
          "dco": 2340,
          "txt": "gewinnen"
        },
        {
          "si": 17,
          "sti": 12,
          "dti": 377,
          "sco": 80,
          "dco": 2349,
          "txt": "muesse"
        },
        {
          "si": 17,
          "sti": 13,
          "dti": 378,
          "sco": 86,
          "dco": 2355,
          "txt": ","
        },
        {
          "si": 17,
          "sti": 14,
          "dti": 379,
          "sco": 88,
          "dco": 2357,
          "txt": "wenn"
        },
        {
          "si": 17,
          "sti": 15,
          "dti": 380,
          "sco": 93,
          "dco": 2362,
          "txt": "sich"
        },
        {
          "si": 17,
          "sti": 16,
          "dti": 381,
          "sco": 98,
          "dco": 2367,
          "txt": "die"
        },
        {
          "si": 17,
          "sti": 17,
          "dti": 382,
          "sco": 102,
          "dco": 2371,
          "txt": "Mannschaft"
        },
        {
          "si": 17,
          "sti": 18,
          "dti": 383,
          "sco": 113,
          "dco": 2382,
          "txt": "weiterhin"
        },
        {
          "si": 17,
          "sti": 19,
          "dti": 384,
          "sco": 123,
          "dco": 2392,
          "txt": "Hoffnungen"
        },
        {
          "si": 17,
          "sti": 20,
          "dti": 385,
          "sco": 134,
          "dco": 2403,
          "txt": "auf"
        },
        {
          "si": 17,
          "sti": 21,
          "dti": 386,
          "sco": 138,
          "dco": 2407,
          "txt": "die"
        },
        {
          "si": 17,
          "sti": 22,
          "dti": 387,
          "sco": 142,
          "dco": 2411,
          "txt": "Qualifikation"
        },
        {
          "si": 17,
          "sti": 23,
          "dti": 388,
          "sco": 156,
          "dco": 2425,
          "txt": "zur"
        },
        {
          "si": 17,
          "sti": 24,
          "dti": 389,
          "sco": 160,
          "dco": 2429,
          "txt": "FIFA"
        },
        {
          "si": 17,
          "sti": 25,
          "dti": 390,
          "sco": 165,
          "dco": 2434,
          "txt": "Fussball"
        },
        {
          "si": 17,
          "sti": 26,
          "dti": 391,
          "sco": 173,
          "dco": 2442,
          "txt": "-"
        },
        {
          "si": 17,
          "sti": 27,
          "dti": 392,
          "sco": 174,
          "dco": 2443,
          "txt": "Weltmeisterschaft"
        },
        {
          "si": 17,
          "sti": 28,
          "dti": 393,
          "sco": 192,
          "dco": 2461,
          "txt": "Deutschland"
        },
        {
          "si": 17,
          "sti": 29,
          "dti": 394,
          "sco": 204,
          "dco": 2473,
          "txt": "2006"
        },
        {
          "si": 17,
          "sti": 30,
          "dti": 395,
          "sco": 209,
          "dco": 2478,
          "txt": "machen"
        },
        {
          "si": 17,
          "sti": 31,
          "dti": 396,
          "sco": 216,
          "dco": 2485,
          "txt": "wolle"
        },
        {
          "si": 17,
          "sti": 32,
          "dti": 397,
          "sco": 221,
          "dco": 2490,
          "txt": "."
        },
        {
          "si": 18,
          "sti": 0,
          "dti": 398,
          "sco": 0,
          "dco": 2492,
          "txt": "In"
        },
        {
          "si": 18,
          "sti": 1,
          "dti": 399,
          "sco": 3,
          "dco": 2495,
          "txt": "der"
        },
        {
          "si": 18,
          "sti": 2,
          "dti": 400,
          "sco": 7,
          "dco": 2499,
          "txt": "ersten"
        },
        {
          "si": 18,
          "sti": 3,
          "dti": 401,
          "sco": 14,
          "dco": 2506,
          "txt": "Halbzeit"
        },
        {
          "si": 18,
          "sti": 4,
          "dti": 402,
          "sco": 23,
          "dco": 2515,
          "txt": "verkaufte"
        },
        {
          "si": 18,
          "sti": 5,
          "dti": 403,
          "sco": 33,
          "dco": 2525,
          "txt": "sich"
        },
        {
          "si": 18,
          "sti": 6,
          "dti": 404,
          "sco": 38,
          "dco": 2530,
          "txt": "die"
        },
        {
          "si": 18,
          "sti": 7,
          "dti": 405,
          "sco": 42,
          "dco": 2534,
          "txt": "kanadische"
        },
        {
          "si": 18,
          "sti": 8,
          "dti": 406,
          "sco": 53,
          "dco": 2545,
          "txt": "Mannschaft"
        },
        {
          "si": 18,
          "sti": 9,
          "dti": 407,
          "sco": 64,
          "dco": 2556,
          "txt": "so"
        },
        {
          "si": 18,
          "sti": 10,
          "dti": 408,
          "sco": 67,
          "dco": 2559,
          "txt": "gut"
        },
        {
          "si": 18,
          "sti": 11,
          "dti": 409,
          "sco": 71,
          "dco": 2563,
          "txt": "sie"
        },
        {
          "si": 18,
          "sti": 12,
          "dti": 410,
          "sco": 75,
          "dco": 2567,
          "txt": "konnte"
        },
        {
          "si": 18,
          "sti": 13,
          "dti": 411,
          "sco": 81,
          "dco": 2573,
          "txt": ","
        },
        {
          "si": 18,
          "sti": 14,
          "dti": 412,
          "sco": 83,
          "dco": 2575,
          "txt": "aber"
        },
        {
          "si": 18,
          "sti": 15,
          "dti": 413,
          "sco": 88,
          "dco": 2580,
          "txt": "kurz"
        },
        {
          "si": 18,
          "sti": 16,
          "dti": 414,
          "sco": 93,
          "dco": 2585,
          "txt": "nach"
        },
        {
          "si": 18,
          "sti": 17,
          "dti": 415,
          "sco": 98,
          "dco": 2590,
          "txt": "Anpfiff"
        },
        {
          "si": 18,
          "sti": 18,
          "dti": 416,
          "sco": 106,
          "dco": 2598,
          "txt": "der"
        },
        {
          "si": 18,
          "sti": 19,
          "dti": 417,
          "sco": 110,
          "dco": 2602,
          "txt": "zweiten"
        },
        {
          "si": 18,
          "sti": 20,
          "dti": 418,
          "sco": 118,
          "dco": 2610,
          "txt": "Halbzeit"
        },
        {
          "si": 18,
          "sti": 21,
          "dti": 419,
          "sco": 127,
          "dco": 2619,
          "txt": "erzielte"
        },
        {
          "si": 18,
          "sti": 22,
          "dti": 420,
          "sco": 136,
          "dco": 2628,
          "txt": "der"
        },
        {
          "si": 18,
          "sti": 23,
          "dti": 421,
          "sco": 140,
          "dco": 2632,
          "txt": "eingewechselte"
        },
        {
          "si": 18,
          "sti": 24,
          "dti": 422,
          "sco": 155,
          "dco": 2647,
          "txt": "Paulo"
        },
        {
          "si": 18,
          "sti": 25,
          "dti": 423,
          "sco": 161,
          "dco": 2653,
          "txt": "Wanchope"
        },
        {
          "si": 18,
          "sti": 26,
          "dti": 424,
          "sco": 170,
          "dco": 2662,
          "txt": "den"
        },
        {
          "si": 18,
          "sti": 27,
          "dti": 425,
          "sco": 174,
          "dco": 2666,
          "txt": "spielentscheidenden"
        },
        {
          "si": 18,
          "sti": 28,
          "dti": 426,
          "sco": 194,
          "dco": 2686,
          "txt": "Treffer"
        },
        {
          "si": 18,
          "sti": 29,
          "dti": 427,
          "sco": 201,
          "dco": 2693,
          "txt": "."
        },
        {
          "si": 19,
          "sti": 0,
          "dti": 428,
          "sco": 0,
          "dco": 2695,
          "txt": "Auch"
        },
        {
          "si": 19,
          "sti": 1,
          "dti": 429,
          "sco": 5,
          "dco": 2700,
          "txt": "in"
        },
        {
          "si": 19,
          "sti": 2,
          "dti": 430,
          "sco": 8,
          "dco": 2703,
          "txt": "der"
        },
        {
          "si": 19,
          "sti": 3,
          "dti": 431,
          "sco": 12,
          "dco": 2707,
          "txt": "Folgezeit"
        },
        {
          "si": 19,
          "sti": 4,
          "dti": 432,
          "sco": 22,
          "dco": 2717,
          "txt": "brachte"
        },
        {
          "si": 19,
          "sti": 5,
          "dti": 433,
          "sco": 30,
          "dco": 2725,
          "txt": "der"
        },
        {
          "si": 19,
          "sti": 6,
          "dti": 434,
          "sco": 34,
          "dco": 2729,
          "txt": "Stuermer"
        },
        {
          "si": 19,
          "sti": 7,
          "dti": 435,
          "sco": 43,
          "dco": 2738,
          "txt": "von"
        },
        {
          "si": 19,
          "sti": 8,
          "dti": 436,
          "sco": 47,
          "dco": 2742,
          "txt": "Malaga"
        },
        {
          "si": 19,
          "sti": 9,
          "dti": 437,
          "sco": 54,
          "dco": 2749,
          "txt": "die"
        },
        {
          "si": 19,
          "sti": 10,
          "dti": 438,
          "sco": 58,
          "dco": 2753,
          "txt": "Gaeste"
        },
        {
          "si": 19,
          "sti": 11,
          "dti": 439,
          "sco": 65,
          "dco": 2760,
          "txt": "in"
        },
        {
          "si": 19,
          "sti": 12,
          "dti": 440,
          "sco": 68,
          "dco": 2763,
          "txt": "Noete"
        },
        {
          "si": 19,
          "sti": 13,
          "dti": 441,
          "sco": 73,
          "dco": 2768,
          "txt": ","
        },
        {
          "si": 19,
          "sti": 14,
          "dti": 442,
          "sco": 75,
          "dco": 2770,
          "txt": "aber"
        },
        {
          "si": 19,
          "sti": 15,
          "dti": 443,
          "sco": 80,
          "dco": 2775,
          "txt": "Onstad"
        },
        {
          "si": 19,
          "sti": 16,
          "dti": 444,
          "sco": 87,
          "dco": 2782,
          "txt": "praesentierte"
        },
        {
          "si": 19,
          "sti": 17,
          "dti": 445,
          "sco": 101,
          "dco": 2796,
          "txt": "sich"
        },
        {
          "si": 19,
          "sti": 18,
          "dti": 446,
          "sco": 106,
          "dco": 2801,
          "txt": "in"
        },
        {
          "si": 19,
          "sti": 19,
          "dti": 447,
          "sco": 109,
          "dco": 2804,
          "txt": "Bestform"
        },
        {
          "si": 19,
          "sti": 20,
          "dti": 448,
          "sco": 118,
          "dco": 2813,
          "txt": "und"
        },
        {
          "si": 19,
          "sti": 21,
          "dti": 449,
          "sco": 122,
          "dco": 2817,
          "txt": "konnte"
        },
        {
          "si": 19,
          "sti": 22,
          "dti": 450,
          "sco": 129,
          "dco": 2824,
          "txt": "Schlimmeres"
        },
        {
          "si": 19,
          "sti": 23,
          "dti": 451,
          "sco": 141,
          "dco": 2836,
          "txt": "verhindern"
        },
        {
          "si": 19,
          "sti": 24,
          "dti": 452,
          "sco": 151,
          "dco": 2846,
          "txt": "."
        },
        {
          "si": 20,
          "sti": 0,
          "dti": 453,
          "sco": 0,
          "dco": 2848,
          "txt": "Der"
        },
        {
          "si": 20,
          "sti": 1,
          "dti": 454,
          "sco": 4,
          "dco": 2852,
          "txt": "viel"
        },
        {
          "si": 20,
          "sti": 2,
          "dti": 455,
          "sco": 9,
          "dco": 2857,
          "txt": "versprechende"
        },
        {
          "si": 20,
          "sti": 3,
          "dti": 456,
          "sco": 23,
          "dco": 2871,
          "txt": "Angriff"
        },
        {
          "si": 20,
          "sti": 4,
          "dti": 457,
          "sco": 31,
          "dco": 2879,
          "txt": "der"
        },
        {
          "si": 20,
          "sti": 5,
          "dti": 458,
          "sco": 35,
          "dco": 2883,
          "txt": "Kanadier"
        },
        {
          "si": 20,
          "sti": 6,
          "dti": 459,
          "sco": 44,
          "dco": 2892,
          "txt": "war"
        },
        {
          "si": 20,
          "sti": 7,
          "dti": 460,
          "sco": 48,
          "dco": 2896,
          "txt": "erneut"
        },
        {
          "si": 20,
          "sti": 8,
          "dti": 461,
          "sco": 55,
          "dco": 2903,
          "txt": "nicht"
        },
        {
          "si": 20,
          "sti": 9,
          "dti": 462,
          "sco": 61,
          "dco": 2909,
          "txt": "in"
        },
        {
          "si": 20,
          "sti": 10,
          "dti": 463,
          "sco": 64,
          "dco": 2912,
          "txt": "der"
        },
        {
          "si": 20,
          "sti": 11,
          "dti": 464,
          "sco": 68,
          "dco": 2916,
          "txt": "Lage"
        },
        {
          "si": 20,
          "sti": 12,
          "dti": 465,
          "sco": 73,
          "dco": 2921,
          "txt": "einen"
        },
        {
          "si": 20,
          "sti": 13,
          "dti": 466,
          "sco": 79,
          "dco": 2927,
          "txt": "Gegner"
        },
        {
          "si": 20,
          "sti": 14,
          "dti": 467,
          "sco": 86,
          "dco": 2934,
          "txt": "dieser"
        },
        {
          "si": 20,
          "sti": 15,
          "dti": 468,
          "sco": 93,
          "dco": 2941,
          "txt": "Klasse"
        },
        {
          "si": 20,
          "sti": 16,
          "dti": 469,
          "sco": 100,
          "dco": 2948,
          "txt": "in"
        },
        {
          "si": 20,
          "sti": 17,
          "dti": 470,
          "sco": 103,
          "dco": 2951,
          "txt": "Verlegenheit"
        },
        {
          "si": 20,
          "sti": 18,
          "dti": 471,
          "sco": 116,
          "dco": 2964,
          "txt": "zu"
        },
        {
          "si": 20,
          "sti": 19,
          "dti": 472,
          "sco": 119,
          "dco": 2967,
          "txt": "bringen"
        },
        {
          "si": 20,
          "sti": 20,
          "dti": 473,
          "sco": 126,
          "dco": 2974,
          "txt": "."
        },
        {
          "si": 21,
          "sti": 0,
          "dti": 474,
          "sco": 0,
          "dco": 2976,
          "txt": "Die"
        },
        {
          "si": 21,
          "sti": 1,
          "dti": 475,
          "sco": 4,
          "dco": 2980,
          "txt": "Mannschaft"
        },
        {
          "si": 21,
          "sti": 2,
          "dti": 476,
          "sco": 15,
          "dco": 2991,
          "txt": "verzweifelte"
        },
        {
          "si": 21,
          "sti": 3,
          "dti": 477,
          "sco": 28,
          "dco": 3004,
          "txt": "fast"
        },
        {
          "si": 21,
          "sti": 4,
          "dti": 478,
          "sco": 33,
          "dco": 3009,
          "txt": "daran"
        },
        {
          "si": 21,
          "sti": 5,
          "dti": 479,
          "sco": 38,
          "dco": 3014,
          "txt": ","
        },
        {
          "si": 21,
          "sti": 6,
          "dti": 480,
          "sco": 40,
          "dco": 3016,
          "txt": "dass"
        },
        {
          "si": 21,
          "sti": 7,
          "dti": 481,
          "sco": 45,
          "dco": 3021,
          "txt": "der"
        },
        {
          "si": 21,
          "sti": 8,
          "dti": 482,
          "sco": 49,
          "dco": 3025,
          "txt": "Ausgleich"
        },
        {
          "si": 21,
          "sti": 9,
          "dti": 483,
          "sco": 59,
          "dco": 3035,
          "txt": "einfach"
        },
        {
          "si": 21,
          "sti": 10,
          "dti": 484,
          "sco": 67,
          "dco": 3043,
          "txt": "nicht"
        },
        {
          "si": 21,
          "sti": 11,
          "dti": 485,
          "sco": 73,
          "dco": 3049,
          "txt": "fallen"
        },
        {
          "si": 21,
          "sti": 12,
          "dti": 486,
          "sco": 80,
          "dco": 3056,
          "txt": "wollte"
        },
        {
          "si": 21,
          "sti": 13,
          "dti": 487,
          "sco": 86,
          "dco": 3062,
          "txt": "."
        },
        {
          "si": 22,
          "sti": 0,
          "dti": 488,
          "sco": 0,
          "dco": 3064,
          "txt": "Die"
        },
        {
          "si": 22,
          "sti": 1,
          "dti": 489,
          "sco": 4,
          "dco": 3068,
          "txt": "Kanadier"
        },
        {
          "si": 22,
          "sti": 2,
          "dti": 490,
          "sco": 13,
          "dco": 3077,
          "txt": "sind"
        },
        {
          "si": 22,
          "sti": 3,
          "dti": 491,
          "sco": 18,
          "dco": 3082,
          "txt": "offenbar"
        },
        {
          "si": 22,
          "sti": 4,
          "dti": 492,
          "sco": 27,
          "dco": 3091,
          "txt": "nach"
        },
        {
          "si": 22,
          "sti": 5,
          "dti": 493,
          "sco": 32,
          "dco": 3096,
          "txt": "wie"
        },
        {
          "si": 22,
          "sti": 6,
          "dti": 494,
          "sco": 36,
          "dco": 3100,
          "txt": "vor"
        },
        {
          "si": 22,
          "sti": 7,
          "dti": 495,
          "sco": 40,
          "dco": 3104,
          "txt": "eine"
        },
        {
          "si": 22,
          "sti": 8,
          "dti": 496,
          "sco": 45,
          "dco": 3109,
          "txt": "Mannschaft"
        },
        {
          "si": 22,
          "sti": 9,
          "dti": 497,
          "sco": 56,
          "dco": 3120,
          "txt": "im"
        },
        {
          "si": 22,
          "sti": 10,
          "dti": 498,
          "sco": 59,
          "dco": 3123,
          "txt": "Mittelfeld"
        },
        {
          "si": 22,
          "sti": 11,
          "dti": 499,
          "sco": 70,
          "dco": 3134,
          "txt": "der"
        },
        {
          "si": 22,
          "sti": 12,
          "dti": 500,
          "sco": 74,
          "dco": 3138,
          "txt": "CONCACAF"
        },
        {
          "si": 22,
          "sti": 13,
          "dti": 501,
          "sco": 83,
          "dco": 3147,
          "txt": "und"
        },
        {
          "si": 22,
          "sti": 14,
          "dti": 502,
          "sco": 87,
          "dco": 3151,
          "txt": "die"
        },
        {
          "si": 22,
          "sti": 15,
          "dti": 503,
          "sco": 91,
          "dco": 3155,
          "txt": "mangelnde"
        },
        {
          "si": 22,
          "sti": 16,
          "dti": 504,
          "sco": 101,
          "dco": 3165,
          "txt": "Kontinuitaet"
        },
        {
          "si": 22,
          "sti": 17,
          "dti": 505,
          "sco": 114,
          "dco": 3178,
          "txt": "in"
        },
        {
          "si": 22,
          "sti": 18,
          "dti": 506,
          "sco": 117,
          "dco": 3181,
          "txt": "Sturm"
        },
        {
          "si": 22,
          "sti": 19,
          "dti": 507,
          "sco": 123,
          "dco": 3187,
          "txt": "und"
        },
        {
          "si": 22,
          "sti": 20,
          "dti": 508,
          "sco": 127,
          "dco": 3191,
          "txt": "Abwehr"
        },
        {
          "si": 22,
          "sti": 21,
          "dti": 509,
          "sco": 134,
          "dco": 3198,
          "txt": "macht"
        },
        {
          "si": 22,
          "sti": 22,
          "dti": 510,
          "sco": 140,
          "dco": 3204,
          "txt": "ihnen"
        },
        {
          "si": 22,
          "sti": 23,
          "dti": 511,
          "sco": 146,
          "dco": 3210,
          "txt": "das"
        },
        {
          "si": 22,
          "sti": 24,
          "dti": 512,
          "sco": 150,
          "dco": 3214,
          "txt": "Leben"
        },
        {
          "si": 22,
          "sti": 25,
          "dti": 513,
          "sco": 156,
          "dco": 3220,
          "txt": "in"
        },
        {
          "si": 22,
          "sti": 26,
          "dti": 514,
          "sco": 159,
          "dco": 3223,
          "txt": "Vergleichen"
        },
        {
          "si": 22,
          "sti": 27,
          "dti": 515,
          "sco": 171,
          "dco": 3235,
          "txt": "mit"
        },
        {
          "si": 22,
          "sti": 28,
          "dti": 516,
          "sco": 175,
          "dco": 3239,
          "txt": "den"
        },
        {
          "si": 22,
          "sti": 29,
          "dti": 517,
          "sco": 179,
          "dco": 3243,
          "txt": "Gegnern"
        },
        {
          "si": 22,
          "sti": 30,
          "dti": 518,
          "sco": 187,
          "dco": 3251,
          "txt": "der"
        },
        {
          "si": 22,
          "sti": 31,
          "dti": 519,
          "sco": 191,
          "dco": 3255,
          "txt": "Zone"
        },
        {
          "si": 22,
          "sti": 32,
          "dti": 520,
          "sco": 196,
          "dco": 3260,
          "txt": "schwer"
        },
        {
          "si": 22,
          "sti": 33,
          "dti": 521,
          "sco": 202,
          "dco": 3266,
          "txt": "."
        }
      ]
    },
    "ganns": {
      "dla": [],
      "la": [],
      "ea": [],
      "eta": [
        {
          "ra": {
            "ea": {
              "etn": "QAInstance"
            }
          },
          "sfs": [
            [
              {
                "stn": "hasQuestion22"
              },
              {
                "la": {
                  "txtc": {
                    "sff": "90"
                  },
                  "et": {
                    "etn": "Answer"
                  }
                }
              }
            ],
            [
              {
                "stn": "hasQuestion21"
              },
              {
                "la": {
                  "txtc": {
                    "sff": "88"
                  },
                  "et": {
                    "etn": "Answer"
                  }
                }
              }
            ],
            [
              {
                "stn": "hasQuestion20"
              },
              {
                "la": {
                  "txtc": {
                    "sff": "30"
                  },
                  "et": {
                    "etn": "Answer"
                  }
                }
              }
            ],
            [
              {
                "stn": "hasQuestion15"
              },
              {
                "la": {
                  "txtc": {
                    "sff": "Stalteri Paul"
                  },
                  "et": {
                    "etn": "Answer"
                  }
                }
              }
            ],
            [
              {
                "stn": "hasQuestion14"
              },
              {
                "la": {
                  "txtc": {
                    "sff": "Watson Mark"
                  },
                  "et": {
                    "etn": "Answer"
                  }
                }
              }
            ],
            [
              {
                "stn": "hasQuestion13"
              },
              {
                "la": {
                  "txtc": {
                    "sff": "Stalteri Paul"
                  },
                  "et": {
                    "etn": "Answer"
                  }
                }
              }
            ],
            [
              {
                "stn": "hasQuestion12"
              },
              {
                "la": {
                  "txtc": {
                    "sff": "De Rosario Dwayne"
                  },
                  "et": {
                    "etn": "Answer"
                  }
                }
              }
            ],
            [
              {
                "stn": "hasQuestion19"
              },
              {
                "la": {
                  "txtc": {
                    "sff": "88"
                  },
                  "et": {
                    "etn": "Answer"
                  }
                }
              }
            ],
            [
              {
                "stn": "hasQuestion18"
              },
              {
                "la": {
                  "txtc": {
                    "sff": "82"
                  },
                  "et": {
                    "etn": "Answer"
                  }
                }
              }
            ],
            [
              {
                "stn": "hasQuestion17"
              },
              {
                "la": {
                  "txtc": {
                    "sff": "Guevara Amado"
                  },
                  "et": {
                    "etn": "Answer"
                  }
                }
              }
            ],
            [
              {
                "stn": "hasQuestion16"
              },
              {
                "la": {
                  "txtc": {
                    "sff": "De Vos Jason"
                  },
                  "et": {
                    "etn": "Answer"
                  }
                }
              }
            ],
            [
              {
                "stn": "hasQuestion11"
              },
              {
                "la": {
                  "txtc": {
                    "sff": "N/A"
                  },
                  "et": {
                    "etn": "Answer"
                  }
                }
              }
            ],
            [
              {
                "stn": "hasQuestion10"
              },
              {
                "la": {
                  "txtc": {
                    "sff": "N/A"
                  },
                  "et": {
                    "etn": "Answer"
                  }
                }
              }
            ],
            [
              {
                "stn": "hasQuestion31"
              },
              {
                "la": {
                  "txtc": {
                    "sff": "1"
                  },
                  "et": {
                    "etn": "Answer"
                  }
                }
              }
            ],
            [
              {
                "stn": "hasQuestion30"
              },
              {
                "la": {
                  "txtc": {
                    "sff": "3"
                  },
                  "et": {
                    "etn": "Answer"
                  }
                }
              }
            ],
            [
              {
                "stn": "hasTeamB"
              },
              {
                "eta": {
                  "ra": {
                    "ea": {
                      "etn": "Kanada"
                    }
                  },
                  "sfs": {},
                  "mfs": [
                    [
                      {
                        "stn": "hasPlayers"
                      },
                      {
                        "dla": [],
                        "la": [],
                        "ea": [
                          {
                            "etn": "Alvarez Edgar"
                          },
                          {
                            "etn": "Bernardez Victor"
                          },
                          {
                            "etn": "Figueroa Maynor"
                          },
                          {
                            "etn": "Guerrero Ivan"
                          },
                          {
                            "etn": "Guevara Amado"
                          },
                          {
                            "etn": "Izaguirre Junior"
                          },
                          {
                            "etn": "Leon Julio"
                          },
                          {
                            "etn": "Lopez Walter"
                          },
                          {
                            "etn": "Marin Elmer"
                          },
                          {
                            "etn": "Martinez Saul"
                          },
                          {
                            "etn": "Morales Rony"
                          },
                          {
                            "etn": "Palacios Milton"
                          },
                          {
                            "etn": "Palacios Wilson"
                          },
                          {
                            "etn": "Pavon Carlos"
                          },
                          {
                            "etn": "Suazo David"
                          },
                          {
                            "etn": "Suazo Maynor"
                          },
                          {
                            "etn": "Valladares Noel"
                          }
                        ],
                        "eta": []
                      }
                    ]
                  ]
                }
              }
            ],
            [
              {
                "stn": "hasTeamA"
              },
              {
                "eta": {
                  "ra": {
                    "ea": {
                      "etn": "Kanada"
                    }
                  },
                  "sfs": {},
                  "mfs": [
                    [
                      {
                        "stn": "hasPlayers"
                      },
                      {
                        "dla": [],
                        "la": [],
                        "ea": [
                          {
                            "etn": "De Guzman Julian"
                          },
                          {
                            "etn": "De Rosario Dwayne"
                          },
                          {
                            "etn": "De Vos Jason"
                          },
                          {
                            "etn": "Hume Iain"
                          },
                          {
                            "etn": "Hutchinson Atiba"
                          },
                          {
                            "etn": "Imhof Daniel"
                          },
                          {
                            "etn": "Jazic Ante"
                          },
                          {
                            "etn": "Menezes Tony"
                          },
                          {
                            "etn": "Occean Olivier"
                          },
                          {
                            "etn": "Onstad Pat"
                          },
                          {
                            "etn": "Peschisolido Paul"
                          },
                          {
                            "etn": "Peters Jaime"
                          },
                          {
                            "etn": "Radzinski Tomasz"
                          },
                          {
                            "etn": "Serioux Adrian"
                          },
                          {
                            "etn": "Simpson Josh"
                          },
                          {
                            "etn": "Stalteri Paul"
                          },
                          {
                            "etn": "Watson Mark"
                          }
                        ],
                        "eta": []
                      }
                    ]
                  ]
                }
              }
            ],
            [
              {
                "stn": "hasQuestion9"
              },
              {
                "la": {
                  "txtc": {
                    "sff": "Kanada"
                  },
                  "et": {
                    "etn": "Answer"
                  }
                }
              }
            ],
            [
              {
                "stn": "hasQuestion1"
              },
              {
                "la": {
                  "txtc": {
                    "sff": "true"
                  },
                  "et": {
                    "etn": "Answer"
                  }
                }
              }
            ],
            [
              {
                "stn": "hasQuestion26"
              },
              {
                "la": {
                  "txtc": {
                    "sff": "1"
                  },
                  "et": {
                    "etn": "Answer"
                  }
                }
              }
            ],
            [
              {
                "stn": "hasQuestion2"
              },
              {
                "la": {
                  "txtc": {
                    "sff": "0:0"
                  },
                  "et": {
                    "etn": "Answer"
                  }
                }
              }
            ],
            [
              {
                "stn": "hasQuestion25"
              },
              {
                "la": {
                  "txtc": {
                    "sff": "88"
                  },
                  "et": {
                    "etn": "Answer"
                  }
                }
              }
            ],
            [
              {
                "stn": "hasQuestion24"
              },
              {
                "la": {
                  "txtc": {
                    "sff": "88"
                  },
                  "et": {
                    "etn": "Answer"
                  }
                }
              }
            ],
            [
              {
                "stn": "hasQuestion3"
              },
              {
                "la": {
                  "txtc": {
                    "sff": "1:1"
                  },
                  "et": {
                    "etn": "Answer"
                  }
                }
              }
            ],
            [
              {
                "stn": "hasQuestion23"
              },
              {
                "la": {
                  "txtc": {
                    "sff": "90"
                  },
                  "et": {
                    "etn": "Answer"
                  }
                }
              }
            ],
            [
              {
                "stn": "hasQuestion4"
              },
              {
                "la": {
                  "txtc": {
                    "sff": "Kanada"
                  },
                  "et": {
                    "etn": "Answer"
                  }
                }
              }
            ],
            [
              {
                "stn": "hasQuestion5"
              },
              {
                "la": {
                  "txtc": {
                    "sff": "Kanada"
                  },
                  "et": {
                    "etn": "Answer"
                  }
                }
              }
            ],
            [
              {
                "stn": "hasQuestion29"
              },
              {
                "la": {
                  "txtc": {
                    "sff": "0"
                  },
                  "et": {
                    "etn": "Answer"
                  }
                }
              }
            ],
            [
              {
                "stn": "hasQuestion6"
              },
              {
                "la": {
                  "txtc": {
                    "sff": "Kanada"
                  },
                  "et": {
                    "etn": "Answer"
                  }
                }
              }
            ],
            [
              {
                "stn": "hasQuestion28"
              },
              {
                "la": {
                  "txtc": {
                    "sff": "6"
                  },
                  "et": {
                    "etn": "Answer"
                  }
                }
              }
            ],
            [
              {
                "stn": "hasQuestion7"
              },
              {
                "la": {
                  "txtc": {
                    "sff": "Kanada"
                  },
                  "et": {
                    "etn": "Answer"
                  }
                }
              }
            ],
            [
              {
                "stn": "hasQuestion27"
              },
              {
                "la": {
                  "txtc": {
                    "sff": "84"
                  },
                  "et": {
                    "etn": "Answer"
                  }
                }
              }
            ],
            [
              {
                "stn": "hasQuestion8"
              },
              {
                "la": {
                  "txtc": {
                    "sff": "Kanada"
                  },
                  "et": {
                    "etn": "Answer"
                  }
                }
              }
            ]
          ],
          "mfs": {}
        }
      ]
    }
  }
]
