[
  {
    "context": "UNSPECIFIED",
    "doc": {
      "id": "de_mr36906_struct",
      "tl": [
        {
          "si": 0,
          "sti": 0,
          "dti": 0,
          "sco": 0,
          "dco": 0,
          "txt": "Ukraine"
        },
        {
          "si": 0,
          "sti": 1,
          "dti": 1,
          "sco": 8,
          "dco": 8,
          "txt": "und"
        },
        {
          "si": 0,
          "sti": 2,
          "dti": 2,
          "sco": 12,
          "dco": 12,
          "txt": "Griechenland"
        },
        {
          "si": 0,
          "sti": 3,
          "dti": 3,
          "sco": 25,
          "dco": 25,
          "txt": "mit"
        },
        {
          "si": 0,
          "sti": 4,
          "dti": 4,
          "sco": 29,
          "dco": 29,
          "txt": "Remis"
        },
        {
          "si": 0,
          "sti": 5,
          "dti": 5,
          "sco": 34,
          "dco": 34,
          "txt": "."
        },
        {
          "si": 1,
          "sti": 0,
          "dti": 6,
          "sco": 0,
          "dco": 36,
          "txt": "Das"
        },
        {
          "si": 1,
          "sti": 1,
          "dti": 7,
          "sco": 4,
          "dco": 40,
          "txt": "Qualifikationsspiel"
        },
        {
          "si": 1,
          "sti": 2,
          "dti": 8,
          "sco": 24,
          "dco": 60,
          "txt": "in"
        },
        {
          "si": 1,
          "sti": 3,
          "dti": 9,
          "sco": 27,
          "dco": 63,
          "txt": "der"
        },
        {
          "si": 1,
          "sti": 4,
          "dti": 10,
          "sco": 31,
          "dco": 67,
          "txt": "Gruppe"
        },
        {
          "si": 1,
          "sti": 5,
          "dti": 11,
          "sco": 38,
          "dco": 74,
          "txt": "2"
        },
        {
          "si": 1,
          "sti": 6,
          "dti": 12,
          "sco": 40,
          "dco": 76,
          "txt": "der"
        },
        {
          "si": 1,
          "sti": 7,
          "dti": 13,
          "sco": 44,
          "dco": 80,
          "txt": "Europa"
        },
        {
          "si": 1,
          "sti": 8,
          "dti": 14,
          "sco": 50,
          "dco": 86,
          "txt": "-"
        },
        {
          "si": 1,
          "sti": 9,
          "dti": 15,
          "sco": 51,
          "dco": 87,
          "txt": "Zone"
        },
        {
          "si": 1,
          "sti": 10,
          "dti": 16,
          "sco": 56,
          "dco": 92,
          "txt": "zur"
        },
        {
          "si": 1,
          "sti": 11,
          "dti": 17,
          "sco": 60,
          "dco": 96,
          "txt": "FIFA"
        },
        {
          "si": 1,
          "sti": 12,
          "dti": 18,
          "sco": 65,
          "dco": 101,
          "txt": "Fussball"
        },
        {
          "si": 1,
          "sti": 13,
          "dti": 19,
          "sco": 73,
          "dco": 109,
          "txt": "-"
        },
        {
          "si": 1,
          "sti": 14,
          "dti": 20,
          "sco": 74,
          "dco": 110,
          "txt": "Weltmeisterschaft"
        },
        {
          "si": 1,
          "sti": 15,
          "dti": 21,
          "sco": 92,
          "dco": 128,
          "txt": "Deutschland"
        },
        {
          "si": 1,
          "sti": 16,
          "dti": 22,
          "sco": 104,
          "dco": 140,
          "txt": "2006"
        },
        {
          "si": 1,
          "sti": 17,
          "dti": 23,
          "sco": 109,
          "dco": 145,
          "txt": "zwischen"
        },
        {
          "si": 1,
          "sti": 18,
          "dti": 24,
          "sco": 118,
          "dco": 154,
          "txt": "Gastgeber"
        },
        {
          "si": 1,
          "sti": 19,
          "dti": 25,
          "sco": 128,
          "dco": 164,
          "txt": "Ukraine"
        },
        {
          "si": 1,
          "sti": 20,
          "dti": 26,
          "sco": 136,
          "dco": 172,
          "txt": "und"
        },
        {
          "si": 1,
          "sti": 21,
          "dti": 27,
          "sco": 140,
          "dco": 176,
          "txt": "dem"
        },
        {
          "si": 1,
          "sti": 22,
          "dti": 28,
          "sco": 144,
          "dco": 180,
          "txt": "amtierenden"
        },
        {
          "si": 1,
          "sti": 23,
          "dti": 29,
          "sco": 156,
          "dco": 192,
          "txt": "Europameister"
        },
        {
          "si": 1,
          "sti": 24,
          "dti": 30,
          "sco": 170,
          "dco": 206,
          "txt": "Griechenland"
        },
        {
          "si": 1,
          "sti": 25,
          "dti": 31,
          "sco": 183,
          "dco": 219,
          "txt": "endete"
        },
        {
          "si": 1,
          "sti": 26,
          "dti": 32,
          "sco": 190,
          "dco": 226,
          "txt": "am"
        },
        {
          "si": 1,
          "sti": 27,
          "dti": 33,
          "sco": 193,
          "dco": 229,
          "txt": "Samstag"
        },
        {
          "si": 1,
          "sti": 28,
          "dti": 34,
          "sco": 201,
          "dco": 237,
          "txt": "mit"
        },
        {
          "si": 1,
          "sti": 29,
          "dti": 35,
          "sco": 205,
          "dco": 241,
          "txt": "einem"
        },
        {
          "si": 1,
          "sti": 30,
          "dti": 36,
          "sco": 211,
          "dco": 247,
          "txt": "hart"
        },
        {
          "si": 1,
          "sti": 31,
          "dti": 37,
          "sco": 216,
          "dco": 252,
          "txt": "umkaempften"
        },
        {
          "si": 1,
          "sti": 32,
          "dti": 38,
          "sco": 228,
          "dco": 264,
          "txt": "1"
        },
        {
          "si": 1,
          "sti": 33,
          "dti": 39,
          "sco": 229,
          "dco": 265,
          "txt": ":"
        },
        {
          "si": 1,
          "sti": 34,
          "dti": 40,
          "sco": 230,
          "dco": 266,
          "txt": "1"
        },
        {
          "si": 1,
          "sti": 35,
          "dti": 41,
          "sco": 231,
          "dco": 267,
          "txt": "."
        },
        {
          "si": 2,
          "sti": 0,
          "dti": 42,
          "sco": 0,
          "dco": 269,
          "txt": "Zuerst"
        },
        {
          "si": 2,
          "sti": 1,
          "dti": 43,
          "sco": 7,
          "dco": 276,
          "txt": "traf"
        },
        {
          "si": 2,
          "sti": 2,
          "dti": 44,
          "sco": 12,
          "dco": 281,
          "txt": "Andrei"
        },
        {
          "si": 2,
          "sti": 3,
          "dti": 45,
          "sco": 19,
          "dco": 288,
          "txt": "Shevchenko"
        },
        {
          "si": 2,
          "sti": 4,
          "dti": 46,
          "sco": 30,
          "dco": 299,
          "txt": "fuer"
        },
        {
          "si": 2,
          "sti": 5,
          "dti": 47,
          "sco": 35,
          "dco": 304,
          "txt": "die"
        },
        {
          "si": 2,
          "sti": 6,
          "dti": 48,
          "sco": 39,
          "dco": 308,
          "txt": "Ukraine"
        },
        {
          "si": 2,
          "sti": 7,
          "dti": 49,
          "sco": 46,
          "dco": 315,
          "txt": ","
        },
        {
          "si": 2,
          "sti": 8,
          "dti": 50,
          "sco": 48,
          "dco": 317,
          "txt": "dann"
        },
        {
          "si": 2,
          "sti": 9,
          "dti": 51,
          "sco": 53,
          "dco": 322,
          "txt": "war"
        },
        {
          "si": 2,
          "sti": 10,
          "dti": 52,
          "sco": 57,
          "dco": 326,
          "txt": "Vasileos"
        },
        {
          "si": 2,
          "sti": 11,
          "dti": 53,
          "sco": 66,
          "dco": 335,
          "txt": "Tsiartas"
        },
        {
          "si": 2,
          "sti": 12,
          "dti": 54,
          "sco": 75,
          "dco": 344,
          "txt": "fuer"
        },
        {
          "si": 2,
          "sti": 13,
          "dti": 55,
          "sco": 80,
          "dco": 349,
          "txt": "Griechenland"
        },
        {
          "si": 2,
          "sti": 14,
          "dti": 56,
          "sco": 93,
          "dco": 362,
          "txt": "erfolgreich"
        },
        {
          "si": 2,
          "sti": 15,
          "dti": 57,
          "sco": 104,
          "dco": 373,
          "txt": "."
        },
        {
          "si": 3,
          "sti": 0,
          "dti": 58,
          "sco": 0,
          "dco": 375,
          "txt": "Nach"
        },
        {
          "si": 3,
          "sti": 1,
          "dti": 59,
          "sco": 5,
          "dco": 380,
          "txt": "drei"
        },
        {
          "si": 3,
          "sti": 2,
          "dti": 60,
          "sco": 10,
          "dco": 385,
          "txt": "absolvierten"
        },
        {
          "si": 3,
          "sti": 3,
          "dti": 61,
          "sco": 23,
          "dco": 398,
          "txt": "Spielen"
        },
        {
          "si": 3,
          "sti": 4,
          "dti": 62,
          "sco": 31,
          "dco": 406,
          "txt": "hat"
        },
        {
          "si": 3,
          "sti": 5,
          "dti": 63,
          "sco": 35,
          "dco": 410,
          "txt": "die"
        },
        {
          "si": 3,
          "sti": 6,
          "dti": 64,
          "sco": 39,
          "dco": 414,
          "txt": "Ukraine"
        },
        {
          "si": 3,
          "sti": 7,
          "dti": 65,
          "sco": 47,
          "dco": 422,
          "txt": "nun"
        },
        {
          "si": 3,
          "sti": 8,
          "dti": 66,
          "sco": 51,
          "dco": 426,
          "txt": "fuenf"
        },
        {
          "si": 3,
          "sti": 9,
          "dti": 67,
          "sco": 57,
          "dco": 432,
          "txt": "Punkte"
        },
        {
          "si": 3,
          "sti": 10,
          "dti": 68,
          "sco": 63,
          "dco": 438,
          "txt": ","
        },
        {
          "si": 3,
          "sti": 11,
          "dti": 69,
          "sco": 65,
          "dco": 440,
          "txt": "waehrend"
        },
        {
          "si": 3,
          "sti": 12,
          "dti": 70,
          "sco": 74,
          "dco": 449,
          "txt": "die"
        },
        {
          "si": 3,
          "sti": 13,
          "dti": 71,
          "sco": 78,
          "dco": 453,
          "txt": "Griechen"
        },
        {
          "si": 3,
          "sti": 14,
          "dti": 72,
          "sco": 87,
          "dco": 462,
          "txt": "nach"
        },
        {
          "si": 3,
          "sti": 15,
          "dti": 73,
          "sco": 92,
          "dco": 467,
          "txt": "ebenso"
        },
        {
          "si": 3,
          "sti": 16,
          "dti": 74,
          "sco": 99,
          "dco": 474,
          "txt": "vielen"
        },
        {
          "si": 3,
          "sti": 17,
          "dti": 75,
          "sco": 106,
          "dco": 481,
          "txt": "Spielen"
        },
        {
          "si": 3,
          "sti": 18,
          "dti": 76,
          "sco": 114,
          "dco": 489,
          "txt": "erst"
        },
        {
          "si": 3,
          "sti": 19,
          "dti": 77,
          "sco": 119,
          "dco": 494,
          "txt": "ihren"
        },
        {
          "si": 3,
          "sti": 20,
          "dti": 78,
          "sco": 125,
          "dco": 500,
          "txt": "zweiten"
        },
        {
          "si": 3,
          "sti": 21,
          "dti": 79,
          "sco": 133,
          "dco": 508,
          "txt": "Punkt"
        },
        {
          "si": 3,
          "sti": 22,
          "dti": 80,
          "sco": 139,
          "dco": 514,
          "txt": "verbuchen"
        },
        {
          "si": 3,
          "sti": 23,
          "dti": 81,
          "sco": 149,
          "dco": 524,
          "txt": "konnten"
        },
        {
          "si": 3,
          "sti": 24,
          "dti": 82,
          "sco": 156,
          "dco": 531,
          "txt": "."
        },
        {
          "si": 4,
          "sti": 0,
          "dti": 83,
          "sco": 0,
          "dco": 533,
          "txt": "Die"
        },
        {
          "si": 4,
          "sti": 1,
          "dti": 84,
          "sco": 4,
          "dco": 537,
          "txt": "Ukrainer"
        },
        {
          "si": 4,
          "sti": 2,
          "dti": 85,
          "sco": 13,
          "dco": 546,
          "txt": "setzten"
        },
        {
          "si": 4,
          "sti": 3,
          "dti": 86,
          "sco": 21,
          "dco": 554,
          "txt": "die"
        },
        {
          "si": 4,
          "sti": 4,
          "dti": 87,
          "sco": 25,
          "dco": 558,
          "txt": "Gaeste"
        },
        {
          "si": 4,
          "sti": 5,
          "dti": 88,
          "sco": 32,
          "dco": 565,
          "txt": "gleich"
        },
        {
          "si": 4,
          "sti": 6,
          "dti": 89,
          "sco": 39,
          "dco": 572,
          "txt": "von"
        },
        {
          "si": 4,
          "sti": 7,
          "dti": 90,
          "sco": 43,
          "dco": 576,
          "txt": "Beginn"
        },
        {
          "si": 4,
          "sti": 8,
          "dti": 91,
          "sco": 50,
          "dco": 583,
          "txt": "an"
        },
        {
          "si": 4,
          "sti": 9,
          "dti": 92,
          "sco": 53,
          "dco": 586,
          "txt": "unter"
        },
        {
          "si": 4,
          "sti": 10,
          "dti": 93,
          "sco": 59,
          "dco": 592,
          "txt": "Druck"
        },
        {
          "si": 4,
          "sti": 11,
          "dti": 94,
          "sco": 65,
          "dco": 598,
          "txt": "und"
        },
        {
          "si": 4,
          "sti": 12,
          "dti": 95,
          "sco": 69,
          "dco": 602,
          "txt": "draengten"
        },
        {
          "si": 4,
          "sti": 13,
          "dti": 96,
          "sco": 79,
          "dco": 612,
          "txt": "sie"
        },
        {
          "si": 4,
          "sti": 14,
          "dti": 97,
          "sco": 83,
          "dco": 616,
          "txt": "in"
        },
        {
          "si": 4,
          "sti": 15,
          "dti": 98,
          "sco": 86,
          "dco": 619,
          "txt": "ihrem"
        },
        {
          "si": 4,
          "sti": 16,
          "dti": 99,
          "sco": 92,
          "dco": 625,
          "txt": "Bemuehen"
        },
        {
          "si": 4,
          "sti": 17,
          "dti": 100,
          "sco": 100,
          "dco": 633,
          "txt": ","
        },
        {
          "si": 4,
          "sti": 18,
          "dti": 101,
          "sco": 102,
          "dco": 635,
          "txt": "das"
        },
        {
          "si": 4,
          "sti": 19,
          "dti": 102,
          "sco": 106,
          "dco": 639,
          "txt": "erste"
        },
        {
          "si": 4,
          "sti": 20,
          "dti": 103,
          "sco": 112,
          "dco": 645,
          "txt": "Tor"
        },
        {
          "si": 4,
          "sti": 21,
          "dti": 104,
          "sco": 116,
          "dco": 649,
          "txt": "zu"
        },
        {
          "si": 4,
          "sti": 22,
          "dti": 105,
          "sco": 119,
          "dco": 652,
          "txt": "schiessen"
        },
        {
          "si": 4,
          "sti": 23,
          "dti": 106,
          "sco": 128,
          "dco": 661,
          "txt": ","
        },
        {
          "si": 4,
          "sti": 24,
          "dti": 107,
          "sco": 130,
          "dco": 663,
          "txt": "zurueck"
        },
        {
          "si": 4,
          "sti": 25,
          "dti": 108,
          "sco": 138,
          "dco": 671,
          "txt": "in"
        },
        {
          "si": 4,
          "sti": 26,
          "dti": 109,
          "sco": 141,
          "dco": 674,
          "txt": "ihre"
        },
        {
          "si": 4,
          "sti": 27,
          "dti": 110,
          "sco": 146,
          "dco": 679,
          "txt": "eigene"
        },
        {
          "si": 4,
          "sti": 28,
          "dti": 111,
          "sco": 153,
          "dco": 686,
          "txt": "Haelfte"
        },
        {
          "si": 4,
          "sti": 29,
          "dti": 112,
          "sco": 160,
          "dco": 693,
          "txt": "."
        },
        {
          "si": 5,
          "sti": 0,
          "dti": 113,
          "sco": 0,
          "dco": 695,
          "txt": "Andrei"
        },
        {
          "si": 5,
          "sti": 1,
          "dti": 114,
          "sco": 7,
          "dco": 702,
          "txt": "Vorobei"
        },
        {
          "si": 5,
          "sti": 2,
          "dti": 115,
          "sco": 14,
          "dco": 709,
          "txt": ","
        },
        {
          "si": 5,
          "sti": 3,
          "dti": 116,
          "sco": 16,
          "dco": 711,
          "txt": "Stuermer"
        },
        {
          "si": 5,
          "sti": 4,
          "dti": 117,
          "sco": 25,
          "dco": 720,
          "txt": "bei"
        },
        {
          "si": 5,
          "sti": 5,
          "dti": 118,
          "sco": 29,
          "dco": 724,
          "txt": "Shakhtar"
        },
        {
          "si": 5,
          "sti": 6,
          "dti": 119,
          "sco": 38,
          "dco": 733,
          "txt": "Donetsk"
        },
        {
          "si": 5,
          "sti": 7,
          "dti": 120,
          "sco": 45,
          "dco": 740,
          "txt": ","
        },
        {
          "si": 5,
          "sti": 8,
          "dti": 121,
          "sco": 47,
          "dco": 742,
          "txt": "hatte"
        },
        {
          "si": 5,
          "sti": 9,
          "dti": 122,
          "sco": 53,
          "dco": 748,
          "txt": "zehn"
        },
        {
          "si": 5,
          "sti": 10,
          "dti": 123,
          "sco": 58,
          "dco": 753,
          "txt": "Minuten"
        },
        {
          "si": 5,
          "sti": 11,
          "dti": 124,
          "sco": 66,
          "dco": 761,
          "txt": "nach"
        },
        {
          "si": 5,
          "sti": 12,
          "dti": 125,
          "sco": 71,
          "dco": 766,
          "txt": "Spielbeginn"
        },
        {
          "si": 5,
          "sti": 13,
          "dti": 126,
          "sco": 82,
          "dco": 777,
          "txt": ","
        },
        {
          "si": 5,
          "sti": 14,
          "dti": 127,
          "sco": 84,
          "dco": 779,
          "txt": "als"
        },
        {
          "si": 5,
          "sti": 15,
          "dti": 128,
          "sco": 88,
          "dco": 783,
          "txt": "er"
        },
        {
          "si": 5,
          "sti": 16,
          "dti": 129,
          "sco": 91,
          "dco": 786,
          "txt": "die"
        },
        {
          "si": 5,
          "sti": 17,
          "dti": 130,
          "sco": 95,
          "dco": 790,
          "txt": "griechische"
        },
        {
          "si": 5,
          "sti": 18,
          "dti": 131,
          "sco": 107,
          "dco": 802,
          "txt": "Abwehr"
        },
        {
          "si": 5,
          "sti": 19,
          "dti": 132,
          "sco": 114,
          "dco": 809,
          "txt": "ueberlief"
        },
        {
          "si": 5,
          "sti": 20,
          "dti": 133,
          "sco": 123,
          "dco": 818,
          "txt": ","
        },
        {
          "si": 5,
          "sti": 21,
          "dti": 134,
          "sco": 125,
          "dco": 820,
          "txt": "eine"
        },
        {
          "si": 5,
          "sti": 22,
          "dti": 135,
          "sco": 130,
          "dco": 825,
          "txt": "klare"
        },
        {
          "si": 5,
          "sti": 23,
          "dti": 136,
          "sco": 136,
          "dco": 831,
          "txt": "Chance"
        },
        {
          "si": 5,
          "sti": 24,
          "dti": 137,
          "sco": 142,
          "dco": 837,
          "txt": ","
        },
        {
          "si": 5,
          "sti": 25,
          "dti": 138,
          "sco": 144,
          "dco": 839,
          "txt": "seine"
        },
        {
          "si": 5,
          "sti": 26,
          "dti": 139,
          "sco": 150,
          "dco": 845,
          "txt": "Mannschaft"
        },
        {
          "si": 5,
          "sti": 27,
          "dti": 140,
          "sco": 161,
          "dco": 856,
          "txt": "in"
        },
        {
          "si": 5,
          "sti": 28,
          "dti": 141,
          "sco": 164,
          "dco": 859,
          "txt": "Fuehrung"
        },
        {
          "si": 5,
          "sti": 29,
          "dti": 142,
          "sco": 173,
          "dco": 868,
          "txt": "zu"
        },
        {
          "si": 5,
          "sti": 30,
          "dti": 143,
          "sco": 176,
          "dco": 871,
          "txt": "bringen"
        },
        {
          "si": 5,
          "sti": 31,
          "dti": 144,
          "sco": 183,
          "dco": 878,
          "txt": "."
        },
        {
          "si": 6,
          "sti": 0,
          "dti": 145,
          "sco": 0,
          "dco": 880,
          "txt": "Sein"
        },
        {
          "si": 6,
          "sti": 1,
          "dti": 146,
          "sco": 5,
          "dco": 885,
          "txt": "Schuss"
        },
        {
          "si": 6,
          "sti": 2,
          "dti": 147,
          "sco": 12,
          "dco": 892,
          "txt": "von"
        },
        {
          "si": 6,
          "sti": 3,
          "dti": 148,
          "sco": 16,
          "dco": 896,
          "txt": "innerhalb"
        },
        {
          "si": 6,
          "sti": 4,
          "dti": 149,
          "sco": 26,
          "dco": 906,
          "txt": "des"
        },
        {
          "si": 6,
          "sti": 5,
          "dti": 150,
          "sco": 30,
          "dco": 910,
          "txt": "Strafraums"
        },
        {
          "si": 6,
          "sti": 6,
          "dti": 151,
          "sco": 41,
          "dco": 921,
          "txt": "konnte"
        },
        {
          "si": 6,
          "sti": 7,
          "dti": 152,
          "sco": 48,
          "dco": 928,
          "txt": "jedoch"
        },
        {
          "si": 6,
          "sti": 8,
          "dti": 153,
          "sco": 55,
          "dco": 935,
          "txt": "von"
        },
        {
          "si": 6,
          "sti": 9,
          "dti": 154,
          "sco": 59,
          "dco": 939,
          "txt": "Antonios"
        },
        {
          "si": 6,
          "sti": 10,
          "dti": 155,
          "sco": 68,
          "dco": 948,
          "txt": "Nikopolidis"
        },
        {
          "si": 6,
          "sti": 11,
          "dti": 156,
          "sco": 80,
          "dco": 960,
          "txt": "abgewehrt"
        },
        {
          "si": 6,
          "sti": 12,
          "dti": 157,
          "sco": 90,
          "dco": 970,
          "txt": "werden"
        },
        {
          "si": 6,
          "sti": 13,
          "dti": 158,
          "sco": 96,
          "dco": 976,
          "txt": "."
        },
        {
          "si": 7,
          "sti": 0,
          "dti": 159,
          "sco": 0,
          "dco": 978,
          "txt": "Auch"
        },
        {
          "si": 7,
          "sti": 1,
          "dti": 160,
          "sco": 5,
          "dco": 983,
          "txt": "Shevchenko"
        },
        {
          "si": 7,
          "sti": 2,
          "dti": 161,
          "sco": 15,
          "dco": 993,
          "txt": ","
        },
        {
          "si": 7,
          "sti": 3,
          "dti": 162,
          "sco": 17,
          "dco": 995,
          "txt": "der"
        },
        {
          "si": 7,
          "sti": 4,
          "dti": 163,
          "sco": 21,
          "dco": 999,
          "txt": "Torjaeger"
        },
        {
          "si": 7,
          "sti": 5,
          "dti": 164,
          "sco": 31,
          "dco": 1009,
          "txt": "vom"
        },
        {
          "si": 7,
          "sti": 6,
          "dti": 165,
          "sco": 35,
          "dco": 1013,
          "txt": "AC"
        },
        {
          "si": 7,
          "sti": 7,
          "dti": 166,
          "sco": 38,
          "dco": 1016,
          "txt": "Mailand"
        },
        {
          "si": 7,
          "sti": 8,
          "dti": 167,
          "sco": 45,
          "dco": 1023,
          "txt": ","
        },
        {
          "si": 7,
          "sti": 9,
          "dti": 168,
          "sco": 47,
          "dco": 1025,
          "txt": "vergab"
        },
        {
          "si": 7,
          "sti": 10,
          "dti": 169,
          "sco": 54,
          "dco": 1032,
          "txt": "die"
        },
        {
          "si": 7,
          "sti": 11,
          "dti": 170,
          "sco": 58,
          "dco": 1036,
          "txt": "Chance"
        },
        {
          "si": 7,
          "sti": 12,
          "dti": 171,
          "sco": 64,
          "dco": 1042,
          "txt": ","
        },
        {
          "si": 7,
          "sti": 13,
          "dti": 172,
          "sco": 66,
          "dco": 1044,
          "txt": "das"
        },
        {
          "si": 7,
          "sti": 14,
          "dti": 173,
          "sco": 70,
          "dco": 1048,
          "txt": "erste"
        },
        {
          "si": 7,
          "sti": 15,
          "dti": 174,
          "sco": 76,
          "dco": 1054,
          "txt": "Tor"
        },
        {
          "si": 7,
          "sti": 16,
          "dti": 175,
          "sco": 80,
          "dco": 1058,
          "txt": "zu"
        },
        {
          "si": 7,
          "sti": 17,
          "dti": 176,
          "sco": 83,
          "dco": 1061,
          "txt": "erzielen"
        },
        {
          "si": 7,
          "sti": 18,
          "dti": 177,
          "sco": 91,
          "dco": 1069,
          "txt": ","
        },
        {
          "si": 7,
          "sti": 19,
          "dti": 178,
          "sco": 93,
          "dco": 1071,
          "txt": "als"
        },
        {
          "si": 7,
          "sti": 20,
          "dti": 179,
          "sco": 97,
          "dco": 1075,
          "txt": "er"
        },
        {
          "si": 7,
          "sti": 21,
          "dti": 180,
          "sco": 100,
          "dco": 1078,
          "txt": "das"
        },
        {
          "si": 7,
          "sti": 22,
          "dti": 181,
          "sco": 104,
          "dco": 1082,
          "txt": "Ziel"
        },
        {
          "si": 7,
          "sti": 23,
          "dti": 182,
          "sco": 109,
          "dco": 1087,
          "txt": "nach"
        },
        {
          "si": 7,
          "sti": 24,
          "dti": 183,
          "sco": 114,
          "dco": 1092,
          "txt": "einem"
        },
        {
          "si": 7,
          "sti": 25,
          "dti": 184,
          "sco": 120,
          "dco": 1098,
          "txt": "gut"
        },
        {
          "si": 7,
          "sti": 26,
          "dti": 185,
          "sco": 124,
          "dco": 1102,
          "txt": "ausgefuehrten"
        },
        {
          "si": 7,
          "sti": 27,
          "dti": 186,
          "sco": 138,
          "dco": 1116,
          "txt": "Freistoss"
        },
        {
          "si": 7,
          "sti": 28,
          "dti": 187,
          "sco": 148,
          "dco": 1126,
          "txt": "von"
        },
        {
          "si": 7,
          "sti": 29,
          "dti": 188,
          "sco": 152,
          "dco": 1130,
          "txt": "Anatoly"
        },
        {
          "si": 7,
          "sti": 30,
          "dti": 189,
          "sco": 160,
          "dco": 1138,
          "txt": "Tymoshchuk"
        },
        {
          "si": 7,
          "sti": 31,
          "dti": 190,
          "sco": 171,
          "dco": 1149,
          "txt": "vom"
        },
        {
          "si": 7,
          "sti": 32,
          "dti": 191,
          "sco": 175,
          "dco": 1153,
          "txt": "Rande"
        },
        {
          "si": 7,
          "sti": 33,
          "dti": 192,
          "sco": 181,
          "dco": 1159,
          "txt": "des"
        },
        {
          "si": 7,
          "sti": 34,
          "dti": 193,
          "sco": 185,
          "dco": 1163,
          "txt": "Fuenfmeterraums"
        },
        {
          "si": 7,
          "sti": 35,
          "dti": 194,
          "sco": 201,
          "dco": 1179,
          "txt": "aus"
        },
        {
          "si": 7,
          "sti": 36,
          "dti": 195,
          "sco": 205,
          "dco": 1183,
          "txt": "verfehlte"
        },
        {
          "si": 7,
          "sti": 37,
          "dti": 196,
          "sco": 214,
          "dco": 1192,
          "txt": "."
        },
        {
          "si": 8,
          "sti": 0,
          "dti": 197,
          "sco": 0,
          "dco": 1194,
          "txt": "In"
        },
        {
          "si": 8,
          "sti": 1,
          "dti": 198,
          "sco": 3,
          "dco": 1197,
          "txt": "der"
        },
        {
          "si": 8,
          "sti": 2,
          "dti": 199,
          "sco": 7,
          "dco": 1201,
          "txt": "38"
        },
        {
          "si": 8,
          "sti": 3,
          "dti": 200,
          "sco": 9,
          "dco": 1203,
          "txt": "."
        },
        {
          "si": 9,
          "sti": 0,
          "dti": 201,
          "sco": 0,
          "dco": 1205,
          "txt": "Minute"
        },
        {
          "si": 9,
          "sti": 1,
          "dti": 202,
          "sco": 7,
          "dco": 1212,
          "txt": "ergab"
        },
        {
          "si": 9,
          "sti": 2,
          "dti": 203,
          "sco": 13,
          "dco": 1218,
          "txt": "sich"
        },
        {
          "si": 9,
          "sti": 3,
          "dti": 204,
          "sco": 18,
          "dco": 1223,
          "txt": "eine"
        },
        {
          "si": 9,
          "sti": 4,
          "dti": 205,
          "sco": 23,
          "dco": 1228,
          "txt": "Moeglichkeit"
        },
        {
          "si": 9,
          "sti": 5,
          "dti": 206,
          "sco": 36,
          "dco": 1241,
          "txt": "fuer"
        },
        {
          "si": 9,
          "sti": 6,
          "dti": 207,
          "sco": 41,
          "dco": 1246,
          "txt": "Griechenland"
        },
        {
          "si": 9,
          "sti": 7,
          "dti": 208,
          "sco": 53,
          "dco": 1258,
          "txt": ","
        },
        {
          "si": 9,
          "sti": 8,
          "dti": 209,
          "sco": 55,
          "dco": 1260,
          "txt": "als"
        },
        {
          "si": 9,
          "sti": 9,
          "dti": 210,
          "sco": 59,
          "dco": 1264,
          "txt": "Traianos"
        },
        {
          "si": 9,
          "sti": 10,
          "dti": 211,
          "sco": 68,
          "dco": 1273,
          "txt": "Dellas"
        },
        {
          "si": 9,
          "sti": 11,
          "dti": 212,
          "sco": 75,
          "dco": 1280,
          "txt": "mit"
        },
        {
          "si": 9,
          "sti": 12,
          "dti": 213,
          "sco": 79,
          "dco": 1284,
          "txt": "einem"
        },
        {
          "si": 9,
          "sti": 13,
          "dti": 214,
          "sco": 85,
          "dco": 1290,
          "txt": "langen"
        },
        {
          "si": 9,
          "sti": 14,
          "dti": 215,
          "sco": 92,
          "dco": 1297,
          "txt": "Pass"
        },
        {
          "si": 9,
          "sti": 15,
          "dti": 216,
          "sco": 97,
          "dco": 1302,
          "txt": "Stylianos"
        },
        {
          "si": 9,
          "sti": 16,
          "dti": 217,
          "sco": 107,
          "dco": 1312,
          "txt": "Giannakopoulos"
        },
        {
          "si": 9,
          "sti": 17,
          "dti": 218,
          "sco": 122,
          "dco": 1327,
          "txt": "im"
        },
        {
          "si": 9,
          "sti": 18,
          "dti": 219,
          "sco": 125,
          "dco": 1330,
          "txt": "Sechzehnmeterraum"
        },
        {
          "si": 9,
          "sti": 19,
          "dti": 220,
          "sco": 143,
          "dco": 1348,
          "txt": "bediente"
        },
        {
          "si": 9,
          "sti": 20,
          "dti": 221,
          "sco": 151,
          "dco": 1356,
          "txt": ","
        },
        {
          "si": 9,
          "sti": 21,
          "dti": 222,
          "sco": 153,
          "dco": 1358,
          "txt": "doch"
        },
        {
          "si": 9,
          "sti": 22,
          "dti": 223,
          "sco": 158,
          "dco": 1363,
          "txt": "der"
        },
        {
          "si": 9,
          "sti": 23,
          "dti": 224,
          "sco": 162,
          "dco": 1367,
          "txt": "Mittelfeldspieler"
        },
        {
          "si": 9,
          "sti": 24,
          "dti": 225,
          "sco": 180,
          "dco": 1385,
          "txt": "der"
        },
        {
          "si": 9,
          "sti": 25,
          "dti": 226,
          "sco": 184,
          "dco": 1389,
          "txt": "Bolton"
        },
        {
          "si": 9,
          "sti": 26,
          "dti": 227,
          "sco": 191,
          "dco": 1396,
          "txt": "Wanderers"
        },
        {
          "si": 9,
          "sti": 27,
          "dti": 228,
          "sco": 200,
          "dco": 1405,
          "txt": ","
        },
        {
          "si": 9,
          "sti": 28,
          "dti": 229,
          "sco": 202,
          "dco": 1407,
          "txt": "der"
        },
        {
          "si": 9,
          "sti": 29,
          "dti": 230,
          "sco": 206,
          "dco": 1411,
          "txt": "ungehindert"
        },
        {
          "si": 9,
          "sti": 30,
          "dti": 231,
          "sco": 218,
          "dco": 1423,
          "txt": "aus"
        },
        {
          "si": 9,
          "sti": 31,
          "dti": 232,
          "sco": 222,
          "dco": 1427,
          "txt": "zehn"
        },
        {
          "si": 9,
          "sti": 32,
          "dti": 233,
          "sco": 227,
          "dco": 1432,
          "txt": "Meter"
        },
        {
          "si": 9,
          "sti": 33,
          "dti": 234,
          "sco": 233,
          "dco": 1438,
          "txt": "Entfernung"
        },
        {
          "si": 9,
          "sti": 34,
          "dti": 235,
          "sco": 244,
          "dco": 1449,
          "txt": "koepfen"
        },
        {
          "si": 9,
          "sti": 35,
          "dti": 236,
          "sco": 252,
          "dco": 1457,
          "txt": "konnte"
        },
        {
          "si": 9,
          "sti": 36,
          "dti": 237,
          "sco": 258,
          "dco": 1463,
          "txt": ","
        },
        {
          "si": 9,
          "sti": 37,
          "dti": 238,
          "sco": 260,
          "dco": 1465,
          "txt": "scheiterte"
        },
        {
          "si": 9,
          "sti": 38,
          "dti": 239,
          "sco": 271,
          "dco": 1476,
          "txt": "an"
        },
        {
          "si": 9,
          "sti": 39,
          "dti": 240,
          "sco": 274,
          "dco": 1479,
          "txt": "Alexander"
        },
        {
          "si": 9,
          "sti": 40,
          "dti": 241,
          "sco": 284,
          "dco": 1489,
          "txt": "Shovkovsky"
        },
        {
          "si": 9,
          "sti": 41,
          "dti": 242,
          "sco": 294,
          "dco": 1499,
          "txt": "."
        },
        {
          "si": 10,
          "sti": 0,
          "dti": 243,
          "sco": 0,
          "dco": 1501,
          "txt": "Vier"
        },
        {
          "si": 10,
          "sti": 1,
          "dti": 244,
          "sco": 5,
          "dco": 1506,
          "txt": "Minuten"
        },
        {
          "si": 10,
          "sti": 2,
          "dti": 245,
          "sco": 13,
          "dco": 1514,
          "txt": "nach"
        },
        {
          "si": 10,
          "sti": 3,
          "dti": 246,
          "sco": 18,
          "dco": 1519,
          "txt": "der"
        },
        {
          "si": 10,
          "sti": 4,
          "dti": 247,
          "sco": 22,
          "dco": 1523,
          "txt": "Pause"
        },
        {
          "si": 10,
          "sti": 5,
          "dti": 248,
          "sco": 28,
          "dco": 1529,
          "txt": "brachte"
        },
        {
          "si": 10,
          "sti": 6,
          "dti": 249,
          "sco": 36,
          "dco": 1537,
          "txt": "Shevchenko"
        },
        {
          "si": 10,
          "sti": 7,
          "dti": 250,
          "sco": 47,
          "dco": 1548,
          "txt": "die"
        },
        {
          "si": 10,
          "sti": 8,
          "dti": 251,
          "sco": 51,
          "dco": 1552,
          "txt": "Ukraine"
        },
        {
          "si": 10,
          "sti": 9,
          "dti": 252,
          "sco": 59,
          "dco": 1560,
          "txt": "mit"
        },
        {
          "si": 10,
          "sti": 10,
          "dti": 253,
          "sco": 63,
          "dco": 1564,
          "txt": "1"
        },
        {
          "si": 10,
          "sti": 11,
          "dti": 254,
          "sco": 64,
          "dco": 1565,
          "txt": ":"
        },
        {
          "si": 10,
          "sti": 12,
          "dti": 255,
          "sco": 65,
          "dco": 1566,
          "txt": "0"
        },
        {
          "si": 10,
          "sti": 13,
          "dti": 256,
          "sco": 67,
          "dco": 1568,
          "txt": "in"
        },
        {
          "si": 10,
          "sti": 14,
          "dti": 257,
          "sco": 70,
          "dco": 1571,
          "txt": "Fuehrung"
        },
        {
          "si": 10,
          "sti": 15,
          "dti": 258,
          "sco": 78,
          "dco": 1579,
          "txt": ","
        },
        {
          "si": 10,
          "sti": 16,
          "dti": 259,
          "sco": 80,
          "dco": 1581,
          "txt": "und"
        },
        {
          "si": 10,
          "sti": 17,
          "dti": 260,
          "sco": 84,
          "dco": 1585,
          "txt": "zwar"
        },
        {
          "si": 10,
          "sti": 18,
          "dti": 261,
          "sco": 89,
          "dco": 1590,
          "txt": "mit"
        },
        {
          "si": 10,
          "sti": 19,
          "dti": 262,
          "sco": 93,
          "dco": 1594,
          "txt": "einem"
        },
        {
          "si": 10,
          "sti": 20,
          "dti": 263,
          "sco": 99,
          "dco": 1600,
          "txt": "Freistoss"
        },
        {
          "si": 10,
          "sti": 21,
          "dti": 264,
          "sco": 109,
          "dco": 1610,
          "txt": "von"
        },
        {
          "si": 10,
          "sti": 22,
          "dti": 265,
          "sco": 113,
          "dco": 1614,
          "txt": "der"
        },
        {
          "si": 10,
          "sti": 23,
          "dti": 266,
          "sco": 117,
          "dco": 1618,
          "txt": "linken"
        },
        {
          "si": 10,
          "sti": 24,
          "dti": 267,
          "sco": 124,
          "dco": 1625,
          "txt": "Seite"
        },
        {
          "si": 10,
          "sti": 25,
          "dti": 268,
          "sco": 130,
          "dco": 1631,
          "txt": "des"
        },
        {
          "si": 10,
          "sti": 26,
          "dti": 269,
          "sco": 134,
          "dco": 1635,
          "txt": "Strafraums"
        },
        {
          "si": 10,
          "sti": 27,
          "dti": 270,
          "sco": 144,
          "dco": 1645,
          "txt": "."
        },
        {
          "si": 11,
          "sti": 0,
          "dti": 271,
          "sco": 0,
          "dco": 1647,
          "txt": "Der"
        },
        {
          "si": 11,
          "sti": 1,
          "dti": 272,
          "sco": 4,
          "dco": 1651,
          "txt": "Ball"
        },
        {
          "si": 11,
          "sti": 2,
          "dti": 273,
          "sco": 9,
          "dco": 1656,
          "txt": "flog"
        },
        {
          "si": 11,
          "sti": 3,
          "dti": 274,
          "sco": 14,
          "dco": 1661,
          "txt": "ueber"
        },
        {
          "si": 11,
          "sti": 4,
          "dti": 275,
          "sco": 20,
          "dco": 1667,
          "txt": "die"
        },
        {
          "si": 11,
          "sti": 5,
          "dti": 276,
          "sco": 24,
          "dco": 1671,
          "txt": "Mauer"
        },
        {
          "si": 11,
          "sti": 6,
          "dti": 277,
          "sco": 30,
          "dco": 1677,
          "txt": "und"
        },
        {
          "si": 11,
          "sti": 7,
          "dti": 278,
          "sco": 34,
          "dco": 1681,
          "txt": "schluepfte"
        },
        {
          "si": 11,
          "sti": 8,
          "dti": 279,
          "sco": 45,
          "dco": 1692,
          "txt": "zwischen"
        },
        {
          "si": 11,
          "sti": 9,
          "dti": 280,
          "sco": 54,
          "dco": 1701,
          "txt": "Nikopolidis"
        },
        {
          "si": 11,
          "sti": 10,
          "dti": 281,
          "sco": 66,
          "dco": 1713,
          "txt": "Beinen"
        },
        {
          "si": 11,
          "sti": 11,
          "dti": 282,
          "sco": 73,
          "dco": 1720,
          "txt": "hindurch"
        },
        {
          "si": 11,
          "sti": 12,
          "dti": 283,
          "sco": 82,
          "dco": 1729,
          "txt": "ins"
        },
        {
          "si": 11,
          "sti": 13,
          "dti": 284,
          "sco": 86,
          "dco": 1733,
          "txt": "Tor"
        },
        {
          "si": 11,
          "sti": 14,
          "dti": 285,
          "sco": 89,
          "dco": 1736,
          "txt": "."
        },
        {
          "si": 12,
          "sti": 0,
          "dti": 286,
          "sco": 0,
          "dco": 1738,
          "txt": "Danach"
        },
        {
          "si": 12,
          "sti": 1,
          "dti": 287,
          "sco": 7,
          "dco": 1745,
          "txt": "warfen"
        },
        {
          "si": 12,
          "sti": 2,
          "dti": 288,
          "sco": 14,
          "dco": 1752,
          "txt": "die"
        },
        {
          "si": 12,
          "sti": 3,
          "dti": 289,
          "sco": 18,
          "dco": 1756,
          "txt": "Griechen"
        },
        {
          "si": 12,
          "sti": 4,
          "dti": 290,
          "sco": 27,
          "dco": 1765,
          "txt": "alles"
        },
        {
          "si": 12,
          "sti": 5,
          "dti": 291,
          "sco": 33,
          "dco": 1771,
          "txt": "nach"
        },
        {
          "si": 12,
          "sti": 6,
          "dti": 292,
          "sco": 38,
          "dco": 1776,
          "txt": "vorne"
        },
        {
          "si": 12,
          "sti": 7,
          "dti": 293,
          "sco": 43,
          "dco": 1781,
          "txt": ","
        },
        {
          "si": 12,
          "sti": 8,
          "dti": 294,
          "sco": 45,
          "dco": 1783,
          "txt": "um"
        },
        {
          "si": 12,
          "sti": 9,
          "dti": 295,
          "sco": 48,
          "dco": 1786,
          "txt": "den"
        },
        {
          "si": 12,
          "sti": 10,
          "dti": 296,
          "sco": 52,
          "dco": 1790,
          "txt": "Ausgleich"
        },
        {
          "si": 12,
          "sti": 11,
          "dti": 297,
          "sco": 62,
          "dco": 1800,
          "txt": "zu"
        },
        {
          "si": 12,
          "sti": 12,
          "dti": 298,
          "sco": 65,
          "dco": 1803,
          "txt": "erzielen"
        },
        {
          "si": 12,
          "sti": 13,
          "dti": 299,
          "sco": 73,
          "dco": 1811,
          "txt": "."
        },
        {
          "si": 13,
          "sti": 0,
          "dti": 300,
          "sco": 0,
          "dco": 1813,
          "txt": "Der"
        },
        {
          "si": 13,
          "sti": 1,
          "dti": 301,
          "sco": 4,
          "dco": 1817,
          "txt": "in"
        },
        {
          "si": 13,
          "sti": 2,
          "dti": 302,
          "sco": 7,
          "dco": 1820,
          "txt": "der"
        },
        {
          "si": 13,
          "sti": 3,
          "dti": 303,
          "sco": 11,
          "dco": 1824,
          "txt": "zweiten"
        },
        {
          "si": 13,
          "sti": 4,
          "dti": 304,
          "sco": 19,
          "dco": 1832,
          "txt": "Halbzeit"
        },
        {
          "si": 13,
          "sti": 5,
          "dti": 305,
          "sco": 28,
          "dco": 1841,
          "txt": "eingewechselte"
        },
        {
          "si": 13,
          "sti": 6,
          "dti": 306,
          "sco": 43,
          "dco": 1856,
          "txt": "Tsiartas"
        },
        {
          "si": 13,
          "sti": 7,
          "dti": 307,
          "sco": 52,
          "dco": 1865,
          "txt": "rettete"
        },
        {
          "si": 13,
          "sti": 8,
          "dti": 308,
          "sco": 60,
          "dco": 1873,
          "txt": "seiner"
        },
        {
          "si": 13,
          "sti": 9,
          "dti": 309,
          "sco": 67,
          "dco": 1880,
          "txt": "Mannschaft"
        },
        {
          "si": 13,
          "sti": 10,
          "dti": 310,
          "sco": 78,
          "dco": 1891,
          "txt": "acht"
        },
        {
          "si": 13,
          "sti": 11,
          "dti": 311,
          "sco": 83,
          "dco": 1896,
          "txt": "Minuten"
        },
        {
          "si": 13,
          "sti": 12,
          "dti": 312,
          "sco": 91,
          "dco": 1904,
          "txt": "vor"
        },
        {
          "si": 13,
          "sti": 13,
          "dti": 313,
          "sco": 95,
          "dco": 1908,
          "txt": "Schluss"
        },
        {
          "si": 13,
          "sti": 14,
          "dti": 314,
          "sco": 103,
          "dco": 1916,
          "txt": "einen"
        },
        {
          "si": 13,
          "sti": 15,
          "dti": 315,
          "sco": 109,
          "dco": 1922,
          "txt": "Punkt"
        },
        {
          "si": 13,
          "sti": 16,
          "dti": 316,
          "sco": 115,
          "dco": 1928,
          "txt": "und"
        },
        {
          "si": 13,
          "sti": 17,
          "dti": 317,
          "sco": 119,
          "dco": 1932,
          "txt": "brachte"
        },
        {
          "si": 13,
          "sti": 18,
          "dti": 318,
          "sco": 127,
          "dco": 1940,
          "txt": "die"
        },
        {
          "si": 13,
          "sti": 19,
          "dti": 319,
          "sco": 131,
          "dco": 1944,
          "txt": "einheimischen"
        },
        {
          "si": 13,
          "sti": 20,
          "dti": 320,
          "sco": 145,
          "dco": 1958,
          "txt": "Zuschauer"
        },
        {
          "si": 13,
          "sti": 21,
          "dti": 321,
          "sco": 155,
          "dco": 1968,
          "txt": "mit"
        },
        {
          "si": 13,
          "sti": 22,
          "dti": 322,
          "sco": 159,
          "dco": 1972,
          "txt": "einem"
        },
        {
          "si": 13,
          "sti": 23,
          "dti": 323,
          "sco": 165,
          "dco": 1978,
          "txt": "Freistoss"
        },
        {
          "si": 13,
          "sti": 24,
          "dti": 324,
          "sco": 175,
          "dco": 1988,
          "txt": "aus"
        },
        {
          "si": 13,
          "sti": 25,
          "dti": 325,
          "sco": 179,
          "dco": 1992,
          "txt": "28"
        },
        {
          "si": 13,
          "sti": 26,
          "dti": 326,
          "sco": 182,
          "dco": 1995,
          "txt": "Meter"
        },
        {
          "si": 13,
          "sti": 27,
          "dti": 327,
          "sco": 188,
          "dco": 2001,
          "txt": "Entfernung"
        },
        {
          "si": 13,
          "sti": 28,
          "dti": 328,
          "sco": 198,
          "dco": 2011,
          "txt": ","
        },
        {
          "si": 13,
          "sti": 29,
          "dti": 329,
          "sco": 200,
          "dco": 2013,
          "txt": "der"
        },
        {
          "si": 13,
          "sti": 30,
          "dti": 330,
          "sco": 204,
          "dco": 2017,
          "txt": "vorbei"
        },
        {
          "si": 13,
          "sti": 31,
          "dti": 331,
          "sco": 211,
          "dco": 2024,
          "txt": "an"
        },
        {
          "si": 13,
          "sti": 32,
          "dti": 332,
          "sco": 214,
          "dco": 2027,
          "txt": "Shovkovskys"
        },
        {
          "si": 13,
          "sti": 33,
          "dti": 333,
          "sco": 226,
          "dco": 2039,
          "txt": "ausgestreckten"
        },
        {
          "si": 13,
          "sti": 34,
          "dti": 334,
          "sco": 241,
          "dco": 2054,
          "txt": "Armen"
        },
        {
          "si": 13,
          "sti": 35,
          "dti": 335,
          "sco": 247,
          "dco": 2060,
          "txt": "in"
        },
        {
          "si": 13,
          "sti": 36,
          "dti": 336,
          "sco": 250,
          "dco": 2063,
          "txt": "der"
        },
        {
          "si": 13,
          "sti": 37,
          "dti": 337,
          "sco": 254,
          "dco": 2067,
          "txt": "linken"
        },
        {
          "si": 13,
          "sti": 38,
          "dti": 338,
          "sco": 261,
          "dco": 2074,
          "txt": "oberen"
        },
        {
          "si": 13,
          "sti": 39,
          "dti": 339,
          "sco": 268,
          "dco": 2081,
          "txt": "Ecke"
        },
        {
          "si": 13,
          "sti": 40,
          "dti": 340,
          "sco": 273,
          "dco": 2086,
          "txt": "des"
        },
        {
          "si": 13,
          "sti": 41,
          "dti": 341,
          "sco": 277,
          "dco": 2090,
          "txt": "Tores"
        },
        {
          "si": 13,
          "sti": 42,
          "dti": 342,
          "sco": 283,
          "dco": 2096,
          "txt": "landete"
        },
        {
          "si": 13,
          "sti": 43,
          "dti": 343,
          "sco": 290,
          "dco": 2103,
          "txt": ","
        },
        {
          "si": 13,
          "sti": 44,
          "dti": 344,
          "sco": 292,
          "dco": 2105,
          "txt": "um"
        },
        {
          "si": 13,
          "sti": 45,
          "dti": 345,
          "sco": 295,
          "dco": 2108,
          "txt": "die"
        },
        {
          "si": 13,
          "sti": 46,
          "dti": 346,
          "sco": 299,
          "dco": 2112,
          "txt": "Siegesfeier"
        },
        {
          "si": 13,
          "sti": 47,
          "dti": 347,
          "sco": 310,
          "dco": 2123,
          "txt": "."
        }
      ]
    },
    "ganns": {
      "dla": [],
      "la": [],
      "ea": [],
      "eta": [
        {
          "ra": {
            "ea": {
              "etn": "QAInstance"
            }
          },
          "sfs": [
            [
              {
                "stn": "hasQuestion22"
              },
              {
                "la": {
                  "txtc": {
                    "sff": "N/A"
                  },
                  "et": {
                    "etn": "Answer"
                  }
                }
              }
            ],
            [
              {
                "stn": "hasQuestion21"
              },
              {
                "la": {
                  "txtc": {
                    "sff": "30"
                  },
                  "et": {
                    "etn": "Answer"
                  }
                }
              }
            ],
            [
              {
                "stn": "hasQuestion20"
              },
              {
                "la": {
                  "txtc": {
                    "sff": "26"
                  },
                  "et": {
                    "etn": "Answer"
                  }
                }
              }
            ],
            [
              {
                "stn": "hasQuestion15"
              },
              {
                "la": {
                  "txtc": {
                    "sff": "N/A"
                  },
                  "et": {
                    "etn": "Answer"
                  }
                }
              }
            ],
            [
              {
                "stn": "hasQuestion14"
              },
              {
                "la": {
                  "txtc": {
                    "sff": "Zagorakis Theodoros"
                  },
                  "et": {
                    "etn": "Answer"
                  }
                }
              }
            ],
            [
              {
                "stn": "hasQuestion13"
              },
              {
                "la": {
                  "txtc": {
                    "sff": "N/A"
                  },
                  "et": {
                    "etn": "Answer"
                  }
                }
              }
            ],
            [
              {
                "stn": "hasQuestion12"
              },
              {
                "la": {
                  "txtc": {
                    "sff": "Shelaev Oleg"
                  },
                  "et": {
                    "etn": "Answer"
                  }
                }
              }
            ],
            [
              {
                "stn": "hasQuestion19"
              },
              {
                "la": {
                  "txtc": {
                    "sff": "83"
                  },
                  "et": {
                    "etn": "Answer"
                  }
                }
              }
            ],
            [
              {
                "stn": "hasQuestion18"
              },
              {
                "la": {
                  "txtc": {
                    "sff": "48"
                  },
                  "et": {
                    "etn": "Answer"
                  }
                }
              }
            ],
            [
              {
                "stn": "hasQuestion17"
              },
              {
                "la": {
                  "txtc": {
                    "sff": "Tsartas Vassilios"
                  },
                  "et": {
                    "etn": "Answer"
                  }
                }
              }
            ],
            [
              {
                "stn": "hasQuestion16"
              },
              {
                "la": {
                  "txtc": {
                    "sff": "Shevchenko Andriy"
                  },
                  "et": {
                    "etn": "Answer"
                  }
                }
              }
            ],
            [
              {
                "stn": "hasQuestion11"
              },
              {
                "la": {
                  "txtc": {
                    "sff": "N/A"
                  },
                  "et": {
                    "etn": "Answer"
                  }
                }
              }
            ],
            [
              {
                "stn": "hasQuestion10"
              },
              {
                "la": {
                  "txtc": {
                    "sff": "N/A"
                  },
                  "et": {
                    "etn": "Answer"
                  }
                }
              }
            ],
            [
              {
                "stn": "hasQuestion31"
              },
              {
                "la": {
                  "txtc": {
                    "sff": "0"
                  },
                  "et": {
                    "etn": "Answer"
                  }
                }
              }
            ],
            [
              {
                "stn": "hasQuestion30"
              },
              {
                "la": {
                  "txtc": {
                    "sff": "2"
                  },
                  "et": {
                    "etn": "Answer"
                  }
                }
              }
            ],
            [
              {
                "stn": "hasTeamB"
              },
              {
                "eta": {
                  "ra": {
                    "ea": {
                      "etn": "Ukraine"
                    }
                  },
                  "sfs": {},
                  "mfs": [
                    [
                      {
                        "stn": "hasPlayers"
                      },
                      {
                        "dla": [],
                        "la": [],
                        "ea": [
                          {
                            "etn": "Basinas Angelos"
                          },
                          {
                            "etn": "Charisteas Angelos"
                          },
                          {
                            "etn": "Dellas Traianos"
                          },
                          {
                            "etn": "Fyssas Panagiotis"
                          },
                          {
                            "etn": "Georgiadis Georgios"
                          },
                          {
                            "etn": "Giannakopoulos Stylianos"
                          },
                          {
                            "etn": "Goumas Ioannis"
                          },
                          {
                            "etn": "Kapsis Michail"
                          },
                          {
                            "etn": "Karagounis Georgios"
                          },
                          {
                            "etn": "Katsouranis Konstantinos"
                          },
                          {
                            "etn": "Lakis Vasilios"
                          },
                          {
                            "etn": "Nikopolidis Antonios"
                          },
                          {
                            "etn": "Seitaridis Giourkas"
                          },
                          {
                            "etn": "Tsartas Vassilios"
                          },
                          {
                            "etn": "Venetidis Stylianos"
                          },
                          {
                            "etn": "Vryzas Zizis"
                          },
                          {
                            "etn": "Zagorakis Theodoros"
                          }
                        ],
                        "eta": []
                      }
                    ]
                  ]
                }
              }
            ],
            [
              {
                "stn": "hasTeamA"
              },
              {
                "eta": {
                  "ra": {
                    "ea": {
                      "etn": "Ukraine"
                    }
                  },
                  "sfs": {},
                  "mfs": [
                    [
                      {
                        "stn": "hasPlayers"
                      },
                      {
                        "dla": [],
                        "la": [],
                        "ea": [
                          {
                            "etn": "Byelik Olekcii"
                          },
                          {
                            "etn": "Checher Vyacheslav"
                          },
                          {
                            "etn": "Fedorov Sergyi"
                          },
                          {
                            "etn": "Husin Andrii"
                          },
                          {
                            "etn": "Husyev Oleh"
                          },
                          {
                            "etn": "Nazarenko Sergey"
                          },
                          {
                            "etn": "Nesmachny Andriy"
                          },
                          {
                            "etn": "Radchenko Aleksandr"
                          },
                          {
                            "etn": "Rusol Andrey"
                          },
                          {
                            "etn": "Shelaev Oleg"
                          },
                          {
                            "etn": "Shevchenko Andriy"
                          },
                          {
                            "etn": "Shovkovski Alexandr"
                          },
                          {
                            "etn": "Tymoshyuk Anatoliy"
                          },
                          {
                            "etn": "Vorobey Andriy"
                          },
                          {
                            "etn": "Voronin Andrey"
                          },
                          {
                            "etn": "Yezerski Vladimir"
                          },
                          {
                            "etn": "Zakarlyuka Sergiy"
                          }
                        ],
                        "eta": []
                      }
                    ]
                  ]
                }
              }
            ],
            [
              {
                "stn": "hasQuestion9"
              },
              {
                "la": {
                  "txtc": {
                    "sff": "N/A"
                  },
                  "et": {
                    "etn": "Answer"
                  }
                }
              }
            ],
            [
              {
                "stn": "hasQuestion1"
              },
              {
                "la": {
                  "txtc": {
                    "sff": "true"
                  },
                  "et": {
                    "etn": "Answer"
                  }
                }
              }
            ],
            [
              {
                "stn": "hasQuestion26"
              },
              {
                "la": {
                  "txtc": {
                    "sff": "1"
                  },
                  "et": {
                    "etn": "Answer"
                  }
                }
              }
            ],
            [
              {
                "stn": "hasQuestion2"
              },
              {
                "la": {
                  "txtc": {
                    "sff": "0:0"
                  },
                  "et": {
                    "etn": "Answer"
                  }
                }
              }
            ],
            [
              {
                "stn": "hasQuestion25"
              },
              {
                "la": {
                  "txtc": {
                    "sff": "83"
                  },
                  "et": {
                    "etn": "Answer"
                  }
                }
              }
            ],
            [
              {
                "stn": "hasQuestion24"
              },
              {
                "la": {
                  "txtc": {
                    "sff": "83"
                  },
                  "et": {
                    "etn": "Answer"
                  }
                }
              }
            ],
            [
              {
                "stn": "hasQuestion3"
              },
              {
                "la": {
                  "txtc": {
                    "sff": "1:1"
                  },
                  "et": {
                    "etn": "Answer"
                  }
                }
              }
            ],
            [
              {
                "stn": "hasQuestion23"
              },
              {
                "la": {
                  "txtc": {
                    "sff": "N/A"
                  },
                  "et": {
                    "etn": "Answer"
                  }
                }
              }
            ],
            [
              {
                "stn": "hasQuestion4"
              },
              {
                "la": {
                  "txtc": {
                    "sff": "N/A"
                  },
                  "et": {
                    "etn": "Answer"
                  }
                }
              }
            ],
            [
              {
                "stn": "hasQuestion5"
              },
              {
                "la": {
                  "txtc": {
                    "sff": "Griechenland,Ukraine"
                  },
                  "et": {
                    "etn": "Answer"
                  }
                }
              }
            ],
            [
              {
                "stn": "hasQuestion29"
              },
              {
                "la": {
                  "txtc": {
                    "sff": "0"
                  },
                  "et": {
                    "etn": "Answer"
                  }
                }
              }
            ],
            [
              {
                "stn": "hasQuestion6"
              },
              {
                "la": {
                  "txtc": {
                    "sff": "N/A"
                  },
                  "et": {
                    "etn": "Answer"
                  }
                }
              }
            ],
            [
              {
                "stn": "hasQuestion28"
              },
              {
                "la": {
                  "txtc": {
                    "sff": "35"
                  },
                  "et": {
                    "etn": "Answer"
                  }
                }
              }
            ],
            [
              {
                "stn": "hasQuestion7"
              },
              {
                "la": {
                  "txtc": {
                    "sff": "N/A"
                  },
                  "et": {
                    "etn": "Answer"
                  }
                }
              }
            ],
            [
              {
                "stn": "hasQuestion27"
              },
              {
                "la": {
                  "txtc": {
                    "sff": "55"
                  },
                  "et": {
                    "etn": "Answer"
                  }
                }
              }
            ],
            [
              {
                "stn": "hasQuestion8"
              },
              {
                "la": {
                  "txtc": {
                    "sff": "Ukraine"
                  },
                  "et": {
                    "etn": "Answer"
                  }
                }
              }
            ]
          ],
          "mfs": {}
        }
      ]
    }
  }
]
