[
  {
    "context": "UNSPECIFIED",
    "doc": {
      "id": "de_mr36409_struct",
      "tl": [
        {
          "si": 0,
          "sti": 0,
          "dti": 0,
          "sco": 0,
          "dco": 0,
          "txt": "China"
        },
        {
          "si": 0,
          "sti": 1,
          "dti": 1,
          "sco": 6,
          "dco": 6,
          "txt": "besiegt"
        },
        {
          "si": 0,
          "sti": 2,
          "dti": 2,
          "sco": 14,
          "dco": 14,
          "txt": "Malaysia"
        },
        {
          "si": 0,
          "sti": 3,
          "dti": 3,
          "sco": 23,
          "dco": 23,
          "txt": "mit"
        },
        {
          "si": 0,
          "sti": 4,
          "dti": 4,
          "sco": 27,
          "dco": 27,
          "txt": "4"
        },
        {
          "si": 0,
          "sti": 5,
          "dti": 5,
          "sco": 28,
          "dco": 28,
          "txt": ":"
        },
        {
          "si": 0,
          "sti": 6,
          "dti": 6,
          "sco": 29,
          "dco": 29,
          "txt": "0"
        },
        {
          "si": 0,
          "sti": 7,
          "dti": 7,
          "sco": 30,
          "dco": 30,
          "txt": "."
        },
        {
          "si": 1,
          "sti": 0,
          "dti": 8,
          "sco": 0,
          "dco": 32,
          "txt": "Nach"
        },
        {
          "si": 1,
          "sti": 1,
          "dti": 9,
          "sco": 5,
          "dco": 37,
          "txt": "verkrampfter"
        },
        {
          "si": 1,
          "sti": 2,
          "dti": 10,
          "sco": 18,
          "dco": 50,
          "txt": "erster"
        },
        {
          "si": 1,
          "sti": 3,
          "dti": 11,
          "sco": 25,
          "dco": 57,
          "txt": "Halbzeit"
        },
        {
          "si": 1,
          "sti": 4,
          "dti": 12,
          "sco": 34,
          "dco": 66,
          "txt": "kam"
        },
        {
          "si": 1,
          "sti": 5,
          "dti": 13,
          "sco": 38,
          "dco": 70,
          "txt": "China"
        },
        {
          "si": 1,
          "sti": 6,
          "dti": 14,
          "sco": 44,
          "dco": 76,
          "txt": "am"
        },
        {
          "si": 1,
          "sti": 7,
          "dti": 15,
          "sco": 47,
          "dco": 79,
          "txt": "Mittwoch"
        },
        {
          "si": 1,
          "sti": 8,
          "dti": 16,
          "sco": 56,
          "dco": 88,
          "txt": "noch"
        },
        {
          "si": 1,
          "sti": 9,
          "dti": 17,
          "sco": 61,
          "dco": 93,
          "txt": "rechtzeitig"
        },
        {
          "si": 1,
          "sti": 10,
          "dti": 18,
          "sco": 73,
          "dco": 105,
          "txt": "auf"
        },
        {
          "si": 1,
          "sti": 11,
          "dti": 19,
          "sco": 77,
          "dco": 109,
          "txt": "Touren"
        },
        {
          "si": 1,
          "sti": 12,
          "dti": 20,
          "sco": 84,
          "dco": 116,
          "txt": "und"
        },
        {
          "si": 1,
          "sti": 13,
          "dti": 21,
          "sco": 88,
          "dco": 120,
          "txt": "wurde"
        },
        {
          "si": 1,
          "sti": 14,
          "dti": 22,
          "sco": 94,
          "dco": 126,
          "txt": "mit"
        },
        {
          "si": 1,
          "sti": 15,
          "dti": 23,
          "sco": 98,
          "dco": 130,
          "txt": "einem"
        },
        {
          "si": 1,
          "sti": 16,
          "dti": 24,
          "sco": 104,
          "dco": 136,
          "txt": "deutlichen"
        },
        {
          "si": 1,
          "sti": 17,
          "dti": 25,
          "sco": 115,
          "dco": 147,
          "txt": "4"
        },
        {
          "si": 1,
          "sti": 18,
          "dti": 26,
          "sco": 116,
          "dco": 148,
          "txt": ":"
        },
        {
          "si": 1,
          "sti": 19,
          "dti": 27,
          "sco": 117,
          "dco": 149,
          "txt": "0"
        },
        {
          "si": 1,
          "sti": 20,
          "dti": 28,
          "sco": 119,
          "dco": 151,
          "txt": "im"
        },
        {
          "si": 1,
          "sti": 21,
          "dti": 29,
          "sco": 122,
          "dco": 154,
          "txt": "Qualifikationsspiel"
        },
        {
          "si": 1,
          "sti": 22,
          "dti": 30,
          "sco": 142,
          "dco": 174,
          "txt": "zum"
        },
        {
          "si": 1,
          "sti": 23,
          "dti": 31,
          "sco": 146,
          "dco": 178,
          "txt": "FIFA"
        },
        {
          "si": 1,
          "sti": 24,
          "dti": 32,
          "sco": 150,
          "dco": 182,
          "txt": "-"
        },
        {
          "si": 1,
          "sti": 25,
          "dti": 33,
          "sco": 151,
          "dco": 183,
          "txt": "Weltpokal"
        },
        {
          "si": 1,
          "sti": 26,
          "dti": 34,
          "sco": 161,
          "dco": 193,
          "txt": "2006"
        },
        {
          "si": 1,
          "sti": 27,
          "dti": 35,
          "sco": 166,
          "dco": 198,
          "txt": "seiner"
        },
        {
          "si": 1,
          "sti": 28,
          "dti": 36,
          "sco": 173,
          "dco": 205,
          "txt": "Favoritenrolle"
        },
        {
          "si": 1,
          "sti": 29,
          "dti": 37,
          "sco": 188,
          "dco": 220,
          "txt": "gegen"
        },
        {
          "si": 1,
          "sti": 30,
          "dti": 38,
          "sco": 194,
          "dco": 226,
          "txt": "Fussballzwerg"
        },
        {
          "si": 1,
          "sti": 31,
          "dti": 39,
          "sco": 208,
          "dco": 240,
          "txt": "Malaysia"
        },
        {
          "si": 1,
          "sti": 32,
          "dti": 40,
          "sco": 217,
          "dco": 249,
          "txt": "gerecht"
        },
        {
          "si": 1,
          "sti": 33,
          "dti": 41,
          "sco": 224,
          "dco": 256,
          "txt": "."
        },
        {
          "si": 2,
          "sti": 0,
          "dti": 42,
          "sco": 0,
          "dco": 258,
          "txt": "Eine"
        },
        {
          "si": 2,
          "sti": 1,
          "dti": 43,
          "sco": 5,
          "dco": 263,
          "txt": "entscheidende"
        },
        {
          "si": 2,
          "sti": 2,
          "dti": 44,
          "sco": 19,
          "dco": 277,
          "txt": "Rolle"
        },
        {
          "si": 2,
          "sti": 3,
          "dti": 45,
          "sco": 25,
          "dco": 283,
          "txt": "spielte"
        },
        {
          "si": 2,
          "sti": 4,
          "dti": 46,
          "sco": 33,
          "dco": 291,
          "txt": "dabei"
        },
        {
          "si": 2,
          "sti": 5,
          "dti": 47,
          "sco": 39,
          "dco": 297,
          "txt": "Stuermer"
        },
        {
          "si": 2,
          "sti": 6,
          "dti": 48,
          "sco": 48,
          "dco": 306,
          "txt": "Li"
        },
        {
          "si": 2,
          "sti": 7,
          "dti": 49,
          "sco": 51,
          "dco": 309,
          "txt": "Xiaopeng"
        },
        {
          "si": 2,
          "sti": 8,
          "dti": 50,
          "sco": 59,
          "dco": 317,
          "txt": ","
        },
        {
          "si": 2,
          "sti": 9,
          "dti": 51,
          "sco": 61,
          "dco": 319,
          "txt": "der"
        },
        {
          "si": 2,
          "sti": 10,
          "dti": 52,
          "sco": 65,
          "dco": 323,
          "txt": "zweimal"
        },
        {
          "si": 2,
          "sti": 11,
          "dti": 53,
          "sco": 73,
          "dco": 331,
          "txt": "selbst"
        },
        {
          "si": 2,
          "sti": 12,
          "dti": 54,
          "sco": 80,
          "dco": 338,
          "txt": "traf"
        },
        {
          "si": 2,
          "sti": 13,
          "dti": 55,
          "sco": 85,
          "dco": 343,
          "txt": "und"
        },
        {
          "si": 2,
          "sti": 14,
          "dti": 56,
          "sco": 89,
          "dco": 347,
          "txt": "an"
        },
        {
          "si": 2,
          "sti": 15,
          "dti": 57,
          "sco": 92,
          "dco": 350,
          "txt": "beiden"
        },
        {
          "si": 2,
          "sti": 16,
          "dti": 58,
          "sco": 99,
          "dco": 357,
          "txt": "anderen"
        },
        {
          "si": 2,
          "sti": 17,
          "dti": 59,
          "sco": 107,
          "dco": 365,
          "txt": "Toren"
        },
        {
          "si": 2,
          "sti": 18,
          "dti": 60,
          "sco": 113,
          "dco": 371,
          "txt": "beteiligt"
        },
        {
          "si": 2,
          "sti": 19,
          "dti": 61,
          "sco": 123,
          "dco": 381,
          "txt": "war"
        },
        {
          "si": 2,
          "sti": 20,
          "dti": 62,
          "sco": 126,
          "dco": 384,
          "txt": "."
        },
        {
          "si": 3,
          "sti": 0,
          "dti": 63,
          "sco": 0,
          "dco": 386,
          "txt": "Nach"
        },
        {
          "si": 3,
          "sti": 1,
          "dti": 64,
          "sco": 5,
          "dco": 391,
          "txt": "einem"
        },
        {
          "si": 3,
          "sti": 2,
          "dti": 65,
          "sco": 11,
          "dco": 397,
          "txt": "unermuedlichen"
        },
        {
          "si": 3,
          "sti": 3,
          "dti": 66,
          "sco": 25,
          "dco": 411,
          "txt": ","
        },
        {
          "si": 3,
          "sti": 4,
          "dti": 67,
          "sco": 27,
          "dco": 413,
          "txt": "aber"
        },
        {
          "si": 3,
          "sti": 5,
          "dti": 68,
          "sco": 32,
          "dco": 418,
          "txt": "erfolglosen"
        },
        {
          "si": 3,
          "sti": 6,
          "dti": 69,
          "sco": 44,
          "dco": 430,
          "txt": "Sturmlauf"
        },
        {
          "si": 3,
          "sti": 7,
          "dti": 70,
          "sco": 54,
          "dco": 440,
          "txt": "in"
        },
        {
          "si": 3,
          "sti": 8,
          "dti": 71,
          "sco": 57,
          "dco": 443,
          "txt": "der"
        },
        {
          "si": 3,
          "sti": 9,
          "dti": 72,
          "sco": 61,
          "dco": 447,
          "txt": "ersten"
        },
        {
          "si": 3,
          "sti": 10,
          "dti": 73,
          "sco": 68,
          "dco": 454,
          "txt": "Haelfte"
        },
        {
          "si": 3,
          "sti": 11,
          "dti": 74,
          "sco": 76,
          "dco": 462,
          "txt": "gelang"
        },
        {
          "si": 3,
          "sti": 12,
          "dti": 75,
          "sco": 83,
          "dco": 469,
          "txt": "Mittelstuermer"
        },
        {
          "si": 3,
          "sti": 13,
          "dti": 76,
          "sco": 98,
          "dco": 484,
          "txt": "Hao"
        },
        {
          "si": 3,
          "sti": 14,
          "dti": 77,
          "sco": 102,
          "dco": 488,
          "txt": "Haidong"
        },
        {
          "si": 3,
          "sti": 15,
          "dti": 78,
          "sco": 110,
          "dco": 496,
          "txt": "nach"
        },
        {
          "si": 3,
          "sti": 16,
          "dti": 79,
          "sco": 115,
          "dco": 501,
          "txt": "42"
        },
        {
          "si": 3,
          "sti": 17,
          "dti": 80,
          "sco": 118,
          "dco": 504,
          "txt": "Minuten"
        },
        {
          "si": 3,
          "sti": 18,
          "dti": 81,
          "sco": 126,
          "dco": 512,
          "txt": "endlich"
        },
        {
          "si": 3,
          "sti": 19,
          "dti": 82,
          "sco": 134,
          "dco": 520,
          "txt": "der"
        },
        {
          "si": 3,
          "sti": 20,
          "dti": 83,
          "sco": 138,
          "dco": 524,
          "txt": "Fuehrungstreffer"
        },
        {
          "si": 3,
          "sti": 21,
          "dti": 84,
          "sco": 154,
          "dco": 540,
          "txt": "."
        },
        {
          "si": 4,
          "sti": 0,
          "dti": 85,
          "sco": 0,
          "dco": 542,
          "txt": "Der"
        },
        {
          "si": 4,
          "sti": 1,
          "dti": 86,
          "sco": 4,
          "dco": 546,
          "txt": "malaysische"
        },
        {
          "si": 4,
          "sti": 2,
          "dti": 87,
          "sco": 16,
          "dco": 558,
          "txt": "Torhueter"
        },
        {
          "si": 4,
          "sti": 3,
          "dti": 88,
          "sco": 26,
          "dco": 568,
          "txt": "Syamsuri"
        },
        {
          "si": 4,
          "sti": 4,
          "dti": 89,
          "sco": 35,
          "dco": 577,
          "txt": "Mustafa"
        },
        {
          "si": 4,
          "sti": 5,
          "dti": 90,
          "sco": 43,
          "dco": 585,
          "txt": "streckte"
        },
        {
          "si": 4,
          "sti": 6,
          "dti": 91,
          "sco": 52,
          "dco": 594,
          "txt": "sich"
        },
        {
          "si": 4,
          "sti": 7,
          "dti": 92,
          "sco": 57,
          "dco": 599,
          "txt": "vergeblich"
        },
        {
          "si": 4,
          "sti": 8,
          "dti": 93,
          "sco": 67,
          "dco": 609,
          "txt": ","
        },
        {
          "si": 4,
          "sti": 9,
          "dti": 94,
          "sco": 69,
          "dco": 611,
          "txt": "als"
        },
        {
          "si": 4,
          "sti": 10,
          "dti": 95,
          "sco": 73,
          "dco": 615,
          "txt": "er"
        },
        {
          "si": 4,
          "sti": 11,
          "dti": 96,
          "sco": 76,
          "dco": 618,
          "txt": "den"
        },
        {
          "si": 4,
          "sti": 12,
          "dti": 97,
          "sco": 80,
          "dco": 622,
          "txt": "Ball"
        },
        {
          "si": 4,
          "sti": 13,
          "dti": 98,
          "sco": 85,
          "dco": 627,
          "txt": "in"
        },
        {
          "si": 4,
          "sti": 14,
          "dti": 99,
          "sco": 88,
          "dco": 630,
          "txt": "die"
        },
        {
          "si": 4,
          "sti": 15,
          "dti": 100,
          "sco": 92,
          "dco": 634,
          "txt": "linke"
        },
        {
          "si": 4,
          "sti": 16,
          "dti": 101,
          "sco": 98,
          "dco": 640,
          "txt": "untere"
        },
        {
          "si": 4,
          "sti": 17,
          "dti": 102,
          "sco": 105,
          "dco": 647,
          "txt": "Ecke"
        },
        {
          "si": 4,
          "sti": 18,
          "dti": 103,
          "sco": 110,
          "dco": 652,
          "txt": "haemmerte"
        },
        {
          "si": 4,
          "sti": 19,
          "dti": 104,
          "sco": 119,
          "dco": 661,
          "txt": "."
        },
        {
          "si": 5,
          "sti": 0,
          "dti": 105,
          "sco": 0,
          "dco": 663,
          "txt": "Hao"
        },
        {
          "si": 5,
          "sti": 1,
          "dti": 106,
          "sco": 3,
          "dco": 666,
          "txt": ","
        },
        {
          "si": 5,
          "sti": 2,
          "dti": 107,
          "sco": 5,
          "dco": 668,
          "txt": "der"
        },
        {
          "si": 5,
          "sti": 3,
          "dti": 108,
          "sco": 9,
          "dco": 672,
          "txt": "bis"
        },
        {
          "si": 5,
          "sti": 4,
          "dti": 109,
          "sco": 13,
          "dco": 676,
          "txt": "dahin"
        },
        {
          "si": 5,
          "sti": 5,
          "dti": 110,
          "sco": 19,
          "dco": 682,
          "txt": "alle"
        },
        {
          "si": 5,
          "sti": 6,
          "dti": 111,
          "sco": 24,
          "dco": 687,
          "txt": "chinesischen"
        },
        {
          "si": 5,
          "sti": 7,
          "dti": 112,
          "sco": 37,
          "dco": 700,
          "txt": "Tore"
        },
        {
          "si": 5,
          "sti": 8,
          "dti": 113,
          "sco": 42,
          "dco": 705,
          "txt": "in"
        },
        {
          "si": 5,
          "sti": 9,
          "dti": 114,
          "sco": 45,
          "dco": 708,
          "txt": "der"
        },
        {
          "si": 5,
          "sti": 10,
          "dti": 115,
          "sco": 49,
          "dco": 712,
          "txt": "Qualifikation"
        },
        {
          "si": 5,
          "sti": 11,
          "dti": 116,
          "sco": 63,
          "dco": 726,
          "txt": "geschossen"
        },
        {
          "si": 5,
          "sti": 12,
          "dti": 117,
          "sco": 74,
          "dco": 737,
          "txt": "hatte"
        },
        {
          "si": 5,
          "sti": 13,
          "dti": 118,
          "sco": 80,
          "dco": 743,
          "txt": "-"
        },
        {
          "si": 5,
          "sti": 14,
          "dti": 119,
          "sco": 82,
          "dco": 745,
          "txt": "eins"
        },
        {
          "si": 5,
          "sti": 15,
          "dti": 120,
          "sco": 87,
          "dco": 750,
          "txt": "gegen"
        },
        {
          "si": 5,
          "sti": 16,
          "dti": 121,
          "sco": 93,
          "dco": 756,
          "txt": "Kuwait"
        },
        {
          "si": 5,
          "sti": 17,
          "dti": 122,
          "sco": 100,
          "dco": 763,
          "txt": "und"
        },
        {
          "si": 5,
          "sti": 18,
          "dti": 123,
          "sco": 104,
          "dco": 767,
          "txt": "eins"
        },
        {
          "si": 5,
          "sti": 19,
          "dti": 124,
          "sco": 109,
          "dco": 772,
          "txt": "gegen"
        },
        {
          "si": 5,
          "sti": 20,
          "dti": 125,
          "sco": 115,
          "dco": 778,
          "txt": "Hongkong"
        },
        {
          "si": 5,
          "sti": 21,
          "dti": 126,
          "sco": 124,
          "dco": 787,
          "txt": "-"
        },
        {
          "si": 5,
          "sti": 22,
          "dti": 127,
          "sco": 126,
          "dco": 789,
          "txt": "hatte"
        },
        {
          "si": 5,
          "sti": 23,
          "dti": 128,
          "sco": 132,
          "dco": 795,
          "txt": "schon"
        },
        {
          "si": 5,
          "sti": 24,
          "dti": 129,
          "sco": 138,
          "dco": 801,
          "txt": "in"
        },
        {
          "si": 5,
          "sti": 25,
          "dti": 130,
          "sco": 141,
          "dco": 804,
          "txt": "der"
        },
        {
          "si": 5,
          "sti": 26,
          "dti": 131,
          "sco": 145,
          "dco": 808,
          "txt": "fuenften"
        },
        {
          "si": 5,
          "sti": 27,
          "dti": 132,
          "sco": 154,
          "dco": 817,
          "txt": "Minute"
        },
        {
          "si": 5,
          "sti": 28,
          "dti": 133,
          "sco": 161,
          "dco": 824,
          "txt": "getroffen"
        },
        {
          "si": 5,
          "sti": 29,
          "dti": 134,
          "sco": 170,
          "dco": 833,
          "txt": ","
        },
        {
          "si": 5,
          "sti": 30,
          "dti": 135,
          "sco": 172,
          "dco": 835,
          "txt": "doch"
        },
        {
          "si": 5,
          "sti": 31,
          "dti": 136,
          "sco": 177,
          "dco": 840,
          "txt": "das"
        },
        {
          "si": 5,
          "sti": 32,
          "dti": 137,
          "sco": 181,
          "dco": 844,
          "txt": "Tor"
        },
        {
          "si": 5,
          "sti": 33,
          "dti": 138,
          "sco": 185,
          "dco": 848,
          "txt": "war"
        },
        {
          "si": 5,
          "sti": 34,
          "dti": 139,
          "sco": 189,
          "dco": 852,
          "txt": "wegen"
        },
        {
          "si": 5,
          "sti": 35,
          "dti": 140,
          "sco": 195,
          "dco": 858,
          "txt": "Abseits"
        },
        {
          "si": 5,
          "sti": 36,
          "dti": 141,
          "sco": 203,
          "dco": 866,
          "txt": "nicht"
        },
        {
          "si": 5,
          "sti": 37,
          "dti": 142,
          "sco": 209,
          "dco": 872,
          "txt": "anerkannt"
        },
        {
          "si": 5,
          "sti": 38,
          "dti": 143,
          "sco": 219,
          "dco": 882,
          "txt": "worden"
        },
        {
          "si": 5,
          "sti": 39,
          "dti": 144,
          "sco": 225,
          "dco": 888,
          "txt": "."
        },
        {
          "si": 6,
          "sti": 0,
          "dti": 145,
          "sco": 0,
          "dco": 890,
          "txt": "China"
        },
        {
          "si": 6,
          "sti": 1,
          "dti": 146,
          "sco": 6,
          "dco": 896,
          "txt": "hatte"
        },
        {
          "si": 6,
          "sti": 2,
          "dti": 147,
          "sco": 12,
          "dco": 902,
          "txt": "in"
        },
        {
          "si": 6,
          "sti": 3,
          "dti": 148,
          "sco": 15,
          "dco": 905,
          "txt": "der"
        },
        {
          "si": 6,
          "sti": 4,
          "dti": 149,
          "sco": 19,
          "dco": 909,
          "txt": "ersten"
        },
        {
          "si": 6,
          "sti": 5,
          "dti": 150,
          "sco": 26,
          "dco": 916,
          "txt": "Haelfte"
        },
        {
          "si": 6,
          "sti": 6,
          "dti": 151,
          "sco": 34,
          "dco": 924,
          "txt": "einige"
        },
        {
          "si": 6,
          "sti": 7,
          "dti": 152,
          "sco": 41,
          "dco": 931,
          "txt": "gute"
        },
        {
          "si": 6,
          "sti": 8,
          "dti": 153,
          "sco": 46,
          "dco": 936,
          "txt": "Chancen"
        },
        {
          "si": 6,
          "sti": 9,
          "dti": 154,
          "sco": 53,
          "dco": 943,
          "txt": ","
        },
        {
          "si": 6,
          "sti": 10,
          "dti": 155,
          "sco": 55,
          "dco": 945,
          "txt": "darunter"
        },
        {
          "si": 6,
          "sti": 11,
          "dti": 156,
          "sco": 64,
          "dco": 954,
          "txt": "nach"
        },
        {
          "si": 6,
          "sti": 12,
          "dti": 157,
          "sco": 69,
          "dco": 959,
          "txt": "acht"
        },
        {
          "si": 6,
          "sti": 13,
          "dti": 158,
          "sco": 74,
          "dco": 964,
          "txt": "Minuten"
        },
        {
          "si": 6,
          "sti": 14,
          "dti": 159,
          "sco": 82,
          "dco": 972,
          "txt": "einen"
        },
        {
          "si": 6,
          "sti": 15,
          "dti": 160,
          "sco": 88,
          "dco": 978,
          "txt": "Strafstoss"
        },
        {
          "si": 6,
          "sti": 16,
          "dti": 161,
          "sco": 99,
          "dco": 989,
          "txt": "durch"
        },
        {
          "si": 6,
          "sti": 17,
          "dti": 162,
          "sco": 105,
          "dco": 995,
          "txt": "Zheng"
        },
        {
          "si": 6,
          "sti": 18,
          "dti": 163,
          "sco": 111,
          "dco": 1001,
          "txt": "Zhi"
        },
        {
          "si": 6,
          "sti": 19,
          "dti": 164,
          "sco": 114,
          "dco": 1004,
          "txt": ","
        },
        {
          "si": 6,
          "sti": 20,
          "dti": 165,
          "sco": 116,
          "dco": 1006,
          "txt": "doch"
        },
        {
          "si": 6,
          "sti": 21,
          "dti": 166,
          "sco": 121,
          "dco": 1011,
          "txt": "der"
        },
        {
          "si": 6,
          "sti": 22,
          "dti": 167,
          "sco": 125,
          "dco": 1015,
          "txt": "Treffer"
        },
        {
          "si": 6,
          "sti": 23,
          "dti": 168,
          "sco": 133,
          "dco": 1023,
          "txt": "wollte"
        },
        {
          "si": 6,
          "sti": 24,
          "dti": 169,
          "sco": 140,
          "dco": 1030,
          "txt": "einfach"
        },
        {
          "si": 6,
          "sti": 25,
          "dti": 170,
          "sco": 148,
          "dco": 1038,
          "txt": "nicht"
        },
        {
          "si": 6,
          "sti": 26,
          "dti": 171,
          "sco": 154,
          "dco": 1044,
          "txt": "gelingen"
        },
        {
          "si": 6,
          "sti": 27,
          "dti": 172,
          "sco": 162,
          "dco": 1052,
          "txt": "."
        },
        {
          "si": 7,
          "sti": 0,
          "dti": 173,
          "sco": 0,
          "dco": 1054,
          "txt": "In"
        },
        {
          "si": 7,
          "sti": 1,
          "dti": 174,
          "sco": 3,
          "dco": 1057,
          "txt": "der"
        },
        {
          "si": 7,
          "sti": 2,
          "dti": 175,
          "sco": 7,
          "dco": 1061,
          "txt": "zweiten"
        },
        {
          "si": 7,
          "sti": 3,
          "dti": 176,
          "sco": 15,
          "dco": 1069,
          "txt": "Halbzeit"
        },
        {
          "si": 7,
          "sti": 4,
          "dti": 177,
          "sco": 24,
          "dco": 1078,
          "txt": "aenderte"
        },
        {
          "si": 7,
          "sti": 5,
          "dti": 178,
          "sco": 33,
          "dco": 1087,
          "txt": "Chinas"
        },
        {
          "si": 7,
          "sti": 6,
          "dti": 179,
          "sco": 40,
          "dco": 1094,
          "txt": "niederlaendischer"
        },
        {
          "si": 7,
          "sti": 7,
          "dti": 180,
          "sco": 58,
          "dco": 1112,
          "txt": "Trainer"
        },
        {
          "si": 7,
          "sti": 8,
          "dti": 181,
          "sco": 66,
          "dco": 1120,
          "txt": "Arie"
        },
        {
          "si": 7,
          "sti": 9,
          "dti": 182,
          "sco": 71,
          "dco": 1125,
          "txt": "Haan"
        },
        {
          "si": 7,
          "sti": 10,
          "dti": 183,
          "sco": 76,
          "dco": 1130,
          "txt": "die"
        },
        {
          "si": 7,
          "sti": 11,
          "dti": 184,
          "sco": 80,
          "dco": 1134,
          "txt": "Taktik"
        },
        {
          "si": 7,
          "sti": 12,
          "dti": 185,
          "sco": 87,
          "dco": 1141,
          "txt": "seiner"
        },
        {
          "si": 7,
          "sti": 13,
          "dti": 186,
          "sco": 94,
          "dco": 1148,
          "txt": "Mannschaft"
        },
        {
          "si": 7,
          "sti": 14,
          "dti": 187,
          "sco": 105,
          "dco": 1159,
          "txt": "ein"
        },
        {
          "si": 7,
          "sti": 15,
          "dti": 188,
          "sco": 109,
          "dco": 1163,
          "txt": "wenig"
        },
        {
          "si": 7,
          "sti": 16,
          "dti": 189,
          "sco": 114,
          "dco": 1168,
          "txt": ","
        },
        {
          "si": 7,
          "sti": 17,
          "dti": 190,
          "sco": 116,
          "dco": 1170,
          "txt": "die"
        },
        {
          "si": 7,
          "sti": 18,
          "dti": 191,
          "sco": 120,
          "dco": 1174,
          "txt": "Chinesen"
        },
        {
          "si": 7,
          "sti": 19,
          "dti": 192,
          "sco": 129,
          "dco": 1183,
          "txt": "ueberliessen"
        },
        {
          "si": 7,
          "sti": 20,
          "dti": 193,
          "sco": 142,
          "dco": 1196,
          "txt": "Malaysia"
        },
        {
          "si": 7,
          "sti": 21,
          "dti": 194,
          "sco": 151,
          "dco": 1205,
          "txt": "weitgehend"
        },
        {
          "si": 7,
          "sti": 22,
          "dti": 195,
          "sco": 162,
          "dco": 1216,
          "txt": "das"
        },
        {
          "si": 7,
          "sti": 23,
          "dti": 196,
          "sco": 166,
          "dco": 1220,
          "txt": "Mittelfeld"
        },
        {
          "si": 7,
          "sti": 24,
          "dti": 197,
          "sco": 176,
          "dco": 1230,
          "txt": ","
        },
        {
          "si": 7,
          "sti": 25,
          "dti": 198,
          "sco": 178,
          "dco": 1232,
          "txt": "um"
        },
        {
          "si": 7,
          "sti": 26,
          "dti": 199,
          "sco": 181,
          "dco": 1235,
          "txt": "sie"
        },
        {
          "si": 7,
          "sti": 27,
          "dti": 200,
          "sco": 185,
          "dco": 1239,
          "txt": "aus"
        },
        {
          "si": 7,
          "sti": 28,
          "dti": 201,
          "sco": 189,
          "dco": 1243,
          "txt": "der"
        },
        {
          "si": 7,
          "sti": 29,
          "dti": 202,
          "sco": 193,
          "dco": 1247,
          "txt": "massierten"
        },
        {
          "si": 7,
          "sti": 30,
          "dti": 203,
          "sco": 204,
          "dco": 1258,
          "txt": "Defensive"
        },
        {
          "si": 7,
          "sti": 31,
          "dti": 204,
          "sco": 214,
          "dco": 1268,
          "txt": "zu"
        },
        {
          "si": 7,
          "sti": 32,
          "dti": 205,
          "sco": 217,
          "dco": 1271,
          "txt": "locken"
        },
        {
          "si": 7,
          "sti": 33,
          "dti": 206,
          "sco": 223,
          "dco": 1277,
          "txt": "."
        },
        {
          "si": 8,
          "sti": 0,
          "dti": 207,
          "sco": 0,
          "dco": 1279,
          "txt": "Diese"
        },
        {
          "si": 8,
          "sti": 1,
          "dti": 208,
          "sco": 6,
          "dco": 1285,
          "txt": "Strategie"
        },
        {
          "si": 8,
          "sti": 2,
          "dti": 209,
          "sco": 16,
          "dco": 1295,
          "txt": "wurde"
        },
        {
          "si": 8,
          "sti": 3,
          "dti": 210,
          "sco": 22,
          "dco": 1301,
          "txt": "von"
        },
        {
          "si": 8,
          "sti": 4,
          "dti": 211,
          "sco": 26,
          "dco": 1305,
          "txt": "Erfolg"
        },
        {
          "si": 8,
          "sti": 5,
          "dti": 212,
          "sco": 33,
          "dco": 1312,
          "txt": "gekroent"
        },
        {
          "si": 8,
          "sti": 6,
          "dti": 213,
          "sco": 41,
          "dco": 1320,
          "txt": ","
        },
        {
          "si": 8,
          "sti": 7,
          "dti": 214,
          "sco": 43,
          "dco": 1322,
          "txt": "als"
        },
        {
          "si": 8,
          "sti": 8,
          "dti": 215,
          "sco": 47,
          "dco": 1326,
          "txt": "Sun"
        },
        {
          "si": 8,
          "sti": 9,
          "dti": 216,
          "sco": 51,
          "dco": 1330,
          "txt": "Jihai"
        },
        {
          "si": 8,
          "sti": 10,
          "dti": 217,
          "sco": 57,
          "dco": 1336,
          "txt": "von"
        },
        {
          "si": 8,
          "sti": 11,
          "dti": 218,
          "sco": 61,
          "dco": 1340,
          "txt": "Manchester"
        },
        {
          "si": 8,
          "sti": 12,
          "dti": 219,
          "sco": 72,
          "dco": 1351,
          "txt": "City"
        },
        {
          "si": 8,
          "sti": 13,
          "dti": 220,
          "sco": 77,
          "dco": 1356,
          "txt": "in"
        },
        {
          "si": 8,
          "sti": 14,
          "dti": 221,
          "sco": 80,
          "dco": 1359,
          "txt": "der"
        },
        {
          "si": 8,
          "sti": 15,
          "dti": 222,
          "sco": 84,
          "dco": 1363,
          "txt": "66"
        },
        {
          "si": 8,
          "sti": 16,
          "dti": 223,
          "sco": 86,
          "dco": 1365,
          "txt": "."
        },
        {
          "si": 9,
          "sti": 0,
          "dti": 224,
          "sco": 0,
          "dco": 1367,
          "txt": "Minute"
        },
        {
          "si": 9,
          "sti": 1,
          "dti": 225,
          "sco": 7,
          "dco": 1374,
          "txt": "einen"
        },
        {
          "si": 9,
          "sti": 2,
          "dti": 226,
          "sco": 13,
          "dco": 1380,
          "txt": "Abpraller"
        },
        {
          "si": 9,
          "sti": 3,
          "dti": 227,
          "sco": 23,
          "dco": 1390,
          "txt": "nach"
        },
        {
          "si": 9,
          "sti": 4,
          "dti": 228,
          "sco": 28,
          "dco": 1395,
          "txt": "Schuss"
        },
        {
          "si": 9,
          "sti": 5,
          "dti": 229,
          "sco": 35,
          "dco": 1402,
          "txt": "von"
        },
        {
          "si": 9,
          "sti": 6,
          "dti": 230,
          "sco": 39,
          "dco": 1406,
          "txt": "Li"
        },
        {
          "si": 9,
          "sti": 7,
          "dti": 231,
          "sco": 42,
          "dco": 1409,
          "txt": "erwischte"
        },
        {
          "si": 9,
          "sti": 8,
          "dti": 232,
          "sco": 52,
          "dco": 1419,
          "txt": "und"
        },
        {
          "si": 9,
          "sti": 9,
          "dti": 233,
          "sco": 56,
          "dco": 1423,
          "txt": "ihn"
        },
        {
          "si": 9,
          "sti": 10,
          "dti": 234,
          "sco": 60,
          "dco": 1427,
          "txt": "Mustafa"
        },
        {
          "si": 9,
          "sti": 11,
          "dti": 235,
          "sco": 68,
          "dco": 1435,
          "txt": "zum"
        },
        {
          "si": 9,
          "sti": 12,
          "dti": 236,
          "sco": 72,
          "dco": 1439,
          "txt": "2"
        },
        {
          "si": 9,
          "sti": 13,
          "dti": 237,
          "sco": 73,
          "dco": 1440,
          "txt": ":"
        },
        {
          "si": 9,
          "sti": 14,
          "dti": 238,
          "sco": 74,
          "dco": 1441,
          "txt": "0"
        },
        {
          "si": 9,
          "sti": 15,
          "dti": 239,
          "sco": 76,
          "dco": 1443,
          "txt": "durch"
        },
        {
          "si": 9,
          "sti": 16,
          "dti": 240,
          "sco": 82,
          "dco": 1449,
          "txt": "die"
        },
        {
          "si": 9,
          "sti": 17,
          "dti": 241,
          "sco": 86,
          "dco": 1453,
          "txt": "Beine"
        },
        {
          "si": 9,
          "sti": 18,
          "dti": 242,
          "sco": 92,
          "dco": 1459,
          "txt": "schob"
        },
        {
          "si": 9,
          "sti": 19,
          "dti": 243,
          "sco": 97,
          "dco": 1464,
          "txt": "."
        },
        {
          "si": 10,
          "sti": 0,
          "dti": 244,
          "sco": 0,
          "dco": 1466,
          "txt": "Vier"
        },
        {
          "si": 10,
          "sti": 1,
          "dti": 245,
          "sco": 5,
          "dco": 1471,
          "txt": "Minuten"
        },
        {
          "si": 10,
          "sti": 2,
          "dti": 246,
          "sco": 13,
          "dco": 1479,
          "txt": "spaeter"
        },
        {
          "si": 10,
          "sti": 3,
          "dti": 247,
          "sco": 21,
          "dco": 1487,
          "txt": "war"
        },
        {
          "si": 10,
          "sti": 4,
          "dti": 248,
          "sco": 25,
          "dco": 1491,
          "txt": "der"
        },
        {
          "si": 10,
          "sti": 5,
          "dti": 249,
          "sco": 29,
          "dco": 1495,
          "txt": "allgegenwaertige"
        },
        {
          "si": 10,
          "sti": 6,
          "dti": 250,
          "sco": 46,
          "dco": 1512,
          "txt": "Li"
        },
        {
          "si": 10,
          "sti": 7,
          "dti": 251,
          "sco": 49,
          "dco": 1515,
          "txt": "wieder"
        },
        {
          "si": 10,
          "sti": 8,
          "dti": 252,
          "sco": 56,
          "dco": 1522,
          "txt": "zur"
        },
        {
          "si": 10,
          "sti": 9,
          "dti": 253,
          "sco": 60,
          "dco": 1526,
          "txt": "Stelle"
        },
        {
          "si": 10,
          "sti": 10,
          "dti": 254,
          "sco": 67,
          "dco": 1533,
          "txt": "und"
        },
        {
          "si": 10,
          "sti": 11,
          "dti": 255,
          "sco": 71,
          "dco": 1537,
          "txt": "koepfte"
        },
        {
          "si": 10,
          "sti": 12,
          "dti": 256,
          "sco": 79,
          "dco": 1545,
          "txt": "eine"
        },
        {
          "si": 10,
          "sti": 13,
          "dti": 257,
          "sco": 84,
          "dco": 1550,
          "txt": "herrliche"
        },
        {
          "si": 10,
          "sti": 14,
          "dti": 258,
          "sco": 94,
          "dco": 1560,
          "txt": "Flanke"
        },
        {
          "si": 10,
          "sti": 15,
          "dti": 259,
          "sco": 101,
          "dco": 1567,
          "txt": "von"
        },
        {
          "si": 10,
          "sti": 16,
          "dti": 260,
          "sco": 105,
          "dco": 1571,
          "txt": "Zheng"
        },
        {
          "si": 10,
          "sti": 17,
          "dti": 261,
          "sco": 111,
          "dco": 1577,
          "txt": "Bin"
        },
        {
          "si": 10,
          "sti": 18,
          "dti": 262,
          "sco": 115,
          "dco": 1581,
          "txt": "in"
        },
        {
          "si": 10,
          "sti": 19,
          "dti": 263,
          "sco": 118,
          "dco": 1584,
          "txt": "die"
        },
        {
          "si": 10,
          "sti": 20,
          "dti": 264,
          "sco": 122,
          "dco": 1588,
          "txt": "rechte"
        },
        {
          "si": 10,
          "sti": 21,
          "dti": 265,
          "sco": 129,
          "dco": 1595,
          "txt": "untere"
        },
        {
          "si": 10,
          "sti": 22,
          "dti": 266,
          "sco": 136,
          "dco": 1602,
          "txt": "Torecke"
        },
        {
          "si": 10,
          "sti": 23,
          "dti": 267,
          "sco": 143,
          "dco": 1609,
          "txt": "."
        },
        {
          "si": 11,
          "sti": 0,
          "dti": 268,
          "sco": 0,
          "dco": 1611,
          "txt": "Mustafa"
        },
        {
          "si": 11,
          "sti": 1,
          "dti": 269,
          "sco": 8,
          "dco": 1619,
          "txt": "konnte"
        },
        {
          "si": 11,
          "sti": 2,
          "dti": 270,
          "sco": 15,
          "dco": 1626,
          "txt": "nur"
        },
        {
          "si": 11,
          "sti": 3,
          "dti": 271,
          "sco": 19,
          "dco": 1630,
          "txt": "hinterher"
        },
        {
          "si": 11,
          "sti": 4,
          "dti": 272,
          "sco": 29,
          "dco": 1640,
          "txt": "schauen"
        },
        {
          "si": 11,
          "sti": 5,
          "dti": 273,
          "sco": 36,
          "dco": 1647,
          "txt": "."
        },
        {
          "si": 12,
          "sti": 0,
          "dti": 274,
          "sco": 0,
          "dco": 1649,
          "txt": "Li"
        },
        {
          "si": 12,
          "sti": 1,
          "dti": 275,
          "sco": 3,
          "dco": 1652,
          "txt": "setzte"
        },
        {
          "si": 12,
          "sti": 2,
          "dti": 276,
          "sco": 10,
          "dco": 1659,
          "txt": "mit"
        },
        {
          "si": 12,
          "sti": 3,
          "dti": 277,
          "sco": 14,
          "dco": 1663,
          "txt": "einem"
        },
        {
          "si": 12,
          "sti": 4,
          "dti": 278,
          "sco": 20,
          "dco": 1669,
          "txt": "verwandelten"
        },
        {
          "si": 12,
          "sti": 5,
          "dti": 279,
          "sco": 33,
          "dco": 1682,
          "txt": "Strafstoss"
        },
        {
          "si": 12,
          "sti": 6,
          "dti": 280,
          "sco": 44,
          "dco": 1693,
          "txt": "auch"
        },
        {
          "si": 12,
          "sti": 7,
          "dti": 281,
          "sco": 49,
          "dco": 1698,
          "txt": "den"
        },
        {
          "si": 12,
          "sti": 8,
          "dti": 282,
          "sco": 53,
          "dco": 1702,
          "txt": "Schlusspunkt"
        },
        {
          "si": 12,
          "sti": 9,
          "dti": 283,
          "sco": 65,
          "dco": 1714,
          "txt": ":"
        },
        {
          "si": 12,
          "sti": 10,
          "dti": 284,
          "sco": 67,
          "dco": 1716,
          "txt": "K"
        },
        {
          "si": 12,
          "sti": 11,
          "dti": 285,
          "sco": 68,
          "dco": 1717,
          "txt": "."
        },
        {
          "si": 13,
          "sti": 0,
          "dti": 286,
          "sco": 0,
          "dco": 1719,
          "txt": "Nanthakumar"
        },
        {
          "si": 13,
          "sti": 1,
          "dti": 287,
          "sco": 12,
          "dco": 1731,
          "txt": "hatte"
        },
        {
          "si": 13,
          "sti": 2,
          "dti": 288,
          "sco": 18,
          "dco": 1737,
          "txt": "Zheng"
        },
        {
          "si": 13,
          "sti": 3,
          "dti": 289,
          "sco": 24,
          "dco": 1743,
          "txt": "Zhi"
        },
        {
          "si": 13,
          "sti": 4,
          "dti": 290,
          "sco": 28,
          "dco": 1747,
          "txt": "im"
        },
        {
          "si": 13,
          "sti": 5,
          "dti": 291,
          "sco": 31,
          "dco": 1750,
          "txt": "Strafraum"
        },
        {
          "si": 13,
          "sti": 6,
          "dti": 292,
          "sco": 41,
          "dco": 1760,
          "txt": "zu"
        },
        {
          "si": 13,
          "sti": 7,
          "dti": 293,
          "sco": 44,
          "dco": 1763,
          "txt": "Fall"
        },
        {
          "si": 13,
          "sti": 8,
          "dti": 294,
          "sco": 49,
          "dco": 1768,
          "txt": "gebracht"
        },
        {
          "si": 13,
          "sti": 9,
          "dti": 295,
          "sco": 58,
          "dco": 1777,
          "txt": "und"
        },
        {
          "si": 13,
          "sti": 10,
          "dti": 296,
          "sco": 62,
          "dco": 1781,
          "txt": "erhielt"
        },
        {
          "si": 13,
          "sti": 11,
          "dti": 297,
          "sco": 70,
          "dco": 1789,
          "txt": "dafuer"
        },
        {
          "si": 13,
          "sti": 12,
          "dti": 298,
          "sco": 77,
          "dco": 1796,
          "txt": "eine"
        },
        {
          "si": 13,
          "sti": 13,
          "dti": 299,
          "sco": 82,
          "dco": 1801,
          "txt": "Verwarnung"
        },
        {
          "si": 13,
          "sti": 14,
          "dti": 300,
          "sco": 92,
          "dco": 1811,
          "txt": "."
        },
        {
          "si": 14,
          "sti": 0,
          "dti": 301,
          "sco": 0,
          "dco": 1813,
          "txt": "China"
        },
        {
          "si": 14,
          "sti": 1,
          "dti": 302,
          "sco": 6,
          "dco": 1819,
          "txt": "hatte"
        },
        {
          "si": 14,
          "sti": 2,
          "dti": 303,
          "sco": 12,
          "dco": 1825,
          "txt": "vor"
        },
        {
          "si": 14,
          "sti": 3,
          "dti": 304,
          "sco": 16,
          "dco": 1829,
          "txt": "dem"
        },
        {
          "si": 14,
          "sti": 4,
          "dti": 305,
          "sco": 20,
          "dco": 1833,
          "txt": "Spiel"
        },
        {
          "si": 14,
          "sti": 5,
          "dti": 306,
          "sco": 26,
          "dco": 1839,
          "txt": "am"
        },
        {
          "si": 14,
          "sti": 6,
          "dti": 307,
          "sco": 29,
          "dco": 1842,
          "txt": "Mittwoch"
        },
        {
          "si": 14,
          "sti": 7,
          "dti": 308,
          "sco": 38,
          "dco": 1851,
          "txt": "grosses"
        },
        {
          "si": 14,
          "sti": 8,
          "dti": 309,
          "sco": 46,
          "dco": 1859,
          "txt": "Selbstbewusstsein"
        },
        {
          "si": 14,
          "sti": 9,
          "dti": 310,
          "sco": 64,
          "dco": 1877,
          "txt": "gezeigt"
        },
        {
          "si": 14,
          "sti": 10,
          "dti": 311,
          "sco": 72,
          "dco": 1885,
          "txt": "und"
        },
        {
          "si": 14,
          "sti": 11,
          "dti": 312,
          "sco": 76,
          "dco": 1889,
          "txt": "einen"
        },
        {
          "si": 14,
          "sti": 12,
          "dti": 313,
          "sco": 82,
          "dco": 1895,
          "txt": "leichten"
        },
        {
          "si": 14,
          "sti": 13,
          "dti": 314,
          "sco": 91,
          "dco": 1904,
          "txt": "Sieg"
        },
        {
          "si": 14,
          "sti": 14,
          "dti": 315,
          "sco": 96,
          "dco": 1909,
          "txt": "vorhergesagt"
        },
        {
          "si": 14,
          "sti": 15,
          "dti": 316,
          "sco": 108,
          "dco": 1921,
          "txt": ","
        },
        {
          "si": 14,
          "sti": 16,
          "dti": 317,
          "sco": 110,
          "dco": 1923,
          "txt": "da"
        },
        {
          "si": 14,
          "sti": 17,
          "dti": 318,
          "sco": 113,
          "dco": 1926,
          "txt": "Gegner"
        },
        {
          "si": 14,
          "sti": 18,
          "dti": 319,
          "sco": 120,
          "dco": 1933,
          "txt": "Malaysia"
        },
        {
          "si": 14,
          "sti": 19,
          "dti": 320,
          "sco": 129,
          "dco": 1942,
          "txt": "auf"
        },
        {
          "si": 14,
          "sti": 20,
          "dti": 321,
          "sco": 133,
          "dco": 1946,
          "txt": "fuenf"
        },
        {
          "si": 14,
          "sti": 21,
          "dti": 322,
          "sco": 139,
          "dco": 1952,
          "txt": "Stammspieler"
        },
        {
          "si": 14,
          "sti": 22,
          "dti": 323,
          "sco": 152,
          "dco": 1965,
          "txt": "verzichten"
        },
        {
          "si": 14,
          "sti": 23,
          "dti": 324,
          "sco": 163,
          "dco": 1976,
          "txt": "musste"
        },
        {
          "si": 14,
          "sti": 24,
          "dti": 325,
          "sco": 169,
          "dco": 1982,
          "txt": ","
        },
        {
          "si": 14,
          "sti": 25,
          "dti": 326,
          "sco": 171,
          "dco": 1984,
          "txt": "darunter"
        },
        {
          "si": 14,
          "sti": 26,
          "dti": 327,
          "sco": 180,
          "dco": 1993,
          "txt": "Mittelstuermer"
        },
        {
          "si": 14,
          "sti": 27,
          "dti": 328,
          "sco": 195,
          "dco": 2008,
          "txt": "Azmin"
        },
        {
          "si": 14,
          "sti": 28,
          "dti": 329,
          "sco": 201,
          "dco": 2014,
          "txt": "Aziz"
        },
        {
          "si": 14,
          "sti": 29,
          "dti": 330,
          "sco": 206,
          "dco": 2019,
          "txt": "und"
        },
        {
          "si": 14,
          "sti": 30,
          "dti": 331,
          "sco": 210,
          "dco": 2023,
          "txt": "Verteidiger"
        },
        {
          "si": 14,
          "sti": 31,
          "dti": 332,
          "sco": 222,
          "dco": 2035,
          "txt": "Norhafiz"
        },
        {
          "si": 14,
          "sti": 32,
          "dti": 333,
          "sco": 231,
          "dco": 2044,
          "txt": "Zamani"
        },
        {
          "si": 14,
          "sti": 33,
          "dti": 334,
          "sco": 238,
          "dco": 2051,
          "txt": "Misbah"
        },
        {
          "si": 14,
          "sti": 34,
          "dti": 335,
          "sco": 244,
          "dco": 2057,
          "txt": "."
        },
        {
          "si": 15,
          "sti": 0,
          "dti": 336,
          "sco": 0,
          "dco": 2059,
          "txt": "Die"
        },
        {
          "si": 15,
          "sti": 1,
          "dti": 337,
          "sco": 4,
          "dco": 2063,
          "txt": "Gastgeber"
        },
        {
          "si": 15,
          "sti": 2,
          "dti": 338,
          "sco": 14,
          "dco": 2073,
          "txt": "wollten"
        },
        {
          "si": 15,
          "sti": 3,
          "dti": 339,
          "sco": 22,
          "dco": 2081,
          "txt": "mit"
        },
        {
          "si": 15,
          "sti": 4,
          "dti": 340,
          "sco": 26,
          "dco": 2085,
          "txt": "einem"
        },
        {
          "si": 15,
          "sti": 5,
          "dti": 341,
          "sco": 32,
          "dco": 2091,
          "txt": "Sieg"
        },
        {
          "si": 15,
          "sti": 6,
          "dti": 342,
          "sco": 37,
          "dco": 2096,
          "txt": "auch"
        },
        {
          "si": 15,
          "sti": 7,
          "dti": 343,
          "sco": 42,
          "dco": 2101,
          "txt": "fuer"
        },
        {
          "si": 15,
          "sti": 8,
          "dti": 344,
          "sco": 47,
          "dco": 2106,
          "txt": "den"
        },
        {
          "si": 15,
          "sti": 9,
          "dti": 345,
          "sco": 51,
          "dco": 2110,
          "txt": "im"
        },
        {
          "si": 15,
          "sti": 10,
          "dti": 346,
          "sco": 54,
          "dco": 2113,
          "txt": "Juli"
        },
        {
          "si": 15,
          "sti": 11,
          "dti": 347,
          "sco": 59,
          "dco": 2118,
          "txt": "bevorstehenden"
        },
        {
          "si": 15,
          "sti": 12,
          "dti": 348,
          "sco": 74,
          "dco": 2133,
          "txt": "Asienpokal"
        },
        {
          "si": 15,
          "sti": 13,
          "dti": 349,
          "sco": 85,
          "dco": 2144,
          "txt": "im"
        },
        {
          "si": 15,
          "sti": 14,
          "dti": 350,
          "sco": 88,
          "dco": 2147,
          "txt": "eigenen"
        },
        {
          "si": 15,
          "sti": 15,
          "dti": 351,
          "sco": 96,
          "dco": 2155,
          "txt": "Land"
        },
        {
          "si": 15,
          "sti": 16,
          "dti": 352,
          "sco": 101,
          "dco": 2160,
          "txt": "in"
        },
        {
          "si": 15,
          "sti": 17,
          "dti": 353,
          "sco": 104,
          "dco": 2163,
          "txt": "Schwung"
        },
        {
          "si": 15,
          "sti": 18,
          "dti": 354,
          "sco": 112,
          "dco": 2171,
          "txt": "kommen"
        },
        {
          "si": 15,
          "sti": 19,
          "dti": 355,
          "sco": 118,
          "dco": 2177,
          "txt": "."
        },
        {
          "si": 16,
          "sti": 0,
          "dti": 356,
          "sco": 0,
          "dco": 2179,
          "txt": "Sie"
        },
        {
          "si": 16,
          "sti": 1,
          "dti": 357,
          "sco": 4,
          "dco": 2183,
          "txt": "stehen"
        },
        {
          "si": 16,
          "sti": 2,
          "dti": 358,
          "sco": 11,
          "dco": 2190,
          "txt": "jetzt"
        },
        {
          "si": 16,
          "sti": 3,
          "dti": 359,
          "sco": 17,
          "dco": 2196,
          "txt": "mit"
        },
        {
          "si": 16,
          "sti": 4,
          "dti": 360,
          "sco": 21,
          "dco": 2200,
          "txt": "drei"
        },
        {
          "si": 16,
          "sti": 5,
          "dti": 361,
          "sco": 26,
          "dco": 2205,
          "txt": "Siegen"
        },
        {
          "si": 16,
          "sti": 6,
          "dti": 362,
          "sco": 33,
          "dco": 2212,
          "txt": "aus"
        },
        {
          "si": 16,
          "sti": 7,
          "dti": 363,
          "sco": 37,
          "dco": 2216,
          "txt": "drei"
        },
        {
          "si": 16,
          "sti": 8,
          "dti": 364,
          "sco": 42,
          "dco": 2221,
          "txt": "Spielen"
        },
        {
          "si": 16,
          "sti": 9,
          "dti": 365,
          "sco": 50,
          "dco": 2229,
          "txt": "klar"
        },
        {
          "si": 16,
          "sti": 10,
          "dti": 366,
          "sco": 55,
          "dco": 2234,
          "txt": "an"
        },
        {
          "si": 16,
          "sti": 11,
          "dti": 367,
          "sco": 58,
          "dco": 2237,
          "txt": "der"
        },
        {
          "si": 16,
          "sti": 12,
          "dti": 368,
          "sco": 62,
          "dco": 2241,
          "txt": "Spitze"
        },
        {
          "si": 16,
          "sti": 13,
          "dti": 369,
          "sco": 69,
          "dco": 2248,
          "txt": "der"
        },
        {
          "si": 16,
          "sti": 14,
          "dti": 370,
          "sco": 73,
          "dco": 2252,
          "txt": "Gruppe"
        },
        {
          "si": 16,
          "sti": 15,
          "dti": 371,
          "sco": 80,
          "dco": 2259,
          "txt": "vier"
        },
        {
          "si": 16,
          "sti": 16,
          "dti": 372,
          "sco": 85,
          "dco": 2264,
          "txt": "in"
        },
        {
          "si": 16,
          "sti": 17,
          "dti": 373,
          "sco": 88,
          "dco": 2267,
          "txt": "der"
        },
        {
          "si": 16,
          "sti": 18,
          "dti": 374,
          "sco": 92,
          "dco": 2271,
          "txt": "asiatischen"
        },
        {
          "si": 16,
          "sti": 19,
          "dti": 375,
          "sco": 104,
          "dco": 2283,
          "txt": "Qualifikation"
        },
        {
          "si": 16,
          "sti": 20,
          "dti": 376,
          "sco": 118,
          "dco": 2297,
          "txt": "fuer"
        },
        {
          "si": 16,
          "sti": 21,
          "dti": 377,
          "sco": 123,
          "dco": 2302,
          "txt": "den"
        },
        {
          "si": 16,
          "sti": 22,
          "dti": 378,
          "sco": 127,
          "dco": 2306,
          "txt": "FIFA"
        },
        {
          "si": 16,
          "sti": 23,
          "dti": 379,
          "sco": 131,
          "dco": 2310,
          "txt": "-"
        },
        {
          "si": 16,
          "sti": 24,
          "dti": 380,
          "sco": 132,
          "dco": 2311,
          "txt": "Weltpokal"
        },
        {
          "si": 16,
          "sti": 25,
          "dti": 381,
          "sco": 142,
          "dco": 2321,
          "txt": "2006"
        },
        {
          "si": 16,
          "sti": 26,
          "dti": 382,
          "sco": 146,
          "dco": 2325,
          "txt": "."
        },
        {
          "si": 17,
          "sti": 0,
          "dti": 383,
          "sco": 0,
          "dco": 2327,
          "txt": "Malaysia"
        },
        {
          "si": 17,
          "sti": 1,
          "dti": 384,
          "sco": 9,
          "dco": 2336,
          "txt": "wartet"
        },
        {
          "si": 17,
          "sti": 2,
          "dti": 385,
          "sco": 16,
          "dco": 2343,
          "txt": "immer"
        },
        {
          "si": 17,
          "sti": 3,
          "dti": 386,
          "sco": 22,
          "dco": 2349,
          "txt": "noch"
        },
        {
          "si": 17,
          "sti": 4,
          "dti": 387,
          "sco": 27,
          "dco": 2354,
          "txt": "auf"
        },
        {
          "si": 17,
          "sti": 5,
          "dti": 388,
          "sco": 31,
          "dco": 2358,
          "txt": "den"
        },
        {
          "si": 17,
          "sti": 6,
          "dti": 389,
          "sco": 35,
          "dco": 2362,
          "txt": "ersten"
        },
        {
          "si": 17,
          "sti": 7,
          "dti": 390,
          "sco": 42,
          "dco": 2369,
          "txt": "Punkt"
        },
        {
          "si": 17,
          "sti": 8,
          "dti": 391,
          "sco": 47,
          "dco": 2374,
          "txt": ","
        },
        {
          "si": 17,
          "sti": 9,
          "dti": 392,
          "sco": 49,
          "dco": 2376,
          "txt": "nachdem"
        },
        {
          "si": 17,
          "sti": 10,
          "dti": 393,
          "sco": 57,
          "dco": 2384,
          "txt": "hintereinander"
        },
        {
          "si": 17,
          "sti": 11,
          "dti": 394,
          "sco": 72,
          "dco": 2399,
          "txt": "gegen"
        },
        {
          "si": 17,
          "sti": 12,
          "dti": 395,
          "sco": 78,
          "dco": 2405,
          "txt": "Hongkong"
        },
        {
          "si": 17,
          "sti": 13,
          "dti": 396,
          "sco": 86,
          "dco": 2413,
          "txt": ","
        },
        {
          "si": 17,
          "sti": 14,
          "dti": 397,
          "sco": 88,
          "dco": 2415,
          "txt": "Kuwait"
        },
        {
          "si": 17,
          "sti": 15,
          "dti": 398,
          "sco": 95,
          "dco": 2422,
          "txt": "und"
        },
        {
          "si": 17,
          "sti": 16,
          "dti": 399,
          "sco": 99,
          "dco": 2426,
          "txt": "China"
        },
        {
          "si": 17,
          "sti": 17,
          "dti": 400,
          "sco": 105,
          "dco": 2432,
          "txt": "verloren"
        },
        {
          "si": 17,
          "sti": 18,
          "dti": 401,
          "sco": 114,
          "dco": 2441,
          "txt": "wurde"
        },
        {
          "si": 17,
          "sti": 19,
          "dti": 402,
          "sco": 119,
          "dco": 2446,
          "txt": "."
        }
      ]
    },
    "ganns": {
      "dla": [],
      "la": [],
      "ea": [],
      "eta": [
        {
          "ra": {
            "ea": {
              "etn": "QAInstance"
            }
          },
          "sfs": [
            [
              {
                "stn": "hasQuestion22"
              },
              {
                "la": {
                  "txtc": {
                    "sff": "N/A"
                  },
                  "et": {
                    "etn": "Answer"
                  }
                }
              }
            ],
            [
              {
                "stn": "hasQuestion21"
              },
              {
                "la": {
                  "txtc": {
                    "sff": "74"
                  },
                  "et": {
                    "etn": "Answer"
                  }
                }
              }
            ],
            [
              {
                "stn": "hasQuestion20"
              },
              {
                "la": {
                  "txtc": {
                    "sff": "9"
                  },
                  "et": {
                    "etn": "Answer"
                  }
                }
              }
            ],
            [
              {
                "stn": "hasQuestion15"
              },
              {
                "la": {
                  "txtc": {
                    "sff": "N/A"
                  },
                  "et": {
                    "etn": "Answer"
                  }
                }
              }
            ],
            [
              {
                "stn": "hasQuestion14"
              },
              {
                "la": {
                  "txtc": {
                    "sff": "Kaliappan Nanthan Kumar"
                  },
                  "et": {
                    "etn": "Answer"
                  }
                }
              }
            ],
            [
              {
                "stn": "hasQuestion13"
              },
              {
                "la": {
                  "txtc": {
                    "sff": "N/A"
                  },
                  "et": {
                    "etn": "Answer"
                  }
                }
              }
            ],
            [
              {
                "stn": "hasQuestion12"
              },
              {
                "la": {
                  "txtc": {
                    "sff": "Ismail Abd"
                  },
                  "et": {
                    "etn": "Answer"
                  }
                }
              }
            ],
            [
              {
                "stn": "hasQuestion19"
              },
              {
                "la": {
                  "txtc": {
                    "sff": "76"
                  },
                  "et": {
                    "etn": "Answer"
                  }
                }
              }
            ],
            [
              {
                "stn": "hasQuestion18"
              },
              {
                "la": {
                  "txtc": {
                    "sff": "43"
                  },
                  "et": {
                    "etn": "Answer"
                  }
                }
              }
            ],
            [
              {
                "stn": "hasQuestion17"
              },
              {
                "la": {
                  "txtc": {
                    "sff": "Li Xiaopeng"
                  },
                  "et": {
                    "etn": "Answer"
                  }
                }
              }
            ],
            [
              {
                "stn": "hasQuestion16"
              },
              {
                "la": {
                  "txtc": {
                    "sff": "Hao Haidong"
                  },
                  "et": {
                    "etn": "Answer"
                  }
                }
              }
            ],
            [
              {
                "stn": "hasQuestion11"
              },
              {
                "la": {
                  "txtc": {
                    "sff": "VR China"
                  },
                  "et": {
                    "etn": "Answer"
                  }
                }
              }
            ],
            [
              {
                "stn": "hasQuestion10"
              },
              {
                "la": {
                  "txtc": {
                    "sff": "VR China"
                  },
                  "et": {
                    "etn": "Answer"
                  }
                }
              }
            ],
            [
              {
                "stn": "hasQuestion31"
              },
              {
                "la": {
                  "txtc": {
                    "sff": "0"
                  },
                  "et": {
                    "etn": "Answer"
                  }
                }
              }
            ],
            [
              {
                "stn": "hasQuestion30"
              },
              {
                "la": {
                  "txtc": {
                    "sff": "3"
                  },
                  "et": {
                    "etn": "Answer"
                  }
                }
              }
            ],
            [
              {
                "stn": "hasTeamB"
              },
              {
                "eta": {
                  "ra": {
                    "ea": {
                      "etn": "VR China"
                    }
                  },
                  "sfs": {},
                  "mfs": [
                    [
                      {
                        "stn": "hasPlayers"
                      },
                      {
                        "dla": [],
                        "la": [],
                        "ea": [
                          {
                            "etn": "Abdul Manan Eddy"
                          },
                          {
                            "etn": "Adan Muhammad"
                          },
                          {
                            "etn": "Bin Jamlus Mohd Khalid"
                          },
                          {
                            "etn": "Faizal Shahril"
                          },
                          {
                            "etn": "Hussain Muhamad Kaironnisam"
                          },
                          {
                            "etn": "Idrus Irwan"
                          },
                          {
                            "etn": "Ismail Abd"
                          },
                          {
                            "etn": "Kaliappan Nanthan Kumar"
                          },
                          {
                            "etn": "Mahayuddin Indra Putra"
                          },
                          {
                            "etn": "Mustafa Mohamad Syamsuri"
                          },
                          {
                            "etn": "Saari Mohd Fadzli"
                          },
                          {
                            "etn": "Sulong Subri"
                          },
                          {
                            "etn": "Talib Rosdi"
                          },
                          {
                            "etn": "Vellu Saravanan"
                          },
                          {
                            "etn": "Wan Ismail Wan Rohaimi"
                          },
                          {
                            "etn": "Yusop Mohd Nizaruddin"
                          },
                          {
                            "etn": "Zahari Yuzaiman"
                          }
                        ],
                        "eta": []
                      }
                    ]
                  ]
                }
              }
            ],
            [
              {
                "stn": "hasTeamA"
              },
              {
                "eta": {
                  "ra": {
                    "ea": {
                      "etn": "VR China"
                    }
                  },
                  "sfs": {},
                  "mfs": [
                    [
                      {
                        "stn": "hasPlayers"
                      },
                      {
                        "dla": [],
                        "la": [],
                        "ea": [
                          {
                            "etn": "Hao Haidong"
                          },
                          {
                            "etn": "Li Jinyu"
                          },
                          {
                            "etn": "Li Weifeng"
                          },
                          {
                            "etn": "Li Xiaopeng"
                          },
                          {
                            "etn": "Li Yi"
                          },
                          {
                            "etn": "Liu Yunfei"
                          },
                          {
                            "etn": "Sun Jihai"
                          },
                          {
                            "etn": "Wang Peng"
                          },
                          {
                            "etn": "Wei Xin"
                          },
                          {
                            "etn": "Xu Yunlong"
                          },
                          {
                            "etn": "Yan Song"
                          },
                          {
                            "etn": "Zhang Yaokun"
                          },
                          {
                            "etn": "Zhao Junzhe"
                          },
                          {
                            "etn": "Zheng Bin"
                          },
                          {
                            "etn": "Zheng Zhi"
                          },
                          {
                            "etn": "Zhou Haibin"
                          },
                          {
                            "etn": "Zhou Ting"
                          }
                        ],
                        "eta": []
                      }
                    ]
                  ]
                }
              }
            ],
            [
              {
                "stn": "hasQuestion9"
              },
              {
                "la": {
                  "txtc": {
                    "sff": "N/A"
                  },
                  "et": {
                    "etn": "Answer"
                  }
                }
              }
            ],
            [
              {
                "stn": "hasQuestion1"
              },
              {
                "la": {
                  "txtc": {
                    "sff": "false"
                  },
                  "et": {
                    "etn": "Answer"
                  }
                }
              }
            ],
            [
              {
                "stn": "hasQuestion26"
              },
              {
                "la": {
                  "txtc": {
                    "sff": "0"
                  },
                  "et": {
                    "etn": "Answer"
                  }
                }
              }
            ],
            [
              {
                "stn": "hasQuestion2"
              },
              {
                "la": {
                  "txtc": {
                    "sff": "1:0"
                  },
                  "et": {
                    "etn": "Answer"
                  }
                }
              }
            ],
            [
              {
                "stn": "hasQuestion25"
              },
              {
                "la": {
                  "txtc": {
                    "sff": "N/A"
                  },
                  "et": {
                    "etn": "Answer"
                  }
                }
              }
            ],
            [
              {
                "stn": "hasQuestion24"
              },
              {
                "la": {
                  "txtc": {
                    "sff": "N/A"
                  },
                  "et": {
                    "etn": "Answer"
                  }
                }
              }
            ],
            [
              {
                "stn": "hasQuestion3"
              },
              {
                "la": {
                  "txtc": {
                    "sff": "4:0"
                  },
                  "et": {
                    "etn": "Answer"
                  }
                }
              }
            ],
            [
              {
                "stn": "hasQuestion23"
              },
              {
                "la": {
                  "txtc": {
                    "sff": "N/A"
                  },
                  "et": {
                    "etn": "Answer"
                  }
                }
              }
            ],
            [
              {
                "stn": "hasQuestion4"
              },
              {
                "la": {
                  "txtc": {
                    "sff": "N/A"
                  },
                  "et": {
                    "etn": "Answer"
                  }
                }
              }
            ],
            [
              {
                "stn": "hasQuestion5"
              },
              {
                "la": {
                  "txtc": {
                    "sff": "VR China,Malaysia"
                  },
                  "et": {
                    "etn": "Answer"
                  }
                }
              }
            ],
            [
              {
                "stn": "hasQuestion29"
              },
              {
                "la": {
                  "txtc": {
                    "sff": "0"
                  },
                  "et": {
                    "etn": "Answer"
                  }
                }
              }
            ],
            [
              {
                "stn": "hasQuestion6"
              },
              {
                "la": {
                  "txtc": {
                    "sff": "Malaysia"
                  },
                  "et": {
                    "etn": "Answer"
                  }
                }
              }
            ],
            [
              {
                "stn": "hasQuestion28"
              },
              {
                "la": {
                  "txtc": {
                    "sff": "47"
                  },
                  "et": {
                    "etn": "Answer"
                  }
                }
              }
            ],
            [
              {
                "stn": "hasQuestion7"
              },
              {
                "la": {
                  "txtc": {
                    "sff": "N/A"
                  },
                  "et": {
                    "etn": "Answer"
                  }
                }
              }
            ],
            [
              {
                "stn": "hasQuestion27"
              },
              {
                "la": {
                  "txtc": {
                    "sff": "43"
                  },
                  "et": {
                    "etn": "Answer"
                  }
                }
              }
            ],
            [
              {
                "stn": "hasQuestion8"
              },
              {
                "la": {
                  "txtc": {
                    "sff": "Malaysia"
                  },
                  "et": {
                    "etn": "Answer"
                  }
                }
              }
            ]
          ],
          "mfs": {}
        }
      ]
    }
  }
]
