[
  {
    "context": "UNSPECIFIED",
    "doc": {
      "id": "en_mr36572_struct",
      "tl": [
        {
          "si": 0,
          "sti": 0,
          "dti": 0,
          "sco": 0,
          "dco": 0,
          "txt": "Slovakia"
        },
        {
          "si": 0,
          "sti": 1,
          "dti": 1,
          "sco": 9,
          "dco": 9,
          "txt": "hold"
        },
        {
          "si": 0,
          "sti": 2,
          "dti": 2,
          "sco": 14,
          "dco": 14,
          "txt": "Russia"
        },
        {
          "si": 0,
          "sti": 3,
          "dti": 3,
          "sco": 21,
          "dco": 21,
          "txt": "to"
        },
        {
          "si": 0,
          "sti": 4,
          "dti": 4,
          "sco": 24,
          "dco": 24,
          "txt": "reach"
        },
        {
          "si": 0,
          "sti": 5,
          "dti": 5,
          "sco": 30,
          "dco": 30,
          "txt": "play"
        },
        {
          "si": 0,
          "sti": 6,
          "dti": 6,
          "sco": 34,
          "dco": 34,
          "txt": "-"
        },
        {
          "si": 0,
          "sti": 7,
          "dti": 7,
          "sco": 35,
          "dco": 35,
          "txt": "offs"
        },
        {
          "si": 0,
          "sti": 8,
          "dti": 8,
          "sco": 39,
          "dco": 39,
          "txt": "."
        },
        {
          "si": 1,
          "sti": 0,
          "dti": 9,
          "sco": 0,
          "dco": 41,
          "txt": "Slovakia"
        },
        {
          "si": 1,
          "sti": 1,
          "dti": 10,
          "sco": 9,
          "dco": 50,
          "txt": "took"
        },
        {
          "si": 1,
          "sti": 2,
          "dti": 11,
          "sco": 14,
          "dco": 55,
          "txt": "a"
        },
        {
          "si": 1,
          "sti": 3,
          "dti": 12,
          "sco": 16,
          "dco": 57,
          "txt": "step"
        },
        {
          "si": 1,
          "sti": 4,
          "dti": 13,
          "sco": 21,
          "dco": 62,
          "txt": "closer"
        },
        {
          "si": 1,
          "sti": 5,
          "dti": 14,
          "sco": 28,
          "dco": 69,
          "txt": "to"
        },
        {
          "si": 1,
          "sti": 6,
          "dti": 15,
          "sco": 31,
          "dco": 72,
          "txt": "a"
        },
        {
          "si": 1,
          "sti": 7,
          "dti": 16,
          "sco": 33,
          "dco": 74,
          "txt": "first"
        },
        {
          "si": 1,
          "sti": 8,
          "dti": 17,
          "sco": 39,
          "dco": 80,
          "txt": "ever"
        },
        {
          "si": 1,
          "sti": 9,
          "dti": 18,
          "sco": 44,
          "dco": 85,
          "txt": "FIFA"
        },
        {
          "si": 1,
          "sti": 10,
          "dti": 19,
          "sco": 49,
          "dco": 90,
          "txt": "World"
        },
        {
          "si": 1,
          "sti": 11,
          "dti": 20,
          "sco": 55,
          "dco": 96,
          "txt": "Cup"
        },
        {
          "si": 1,
          "sti": 12,
          "dti": 21,
          "sco": 59,
          "dco": 100,
          "txt": "finals"
        },
        {
          "si": 1,
          "sti": 13,
          "dti": 22,
          "sco": 66,
          "dco": 107,
          "txt": "appearance"
        },
        {
          "si": 1,
          "sti": 14,
          "dti": 23,
          "sco": 77,
          "dco": 118,
          "txt": "when"
        },
        {
          "si": 1,
          "sti": 15,
          "dti": 24,
          "sco": 82,
          "dco": 123,
          "txt": "a"
        },
        {
          "si": 1,
          "sti": 16,
          "dti": 25,
          "sco": 84,
          "dco": 125,
          "txt": "0"
        },
        {
          "si": 1,
          "sti": 17,
          "dti": 26,
          "sco": 85,
          "dco": 126,
          "txt": "-"
        },
        {
          "si": 1,
          "sti": 18,
          "dti": 27,
          "sco": 86,
          "dco": 127,
          "txt": "0"
        },
        {
          "si": 1,
          "sti": 19,
          "dti": 28,
          "sco": 88,
          "dco": 129,
          "txt": "draw"
        },
        {
          "si": 1,
          "sti": 20,
          "dti": 29,
          "sco": 93,
          "dco": 134,
          "txt": "with"
        },
        {
          "si": 1,
          "sti": 21,
          "dti": 30,
          "sco": 98,
          "dco": 139,
          "txt": "Russia"
        },
        {
          "si": 1,
          "sti": 22,
          "dti": 31,
          "sco": 105,
          "dco": 146,
          "txt": "in"
        },
        {
          "si": 1,
          "sti": 23,
          "dti": 32,
          "sco": 108,
          "dco": 149,
          "txt": "Bratislava"
        },
        {
          "si": 1,
          "sti": 24,
          "dti": 33,
          "sco": 119,
          "dco": 160,
          "txt": "on"
        },
        {
          "si": 1,
          "sti": 25,
          "dti": 34,
          "sco": 122,
          "dco": 163,
          "txt": "Wednesday"
        },
        {
          "si": 1,
          "sti": 26,
          "dti": 35,
          "sco": 132,
          "dco": 173,
          "txt": "gave"
        },
        {
          "si": 1,
          "sti": 27,
          "dti": 36,
          "sco": 137,
          "dco": 178,
          "txt": "them"
        },
        {
          "si": 1,
          "sti": 28,
          "dti": 37,
          "sco": 142,
          "dco": 183,
          "txt": "a"
        },
        {
          "si": 1,
          "sti": 29,
          "dti": 38,
          "sco": 144,
          "dco": 185,
          "txt": "place"
        },
        {
          "si": 1,
          "sti": 30,
          "dti": 39,
          "sco": 150,
          "dco": 191,
          "txt": "in"
        },
        {
          "si": 1,
          "sti": 31,
          "dti": 40,
          "sco": 153,
          "dco": 194,
          "txt": "the"
        },
        {
          "si": 1,
          "sti": 32,
          "dti": 41,
          "sco": 157,
          "dco": 198,
          "txt": "European"
        },
        {
          "si": 1,
          "sti": 33,
          "dti": 42,
          "sco": 166,
          "dco": 207,
          "txt": "qualifying"
        },
        {
          "si": 1,
          "sti": 34,
          "dti": 43,
          "sco": 177,
          "dco": 218,
          "txt": "play"
        },
        {
          "si": 1,
          "sti": 35,
          "dti": 44,
          "sco": 181,
          "dco": 222,
          "txt": "-"
        },
        {
          "si": 1,
          "sti": 36,
          "dti": 45,
          "sco": 182,
          "dco": 223,
          "txt": "offs"
        },
        {
          "si": 1,
          "sti": 37,
          "dti": 46,
          "sco": 186,
          "dco": 227,
          "txt": "."
        },
        {
          "si": 2,
          "sti": 0,
          "dti": 47,
          "sco": 0,
          "dco": 229,
          "txt": "Slovakia"
        },
        {
          "si": 2,
          "sti": 1,
          "dti": 48,
          "sco": 9,
          "dco": 238,
          "txt": "finished"
        },
        {
          "si": 2,
          "sti": 2,
          "dti": 49,
          "sco": 18,
          "dco": 247,
          "txt": "in"
        },
        {
          "si": 2,
          "sti": 3,
          "dti": 50,
          "sco": 21,
          "dco": 250,
          "txt": "second"
        },
        {
          "si": 2,
          "sti": 4,
          "dti": 51,
          "sco": 28,
          "dco": 257,
          "txt": "place"
        },
        {
          "si": 2,
          "sti": 5,
          "dti": 52,
          "sco": 34,
          "dco": 263,
          "txt": "in"
        },
        {
          "si": 2,
          "sti": 6,
          "dti": 53,
          "sco": 37,
          "dco": 266,
          "txt": "Group"
        },
        {
          "si": 2,
          "sti": 7,
          "dti": 54,
          "sco": 43,
          "dco": 272,
          "txt": "3"
        },
        {
          "si": 2,
          "sti": 8,
          "dti": 55,
          "sco": 44,
          "dco": 273,
          "txt": ","
        },
        {
          "si": 2,
          "sti": 9,
          "dti": 56,
          "sco": 46,
          "dco": 275,
          "txt": "seven"
        },
        {
          "si": 2,
          "sti": 10,
          "dti": 57,
          "sco": 52,
          "dco": 281,
          "txt": "points"
        },
        {
          "si": 2,
          "sti": 11,
          "dti": 58,
          "sco": 59,
          "dco": 288,
          "txt": "behind"
        },
        {
          "si": 2,
          "sti": 12,
          "dti": 59,
          "sco": 66,
          "dco": 295,
          "txt": "runaway"
        },
        {
          "si": 2,
          "sti": 13,
          "dti": 60,
          "sco": 74,
          "dco": 303,
          "txt": "leaders"
        },
        {
          "si": 2,
          "sti": 14,
          "dti": 61,
          "sco": 82,
          "dco": 311,
          "txt": "Portugal"
        },
        {
          "si": 2,
          "sti": 15,
          "dti": 62,
          "sco": 90,
          "dco": 319,
          "txt": ","
        },
        {
          "si": 2,
          "sti": 16,
          "dti": 63,
          "sco": 92,
          "dco": 321,
          "txt": "having"
        },
        {
          "si": 2,
          "sti": 17,
          "dti": 64,
          "sco": 99,
          "dco": 328,
          "txt": "gone"
        },
        {
          "si": 2,
          "sti": 18,
          "dti": 65,
          "sco": 104,
          "dco": 333,
          "txt": "into"
        },
        {
          "si": 2,
          "sti": 19,
          "dti": 66,
          "sco": 109,
          "dco": 338,
          "txt": "this"
        },
        {
          "si": 2,
          "sti": 20,
          "dti": 67,
          "sco": 114,
          "dco": 343,
          "txt": "final"
        },
        {
          "si": 2,
          "sti": 21,
          "dti": 68,
          "sco": 120,
          "dco": 349,
          "txt": "match"
        },
        {
          "si": 2,
          "sti": 22,
          "dti": 69,
          "sco": 126,
          "dco": 355,
          "txt": "knowing"
        },
        {
          "si": 2,
          "sti": 23,
          "dti": 70,
          "sco": 134,
          "dco": 363,
          "txt": "that"
        },
        {
          "si": 2,
          "sti": 24,
          "dti": 71,
          "sco": 139,
          "dco": 368,
          "txt": "a"
        },
        {
          "si": 2,
          "sti": 25,
          "dti": 72,
          "sco": 141,
          "dco": 370,
          "txt": "draw"
        },
        {
          "si": 2,
          "sti": 26,
          "dti": 73,
          "sco": 146,
          "dco": 375,
          "txt": "would"
        },
        {
          "si": 2,
          "sti": 27,
          "dti": 74,
          "sco": 152,
          "dco": 381,
          "txt": "guarantee"
        },
        {
          "si": 2,
          "sti": 28,
          "dti": 75,
          "sco": 162,
          "dco": 391,
          "txt": "them"
        },
        {
          "si": 2,
          "sti": 29,
          "dti": 76,
          "sco": 167,
          "dco": 396,
          "txt": "passage"
        },
        {
          "si": 2,
          "sti": 30,
          "dti": 77,
          "sco": 175,
          "dco": 404,
          "txt": "to"
        },
        {
          "si": 2,
          "sti": 31,
          "dti": 78,
          "sco": 178,
          "dco": 407,
          "txt": "the"
        },
        {
          "si": 2,
          "sti": 32,
          "dti": 79,
          "sco": 182,
          "dco": 411,
          "txt": "play"
        },
        {
          "si": 2,
          "sti": 33,
          "dti": 80,
          "sco": 186,
          "dco": 415,
          "txt": "-"
        },
        {
          "si": 2,
          "sti": 34,
          "dti": 81,
          "sco": 187,
          "dco": 416,
          "txt": "offs"
        },
        {
          "si": 2,
          "sti": 35,
          "dti": 82,
          "sco": 191,
          "dco": 420,
          "txt": "."
        },
        {
          "si": 3,
          "sti": 0,
          "dti": 83,
          "sco": 0,
          "dco": 422,
          "txt": "A"
        },
        {
          "si": 3,
          "sti": 1,
          "dti": 84,
          "sco": 2,
          "dco": 424,
          "txt": "crowd"
        },
        {
          "si": 3,
          "sti": 2,
          "dti": 85,
          "sco": 8,
          "dco": 430,
          "txt": "of"
        },
        {
          "si": 3,
          "sti": 3,
          "dti": 86,
          "sco": 11,
          "dco": 433,
          "txt": "22"
        },
        {
          "si": 3,
          "sti": 4,
          "dti": 87,
          "sco": 13,
          "dco": 435,
          "txt": ","
        },
        {
          "si": 3,
          "sti": 5,
          "dti": 88,
          "sco": 14,
          "dco": 436,
          "txt": "000"
        },
        {
          "si": 3,
          "sti": 6,
          "dti": 89,
          "sco": 18,
          "dco": 440,
          "txt": "saw"
        },
        {
          "si": 3,
          "sti": 7,
          "dti": 90,
          "sco": 22,
          "dco": 444,
          "txt": "Szilard"
        },
        {
          "si": 3,
          "sti": 8,
          "dti": 91,
          "sco": 30,
          "dco": 452,
          "txt": "Nemeth"
        },
        {
          "si": 3,
          "sti": 9,
          "dti": 92,
          "sco": 37,
          "dco": 459,
          "txt": "come"
        },
        {
          "si": 3,
          "sti": 10,
          "dti": 93,
          "sco": 42,
          "dco": 464,
          "txt": "close"
        },
        {
          "si": 3,
          "sti": 11,
          "dti": 94,
          "sco": 48,
          "dco": 470,
          "txt": "to"
        },
        {
          "si": 3,
          "sti": 12,
          "dti": 95,
          "sco": 51,
          "dco": 473,
          "txt": "scoring"
        },
        {
          "si": 3,
          "sti": 13,
          "dti": 96,
          "sco": 59,
          "dco": 481,
          "txt": "for"
        },
        {
          "si": 3,
          "sti": 14,
          "dti": 97,
          "sco": 63,
          "dco": 485,
          "txt": "the"
        },
        {
          "si": 3,
          "sti": 15,
          "dti": 98,
          "sco": 67,
          "dco": 489,
          "txt": "home"
        },
        {
          "si": 3,
          "sti": 16,
          "dti": 99,
          "sco": 72,
          "dco": 494,
          "txt": "side"
        },
        {
          "si": 3,
          "sti": 17,
          "dti": 100,
          "sco": 77,
          "dco": 499,
          "txt": "in"
        },
        {
          "si": 3,
          "sti": 18,
          "dti": 101,
          "sco": 80,
          "dco": 502,
          "txt": "the"
        },
        {
          "si": 3,
          "sti": 19,
          "dti": 102,
          "sco": 84,
          "dco": 506,
          "txt": "eighth"
        },
        {
          "si": 3,
          "sti": 20,
          "dti": 103,
          "sco": 91,
          "dco": 513,
          "txt": "minute"
        },
        {
          "si": 3,
          "sti": 21,
          "dti": 104,
          "sco": 98,
          "dco": 520,
          "txt": "but"
        },
        {
          "si": 3,
          "sti": 22,
          "dti": 105,
          "sco": 102,
          "dco": 524,
          "txt": "he"
        },
        {
          "si": 3,
          "sti": 23,
          "dti": 106,
          "sco": 105,
          "dco": 527,
          "txt": "was"
        },
        {
          "si": 3,
          "sti": 24,
          "dti": 107,
          "sco": 109,
          "dco": 531,
          "txt": "denied"
        },
        {
          "si": 3,
          "sti": 25,
          "dti": 108,
          "sco": 116,
          "dco": 538,
          "txt": "by"
        },
        {
          "si": 3,
          "sti": 26,
          "dti": 109,
          "sco": 119,
          "dco": 541,
          "txt": "Igor"
        },
        {
          "si": 3,
          "sti": 27,
          "dti": 110,
          "sco": 124,
          "dco": 546,
          "txt": "Akinfeev"
        },
        {
          "si": 3,
          "sti": 28,
          "dti": 111,
          "sco": 133,
          "dco": 555,
          "txt": "in"
        },
        {
          "si": 3,
          "sti": 29,
          "dti": 112,
          "sco": 136,
          "dco": 558,
          "txt": "the"
        },
        {
          "si": 3,
          "sti": 30,
          "dti": 113,
          "sco": 140,
          "dco": 562,
          "txt": "Russia"
        },
        {
          "si": 3,
          "sti": 31,
          "dti": 114,
          "sco": 147,
          "dco": 569,
          "txt": "goal"
        },
        {
          "si": 3,
          "sti": 32,
          "dti": 115,
          "sco": 151,
          "dco": 573,
          "txt": "."
        },
        {
          "si": 4,
          "sti": 0,
          "dti": 116,
          "sco": 0,
          "dco": 575,
          "txt": "In"
        },
        {
          "si": 4,
          "sti": 1,
          "dti": 117,
          "sco": 3,
          "dco": 578,
          "txt": "the"
        },
        {
          "si": 4,
          "sti": 2,
          "dti": 118,
          "sco": 7,
          "dco": 582,
          "txt": "37"
        },
        {
          "si": 4,
          "sti": 3,
          "dti": 119,
          "sco": 9,
          "dco": 584,
          "txt": "th"
        },
        {
          "si": 4,
          "sti": 4,
          "dti": 120,
          "sco": 12,
          "dco": 587,
          "txt": "minute"
        },
        {
          "si": 4,
          "sti": 5,
          "dti": 121,
          "sco": 18,
          "dco": 593,
          "txt": ","
        },
        {
          "si": 4,
          "sti": 6,
          "dti": 122,
          "sco": 20,
          "dco": 595,
          "txt": "Robert"
        },
        {
          "si": 4,
          "sti": 7,
          "dti": 123,
          "sco": 27,
          "dco": 602,
          "txt": "Vittek"
        },
        {
          "si": 4,
          "sti": 8,
          "dti": 124,
          "sco": 34,
          "dco": 609,
          "txt": "passed"
        },
        {
          "si": 4,
          "sti": 9,
          "dti": 125,
          "sco": 41,
          "dco": 616,
          "txt": "to"
        },
        {
          "si": 4,
          "sti": 10,
          "dti": 126,
          "sco": 44,
          "dco": 619,
          "txt": "Ivan"
        },
        {
          "si": 4,
          "sti": 11,
          "dti": 127,
          "sco": 49,
          "dco": 624,
          "txt": "Hodur"
        },
        {
          "si": 4,
          "sti": 12,
          "dti": 128,
          "sco": 55,
          "dco": 630,
          "txt": "but"
        },
        {
          "si": 4,
          "sti": 13,
          "dti": 129,
          "sco": 59,
          "dco": 634,
          "txt": "his"
        },
        {
          "si": 4,
          "sti": 14,
          "dti": 130,
          "sco": 63,
          "dco": 638,
          "txt": "drive"
        },
        {
          "si": 4,
          "sti": 15,
          "dti": 131,
          "sco": 69,
          "dco": 644,
          "txt": "came"
        },
        {
          "si": 4,
          "sti": 16,
          "dti": 132,
          "sco": 74,
          "dco": 649,
          "txt": "back"
        },
        {
          "si": 4,
          "sti": 17,
          "dti": 133,
          "sco": 79,
          "dco": 654,
          "txt": "off"
        },
        {
          "si": 4,
          "sti": 18,
          "dti": 134,
          "sco": 83,
          "dco": 658,
          "txt": "a"
        },
        {
          "si": 4,
          "sti": 19,
          "dti": 135,
          "sco": 85,
          "dco": 660,
          "txt": "post"
        },
        {
          "si": 4,
          "sti": 20,
          "dti": 136,
          "sco": 89,
          "dco": 664,
          "txt": "."
        },
        {
          "si": 5,
          "sti": 0,
          "dti": 137,
          "sco": 0,
          "dco": 666,
          "txt": "Russia"
        },
        {
          "si": 5,
          "sti": 1,
          "dti": 138,
          "sco": 7,
          "dco": 673,
          "txt": "were"
        },
        {
          "si": 5,
          "sti": 2,
          "dti": 139,
          "sco": 12,
          "dco": 678,
          "txt": "livelier"
        },
        {
          "si": 5,
          "sti": 3,
          "dti": 140,
          "sco": 21,
          "dco": 687,
          "txt": "after"
        },
        {
          "si": 5,
          "sti": 4,
          "dti": 141,
          "sco": 27,
          "dco": 693,
          "txt": "the"
        },
        {
          "si": 5,
          "sti": 5,
          "dti": 142,
          "sco": 31,
          "dco": 697,
          "txt": "interval"
        },
        {
          "si": 5,
          "sti": 6,
          "dti": 143,
          "sco": 40,
          "dco": 706,
          "txt": "but"
        },
        {
          "si": 5,
          "sti": 7,
          "dti": 144,
          "sco": 44,
          "dco": 710,
          "txt": "the"
        },
        {
          "si": 5,
          "sti": 8,
          "dti": 145,
          "sco": 48,
          "dco": 714,
          "txt": "Slovakians"
        },
        {
          "si": 5,
          "sti": 9,
          "dti": 146,
          "sco": 59,
          "dco": 725,
          "txt": "still"
        },
        {
          "si": 5,
          "sti": 10,
          "dti": 147,
          "sco": 65,
          "dco": 731,
          "txt": "had"
        },
        {
          "si": 5,
          "sti": 11,
          "dti": 148,
          "sco": 69,
          "dco": 735,
          "txt": "the"
        },
        {
          "si": 5,
          "sti": 12,
          "dti": 149,
          "sco": 73,
          "dco": 739,
          "txt": "clearer"
        },
        {
          "si": 5,
          "sti": 13,
          "dti": 150,
          "sco": 81,
          "dco": 747,
          "txt": "chances"
        },
        {
          "si": 5,
          "sti": 14,
          "dti": 151,
          "sco": 89,
          "dco": 755,
          "txt": "with"
        },
        {
          "si": 5,
          "sti": 15,
          "dti": 152,
          "sco": 94,
          "dco": 760,
          "txt": "Filip"
        },
        {
          "si": 5,
          "sti": 16,
          "dti": 153,
          "sco": 100,
          "dco": 766,
          "txt": "Holosko"
        },
        {
          "si": 5,
          "sti": 17,
          "dti": 154,
          "sco": 108,
          "dco": 774,
          "txt": "again"
        },
        {
          "si": 5,
          "sti": 18,
          "dti": 155,
          "sco": 114,
          "dco": 780,
          "txt": "being"
        },
        {
          "si": 5,
          "sti": 19,
          "dti": 156,
          "sco": 120,
          "dco": 786,
          "txt": "denied"
        },
        {
          "si": 5,
          "sti": 20,
          "dti": 157,
          "sco": 127,
          "dco": 793,
          "txt": "by"
        },
        {
          "si": 5,
          "sti": 21,
          "dti": 158,
          "sco": 130,
          "dco": 796,
          "txt": "Akinfeev"
        },
        {
          "si": 5,
          "sti": 22,
          "dti": 159,
          "sco": 139,
          "dco": 805,
          "txt": "in"
        },
        {
          "si": 5,
          "sti": 23,
          "dti": 160,
          "sco": 142,
          "dco": 808,
          "txt": "goal"
        },
        {
          "si": 5,
          "sti": 24,
          "dti": 161,
          "sco": 146,
          "dco": 812,
          "txt": "."
        },
        {
          "si": 6,
          "sti": 0,
          "dti": 162,
          "sco": 0,
          "dco": 814,
          "txt": "Akinfeev"
        },
        {
          "si": 6,
          "sti": 1,
          "dti": 163,
          "sco": 9,
          "dco": 823,
          "txt": "then"
        },
        {
          "si": 6,
          "sti": 2,
          "dti": 164,
          "sco": 14,
          "dco": 828,
          "txt": "stopped"
        },
        {
          "si": 6,
          "sti": 3,
          "dti": 165,
          "sco": 22,
          "dco": 836,
          "txt": "a"
        },
        {
          "si": 6,
          "sti": 4,
          "dti": 166,
          "sco": 24,
          "dco": 838,
          "txt": "Vittek"
        },
        {
          "si": 6,
          "sti": 5,
          "dti": 167,
          "sco": 31,
          "dco": 845,
          "txt": "attempt"
        },
        {
          "si": 6,
          "sti": 6,
          "dti": 168,
          "sco": 39,
          "dco": 853,
          "txt": "in"
        },
        {
          "si": 6,
          "sti": 7,
          "dti": 169,
          "sco": 42,
          "dco": 856,
          "txt": "the"
        },
        {
          "si": 6,
          "sti": 8,
          "dti": 170,
          "sco": 46,
          "dco": 860,
          "txt": "76"
        },
        {
          "si": 6,
          "sti": 9,
          "dti": 171,
          "sco": 48,
          "dco": 862,
          "txt": "th"
        },
        {
          "si": 6,
          "sti": 10,
          "dti": 172,
          "sco": 51,
          "dco": 865,
          "txt": "minute"
        },
        {
          "si": 6,
          "sti": 11,
          "dti": 173,
          "sco": 58,
          "dco": 872,
          "txt": "before"
        },
        {
          "si": 6,
          "sti": 12,
          "dti": 174,
          "sco": 65,
          "dco": 879,
          "txt": "Holosko"
        },
        {
          "si": 6,
          "sti": 13,
          "dti": 175,
          "sco": 73,
          "dco": 887,
          "txt": "again"
        },
        {
          "si": 6,
          "sti": 14,
          "dti": 176,
          "sco": 79,
          "dco": 893,
          "txt": "squandered"
        },
        {
          "si": 6,
          "sti": 15,
          "dti": 177,
          "sco": 90,
          "dco": 904,
          "txt": "an"
        },
        {
          "si": 6,
          "sti": 16,
          "dti": 178,
          "sco": 93,
          "dco": 907,
          "txt": "opportunity"
        },
        {
          "si": 6,
          "sti": 17,
          "dti": 179,
          "sco": 105,
          "dco": 919,
          "txt": "five"
        },
        {
          "si": 6,
          "sti": 18,
          "dti": 180,
          "sco": 110,
          "dco": 924,
          "txt": "minutes"
        },
        {
          "si": 6,
          "sti": 19,
          "dti": 181,
          "sco": 118,
          "dco": 932,
          "txt": "from"
        },
        {
          "si": 6,
          "sti": 20,
          "dti": 182,
          "sco": 123,
          "dco": 937,
          "txt": "time"
        },
        {
          "si": 6,
          "sti": 21,
          "dti": 183,
          "sco": 127,
          "dco": 941,
          "txt": "."
        },
        {
          "si": 7,
          "sti": 0,
          "dti": 184,
          "sco": 0,
          "dco": 943,
          "txt": "The"
        },
        {
          "si": 7,
          "sti": 1,
          "dti": 185,
          "sco": 4,
          "dco": 947,
          "txt": "draw"
        },
        {
          "si": 7,
          "sti": 2,
          "dti": 186,
          "sco": 9,
          "dco": 952,
          "txt": "means"
        },
        {
          "si": 7,
          "sti": 3,
          "dti": 187,
          "sco": 15,
          "dco": 958,
          "txt": "that"
        },
        {
          "si": 7,
          "sti": 4,
          "dti": 188,
          "sco": 20,
          "dco": 963,
          "txt": "Russia"
        },
        {
          "si": 7,
          "sti": 5,
          "dti": 189,
          "sco": 27,
          "dco": 970,
          "txt": "finish"
        },
        {
          "si": 7,
          "sti": 6,
          "dti": 190,
          "sco": 34,
          "dco": 977,
          "txt": "level"
        },
        {
          "si": 7,
          "sti": 7,
          "dti": 191,
          "sco": 40,
          "dco": 983,
          "txt": "on"
        },
        {
          "si": 7,
          "sti": 8,
          "dti": 192,
          "sco": 43,
          "dco": 986,
          "txt": "points"
        },
        {
          "si": 7,
          "sti": 9,
          "dti": 193,
          "sco": 50,
          "dco": 993,
          "txt": "with"
        },
        {
          "si": 7,
          "sti": 10,
          "dti": 194,
          "sco": 55,
          "dco": 998,
          "txt": "Slovakia"
        },
        {
          "si": 7,
          "sti": 11,
          "dti": 195,
          "sco": 64,
          "dco": 1007,
          "txt": "but"
        },
        {
          "si": 7,
          "sti": 12,
          "dti": 196,
          "sco": 68,
          "dco": 1011,
          "txt": "miss"
        },
        {
          "si": 7,
          "sti": 13,
          "dti": 197,
          "sco": 73,
          "dco": 1016,
          "txt": "out"
        },
        {
          "si": 7,
          "sti": 14,
          "dti": 198,
          "sco": 77,
          "dco": 1020,
          "txt": "on"
        },
        {
          "si": 7,
          "sti": 15,
          "dti": 199,
          "sco": 80,
          "dco": 1023,
          "txt": "the"
        },
        {
          "si": 7,
          "sti": 16,
          "dti": 200,
          "sco": 84,
          "dco": 1027,
          "txt": "play"
        },
        {
          "si": 7,
          "sti": 17,
          "dti": 201,
          "sco": 88,
          "dco": 1031,
          "txt": "-"
        },
        {
          "si": 7,
          "sti": 18,
          "dti": 202,
          "sco": 89,
          "dco": 1032,
          "txt": "offs"
        },
        {
          "si": 7,
          "sti": 19,
          "dti": 203,
          "sco": 94,
          "dco": 1037,
          "txt": "due"
        },
        {
          "si": 7,
          "sti": 20,
          "dti": 204,
          "sco": 98,
          "dco": 1041,
          "txt": "to"
        },
        {
          "si": 7,
          "sti": 21,
          "dti": 205,
          "sco": 101,
          "dco": 1044,
          "txt": "their"
        },
        {
          "si": 7,
          "sti": 22,
          "dti": 206,
          "sco": 107,
          "dco": 1050,
          "txt": "inferior"
        },
        {
          "si": 7,
          "sti": 23,
          "dti": 207,
          "sco": 116,
          "dco": 1059,
          "txt": "goal"
        },
        {
          "si": 7,
          "sti": 24,
          "dti": 208,
          "sco": 121,
          "dco": 1064,
          "txt": "difference"
        },
        {
          "si": 7,
          "sti": 25,
          "dti": 209,
          "sco": 131,
          "dco": 1074,
          "txt": "."
        }
      ]
    },
    "ganns": {
      "dla": [],
      "la": [],
      "ea": [],
      "eta": [
        {
          "ra": {
            "ea": {
              "etn": "YellowCard"
            }
          },
          "sfs": [
            [
              {
                "stn": "cardForTeam"
              },
              {
                "ea": {
                  "etn": "Slovakia"
                }
              }
            ],
            [
              {
                "stn": "cardMinute"
              },
              {
                "ea": {
                  "etn": "49"
                }
              }
            ],
            [
              {
                "stn": "player"
              },
              {
                "ea": {
                  "etn": "Nemeth Szilard"
                }
              }
            ]
          ],
          "mfs": {}
        },
        {
          "ra": {
            "ea": {
              "etn": "YellowCard"
            }
          },
          "sfs": [
            [
              {
                "stn": "cardForTeam"
              },
              {
                "ea": {
                  "etn": "Russia"
                }
              }
            ],
            [
              {
                "stn": "cardMinute"
              },
              {
                "ea": {
                  "etn": "86"
                }
              }
            ],
            [
              {
                "stn": "player"
              },
              {
                "ea": {
                  "etn": "Berezutsky Vassili"
                }
              }
            ]
          ],
          "mfs": {}
        },
        {
          "ra": {
            "ea": {
              "etn": "TeamStats"
            }
          },
          "sfs": [
            [
              {
                "stn": "finalScore"
              },
              {
                "ea": {
                  "etn": "0"
                }
              }
            ],
            [
              {
                "stn": "name"
              },
              {
                "ea": {
                  "etn": "Slovakia"
                }
              }
            ]
          ],
          "mfs": {}
        },
        {
          "ra": {
            "ea": {
              "etn": "TeamStats"
            }
          },
          "sfs": [
            [
              {
                "stn": "finalScore"
              },
              {
                "ea": {
                  "etn": "0"
                }
              }
            ],
            [
              {
                "stn": "name"
              },
              {
                "ea": {
                  "etn": "Russia"
                }
              }
            ]
          ],
          "mfs": {}
        }
      ]
    }
  }
]
