[
  {
    "context": "UNSPECIFIED",
    "doc": {
      "id": "en_mr36562_struct",
      "tl": [
        {
          "si": 0,
          "sti": 0,
          "dti": 0,
          "sco": 0,
          "dco": 0,
          "txt": "Unlikely"
        },
        {
          "si": 0,
          "sti": 1,
          "dti": 1,
          "sco": 9,
          "dco": 9,
          "txt": "reprieve"
        },
        {
          "si": 0,
          "sti": 2,
          "dti": 2,
          "sco": 18,
          "dco": 18,
          "txt": "for"
        },
        {
          "si": 0,
          "sti": 3,
          "dti": 3,
          "sco": 22,
          "dco": 22,
          "txt": "Russia"
        },
        {
          "si": 0,
          "sti": 4,
          "dti": 4,
          "sco": 28,
          "dco": 28,
          "txt": "."
        },
        {
          "si": 1,
          "sti": 0,
          "dti": 5,
          "sco": 0,
          "dco": 30,
          "txt": "Held"
        },
        {
          "si": 1,
          "sti": 1,
          "dti": 6,
          "sco": 5,
          "dco": 35,
          "txt": "to"
        },
        {
          "si": 1,
          "sti": 2,
          "dti": 7,
          "sco": 8,
          "dco": 38,
          "txt": "a"
        },
        {
          "si": 1,
          "sti": 3,
          "dti": 8,
          "sco": 10,
          "dco": 40,
          "txt": "frustrating"
        },
        {
          "si": 1,
          "sti": 4,
          "dti": 9,
          "sco": 22,
          "dco": 52,
          "txt": "1"
        },
        {
          "si": 1,
          "sti": 5,
          "dti": 10,
          "sco": 23,
          "dco": 53,
          "txt": "-"
        },
        {
          "si": 1,
          "sti": 6,
          "dti": 11,
          "sco": 24,
          "dco": 54,
          "txt": "1"
        },
        {
          "si": 1,
          "sti": 7,
          "dti": 12,
          "sco": 26,
          "dco": 56,
          "txt": "draw"
        },
        {
          "si": 1,
          "sti": 8,
          "dti": 13,
          "sco": 31,
          "dco": 61,
          "txt": "in"
        },
        {
          "si": 1,
          "sti": 9,
          "dti": 14,
          "sco": 34,
          "dco": 64,
          "txt": "Latvia"
        },
        {
          "si": 1,
          "sti": 10,
          "dti": 15,
          "sco": 41,
          "dco": 71,
          "txt": "on"
        },
        {
          "si": 1,
          "sti": 11,
          "dti": 16,
          "sco": 44,
          "dco": 74,
          "txt": "Wednesday"
        },
        {
          "si": 1,
          "sti": 12,
          "dti": 17,
          "sco": 53,
          "dco": 83,
          "txt": ","
        },
        {
          "si": 1,
          "sti": 13,
          "dti": 18,
          "sco": 55,
          "dco": 85,
          "txt": "Russia"
        },
        {
          "si": 1,
          "sti": 14,
          "dti": 19,
          "sco": 62,
          "dco": 92,
          "txt": "were"
        },
        {
          "si": 1,
          "sti": 15,
          "dti": 20,
          "sco": 67,
          "dco": 97,
          "txt": "nonetheless"
        },
        {
          "si": 1,
          "sti": 16,
          "dti": 21,
          "sco": 79,
          "dco": 109,
          "txt": "handed"
        },
        {
          "si": 1,
          "sti": 17,
          "dti": 22,
          "sco": 86,
          "dco": 116,
          "txt": "an"
        },
        {
          "si": 1,
          "sti": 18,
          "dti": 23,
          "sco": 89,
          "dco": 119,
          "txt": "unlikely"
        },
        {
          "si": 1,
          "sti": 19,
          "dti": 24,
          "sco": 98,
          "dco": 128,
          "txt": "reprieve"
        },
        {
          "si": 1,
          "sti": 20,
          "dti": 25,
          "sco": 107,
          "dco": 137,
          "txt": "in"
        },
        {
          "si": 1,
          "sti": 21,
          "dti": 26,
          "sco": 110,
          "dco": 140,
          "txt": "their"
        },
        {
          "si": 1,
          "sti": 22,
          "dti": 27,
          "sco": 116,
          "dco": 146,
          "txt": "bid"
        },
        {
          "si": 1,
          "sti": 23,
          "dti": 28,
          "sco": 120,
          "dco": 150,
          "txt": "for"
        },
        {
          "si": 1,
          "sti": 24,
          "dti": 29,
          "sco": 124,
          "dco": 154,
          "txt": "a"
        },
        {
          "si": 1,
          "sti": 25,
          "dti": 30,
          "sco": 126,
          "dco": 156,
          "txt": "place"
        },
        {
          "si": 1,
          "sti": 26,
          "dti": 31,
          "sco": 132,
          "dco": 162,
          "txt": "at"
        },
        {
          "si": 1,
          "sti": 27,
          "dti": 32,
          "sco": 135,
          "dco": 165,
          "txt": "the"
        },
        {
          "si": 1,
          "sti": 28,
          "dti": 33,
          "sco": 139,
          "dco": 169,
          "txt": "2006"
        },
        {
          "si": 1,
          "sti": 29,
          "dti": 34,
          "sco": 144,
          "dco": 174,
          "txt": "FIFA"
        },
        {
          "si": 1,
          "sti": 30,
          "dti": 35,
          "sco": 149,
          "dco": 179,
          "txt": "World"
        },
        {
          "si": 1,
          "sti": 31,
          "dti": 36,
          "sco": 155,
          "dco": 185,
          "txt": "Cup"
        },
        {
          "si": 1,
          "sti": 32,
          "dti": 37,
          "sco": 159,
          "dco": 189,
          "txt": "Germany"
        },
        {
          "si": 1,
          "sti": 33,
          "dti": 38,
          "sco": 166,
          "dco": 196,
          "txt": "."
        },
        {
          "si": 2,
          "sti": 0,
          "dti": 39,
          "sco": 0,
          "dco": 198,
          "txt": "Instead"
        },
        {
          "si": 2,
          "sti": 1,
          "dti": 40,
          "sco": 8,
          "dco": 206,
          "txt": "of"
        },
        {
          "si": 2,
          "sti": 2,
          "dti": 41,
          "sco": 11,
          "dco": 209,
          "txt": "dropping"
        },
        {
          "si": 2,
          "sti": 3,
          "dti": 42,
          "sco": 20,
          "dco": 218,
          "txt": "out"
        },
        {
          "si": 2,
          "sti": 4,
          "dti": 43,
          "sco": 24,
          "dco": 222,
          "txt": "of"
        },
        {
          "si": 2,
          "sti": 5,
          "dti": 44,
          "sco": 27,
          "dco": 225,
          "txt": "the"
        },
        {
          "si": 2,
          "sti": 6,
          "dti": 45,
          "sco": 31,
          "dco": 229,
          "txt": "race"
        },
        {
          "si": 2,
          "sti": 7,
          "dti": 46,
          "sco": 36,
          "dco": 234,
          "txt": "for"
        },
        {
          "si": 2,
          "sti": 8,
          "dti": 47,
          "sco": 40,
          "dco": 238,
          "txt": "places"
        },
        {
          "si": 2,
          "sti": 9,
          "dti": 48,
          "sco": 47,
          "dco": 245,
          "txt": "in"
        },
        {
          "si": 2,
          "sti": 10,
          "dti": 49,
          "sco": 50,
          "dco": 248,
          "txt": "Group"
        },
        {
          "si": 2,
          "sti": 11,
          "dti": 50,
          "sco": 56,
          "dco": 254,
          "txt": "3"
        },
        {
          "si": 2,
          "sti": 12,
          "dti": 51,
          "sco": 58,
          "dco": 256,
          "txt": "of"
        },
        {
          "si": 2,
          "sti": 13,
          "dti": 52,
          "sco": 61,
          "dco": 259,
          "txt": "the"
        },
        {
          "si": 2,
          "sti": 14,
          "dti": 53,
          "sco": 65,
          "dco": 263,
          "txt": "European"
        },
        {
          "si": 2,
          "sti": 15,
          "dti": 54,
          "sco": 74,
          "dco": 272,
          "txt": "Zone"
        },
        {
          "si": 2,
          "sti": 16,
          "dti": 55,
          "sco": 78,
          "dco": 276,
          "txt": ","
        },
        {
          "si": 2,
          "sti": 17,
          "dti": 56,
          "sco": 80,
          "dco": 278,
          "txt": "the"
        },
        {
          "si": 2,
          "sti": 18,
          "dti": 57,
          "sco": 84,
          "dco": 282,
          "txt": "surprise"
        },
        {
          "si": 2,
          "sti": 19,
          "dti": 58,
          "sco": 93,
          "dco": 291,
          "txt": "goalless"
        },
        {
          "si": 2,
          "sti": 20,
          "dti": 59,
          "sco": 102,
          "dco": 300,
          "txt": "draw"
        },
        {
          "si": 2,
          "sti": 21,
          "dti": 60,
          "sco": 107,
          "dco": 305,
          "txt": "between"
        },
        {
          "si": 2,
          "sti": 22,
          "dti": 61,
          "sco": 115,
          "dco": 313,
          "txt": "second"
        },
        {
          "si": 2,
          "sti": 23,
          "dti": 62,
          "sco": 121,
          "dco": 319,
          "txt": "-"
        },
        {
          "si": 2,
          "sti": 24,
          "dti": 63,
          "sco": 122,
          "dco": 320,
          "txt": "placed"
        },
        {
          "si": 2,
          "sti": 25,
          "dti": 64,
          "sco": 129,
          "dco": 327,
          "txt": "Slovakia"
        },
        {
          "si": 2,
          "sti": 26,
          "dti": 65,
          "sco": 138,
          "dco": 336,
          "txt": "and"
        },
        {
          "si": 2,
          "sti": 27,
          "dti": 66,
          "sco": 142,
          "dco": 340,
          "txt": "Liechtenstein"
        },
        {
          "si": 2,
          "sti": 28,
          "dti": 67,
          "sco": 156,
          "dco": 354,
          "txt": "in"
        },
        {
          "si": 2,
          "sti": 29,
          "dti": 68,
          "sco": 159,
          "dco": 357,
          "txt": "Vaduz"
        },
        {
          "si": 2,
          "sti": 30,
          "dti": 69,
          "sco": 165,
          "dco": 363,
          "txt": "keeps"
        },
        {
          "si": 2,
          "sti": 31,
          "dti": 70,
          "sco": 171,
          "dco": 369,
          "txt": "Russian"
        },
        {
          "si": 2,
          "sti": 32,
          "dti": 71,
          "sco": 179,
          "dco": 377,
          "txt": "hopes"
        },
        {
          "si": 2,
          "sti": 33,
          "dti": 72,
          "sco": 185,
          "dco": 383,
          "txt": "alive"
        },
        {
          "si": 2,
          "sti": 34,
          "dti": 73,
          "sco": 190,
          "dco": 388,
          "txt": "."
        },
        {
          "si": 3,
          "sti": 0,
          "dti": 74,
          "sco": 0,
          "dco": 390,
          "txt": "On"
        },
        {
          "si": 3,
          "sti": 1,
          "dti": 75,
          "sco": 3,
          "dco": 393,
          "txt": "an"
        },
        {
          "si": 3,
          "sti": 2,
          "dti": 76,
          "sco": 6,
          "dco": 396,
          "txt": "evening"
        },
        {
          "si": 3,
          "sti": 3,
          "dti": 77,
          "sco": 14,
          "dco": 404,
          "txt": "in"
        },
        {
          "si": 3,
          "sti": 4,
          "dti": 78,
          "sco": 17,
          "dco": 407,
          "txt": "which"
        },
        {
          "si": 3,
          "sti": 5,
          "dti": 79,
          "sco": 23,
          "dco": 413,
          "txt": "the"
        },
        {
          "si": 3,
          "sti": 6,
          "dti": 80,
          "sco": 27,
          "dco": 417,
          "txt": "continent"
        },
        {
          "si": 3,
          "sti": 7,
          "dti": 81,
          "sco": 36,
          "dco": 426,
          "txt": "'"
        },
        {
          "si": 3,
          "sti": 8,
          "dti": 82,
          "sco": 37,
          "dco": 427,
          "txt": "s"
        },
        {
          "si": 3,
          "sti": 9,
          "dti": 83,
          "sco": 39,
          "dco": 429,
          "txt": "frontrunners"
        },
        {
          "si": 3,
          "sti": 10,
          "dti": 84,
          "sco": 52,
          "dco": 442,
          "txt": "were"
        },
        {
          "si": 3,
          "sti": 11,
          "dti": 85,
          "sco": 57,
          "dco": 447,
          "txt": "not"
        },
        {
          "si": 3,
          "sti": 12,
          "dti": 86,
          "sco": 61,
          "dco": 451,
          "txt": "in"
        },
        {
          "si": 3,
          "sti": 13,
          "dti": 87,
          "sco": 64,
          "dco": 454,
          "txt": "competitive"
        },
        {
          "si": 3,
          "sti": 14,
          "dti": 88,
          "sco": 76,
          "dco": 466,
          "txt": "action"
        },
        {
          "si": 3,
          "sti": 15,
          "dti": 89,
          "sco": 82,
          "dco": 472,
          "txt": ","
        },
        {
          "si": 3,
          "sti": 16,
          "dti": 90,
          "sco": 84,
          "dco": 474,
          "txt": "Russia"
        },
        {
          "si": 3,
          "sti": 17,
          "dti": 91,
          "sco": 91,
          "dco": 481,
          "txt": "began"
        },
        {
          "si": 3,
          "sti": 18,
          "dti": 92,
          "sco": 97,
          "dco": 487,
          "txt": "the"
        },
        {
          "si": 3,
          "sti": 19,
          "dti": 93,
          "sco": 101,
          "dco": 491,
          "txt": "day"
        },
        {
          "si": 3,
          "sti": 20,
          "dti": 94,
          "sco": 105,
          "dco": 495,
          "txt": "in"
        },
        {
          "si": 3,
          "sti": 21,
          "dti": 95,
          "sco": 108,
          "dco": 498,
          "txt": "third"
        },
        {
          "si": 3,
          "sti": 22,
          "dti": 96,
          "sco": 114,
          "dco": 504,
          "txt": "place"
        },
        {
          "si": 3,
          "sti": 23,
          "dti": 97,
          "sco": 120,
          "dco": 510,
          "txt": "in"
        },
        {
          "si": 3,
          "sti": 24,
          "dti": 98,
          "sco": 123,
          "dco": 513,
          "txt": "their"
        },
        {
          "si": 3,
          "sti": 25,
          "dti": 99,
          "sco": 129,
          "dco": 519,
          "txt": "section"
        },
        {
          "si": 3,
          "sti": 26,
          "dti": 100,
          "sco": 137,
          "dco": 527,
          "txt": "and"
        },
        {
          "si": 3,
          "sti": 27,
          "dti": 101,
          "sco": 141,
          "dco": 531,
          "txt": "three"
        },
        {
          "si": 3,
          "sti": 28,
          "dti": 102,
          "sco": 147,
          "dco": 537,
          "txt": "points"
        },
        {
          "si": 3,
          "sti": 29,
          "dti": 103,
          "sco": 154,
          "dco": 544,
          "txt": "behind"
        },
        {
          "si": 3,
          "sti": 30,
          "dti": 104,
          "sco": 161,
          "dco": 551,
          "txt": "the"
        },
        {
          "si": 3,
          "sti": 31,
          "dti": 105,
          "sco": 165,
          "dco": 555,
          "txt": "Slovaks"
        },
        {
          "si": 3,
          "sti": 32,
          "dti": 106,
          "sco": 172,
          "dco": 562,
          "txt": "."
        },
        {
          "si": 4,
          "sti": 0,
          "dti": 107,
          "sco": 0,
          "dco": 564,
          "txt": "Having"
        },
        {
          "si": 4,
          "sti": 1,
          "dti": 108,
          "sco": 7,
          "dco": 571,
          "txt": "played"
        },
        {
          "si": 4,
          "sti": 2,
          "dti": 109,
          "sco": 14,
          "dco": 578,
          "txt": "one"
        },
        {
          "si": 4,
          "sti": 3,
          "dti": 110,
          "sco": 18,
          "dco": 582,
          "txt": "game"
        },
        {
          "si": 4,
          "sti": 4,
          "dti": 111,
          "sco": 23,
          "dco": 587,
          "txt": "less"
        },
        {
          "si": 4,
          "sti": 5,
          "dti": 112,
          "sco": 27,
          "dco": 591,
          "txt": ","
        },
        {
          "si": 4,
          "sti": 6,
          "dti": 113,
          "sco": 29,
          "dco": 593,
          "txt": "though"
        },
        {
          "si": 4,
          "sti": 7,
          "dti": 114,
          "sco": 35,
          "dco": 599,
          "txt": ","
        },
        {
          "si": 4,
          "sti": 8,
          "dti": 115,
          "sco": 37,
          "dco": 601,
          "txt": "they"
        },
        {
          "si": 4,
          "sti": 9,
          "dti": 116,
          "sco": 42,
          "dco": 606,
          "txt": "could"
        },
        {
          "si": 4,
          "sti": 10,
          "dti": 117,
          "sco": 48,
          "dco": 612,
          "txt": "still"
        },
        {
          "si": 4,
          "sti": 11,
          "dti": 118,
          "sco": 54,
          "dco": 618,
          "txt": "aspire"
        },
        {
          "si": 4,
          "sti": 12,
          "dti": 119,
          "sco": 61,
          "dco": 625,
          "txt": "to"
        },
        {
          "si": 4,
          "sti": 13,
          "dti": 120,
          "sco": 64,
          "dco": 628,
          "txt": "a"
        },
        {
          "si": 4,
          "sti": 14,
          "dti": 121,
          "sco": 66,
          "dco": 630,
          "txt": "berth"
        },
        {
          "si": 4,
          "sti": 15,
          "dti": 122,
          "sco": 72,
          "dco": 636,
          "txt": "in"
        },
        {
          "si": 4,
          "sti": 16,
          "dti": 123,
          "sco": 75,
          "dco": 639,
          "txt": "the"
        },
        {
          "si": 4,
          "sti": 17,
          "dti": 124,
          "sco": 79,
          "dco": 643,
          "txt": "play"
        },
        {
          "si": 4,
          "sti": 18,
          "dti": 125,
          "sco": 83,
          "dco": 647,
          "txt": "-"
        },
        {
          "si": 4,
          "sti": 19,
          "dti": 126,
          "sco": 84,
          "dco": 648,
          "txt": "offs"
        },
        {
          "si": 4,
          "sti": 20,
          "dti": 127,
          "sco": 89,
          "dco": 653,
          "txt": "as"
        },
        {
          "si": 4,
          "sti": 21,
          "dti": 128,
          "sco": 92,
          "dco": 656,
          "txt": "long"
        },
        {
          "si": 4,
          "sti": 22,
          "dti": 129,
          "sco": 97,
          "dco": 661,
          "txt": "as"
        },
        {
          "si": 4,
          "sti": 23,
          "dti": 130,
          "sco": 100,
          "dco": 664,
          "txt": "they"
        },
        {
          "si": 4,
          "sti": 24,
          "dti": 131,
          "sco": 105,
          "dco": 669,
          "txt": "negotiated"
        },
        {
          "si": 4,
          "sti": 25,
          "dti": 132,
          "sco": 116,
          "dco": 680,
          "txt": "the"
        },
        {
          "si": 4,
          "sti": 26,
          "dti": 133,
          "sco": 120,
          "dco": 684,
          "txt": "rest"
        },
        {
          "si": 4,
          "sti": 27,
          "dti": 134,
          "sco": 125,
          "dco": 689,
          "txt": "of"
        },
        {
          "si": 4,
          "sti": 28,
          "dti": 135,
          "sco": 128,
          "dco": 692,
          "txt": "their"
        },
        {
          "si": 4,
          "sti": 29,
          "dti": 136,
          "sco": 134,
          "dco": 698,
          "txt": "matches"
        },
        {
          "si": 4,
          "sti": 30,
          "dti": 137,
          "sco": 142,
          "dco": 706,
          "txt": "without"
        },
        {
          "si": 4,
          "sti": 31,
          "dti": 138,
          "sco": 150,
          "dco": 714,
          "txt": "any"
        },
        {
          "si": 4,
          "sti": 32,
          "dti": 139,
          "sco": 154,
          "dco": 718,
          "txt": "slip"
        },
        {
          "si": 4,
          "sti": 33,
          "dti": 140,
          "sco": 158,
          "dco": 722,
          "txt": "-"
        },
        {
          "si": 4,
          "sti": 34,
          "dti": 141,
          "sco": 159,
          "dco": 723,
          "txt": "ups"
        },
        {
          "si": 4,
          "sti": 35,
          "dti": 142,
          "sco": 162,
          "dco": 726,
          "txt": "."
        },
        {
          "si": 5,
          "sti": 0,
          "dti": 143,
          "sco": 0,
          "dco": 728,
          "txt": "That"
        },
        {
          "si": 5,
          "sti": 1,
          "dti": 144,
          "sco": 5,
          "dco": 733,
          "txt": "meant"
        },
        {
          "si": 5,
          "sti": 2,
          "dti": 145,
          "sco": 11,
          "dco": 739,
          "txt": "they"
        },
        {
          "si": 5,
          "sti": 3,
          "dti": 146,
          "sco": 16,
          "dco": 744,
          "txt": "were"
        },
        {
          "si": 5,
          "sti": 4,
          "dti": 147,
          "sco": 21,
          "dco": 749,
          "txt": "practically"
        },
        {
          "si": 5,
          "sti": 5,
          "dti": 148,
          "sco": 33,
          "dco": 761,
          "txt": "obliged"
        },
        {
          "si": 5,
          "sti": 6,
          "dti": 149,
          "sco": 41,
          "dco": 769,
          "txt": "to"
        },
        {
          "si": 5,
          "sti": 7,
          "dti": 150,
          "sco": 44,
          "dco": 772,
          "txt": "come"
        },
        {
          "si": 5,
          "sti": 8,
          "dti": 151,
          "sco": 49,
          "dco": 777,
          "txt": "away"
        },
        {
          "si": 5,
          "sti": 9,
          "dti": 152,
          "sco": 54,
          "dco": 782,
          "txt": "from"
        },
        {
          "si": 5,
          "sti": 10,
          "dti": 153,
          "sco": 59,
          "dco": 787,
          "txt": "Latvia"
        },
        {
          "si": 5,
          "sti": 11,
          "dti": 154,
          "sco": 66,
          "dco": 794,
          "txt": "with"
        },
        {
          "si": 5,
          "sti": 12,
          "dti": 155,
          "sco": 71,
          "dco": 799,
          "txt": "a"
        },
        {
          "si": 5,
          "sti": 13,
          "dti": 156,
          "sco": 73,
          "dco": 801,
          "txt": "victory"
        },
        {
          "si": 5,
          "sti": 14,
          "dti": 157,
          "sco": 80,
          "dco": 808,
          "txt": ","
        },
        {
          "si": 5,
          "sti": 15,
          "dti": 158,
          "sco": 82,
          "dco": 810,
          "txt": "yet"
        },
        {
          "si": 5,
          "sti": 16,
          "dti": 159,
          "sco": 86,
          "dco": 814,
          "txt": "after"
        },
        {
          "si": 5,
          "sti": 17,
          "dti": 160,
          "sco": 92,
          "dco": 820,
          "txt": "a"
        },
        {
          "si": 5,
          "sti": 18,
          "dti": 161,
          "sco": 94,
          "dco": 822,
          "txt": "mere"
        },
        {
          "si": 5,
          "sti": 19,
          "dti": 162,
          "sco": 99,
          "dco": 827,
          "txt": "six"
        },
        {
          "si": 5,
          "sti": 20,
          "dti": 163,
          "sco": 103,
          "dco": 831,
          "txt": "minutes"
        },
        {
          "si": 5,
          "sti": 21,
          "dti": 164,
          "sco": 111,
          "dco": 839,
          "txt": "Vitalijs"
        },
        {
          "si": 5,
          "sti": 22,
          "dti": 165,
          "sco": 120,
          "dco": 848,
          "txt": "Astafjevs"
        },
        {
          "si": 5,
          "sti": 23,
          "dti": 166,
          "sco": 130,
          "dco": 858,
          "txt": "popped"
        },
        {
          "si": 5,
          "sti": 24,
          "dti": 167,
          "sco": 137,
          "dco": 865,
          "txt": "up"
        },
        {
          "si": 5,
          "sti": 25,
          "dti": 168,
          "sco": 140,
          "dco": 868,
          "txt": "to"
        },
        {
          "si": 5,
          "sti": 26,
          "dti": 169,
          "sco": 143,
          "dco": 871,
          "txt": "put"
        },
        {
          "si": 5,
          "sti": 27,
          "dti": 170,
          "sco": 147,
          "dco": 875,
          "txt": "the"
        },
        {
          "si": 5,
          "sti": 28,
          "dti": 171,
          "sco": 151,
          "dco": 879,
          "txt": "hosts"
        },
        {
          "si": 5,
          "sti": 29,
          "dti": 172,
          "sco": 157,
          "dco": 885,
          "txt": "in"
        },
        {
          "si": 5,
          "sti": 30,
          "dti": 173,
          "sco": 160,
          "dco": 888,
          "txt": "front"
        },
        {
          "si": 5,
          "sti": 31,
          "dti": 174,
          "sco": 165,
          "dco": 893,
          "txt": "."
        },
        {
          "si": 6,
          "sti": 0,
          "dti": 175,
          "sco": 0,
          "dco": 895,
          "txt": "It"
        },
        {
          "si": 6,
          "sti": 1,
          "dti": 176,
          "sco": 3,
          "dco": 898,
          "txt": "was"
        },
        {
          "si": 6,
          "sti": 2,
          "dti": 177,
          "sco": 7,
          "dco": 902,
          "txt": "the"
        },
        {
          "si": 6,
          "sti": 3,
          "dti": 178,
          "sco": 11,
          "dco": 906,
          "txt": "worst"
        },
        {
          "si": 6,
          "sti": 4,
          "dti": 179,
          "sco": 17,
          "dco": 912,
          "txt": "possible"
        },
        {
          "si": 6,
          "sti": 5,
          "dti": 180,
          "sco": 26,
          "dco": 921,
          "txt": "start"
        },
        {
          "si": 6,
          "sti": 6,
          "dti": 181,
          "sco": 32,
          "dco": 927,
          "txt": "for"
        },
        {
          "si": 6,
          "sti": 7,
          "dti": 182,
          "sco": 36,
          "dco": 931,
          "txt": "the"
        },
        {
          "si": 6,
          "sti": 8,
          "dti": 183,
          "sco": 40,
          "dco": 935,
          "txt": "Russians"
        },
        {
          "si": 6,
          "sti": 9,
          "dti": 184,
          "sco": 48,
          "dco": 943,
          "txt": ","
        },
        {
          "si": 6,
          "sti": 10,
          "dti": 185,
          "sco": 50,
          "dco": 945,
          "txt": "but"
        },
        {
          "si": 6,
          "sti": 11,
          "dti": 186,
          "sco": 54,
          "dco": 949,
          "txt": "they"
        },
        {
          "si": 6,
          "sti": 12,
          "dti": 187,
          "sco": 59,
          "dco": 954,
          "txt": "refused"
        },
        {
          "si": 6,
          "sti": 13,
          "dti": 188,
          "sco": 67,
          "dco": 962,
          "txt": "to"
        },
        {
          "si": 6,
          "sti": 14,
          "dti": 189,
          "sco": 70,
          "dco": 965,
          "txt": "wilt"
        },
        {
          "si": 6,
          "sti": 15,
          "dti": 190,
          "sco": 75,
          "dco": 970,
          "txt": "and"
        },
        {
          "si": 6,
          "sti": 16,
          "dti": 191,
          "sco": 79,
          "dco": 974,
          "txt": "fought"
        },
        {
          "si": 6,
          "sti": 17,
          "dti": 192,
          "sco": 86,
          "dco": 981,
          "txt": "their"
        },
        {
          "si": 6,
          "sti": 18,
          "dti": 193,
          "sco": 92,
          "dco": 987,
          "txt": "way"
        },
        {
          "si": 6,
          "sti": 19,
          "dti": 194,
          "sco": 96,
          "dco": 991,
          "txt": "back"
        },
        {
          "si": 6,
          "sti": 20,
          "dti": 195,
          "sco": 101,
          "dco": 996,
          "txt": "into"
        },
        {
          "si": 6,
          "sti": 21,
          "dti": 196,
          "sco": 106,
          "dco": 1001,
          "txt": "the"
        },
        {
          "si": 6,
          "sti": 22,
          "dti": 197,
          "sco": 110,
          "dco": 1005,
          "txt": "match"
        },
        {
          "si": 6,
          "sti": 23,
          "dti": 198,
          "sco": 115,
          "dco": 1010,
          "txt": ","
        },
        {
          "si": 6,
          "sti": 24,
          "dti": 199,
          "sco": 117,
          "dco": 1012,
          "txt": "equalising"
        },
        {
          "si": 6,
          "sti": 25,
          "dti": 200,
          "sco": 128,
          "dco": 1023,
          "txt": "through"
        },
        {
          "si": 6,
          "sti": 26,
          "dti": 201,
          "sco": 136,
          "dco": 1031,
          "txt": "Andrei"
        },
        {
          "si": 6,
          "sti": 27,
          "dti": 202,
          "sco": 143,
          "dco": 1038,
          "txt": "Arshavin"
        },
        {
          "si": 6,
          "sti": 28,
          "dti": 203,
          "sco": 152,
          "dco": 1047,
          "txt": "in"
        },
        {
          "si": 6,
          "sti": 29,
          "dti": 204,
          "sco": 155,
          "dco": 1050,
          "txt": "the"
        },
        {
          "si": 6,
          "sti": 30,
          "dti": 205,
          "sco": 159,
          "dco": 1054,
          "txt": "26"
        },
        {
          "si": 6,
          "sti": 31,
          "dti": 206,
          "sco": 161,
          "dco": 1056,
          "txt": "th"
        },
        {
          "si": 6,
          "sti": 32,
          "dti": 207,
          "sco": 164,
          "dco": 1059,
          "txt": "minute"
        },
        {
          "si": 6,
          "sti": 33,
          "dti": 208,
          "sco": 170,
          "dco": 1065,
          "txt": "."
        },
        {
          "si": 7,
          "sti": 0,
          "dti": 209,
          "sco": 0,
          "dco": 1067,
          "txt": "He"
        },
        {
          "si": 7,
          "sti": 1,
          "dti": 210,
          "sco": 3,
          "dco": 1070,
          "txt": "and"
        },
        {
          "si": 7,
          "sti": 2,
          "dti": 211,
          "sco": 7,
          "dco": 1074,
          "txt": "his"
        },
        {
          "si": 7,
          "sti": 3,
          "dti": 212,
          "sco": 11,
          "dco": 1078,
          "txt": "team"
        },
        {
          "si": 7,
          "sti": 4,
          "dti": 213,
          "sco": 15,
          "dco": 1082,
          "txt": "-"
        },
        {
          "si": 7,
          "sti": 5,
          "dti": 214,
          "sco": 16,
          "dco": 1083,
          "txt": "mates"
        },
        {
          "si": 7,
          "sti": 6,
          "dti": 215,
          "sco": 22,
          "dco": 1089,
          "txt": "then"
        },
        {
          "si": 7,
          "sti": 7,
          "dti": 216,
          "sco": 27,
          "dco": 1094,
          "txt": "pushed"
        },
        {
          "si": 7,
          "sti": 8,
          "dti": 217,
          "sco": 34,
          "dco": 1101,
          "txt": "forward"
        },
        {
          "si": 7,
          "sti": 9,
          "dti": 218,
          "sco": 42,
          "dco": 1109,
          "txt": "in"
        },
        {
          "si": 7,
          "sti": 10,
          "dti": 219,
          "sco": 45,
          "dco": 1112,
          "txt": "search"
        },
        {
          "si": 7,
          "sti": 11,
          "dti": 220,
          "sco": 52,
          "dco": 1119,
          "txt": "of"
        },
        {
          "si": 7,
          "sti": 12,
          "dti": 221,
          "sco": 55,
          "dco": 1122,
          "txt": "a"
        },
        {
          "si": 7,
          "sti": 13,
          "dti": 222,
          "sco": 57,
          "dco": 1124,
          "txt": "winner"
        },
        {
          "si": 7,
          "sti": 14,
          "dti": 223,
          "sco": 64,
          "dco": 1131,
          "txt": "in"
        },
        {
          "si": 7,
          "sti": 15,
          "dti": 224,
          "sco": 67,
          "dco": 1134,
          "txt": "the"
        },
        {
          "si": 7,
          "sti": 16,
          "dti": 225,
          "sco": 71,
          "dco": 1138,
          "txt": "hour"
        },
        {
          "si": 7,
          "sti": 17,
          "dti": 226,
          "sco": 76,
          "dco": 1143,
          "txt": "that"
        },
        {
          "si": 7,
          "sti": 18,
          "dti": 227,
          "sco": 81,
          "dco": 1148,
          "txt": "remained"
        },
        {
          "si": 7,
          "sti": 19,
          "dti": 228,
          "sco": 89,
          "dco": 1156,
          "txt": ","
        },
        {
          "si": 7,
          "sti": 20,
          "dti": 229,
          "sco": 91,
          "dco": 1158,
          "txt": "only"
        },
        {
          "si": 7,
          "sti": 21,
          "dti": 230,
          "sco": 96,
          "dco": 1163,
          "txt": "for"
        },
        {
          "si": 7,
          "sti": 22,
          "dti": 231,
          "sco": 100,
          "dco": 1167,
          "txt": "their"
        },
        {
          "si": 7,
          "sti": 23,
          "dti": 232,
          "sco": 106,
          "dco": 1173,
          "txt": "efforts"
        },
        {
          "si": 7,
          "sti": 24,
          "dti": 233,
          "sco": 114,
          "dco": 1181,
          "txt": "to"
        },
        {
          "si": 7,
          "sti": 25,
          "dti": 234,
          "sco": 117,
          "dco": 1184,
          "txt": "ultimately"
        },
        {
          "si": 7,
          "sti": 26,
          "dti": 235,
          "sco": 128,
          "dco": 1195,
          "txt": "fall"
        },
        {
          "si": 7,
          "sti": 27,
          "dti": 236,
          "sco": 133,
          "dco": 1200,
          "txt": "short"
        },
        {
          "si": 7,
          "sti": 28,
          "dti": 237,
          "sco": 138,
          "dco": 1205,
          "txt": "."
        },
        {
          "si": 8,
          "sti": 0,
          "dti": 238,
          "sco": 0,
          "dco": 1207,
          "txt": "The"
        },
        {
          "si": 8,
          "sti": 1,
          "dti": 239,
          "sco": 4,
          "dco": 1211,
          "txt": "real"
        },
        {
          "si": 8,
          "sti": 2,
          "dti": 240,
          "sco": 9,
          "dco": 1216,
          "txt": "surprise"
        },
        {
          "si": 8,
          "sti": 3,
          "dti": 241,
          "sco": 18,
          "dco": 1225,
          "txt": "of"
        },
        {
          "si": 8,
          "sti": 4,
          "dti": 242,
          "sco": 21,
          "dco": 1228,
          "txt": "the"
        },
        {
          "si": 8,
          "sti": 5,
          "dti": 243,
          "sco": 25,
          "dco": 1232,
          "txt": "evening"
        },
        {
          "si": 8,
          "sti": 6,
          "dti": 244,
          "sco": 33,
          "dco": 1240,
          "txt": "came"
        },
        {
          "si": 8,
          "sti": 7,
          "dti": 245,
          "sco": 38,
          "dco": 1245,
          "txt": "in"
        },
        {
          "si": 8,
          "sti": 8,
          "dti": 246,
          "sco": 41,
          "dco": 1248,
          "txt": "Vaduz"
        },
        {
          "si": 8,
          "sti": 9,
          "dti": 247,
          "sco": 46,
          "dco": 1253,
          "txt": ","
        },
        {
          "si": 8,
          "sti": 10,
          "dti": 248,
          "sco": 48,
          "dco": 1255,
          "txt": "though"
        },
        {
          "si": 8,
          "sti": 11,
          "dti": 249,
          "sco": 54,
          "dco": 1261,
          "txt": ","
        },
        {
          "si": 8,
          "sti": 12,
          "dti": 250,
          "sco": 56,
          "dco": 1263,
          "txt": "where"
        },
        {
          "si": 8,
          "sti": 13,
          "dti": 251,
          "sco": 62,
          "dco": 1269,
          "txt": "Liechtenstein"
        },
        {
          "si": 8,
          "sti": 14,
          "dti": 252,
          "sco": 76,
          "dco": 1283,
          "txt": "confounded"
        },
        {
          "si": 8,
          "sti": 15,
          "dti": 253,
          "sco": 87,
          "dco": 1294,
          "txt": "expectations"
        },
        {
          "si": 8,
          "sti": 16,
          "dti": 254,
          "sco": 100,
          "dco": 1307,
          "txt": "by"
        },
        {
          "si": 8,
          "sti": 17,
          "dti": 255,
          "sco": 103,
          "dco": 1310,
          "txt": "keeping"
        },
        {
          "si": 8,
          "sti": 18,
          "dti": 256,
          "sco": 111,
          "dco": 1318,
          "txt": "Slovakia"
        },
        {
          "si": 8,
          "sti": 19,
          "dti": 257,
          "sco": 120,
          "dco": 1327,
          "txt": "at"
        },
        {
          "si": 8,
          "sti": 20,
          "dti": 258,
          "sco": 123,
          "dco": 1330,
          "txt": "bay"
        },
        {
          "si": 8,
          "sti": 21,
          "dti": 259,
          "sco": 127,
          "dco": 1334,
          "txt": "in"
        },
        {
          "si": 8,
          "sti": 22,
          "dti": 260,
          "sco": 130,
          "dco": 1337,
          "txt": "a"
        },
        {
          "si": 8,
          "sti": 23,
          "dti": 261,
          "sco": 132,
          "dco": 1339,
          "txt": "0"
        },
        {
          "si": 8,
          "sti": 24,
          "dti": 262,
          "sco": 133,
          "dco": 1340,
          "txt": "-"
        },
        {
          "si": 8,
          "sti": 25,
          "dti": 263,
          "sco": 134,
          "dco": 1341,
          "txt": "0"
        },
        {
          "si": 8,
          "sti": 26,
          "dti": 264,
          "sco": 136,
          "dco": 1343,
          "txt": "draw"
        },
        {
          "si": 8,
          "sti": 27,
          "dti": 265,
          "sco": 140,
          "dco": 1347,
          "txt": "."
        },
        {
          "si": 9,
          "sti": 0,
          "dti": 266,
          "sco": 0,
          "dco": 1349,
          "txt": "The"
        },
        {
          "si": 9,
          "sti": 1,
          "dti": 267,
          "sco": 4,
          "dco": 1353,
          "txt": "Slovaks"
        },
        {
          "si": 9,
          "sti": 2,
          "dti": 268,
          "sco": 12,
          "dco": 1361,
          "txt": "will"
        },
        {
          "si": 9,
          "sti": 3,
          "dti": 269,
          "sco": 17,
          "dco": 1366,
          "txt": "be"
        },
        {
          "si": 9,
          "sti": 4,
          "dti": 270,
          "sco": 20,
          "dco": 1369,
          "txt": "bitterly"
        },
        {
          "si": 9,
          "sti": 5,
          "dti": 271,
          "sco": 29,
          "dco": 1378,
          "txt": "disappointed"
        },
        {
          "si": 9,
          "sti": 6,
          "dti": 272,
          "sco": 42,
          "dco": 1391,
          "txt": "not"
        },
        {
          "si": 9,
          "sti": 7,
          "dti": 273,
          "sco": 46,
          "dco": 1395,
          "txt": "to"
        },
        {
          "si": 9,
          "sti": 8,
          "dti": 274,
          "sco": 49,
          "dco": 1398,
          "txt": "have"
        },
        {
          "si": 9,
          "sti": 9,
          "dti": 275,
          "sco": 54,
          "dco": 1403,
          "txt": "punished"
        },
        {
          "si": 9,
          "sti": 10,
          "dti": 276,
          "sco": 63,
          "dco": 1412,
          "txt": "Russia"
        },
        {
          "si": 9,
          "sti": 11,
          "dti": 277,
          "sco": 70,
          "dco": 1419,
          "txt": "for"
        },
        {
          "si": 9,
          "sti": 12,
          "dti": 278,
          "sco": 74,
          "dco": 1423,
          "txt": "their"
        },
        {
          "si": 9,
          "sti": 13,
          "dti": 279,
          "sco": 80,
          "dco": 1429,
          "txt": "slip"
        },
        {
          "si": 9,
          "sti": 14,
          "dti": 280,
          "sco": 84,
          "dco": 1433,
          "txt": "-"
        },
        {
          "si": 9,
          "sti": 15,
          "dti": 281,
          "sco": 85,
          "dco": 1434,
          "txt": "up"
        },
        {
          "si": 9,
          "sti": 16,
          "dti": 282,
          "sco": 88,
          "dco": 1437,
          "txt": "earlier"
        },
        {
          "si": 9,
          "sti": 17,
          "dti": 283,
          "sco": 96,
          "dco": 1445,
          "txt": "in"
        },
        {
          "si": 9,
          "sti": 18,
          "dti": 284,
          "sco": 99,
          "dco": 1448,
          "txt": "the"
        },
        {
          "si": 9,
          "sti": 19,
          "dti": 285,
          "sco": 103,
          "dco": 1452,
          "txt": "day"
        },
        {
          "si": 9,
          "sti": 20,
          "dti": 286,
          "sco": 106,
          "dco": 1455,
          "txt": ","
        },
        {
          "si": 9,
          "sti": 21,
          "dti": 287,
          "sco": 108,
          "dco": 1457,
          "txt": "but"
        },
        {
          "si": 9,
          "sti": 22,
          "dti": 288,
          "sco": 112,
          "dco": 1461,
          "txt": "it"
        },
        {
          "si": 9,
          "sti": 23,
          "dti": 289,
          "sco": 115,
          "dco": 1464,
          "txt": "should"
        },
        {
          "si": 9,
          "sti": 24,
          "dti": 290,
          "sco": 122,
          "dco": 1471,
          "txt": "be"
        },
        {
          "si": 9,
          "sti": 25,
          "dti": 291,
          "sco": 125,
          "dco": 1474,
          "txt": "noted"
        },
        {
          "si": 9,
          "sti": 26,
          "dti": 292,
          "sco": 131,
          "dco": 1480,
          "txt": "that"
        },
        {
          "si": 9,
          "sti": 27,
          "dti": 293,
          "sco": 136,
          "dco": 1485,
          "txt": "two"
        },
        {
          "si": 9,
          "sti": 28,
          "dti": 294,
          "sco": 140,
          "dco": 1489,
          "txt": "of"
        },
        {
          "si": 9,
          "sti": 29,
          "dti": 295,
          "sco": 143,
          "dco": 1492,
          "txt": "Liechtenstein"
        },
        {
          "si": 9,
          "sti": 30,
          "dti": 296,
          "sco": 156,
          "dco": 1505,
          "txt": "'"
        },
        {
          "si": 9,
          "sti": 31,
          "dti": 297,
          "sco": 157,
          "dco": 1506,
          "txt": "s"
        },
        {
          "si": 9,
          "sti": 32,
          "dti": 298,
          "sco": 159,
          "dco": 1508,
          "txt": "five"
        },
        {
          "si": 9,
          "sti": 33,
          "dti": 299,
          "sco": 164,
          "dco": 1513,
          "txt": "points"
        },
        {
          "si": 9,
          "sti": 34,
          "dti": 300,
          "sco": 171,
          "dco": 1520,
          "txt": "have"
        },
        {
          "si": 9,
          "sti": 35,
          "dti": 301,
          "sco": 176,
          "dco": 1525,
          "txt": "come"
        },
        {
          "si": 9,
          "sti": 36,
          "dti": 302,
          "sco": 181,
          "dco": 1530,
          "txt": "from"
        },
        {
          "si": 9,
          "sti": 37,
          "dti": 303,
          "sco": 186,
          "dco": 1535,
          "txt": "home"
        },
        {
          "si": 9,
          "sti": 38,
          "dti": 304,
          "sco": 191,
          "dco": 1540,
          "txt": "draws"
        },
        {
          "si": 9,
          "sti": 39,
          "dti": 305,
          "sco": 197,
          "dco": 1546,
          "txt": "against"
        },
        {
          "si": 9,
          "sti": 40,
          "dti": 306,
          "sco": 205,
          "dco": 1554,
          "txt": "the"
        },
        {
          "si": 9,
          "sti": 41,
          "dti": 307,
          "sco": 209,
          "dco": 1558,
          "txt": "group"
        },
        {
          "si": 9,
          "sti": 42,
          "dti": 308,
          "sco": 214,
          "dco": 1563,
          "txt": "'"
        },
        {
          "si": 9,
          "sti": 43,
          "dti": 309,
          "sco": 215,
          "dco": 1564,
          "txt": "s"
        },
        {
          "si": 9,
          "sti": 44,
          "dti": 310,
          "sco": 217,
          "dco": 1566,
          "txt": "two"
        },
        {
          "si": 9,
          "sti": 45,
          "dti": 311,
          "sco": 221,
          "dco": 1570,
          "txt": "pacesetters"
        },
        {
          "si": 9,
          "sti": 46,
          "dti": 312,
          "sco": 232,
          "dco": 1581,
          "txt": "."
        },
        {
          "si": 10,
          "sti": 0,
          "dti": 313,
          "sco": 0,
          "dco": 1583,
          "txt": "Elsewhere"
        },
        {
          "si": 10,
          "sti": 1,
          "dti": 314,
          "sco": 9,
          "dco": 1592,
          "txt": ","
        },
        {
          "si": 10,
          "sti": 2,
          "dti": 315,
          "sco": 11,
          "dco": 1594,
          "txt": "Romania"
        },
        {
          "si": 10,
          "sti": 3,
          "dti": 316,
          "sco": 19,
          "dco": 1602,
          "txt": "and"
        },
        {
          "si": 10,
          "sti": 4,
          "dti": 317,
          "sco": 23,
          "dco": 1606,
          "txt": "Finland"
        },
        {
          "si": 10,
          "sti": 5,
          "dti": 318,
          "sco": 31,
          "dco": 1614,
          "txt": "both"
        },
        {
          "si": 10,
          "sti": 6,
          "dti": 319,
          "sco": 36,
          "dco": 1619,
          "txt": "picked"
        },
        {
          "si": 10,
          "sti": 7,
          "dti": 320,
          "sco": 43,
          "dco": 1626,
          "txt": "up"
        },
        {
          "si": 10,
          "sti": 8,
          "dti": 321,
          "sco": 46,
          "dco": 1629,
          "txt": "victories"
        },
        {
          "si": 10,
          "sti": 9,
          "dti": 322,
          "sco": 56,
          "dco": 1639,
          "txt": "in"
        },
        {
          "si": 10,
          "sti": 10,
          "dti": 323,
          "sco": 59,
          "dco": 1642,
          "txt": "a"
        },
        {
          "si": 10,
          "sti": 11,
          "dti": 324,
          "sco": 61,
          "dco": 1644,
          "txt": "Group"
        },
        {
          "si": 10,
          "sti": 12,
          "dti": 325,
          "sco": 67,
          "dco": 1650,
          "txt": "1"
        },
        {
          "si": 10,
          "sti": 13,
          "dti": 326,
          "sco": 69,
          "dco": 1652,
          "txt": "dominated"
        },
        {
          "si": 10,
          "sti": 14,
          "dti": 327,
          "sco": 79,
          "dco": 1662,
          "txt": "by"
        },
        {
          "si": 10,
          "sti": 15,
          "dti": 328,
          "sco": 82,
          "dco": 1665,
          "txt": "the"
        },
        {
          "si": 10,
          "sti": 16,
          "dti": 329,
          "sco": 86,
          "dco": 1669,
          "txt": "Netherlands"
        },
        {
          "si": 10,
          "sti": 17,
          "dti": 330,
          "sco": 98,
          "dco": 1681,
          "txt": "and"
        },
        {
          "si": 10,
          "sti": 18,
          "dti": 331,
          "sco": 102,
          "dco": 1685,
          "txt": "the"
        },
        {
          "si": 10,
          "sti": 19,
          "dti": 332,
          "sco": 106,
          "dco": 1689,
          "txt": "Czech"
        },
        {
          "si": 10,
          "sti": 20,
          "dti": 333,
          "sco": 112,
          "dco": 1695,
          "txt": "Republic"
        },
        {
          "si": 10,
          "sti": 21,
          "dti": 334,
          "sco": 120,
          "dco": 1703,
          "txt": "."
        },
        {
          "si": 11,
          "sti": 0,
          "dti": 335,
          "sco": 0,
          "dco": 1705,
          "txt": "The"
        },
        {
          "si": 11,
          "sti": 1,
          "dti": 336,
          "sco": 4,
          "dco": 1709,
          "txt": "Finns"
        },
        {
          "si": 11,
          "sti": 2,
          "dti": 337,
          "sco": 10,
          "dco": 1715,
          "txt": "can"
        },
        {
          "si": 11,
          "sti": 3,
          "dti": 338,
          "sco": 14,
          "dco": 1719,
          "txt": "be"
        },
        {
          "si": 11,
          "sti": 4,
          "dti": 339,
          "sco": 17,
          "dco": 1722,
          "txt": "delighted"
        },
        {
          "si": 11,
          "sti": 5,
          "dti": 340,
          "sco": 27,
          "dco": 1732,
          "txt": "with"
        },
        {
          "si": 11,
          "sti": 6,
          "dti": 341,
          "sco": 32,
          "dco": 1737,
          "txt": "their"
        },
        {
          "si": 11,
          "sti": 7,
          "dti": 342,
          "sco": 38,
          "dco": 1743,
          "txt": "excellent"
        },
        {
          "si": 11,
          "sti": 8,
          "dti": 343,
          "sco": 48,
          "dco": 1753,
          "txt": "3"
        },
        {
          "si": 11,
          "sti": 9,
          "dti": 344,
          "sco": 49,
          "dco": 1754,
          "txt": "-"
        },
        {
          "si": 11,
          "sti": 10,
          "dti": 345,
          "sco": 50,
          "dco": 1755,
          "txt": "0"
        },
        {
          "si": 11,
          "sti": 11,
          "dti": 346,
          "sco": 52,
          "dco": 1757,
          "txt": "triumph"
        },
        {
          "si": 11,
          "sti": 12,
          "dti": 347,
          "sco": 60,
          "dco": 1765,
          "txt": "away"
        },
        {
          "si": 11,
          "sti": 13,
          "dti": 348,
          "sco": 65,
          "dco": 1770,
          "txt": "to"
        },
        {
          "si": 11,
          "sti": 14,
          "dti": 349,
          "sco": 68,
          "dco": 1773,
          "txt": "FYR"
        },
        {
          "si": 11,
          "sti": 15,
          "dti": 350,
          "sco": 72,
          "dco": 1777,
          "txt": "Macedonia"
        },
        {
          "si": 11,
          "sti": 16,
          "dti": 351,
          "sco": 81,
          "dco": 1786,
          "txt": ","
        },
        {
          "si": 11,
          "sti": 17,
          "dti": 352,
          "sco": 83,
          "dco": 1788,
          "txt": "in"
        },
        {
          "si": 11,
          "sti": 18,
          "dti": 353,
          "sco": 86,
          "dco": 1791,
          "txt": "which"
        },
        {
          "si": 11,
          "sti": 19,
          "dti": 354,
          "sco": 92,
          "dco": 1797,
          "txt": "Alex"
        },
        {
          "si": 11,
          "sti": 20,
          "dti": 355,
          "sco": 97,
          "dco": 1802,
          "txt": "Eremenko"
        },
        {
          "si": 11,
          "sti": 21,
          "dti": 356,
          "sco": 106,
          "dco": 1811,
          "txt": "Jr"
        },
        {
          "si": 11,
          "sti": 22,
          "dti": 357,
          "sco": 109,
          "dco": 1814,
          "txt": "hit"
        },
        {
          "si": 11,
          "sti": 23,
          "dti": 358,
          "sco": 113,
          "dco": 1818,
          "txt": "a"
        },
        {
          "si": 11,
          "sti": 24,
          "dti": 359,
          "sco": 115,
          "dco": 1820,
          "txt": "first"
        },
        {
          "si": 11,
          "sti": 25,
          "dti": 360,
          "sco": 120,
          "dco": 1825,
          "txt": "-"
        },
        {
          "si": 11,
          "sti": 26,
          "dti": 361,
          "sco": 121,
          "dco": 1826,
          "txt": "half"
        },
        {
          "si": 11,
          "sti": 27,
          "dti": 362,
          "sco": 126,
          "dco": 1831,
          "txt": "double"
        },
        {
          "si": 11,
          "sti": 28,
          "dti": 363,
          "sco": 133,
          "dco": 1838,
          "txt": "("
        },
        {
          "si": 11,
          "sti": 29,
          "dti": 364,
          "sco": 134,
          "dco": 1839,
          "txt": "7"
        },
        {
          "si": 11,
          "sti": 30,
          "dti": 365,
          "sco": 135,
          "dco": 1840,
          "txt": "'"
        },
        {
          "si": 11,
          "sti": 31,
          "dti": 366,
          "sco": 137,
          "dco": 1842,
          "txt": "and"
        },
        {
          "si": 11,
          "sti": 32,
          "dti": 367,
          "sco": 141,
          "dco": 1846,
          "txt": "45"
        },
        {
          "si": 11,
          "sti": 33,
          "dti": 368,
          "sco": 143,
          "dco": 1848,
          "txt": "'"
        },
        {
          "si": 11,
          "sti": 34,
          "dti": 369,
          "sco": 144,
          "dco": 1849,
          "txt": ")"
        },
        {
          "si": 11,
          "sti": 35,
          "dti": 370,
          "sco": 145,
          "dco": 1850,
          "txt": "."
        },
        {
          "si": 12,
          "sti": 0,
          "dti": 371,
          "sco": 0,
          "dco": 1852,
          "txt": "He"
        },
        {
          "si": 12,
          "sti": 1,
          "dti": 372,
          "sco": 3,
          "dco": 1855,
          "txt": "was"
        },
        {
          "si": 12,
          "sti": 2,
          "dti": 373,
          "sco": 7,
          "dco": 1859,
          "txt": "one"
        },
        {
          "si": 12,
          "sti": 3,
          "dti": 374,
          "sco": 11,
          "dco": 1863,
          "txt": "of"
        },
        {
          "si": 12,
          "sti": 4,
          "dti": 375,
          "sco": 14,
          "dco": 1866,
          "txt": "four"
        },
        {
          "si": 12,
          "sti": 5,
          "dti": 376,
          "sco": 19,
          "dco": 1871,
          "txt": "players"
        },
        {
          "si": 12,
          "sti": 6,
          "dti": 377,
          "sco": 27,
          "dco": 1879,
          "txt": "to"
        },
        {
          "si": 12,
          "sti": 7,
          "dti": 378,
          "sco": 30,
          "dco": 1882,
          "txt": "score"
        },
        {
          "si": 12,
          "sti": 8,
          "dti": 379,
          "sco": 36,
          "dco": 1888,
          "txt": "twice"
        },
        {
          "si": 12,
          "sti": 9,
          "dti": 380,
          "sco": 41,
          "dco": 1893,
          "txt": ","
        },
        {
          "si": 12,
          "sti": 10,
          "dti": 381,
          "sco": 43,
          "dco": 1895,
          "txt": "another"
        },
        {
          "si": 12,
          "sti": 11,
          "dti": 382,
          "sco": 51,
          "dco": 1903,
          "txt": "being"
        },
        {
          "si": 12,
          "sti": 12,
          "dti": 383,
          "sco": 57,
          "dco": 1909,
          "txt": "Romania"
        },
        {
          "si": 12,
          "sti": 13,
          "dti": 384,
          "sco": 64,
          "dco": 1916,
          "txt": "'"
        },
        {
          "si": 12,
          "sti": 14,
          "dti": 385,
          "sco": 65,
          "dco": 1917,
          "txt": "s"
        },
        {
          "si": 12,
          "sti": 15,
          "dti": 386,
          "sco": 67,
          "dco": 1919,
          "txt": "Adrian"
        },
        {
          "si": 12,
          "sti": 16,
          "dti": 387,
          "sco": 74,
          "dco": 1926,
          "txt": "Mutu"
        },
        {
          "si": 12,
          "sti": 17,
          "dti": 388,
          "sco": 79,
          "dco": 1931,
          "txt": "whose"
        },
        {
          "si": 12,
          "sti": 18,
          "dti": 389,
          "sco": 85,
          "dco": 1937,
          "txt": "goals"
        },
        {
          "si": 12,
          "sti": 19,
          "dti": 390,
          "sco": 91,
          "dco": 1943,
          "txt": "("
        },
        {
          "si": 12,
          "sti": 20,
          "dti": 391,
          "sco": 92,
          "dco": 1944,
          "txt": "29"
        },
        {
          "si": 12,
          "sti": 21,
          "dti": 392,
          "sco": 94,
          "dco": 1946,
          "txt": "'"
        },
        {
          "si": 12,
          "sti": 22,
          "dti": 393,
          "sco": 96,
          "dco": 1948,
          "txt": "and"
        },
        {
          "si": 12,
          "sti": 23,
          "dti": 394,
          "sco": 100,
          "dco": 1952,
          "txt": "41"
        },
        {
          "si": 12,
          "sti": 24,
          "dti": 395,
          "sco": 102,
          "dco": 1954,
          "txt": "'"
        },
        {
          "si": 12,
          "sti": 25,
          "dti": 396,
          "sco": 103,
          "dco": 1955,
          "txt": ")"
        },
        {
          "si": 12,
          "sti": 26,
          "dti": 397,
          "sco": 105,
          "dco": 1957,
          "txt": "secured"
        },
        {
          "si": 12,
          "sti": 27,
          "dti": 398,
          "sco": 113,
          "dco": 1965,
          "txt": "a"
        },
        {
          "si": 12,
          "sti": 28,
          "dti": 399,
          "sco": 115,
          "dco": 1967,
          "txt": "workmanlike"
        },
        {
          "si": 12,
          "sti": 29,
          "dti": 400,
          "sco": 127,
          "dco": 1979,
          "txt": "home"
        },
        {
          "si": 12,
          "sti": 30,
          "dti": 401,
          "sco": 132,
          "dco": 1984,
          "txt": "win"
        },
        {
          "si": 12,
          "sti": 31,
          "dti": 402,
          "sco": 136,
          "dco": 1988,
          "txt": "over"
        },
        {
          "si": 12,
          "sti": 32,
          "dti": 403,
          "sco": 141,
          "dco": 1993,
          "txt": "Andorra"
        },
        {
          "si": 12,
          "sti": 33,
          "dti": 404,
          "sco": 148,
          "dco": 2000,
          "txt": "."
        },
        {
          "si": 13,
          "sti": 0,
          "dti": 405,
          "sco": 0,
          "dco": 2002,
          "txt": "The"
        },
        {
          "si": 13,
          "sti": 1,
          "dti": 406,
          "sco": 4,
          "dco": 2006,
          "txt": "Juventus"
        },
        {
          "si": 13,
          "sti": 2,
          "dti": 407,
          "sco": 13,
          "dco": 2015,
          "txt": "striker"
        },
        {
          "si": 13,
          "sti": 3,
          "dti": 408,
          "sco": 21,
          "dco": 2023,
          "txt": "is"
        },
        {
          "si": 13,
          "sti": 4,
          "dti": 409,
          "sco": 24,
          "dco": 2026,
          "txt": "a"
        },
        {
          "si": 13,
          "sti": 5,
          "dti": 410,
          "sco": 26,
          "dco": 2028,
          "txt": "player"
        },
        {
          "si": 13,
          "sti": 6,
          "dti": 411,
          "sco": 33,
          "dco": 2035,
          "txt": "they"
        },
        {
          "si": 13,
          "sti": 7,
          "dti": 412,
          "sco": 38,
          "dco": 2040,
          "txt": "clearly"
        },
        {
          "si": 13,
          "sti": 8,
          "dti": 413,
          "sco": 46,
          "dco": 2048,
          "txt": "missed"
        },
        {
          "si": 13,
          "sti": 9,
          "dti": 414,
          "sco": 53,
          "dco": 2055,
          "txt": "earlier"
        },
        {
          "si": 13,
          "sti": 10,
          "dti": 415,
          "sco": 61,
          "dco": 2063,
          "txt": "in"
        },
        {
          "si": 13,
          "sti": 11,
          "dti": 416,
          "sco": 64,
          "dco": 2066,
          "txt": "the"
        },
        {
          "si": 13,
          "sti": 12,
          "dti": 417,
          "sco": 68,
          "dco": 2070,
          "txt": "campaign"
        },
        {
          "si": 13,
          "sti": 13,
          "dti": 418,
          "sco": 77,
          "dco": 2079,
          "txt": "during"
        },
        {
          "si": 13,
          "sti": 14,
          "dti": 419,
          "sco": 84,
          "dco": 2086,
          "txt": "his"
        },
        {
          "si": 13,
          "sti": 15,
          "dti": 420,
          "sco": 88,
          "dco": 2090,
          "txt": "long"
        },
        {
          "si": 13,
          "sti": 16,
          "dti": 421,
          "sco": 93,
          "dco": 2095,
          "txt": "suspension"
        },
        {
          "si": 13,
          "sti": 17,
          "dti": 422,
          "sco": 104,
          "dco": 2106,
          "txt": "from"
        },
        {
          "si": 13,
          "sti": 18,
          "dti": 423,
          "sco": 109,
          "dco": 2111,
          "txt": "football"
        },
        {
          "si": 13,
          "sti": 19,
          "dti": 424,
          "sco": 117,
          "dco": 2119,
          "txt": "."
        },
        {
          "si": 14,
          "sti": 0,
          "dti": 425,
          "sco": 0,
          "dco": 2121,
          "txt": "In"
        },
        {
          "si": 14,
          "sti": 1,
          "dti": 426,
          "sco": 3,
          "dco": 2124,
          "txt": "Group"
        },
        {
          "si": 14,
          "sti": 2,
          "dti": 427,
          "sco": 9,
          "dco": 2130,
          "txt": "2"
        },
        {
          "si": 14,
          "sti": 3,
          "dti": 428,
          "sco": 10,
          "dco": 2131,
          "txt": ","
        },
        {
          "si": 14,
          "sti": 4,
          "dti": 429,
          "sco": 12,
          "dco": 2133,
          "txt": "Kazakhstan"
        },
        {
          "si": 14,
          "sti": 5,
          "dti": 430,
          "sco": 23,
          "dco": 2144,
          "txt": "slumped"
        },
        {
          "si": 14,
          "sti": 6,
          "dti": 431,
          "sco": 31,
          "dco": 2152,
          "txt": "to"
        },
        {
          "si": 14,
          "sti": 7,
          "dti": 432,
          "sco": 34,
          "dco": 2155,
          "txt": "their"
        },
        {
          "si": 14,
          "sti": 8,
          "dti": 433,
          "sco": 40,
          "dco": 2161,
          "txt": "eighth"
        },
        {
          "si": 14,
          "sti": 9,
          "dti": 434,
          "sco": 47,
          "dco": 2168,
          "txt": "defeat"
        },
        {
          "si": 14,
          "sti": 10,
          "dti": 435,
          "sco": 54,
          "dco": 2175,
          "txt": "in"
        },
        {
          "si": 14,
          "sti": 11,
          "dti": 436,
          "sco": 57,
          "dco": 2178,
          "txt": "as"
        },
        {
          "si": 14,
          "sti": 12,
          "dti": 437,
          "sco": 60,
          "dco": 2181,
          "txt": "many"
        },
        {
          "si": 14,
          "sti": 13,
          "dti": 438,
          "sco": 65,
          "dco": 2186,
          "txt": "games"
        },
        {
          "si": 14,
          "sti": 14,
          "dti": 439,
          "sco": 71,
          "dco": 2192,
          "txt": "at"
        },
        {
          "si": 14,
          "sti": 15,
          "dti": 440,
          "sco": 74,
          "dco": 2195,
          "txt": "the"
        },
        {
          "si": 14,
          "sti": 16,
          "dti": 441,
          "sco": 78,
          "dco": 2199,
          "txt": "hands"
        },
        {
          "si": 14,
          "sti": 17,
          "dti": 442,
          "sco": 84,
          "dco": 2205,
          "txt": "of"
        },
        {
          "si": 14,
          "sti": 18,
          "dti": 443,
          "sco": 87,
          "dco": 2208,
          "txt": "visitors"
        },
        {
          "si": 14,
          "sti": 19,
          "dti": 444,
          "sco": 96,
          "dco": 2217,
          "txt": "Georgia"
        },
        {
          "si": 14,
          "sti": 20,
          "dti": 445,
          "sco": 103,
          "dco": 2224,
          "txt": ","
        },
        {
          "si": 14,
          "sti": 21,
          "dti": 446,
          "sco": 105,
          "dco": 2226,
          "txt": "the"
        },
        {
          "si": 14,
          "sti": 22,
          "dti": 447,
          "sco": 109,
          "dco": 2230,
          "txt": "team"
        },
        {
          "si": 14,
          "sti": 23,
          "dti": 448,
          "sco": 114,
          "dco": 2235,
          "txt": "one"
        },
        {
          "si": 14,
          "sti": 24,
          "dti": 449,
          "sco": 118,
          "dco": 2239,
          "txt": "place"
        },
        {
          "si": 14,
          "sti": 25,
          "dti": 450,
          "sco": 124,
          "dco": 2245,
          "txt": "above"
        },
        {
          "si": 14,
          "sti": 26,
          "dti": 451,
          "sco": 130,
          "dco": 2251,
          "txt": "them"
        },
        {
          "si": 14,
          "sti": 27,
          "dti": 452,
          "sco": 135,
          "dco": 2256,
          "txt": "in"
        },
        {
          "si": 14,
          "sti": 28,
          "dti": 453,
          "sco": 138,
          "dco": 2259,
          "txt": "the"
        },
        {
          "si": 14,
          "sti": 29,
          "dti": 454,
          "sco": 142,
          "dco": 2263,
          "txt": "standings"
        },
        {
          "si": 14,
          "sti": 30,
          "dti": 455,
          "sco": 151,
          "dco": 2272,
          "txt": "."
        },
        {
          "si": 15,
          "sti": 0,
          "dti": 456,
          "sco": 0,
          "dco": 2274,
          "txt": "It"
        },
        {
          "si": 15,
          "sti": 1,
          "dti": 457,
          "sco": 3,
          "dco": 2277,
          "txt": "was"
        },
        {
          "si": 15,
          "sti": 2,
          "dti": 458,
          "sco": 7,
          "dco": 2281,
          "txt": "a"
        },
        {
          "si": 15,
          "sti": 3,
          "dti": 459,
          "sco": 9,
          "dco": 2283,
          "txt": "different"
        },
        {
          "si": 15,
          "sti": 4,
          "dti": 460,
          "sco": 19,
          "dco": 2293,
          "txt": "story"
        },
        {
          "si": 15,
          "sti": 5,
          "dti": 461,
          "sco": 25,
          "dco": 2299,
          "txt": "at"
        },
        {
          "si": 15,
          "sti": 6,
          "dti": 462,
          "sco": 28,
          "dco": 2302,
          "txt": "half"
        },
        {
          "si": 15,
          "sti": 7,
          "dti": 463,
          "sco": 32,
          "dco": 2306,
          "txt": "-"
        },
        {
          "si": 15,
          "sti": 8,
          "dti": 464,
          "sco": 33,
          "dco": 2307,
          "txt": "time"
        },
        {
          "si": 15,
          "sti": 9,
          "dti": 465,
          "sco": 37,
          "dco": 2311,
          "txt": ","
        },
        {
          "si": 15,
          "sti": 10,
          "dti": 466,
          "sco": 39,
          "dco": 2313,
          "txt": "with"
        },
        {
          "si": 15,
          "sti": 11,
          "dti": 467,
          "sco": 44,
          "dco": 2318,
          "txt": "the"
        },
        {
          "si": 15,
          "sti": 12,
          "dti": 468,
          "sco": 48,
          "dco": 2322,
          "txt": "Georgians"
        },
        {
          "si": 15,
          "sti": 13,
          "dti": 469,
          "sco": 58,
          "dco": 2332,
          "txt": "trailing"
        },
        {
          "si": 15,
          "sti": 14,
          "dti": 470,
          "sco": 67,
          "dco": 2341,
          "txt": "1"
        },
        {
          "si": 15,
          "sti": 15,
          "dti": 471,
          "sco": 68,
          "dco": 2342,
          "txt": "-"
        },
        {
          "si": 15,
          "sti": 16,
          "dti": 472,
          "sco": 69,
          "dco": 2343,
          "txt": "0"
        },
        {
          "si": 15,
          "sti": 17,
          "dti": 473,
          "sco": 70,
          "dco": 2344,
          "txt": ","
        },
        {
          "si": 15,
          "sti": 18,
          "dti": 474,
          "sco": 72,
          "dco": 2346,
          "txt": "but"
        },
        {
          "si": 15,
          "sti": 19,
          "dti": 475,
          "sco": 76,
          "dco": 2350,
          "txt": "Georgi"
        },
        {
          "si": 15,
          "sti": 20,
          "dti": 476,
          "sco": 83,
          "dco": 2357,
          "txt": "Demetradze"
        },
        {
          "si": 15,
          "sti": 21,
          "dti": 477,
          "sco": 94,
          "dco": 2368,
          "txt": "struck"
        },
        {
          "si": 15,
          "sti": 22,
          "dti": 478,
          "sco": 101,
          "dco": 2375,
          "txt": "twice"
        },
        {
          "si": 15,
          "sti": 23,
          "dti": 479,
          "sco": 107,
          "dco": 2381,
          "txt": "after"
        },
        {
          "si": 15,
          "sti": 24,
          "dti": 480,
          "sco": 113,
          "dco": 2387,
          "txt": "the"
        },
        {
          "si": 15,
          "sti": 25,
          "dti": 481,
          "sco": 117,
          "dco": 2391,
          "txt": "break"
        },
        {
          "si": 15,
          "sti": 26,
          "dti": 482,
          "sco": 123,
          "dco": 2397,
          "txt": "("
        },
        {
          "si": 15,
          "sti": 27,
          "dti": 483,
          "sco": 124,
          "dco": 2398,
          "txt": "51"
        },
        {
          "si": 15,
          "sti": 28,
          "dti": 484,
          "sco": 126,
          "dco": 2400,
          "txt": "'"
        },
        {
          "si": 15,
          "sti": 29,
          "dti": 485,
          "sco": 128,
          "dco": 2402,
          "txt": "and"
        },
        {
          "si": 15,
          "sti": 30,
          "dti": 486,
          "sco": 132,
          "dco": 2406,
          "txt": "84"
        },
        {
          "si": 15,
          "sti": 31,
          "dti": 487,
          "sco": 134,
          "dco": 2408,
          "txt": "'"
        },
        {
          "si": 15,
          "sti": 32,
          "dti": 488,
          "sco": 135,
          "dco": 2409,
          "txt": ")"
        },
        {
          "si": 15,
          "sti": 33,
          "dti": 489,
          "sco": 137,
          "dco": 2411,
          "txt": "to"
        },
        {
          "si": 15,
          "sti": 34,
          "dti": 490,
          "sco": 140,
          "dco": 2414,
          "txt": "ensure"
        },
        {
          "si": 15,
          "sti": 35,
          "dti": 491,
          "sco": 147,
          "dco": 2421,
          "txt": "Kazakhstan"
        },
        {
          "si": 15,
          "sti": 36,
          "dti": 492,
          "sco": 157,
          "dco": 2431,
          "txt": "'"
        },
        {
          "si": 15,
          "sti": 37,
          "dti": 493,
          "sco": 158,
          "dco": 2432,
          "txt": "s"
        },
        {
          "si": 15,
          "sti": 38,
          "dti": 494,
          "sco": 160,
          "dco": 2434,
          "txt": "miserable"
        },
        {
          "si": 15,
          "sti": 39,
          "dti": 495,
          "sco": 170,
          "dco": 2444,
          "txt": "run"
        },
        {
          "si": 15,
          "sti": 40,
          "dti": 496,
          "sco": 174,
          "dco": 2448,
          "txt": "continues"
        },
        {
          "si": 15,
          "sti": 41,
          "dti": 497,
          "sco": 183,
          "dco": 2457,
          "txt": "."
        },
        {
          "si": 16,
          "sti": 0,
          "dti": 498,
          "sco": 0,
          "dco": 2459,
          "txt": "Lastly"
        },
        {
          "si": 16,
          "sti": 1,
          "dti": 499,
          "sco": 6,
          "dco": 2465,
          "txt": ","
        },
        {
          "si": 16,
          "sti": 2,
          "dti": 500,
          "sco": 8,
          "dco": 2467,
          "txt": "in"
        },
        {
          "si": 16,
          "sti": 3,
          "dti": 501,
          "sco": 11,
          "dco": 2470,
          "txt": "Group"
        },
        {
          "si": 16,
          "sti": 4,
          "dti": 502,
          "sco": 17,
          "dco": 2476,
          "txt": "4"
        },
        {
          "si": 16,
          "sti": 5,
          "dti": 503,
          "sco": 18,
          "dco": 2477,
          "txt": ","
        },
        {
          "si": 16,
          "sti": 6,
          "dti": 504,
          "sco": 20,
          "dco": 2479,
          "txt": "Cyprus"
        },
        {
          "si": 16,
          "sti": 7,
          "dti": 505,
          "sco": 27,
          "dco": 2486,
          "txt": "collected"
        },
        {
          "si": 16,
          "sti": 8,
          "dti": 506,
          "sco": 37,
          "dco": 2496,
          "txt": "maximum"
        },
        {
          "si": 16,
          "sti": 9,
          "dti": 507,
          "sco": 45,
          "dco": 2504,
          "txt": "points"
        },
        {
          "si": 16,
          "sti": 10,
          "dti": 508,
          "sco": 52,
          "dco": 2511,
          "txt": "for"
        },
        {
          "si": 16,
          "sti": 11,
          "dti": 509,
          "sco": 56,
          "dco": 2515,
          "txt": "the"
        },
        {
          "si": 16,
          "sti": 12,
          "dti": 510,
          "sco": 60,
          "dco": 2519,
          "txt": "first"
        },
        {
          "si": 16,
          "sti": 13,
          "dti": 511,
          "sco": 66,
          "dco": 2525,
          "txt": "time"
        },
        {
          "si": 16,
          "sti": 14,
          "dti": 512,
          "sco": 71,
          "dco": 2530,
          "txt": "thanks"
        },
        {
          "si": 16,
          "sti": 15,
          "dti": 513,
          "sco": 78,
          "dco": 2537,
          "txt": "to"
        },
        {
          "si": 16,
          "sti": 16,
          "dti": 514,
          "sco": 81,
          "dco": 2540,
          "txt": "a"
        },
        {
          "si": 16,
          "sti": 17,
          "dti": 515,
          "sco": 83,
          "dco": 2542,
          "txt": "3"
        },
        {
          "si": 16,
          "sti": 18,
          "dti": 516,
          "sco": 84,
          "dco": 2543,
          "txt": "-"
        },
        {
          "si": 16,
          "sti": 19,
          "dti": 517,
          "sco": 85,
          "dco": 2544,
          "txt": "0"
        },
        {
          "si": 16,
          "sti": 20,
          "dti": 518,
          "sco": 87,
          "dco": 2546,
          "txt": "win"
        },
        {
          "si": 16,
          "sti": 21,
          "dti": 519,
          "sco": 91,
          "dco": 2550,
          "txt": "in"
        },
        {
          "si": 16,
          "sti": 22,
          "dti": 520,
          "sco": 94,
          "dco": 2553,
          "txt": "the"
        },
        {
          "si": 16,
          "sti": 23,
          "dti": 521,
          "sco": 98,
          "dco": 2557,
          "txt": "Faroe"
        },
        {
          "si": 16,
          "sti": 24,
          "dti": 522,
          "sco": 104,
          "dco": 2563,
          "txt": "Islands"
        },
        {
          "si": 16,
          "sti": 25,
          "dti": 523,
          "sco": 111,
          "dco": 2570,
          "txt": ","
        },
        {
          "si": 16,
          "sti": 26,
          "dti": 524,
          "sco": 113,
          "dco": 2572,
          "txt": "despite"
        },
        {
          "si": 16,
          "sti": 27,
          "dti": 525,
          "sco": 121,
          "dco": 2580,
          "txt": "playing"
        },
        {
          "si": 16,
          "sti": 28,
          "dti": 526,
          "sco": 129,
          "dco": 2588,
          "txt": "half"
        },
        {
          "si": 16,
          "sti": 29,
          "dti": 527,
          "sco": 134,
          "dco": 2593,
          "txt": "the"
        },
        {
          "si": 16,
          "sti": 30,
          "dti": 528,
          "sco": 138,
          "dco": 2597,
          "txt": "match"
        },
        {
          "si": 16,
          "sti": 31,
          "dti": 529,
          "sco": 144,
          "dco": 2603,
          "txt": "with"
        },
        {
          "si": 16,
          "sti": 32,
          "dti": 530,
          "sco": 149,
          "dco": 2608,
          "txt": "ten"
        },
        {
          "si": 16,
          "sti": 33,
          "dti": 531,
          "sco": 153,
          "dco": 2612,
          "txt": "men"
        },
        {
          "si": 16,
          "sti": 34,
          "dti": 532,
          "sco": 157,
          "dco": 2616,
          "txt": "following"
        },
        {
          "si": 16,
          "sti": 35,
          "dti": 533,
          "sco": 167,
          "dco": 2626,
          "txt": "Eleftheriou"
        },
        {
          "si": 16,
          "sti": 36,
          "dti": 534,
          "sco": 179,
          "dco": 2638,
          "txt": "Lufteris"
        },
        {
          "si": 16,
          "sti": 37,
          "dti": 535,
          "sco": 187,
          "dco": 2646,
          "txt": "'"
        },
        {
          "si": 16,
          "sti": 38,
          "dti": 536,
          "sco": 188,
          "dco": 2647,
          "txt": "s"
        },
        {
          "si": 16,
          "sti": 39,
          "dti": 537,
          "sco": 190,
          "dco": 2649,
          "txt": "dismissal"
        },
        {
          "si": 16,
          "sti": 40,
          "dti": 538,
          "sco": 199,
          "dco": 2658,
          "txt": "."
        },
        {
          "si": 17,
          "sti": 0,
          "dti": 539,
          "sco": 0,
          "dco": 2660,
          "txt": "Michalis"
        },
        {
          "si": 17,
          "sti": 1,
          "dti": 540,
          "sco": 9,
          "dco": 2669,
          "txt": "Constantinou"
        },
        {
          "si": 17,
          "sti": 2,
          "dti": 541,
          "sco": 22,
          "dco": 2682,
          "txt": "fired"
        },
        {
          "si": 17,
          "sti": 3,
          "dti": 542,
          "sco": 28,
          "dco": 2688,
          "txt": "in"
        },
        {
          "si": 17,
          "sti": 4,
          "dti": 543,
          "sco": 31,
          "dco": 2691,
          "txt": "two"
        },
        {
          "si": 17,
          "sti": 5,
          "dti": 544,
          "sco": 35,
          "dco": 2695,
          "txt": "goals"
        },
        {
          "si": 17,
          "sti": 6,
          "dti": 545,
          "sco": 41,
          "dco": 2701,
          "txt": "("
        },
        {
          "si": 17,
          "sti": 7,
          "dti": 546,
          "sco": 42,
          "dco": 2702,
          "txt": "39"
        },
        {
          "si": 17,
          "sti": 8,
          "dti": 547,
          "sco": 44,
          "dco": 2704,
          "txt": "'"
        },
        {
          "si": 17,
          "sti": 9,
          "dti": 548,
          "sco": 45,
          "dco": 2705,
          "txt": ","
        },
        {
          "si": 17,
          "sti": 10,
          "dti": 549,
          "sco": 47,
          "dco": 2707,
          "txt": "86"
        },
        {
          "si": 17,
          "sti": 11,
          "dti": 550,
          "sco": 49,
          "dco": 2709,
          "txt": "'"
        },
        {
          "si": 17,
          "sti": 12,
          "dti": 551,
          "sco": 50,
          "dco": 2710,
          "txt": ")"
        },
        {
          "si": 17,
          "sti": 13,
          "dti": 552,
          "sco": 52,
          "dco": 2712,
          "txt": "and"
        },
        {
          "si": 17,
          "sti": 14,
          "dti": 553,
          "sco": 56,
          "dco": 2716,
          "txt": "Krassas"
        },
        {
          "si": 17,
          "sti": 15,
          "dti": 554,
          "sco": 64,
          "dco": 2724,
          "txt": "Asimakis"
        },
        {
          "si": 17,
          "sti": 16,
          "dti": 555,
          "sco": 73,
          "dco": 2733,
          "txt": "added"
        },
        {
          "si": 17,
          "sti": 17,
          "dti": 556,
          "sco": 79,
          "dco": 2739,
          "txt": "a"
        },
        {
          "si": 17,
          "sti": 18,
          "dti": 557,
          "sco": 81,
          "dco": 2741,
          "txt": "third"
        },
        {
          "si": 17,
          "sti": 19,
          "dti": 558,
          "sco": 87,
          "dco": 2747,
          "txt": "in"
        },
        {
          "si": 17,
          "sti": 20,
          "dti": 559,
          "sco": 90,
          "dco": 2750,
          "txt": "the"
        },
        {
          "si": 17,
          "sti": 21,
          "dti": 560,
          "sco": 94,
          "dco": 2754,
          "txt": "final"
        },
        {
          "si": 17,
          "sti": 22,
          "dti": 561,
          "sco": 100,
          "dco": 2760,
          "txt": "minute"
        },
        {
          "si": 17,
          "sti": 23,
          "dti": 562,
          "sco": 106,
          "dco": 2766,
          "txt": ","
        },
        {
          "si": 17,
          "sti": 24,
          "dti": 563,
          "sco": 108,
          "dco": 2768,
          "txt": "but"
        },
        {
          "si": 17,
          "sti": 25,
          "dti": 564,
          "sco": 112,
          "dco": 2772,
          "txt": "the"
        },
        {
          "si": 17,
          "sti": 26,
          "dti": 565,
          "sco": 116,
          "dco": 2776,
          "txt": "Cypriots"
        },
        {
          "si": 17,
          "sti": 27,
          "dti": 566,
          "sco": 125,
          "dco": 2785,
          "txt": "still"
        },
        {
          "si": 17,
          "sti": 28,
          "dti": 567,
          "sco": 131,
          "dco": 2791,
          "txt": "remain"
        },
        {
          "si": 17,
          "sti": 29,
          "dti": 568,
          "sco": 138,
          "dco": 2798,
          "txt": "second"
        },
        {
          "si": 17,
          "sti": 30,
          "dti": 569,
          "sco": 145,
          "dco": 2805,
          "txt": "from"
        },
        {
          "si": 17,
          "sti": 31,
          "dti": 570,
          "sco": 150,
          "dco": 2810,
          "txt": "bottom"
        },
        {
          "si": 17,
          "sti": 32,
          "dti": 571,
          "sco": 156,
          "dco": 2816,
          "txt": ","
        },
        {
          "si": 17,
          "sti": 33,
          "dti": 572,
          "sco": 158,
          "dco": 2818,
          "txt": "ahead"
        },
        {
          "si": 17,
          "sti": 34,
          "dti": 573,
          "sco": 164,
          "dco": 2824,
          "txt": "of"
        },
        {
          "si": 17,
          "sti": 35,
          "dti": 574,
          "sco": 167,
          "dco": 2827,
          "txt": "the"
        },
        {
          "si": 17,
          "sti": 36,
          "dti": 575,
          "sco": 171,
          "dco": 2831,
          "txt": "Faroes"
        },
        {
          "si": 17,
          "sti": 37,
          "dti": 576,
          "sco": 177,
          "dco": 2837,
          "txt": ","
        },
        {
          "si": 17,
          "sti": 38,
          "dti": 577,
          "sco": 179,
          "dco": 2839,
          "txt": "who"
        },
        {
          "si": 17,
          "sti": 39,
          "dti": 578,
          "sco": 183,
          "dco": 2843,
          "txt": "have"
        },
        {
          "si": 17,
          "sti": 40,
          "dti": 579,
          "sco": 188,
          "dco": 2848,
          "txt": "yet"
        },
        {
          "si": 17,
          "sti": 41,
          "dti": 580,
          "sco": 192,
          "dco": 2852,
          "txt": "to"
        },
        {
          "si": 17,
          "sti": 42,
          "dti": 581,
          "sco": 195,
          "dco": 2855,
          "txt": "record"
        },
        {
          "si": 17,
          "sti": 43,
          "dti": 582,
          "sco": 202,
          "dco": 2862,
          "txt": "a"
        },
        {
          "si": 17,
          "sti": 44,
          "dti": 583,
          "sco": 204,
          "dco": 2864,
          "txt": "victory"
        },
        {
          "si": 17,
          "sti": 45,
          "dti": 584,
          "sco": 211,
          "dco": 2871,
          "txt": "."
        },
        {
          "si": 18,
          "sti": 0,
          "dti": 585,
          "sco": 0,
          "dco": 2873,
          "txt": "The"
        },
        {
          "si": 18,
          "sti": 1,
          "dti": 586,
          "sco": 4,
          "dco": 2877,
          "txt": "next"
        },
        {
          "si": 18,
          "sti": 2,
          "dti": 587,
          "sco": 9,
          "dco": 2882,
          "txt": "two"
        },
        {
          "si": 18,
          "sti": 3,
          "dti": 588,
          "sco": 13,
          "dco": 2886,
          "txt": "rounds"
        },
        {
          "si": 18,
          "sti": 4,
          "dti": 589,
          "sco": 20,
          "dco": 2893,
          "txt": "of"
        },
        {
          "si": 18,
          "sti": 5,
          "dti": 590,
          "sco": 23,
          "dco": 2896,
          "txt": "matches"
        },
        {
          "si": 18,
          "sti": 6,
          "dti": 591,
          "sco": 31,
          "dco": 2904,
          "txt": "in"
        },
        {
          "si": 18,
          "sti": 7,
          "dti": 592,
          "sco": 34,
          "dco": 2907,
          "txt": "the"
        },
        {
          "si": 18,
          "sti": 8,
          "dti": 593,
          "sco": 38,
          "dco": 2911,
          "txt": "European"
        },
        {
          "si": 18,
          "sti": 9,
          "dti": 594,
          "sco": 47,
          "dco": 2920,
          "txt": "Zone"
        },
        {
          "si": 18,
          "sti": 10,
          "dti": 595,
          "sco": 52,
          "dco": 2925,
          "txt": "will"
        },
        {
          "si": 18,
          "sti": 11,
          "dti": 596,
          "sco": 57,
          "dco": 2930,
          "txt": "be"
        },
        {
          "si": 18,
          "sti": 12,
          "dti": 597,
          "sco": 60,
          "dco": 2933,
          "txt": "held"
        },
        {
          "si": 18,
          "sti": 13,
          "dti": 598,
          "sco": 65,
          "dco": 2938,
          "txt": "on"
        },
        {
          "si": 18,
          "sti": 14,
          "dti": 599,
          "sco": 68,
          "dco": 2941,
          "txt": "3"
        },
        {
          "si": 18,
          "sti": 15,
          "dti": 600,
          "sco": 70,
          "dco": 2943,
          "txt": "and"
        },
        {
          "si": 18,
          "sti": 16,
          "dti": 601,
          "sco": 74,
          "dco": 2947,
          "txt": "7"
        },
        {
          "si": 18,
          "sti": 17,
          "dti": 602,
          "sco": 76,
          "dco": 2949,
          "txt": "September"
        },
        {
          "si": 18,
          "sti": 18,
          "dti": 603,
          "sco": 85,
          "dco": 2958,
          "txt": ","
        },
        {
          "si": 18,
          "sti": 19,
          "dti": 604,
          "sco": 87,
          "dco": 2960,
          "txt": "when"
        },
        {
          "si": 18,
          "sti": 20,
          "dti": 605,
          "sco": 92,
          "dco": 2965,
          "txt": "all"
        },
        {
          "si": 18,
          "sti": 21,
          "dti": 606,
          "sco": 96,
          "dco": 2969,
          "txt": "the"
        },
        {
          "si": 18,
          "sti": 22,
          "dti": 607,
          "sco": 100,
          "dco": 2973,
          "txt": "continent"
        },
        {
          "si": 18,
          "sti": 23,
          "dti": 608,
          "sco": 109,
          "dco": 2982,
          "txt": "'"
        },
        {
          "si": 18,
          "sti": 24,
          "dti": 609,
          "sco": 110,
          "dco": 2983,
          "txt": "s"
        },
        {
          "si": 18,
          "sti": 25,
          "dti": 610,
          "sco": 112,
          "dco": 2985,
          "txt": "big"
        },
        {
          "si": 18,
          "sti": 26,
          "dti": 611,
          "sco": 116,
          "dco": 2989,
          "txt": "guns"
        },
        {
          "si": 18,
          "sti": 27,
          "dti": 612,
          "sco": 121,
          "dco": 2994,
          "txt": "return"
        },
        {
          "si": 18,
          "sti": 28,
          "dti": 613,
          "sco": 128,
          "dco": 3001,
          "txt": "to"
        },
        {
          "si": 18,
          "sti": 29,
          "dti": 614,
          "sco": 131,
          "dco": 3004,
          "txt": "the"
        },
        {
          "si": 18,
          "sti": 30,
          "dti": 615,
          "sco": 135,
          "dco": 3008,
          "txt": "fray"
        },
        {
          "si": 18,
          "sti": 31,
          "dti": 616,
          "sco": 139,
          "dco": 3012,
          "txt": "."
        }
      ]
    },
    "ganns": {
      "dla": [],
      "la": [],
      "ea": [],
      "eta": [
        {
          "ra": {
            "ea": {
              "etn": "YellowCard"
            }
          },
          "sfs": [
            [
              {
                "stn": "cardForTeam"
              },
              {
                "ea": {
                  "etn": "Liechtenstein"
                }
              }
            ],
            [
              {
                "stn": "cardMinute"
              },
              {
                "ea": {
                  "etn": "58"
                }
              }
            ],
            [
              {
                "stn": "player"
              },
              {
                "ea": {
                  "etn": "Beck Roger"
                }
              }
            ]
          ],
          "mfs": {}
        },
        {
          "ra": {
            "ea": {
              "etn": "YellowCard"
            }
          },
          "sfs": [
            [
              {
                "stn": "cardForTeam"
              },
              {
                "ea": {
                  "etn": "Slovakia"
                }
              }
            ],
            [
              {
                "stn": "cardMinute"
              },
              {
                "ea": {
                  "etn": "60"
                }
              }
            ],
            [
              {
                "stn": "player"
              },
              {
                "ea": {
                  "etn": "Had Marian"
                }
              }
            ]
          ],
          "mfs": {}
        },
        {
          "ra": {
            "ea": {
              "etn": "TeamStats"
            }
          },
          "sfs": [
            [
              {
                "stn": "finalScore"
              },
              {
                "ea": {
                  "etn": "0"
                }
              }
            ],
            [
              {
                "stn": "name"
              },
              {
                "ea": {
                  "etn": "Liechtenstein"
                }
              }
            ]
          ],
          "mfs": {}
        },
        {
          "ra": {
            "ea": {
              "etn": "TeamStats"
            }
          },
          "sfs": [
            [
              {
                "stn": "finalScore"
              },
              {
                "ea": {
                  "etn": "0"
                }
              }
            ],
            [
              {
                "stn": "name"
              },
              {
                "ea": {
                  "etn": "Slovakia"
                }
              }
            ]
          ],
          "mfs": {}
        }
      ]
    }
  }
]
